# Blender 5.1.2
# www.blender.org
mtllib drone.mtl
o Arm
v 146.944260 -9.103709 -151.998734
v 148.815872 -10.622252 -153.844498
v 154.494583 -34.179008 -158.664352
v 151.234512 -31.173210 -155.498215
v 144.456497 -34.782745 -148.617020
v 143.750732 -32.753323 -147.960403
v 147.174561 -30.236887 -151.458328
v 148.103546 7.119123 -153.781952
v 169.630417 11.954274 -175.328720
v 145.659103 11.949978 -175.598434
v 153.161987 11.949974 -174.571899
v 162.634094 11.949973 -179.557190
v 159.839996 11.949975 -170.034592
v 179.254639 11.949974 -162.936676
v 175.037231 11.917804 -169.927841
v 154.029312 11.949975 -163.772339
v 139.282135 11.924649 -165.433105
v 142.962662 11.949975 -164.913544
v 156.478287 11.949975 -164.318878
v 159.583862 11.949975 -166.722290
v 156.827774 11.949975 -167.974136
v 164.564026 11.949975 -159.192795
v 149.413925 11.949975 -160.214233
v 167.576553 11.949975 -160.792877
v 153.001556 11.949975 -159.146332
v 154.044006 11.949977 -156.301712
v 149.390549 11.704633 -155.872574
v 167.072327 11.949977 -157.201385
v 163.054047 11.949977 -154.274689
v 173.083755 11.949977 -154.463379
v 174.923706 11.949983 -145.314850
v 173.626770 11.949977 -149.464874
v 157.610550 11.949977 -151.253723
v 160.753174 11.949977 -149.174744
v 155.639755 11.928787 -149.720764
v 164.061172 11.949979 -143.706360
v 165.136093 11.903014 -139.551819
v 163.286652 11.500456 -169.141113
v 168.835373 11.537044 -163.586334
v 165.901932 17.382151 -143.125809
v 144.593994 17.302959 -163.264084
v 166.369217 17.449978 -160.893295
v 165.260315 17.449978 -157.370163
v 149.667786 17.449978 -160.503235
v 149.995239 17.449978 -157.457870
v 158.174377 17.449974 -170.016815
v 157.315720 17.449974 -166.820847
v 157.594223 17.449978 -151.359131
v 161.254395 17.449978 -163.904663
v 154.421280 17.450377 -163.355743
v 154.310883 17.442875 -154.791901
v 147.482330 7.869931 -153.995758
v 134.136520 7.722687 -148.671204
v 146.086960 7.138206 -140.973038
v 148.369644 7.711364 -134.443237
v 112.262405 7.725911 -122.822693
v 97.620888 8.157338 -90.133781
v 87.075081 7.732060 -78.623764
v 77.334389 7.772198 -63.979038
v 67.075195 7.723000 -56.821220
v 41.835781 7.818980 -54.655823
v 58.868240 7.955296 -47.997807
v 50.364098 7.511746 -34.862217
v 54.350063 7.823532 -42.139580
v 50.379593 10.140799 -62.261993
v 56.151134 10.181533 -67.224182
v 97.903770 10.263608 -107.202034
v 92.531441 10.106421 -101.823494
v 101.171173 9.969295 -110.436165
v 141.381363 9.879794 -141.683914
v 123.068596 10.103508 -112.765228
v 145.029907 10.005389 -132.135101
v 86.905396 10.111058 -78.157707
v 53.161533 -2.826327 -37.659538
v 42.910385 3.824620 -58.023125
v 70.227783 11.235531 -51.140335
v 162.053238 8.091042 -139.709473
v 146.305542 9.608449 -125.572762
v 123.806389 7.196751 -112.850494
v 115.243927 9.542071 -98.472809
v 89.118423 10.046900 -72.544128
v 87.715637 7.968527 -74.060120
v 70.109215 11.699992 -51.113060
v 65.112633 7.857227 -48.235367
v 64.494026 7.618729 -51.486446
v 51.460918 -11.395713 -33.508701
v 59.871868 5.802814 -39.142262
v 57.447430 2.019661 -39.607098
v 54.865875 17.748455 -32.904778
v 67.350624 18.417994 -51.751049
v 83.284515 18.057953 -69.546303
v 90.413544 17.997416 -76.992149
v 132.035339 18.458187 -116.130867
v 107.335220 18.050039 -93.174759
v 54.408150 -3.979137 -34.149452
v 52.593407 -9.032988 -32.460285
v 52.493938 -9.560484 -32.458870
v 52.089470 -11.423429 -32.470459
v 32.748196 18.035847 -55.142445
v 35.090343 1.733028 -56.759106
v 46.268604 10.061178 -66.278694
v 33.021549 -11.547070 -51.914734
v 35.017704 -3.708038 -54.463264
v 49.250511 7.241521 -63.195221
v 38.476803 -1.051527 -54.391506
v 41.991707 3.228605 -58.399632
v 48.458324 7.981422 -66.067322
v 30.402502 17.018839 -49.137856
v 25.455667 17.198017 -44.437717
v 32.370098 16.929752 -47.690861
v 36.092319 17.205109 -45.196201
v 23.908833 17.205111 -32.877941
v 16.274771 17.205076 -34.378605
v 20.532553 17.026981 -32.892685
v 44.886181 17.205111 -36.356270
v 47.662052 16.713490 -32.760910
v 18.929050 16.824732 -31.166878
v 15.774827 17.205099 -30.138380
v 24.452932 17.202509 -18.629309
v 44.128460 17.193007 -25.805889
v 46.734264 16.840656 -31.239368
v 47.626434 16.718710 -30.385422
v 47.070511 17.187952 -25.272409
v 32.599827 17.205111 -24.217064
v 32.523010 16.839010 -20.838934
v 33.102070 17.205013 -16.080070
v 30.228165 16.873659 -19.920036
v 31.576712 16.681391 -19.123924
v 31.602983 16.807894 -21.572119
v 32.672565 15.985974 -20.245037
v 31.045076 16.238272 -21.585405
v 30.068428 16.191256 -20.058949
v 31.167610 15.590268 -19.146299
v 32.383839 15.324820 -20.996332
v 30.990486 15.427459 -21.455397
v 30.154751 15.462366 -20.468988
v 32.392239 15.334503 -19.683876
v 30.315651 14.723822 -19.747511
v 32.207756 14.670445 -19.433462
v 32.141670 14.615648 -21.376093
v 30.545891 14.654267 -21.228405
v 31.061390 14.238003 -19.224348
v 32.582596 13.678995 -20.420591
v 31.853628 14.053089 -21.405739
v 30.228434 13.997853 -20.916716
v 31.034676 13.474605 -21.564762
v 30.345900 13.557740 -19.565224
v 31.902073 13.560760 -19.172304
v 32.382729 12.670617 -19.755587
v 32.181236 12.667640 -21.266653
v 30.162294 12.718689 -20.130964
v 31.092903 12.793303 -19.222050
v 30.763462 12.786861 -21.454964
v 30.807613 10.399856 -21.809435
v 30.563772 12.119873 -21.298723
v 21.068624 16.809677 -30.846291
v 19.819233 16.287619 -30.379742
v 21.091061 15.992312 -31.020723
v 20.785568 16.371492 -32.636780
v 19.611507 16.464230 -32.869732
v 18.740841 16.129484 -31.670927
v 19.518614 15.490956 -32.795418
v 18.985268 15.457593 -31.183657
v 20.087772 15.393854 -30.409472
v 20.986155 15.535645 -32.541050
v 21.234102 15.327397 -31.172615
v 21.015818 14.758244 -32.493420
v 18.997335 14.718582 -31.004694
v 20.554564 14.732325 -30.605900
v 19.149172 14.681067 -32.474327
v 19.295757 14.060207 -30.750544
v 21.264385 14.102195 -31.116966
v 20.691259 13.953404 -32.727825
v 18.754606 14.203351 -31.955664
v 18.773027 13.583861 -31.496460
v 20.305258 13.662346 -30.468065
v 19.430019 13.733658 -32.762711
v 19.133421 12.957407 -30.857626
v 21.327154 12.827594 -31.843122
v 20.406975 13.153157 -32.763634
v 19.047667 12.865956 -32.380665
v 21.008308 13.208188 -30.764099
v 20.392761 12.510815 -32.921841
v 19.220753 12.292466 -30.624676
v 20.993057 12.337917 -30.921438
v 21.240223 10.119423 -32.556835
v 19.407213 12.121334 -32.710159
v 18.951456 10.613270 -32.489819
v 31.973019 16.882103 -49.235023
v 30.104721 16.540083 -47.823742
v 31.529976 16.588570 -47.002911
v 32.427532 16.294678 -48.574944
v 31.355673 16.188023 -49.448086
v 29.973740 15.755289 -48.117321
v 32.421776 15.648499 -47.638050
v 30.988602 15.725289 -49.395920
v 30.947708 15.786720 -46.976364
v 32.231983 15.197156 -48.938736
v 30.032547 14.827783 -48.296230
v 30.681269 15.136567 -47.221970
v 32.238266 14.672957 -47.416557
v 32.542789 14.250139 -48.233776
v 30.950096 14.859921 -49.428055
v 30.145000 14.214181 -48.723866
v 30.747049 14.338915 -47.146061
v 31.614290 14.005460 -49.349014
v 30.186798 13.585065 -47.682076
v 31.706161 13.446914 -47.111195
v 31.113400 13.261973 -49.467331
v 30.018213 12.997719 -48.132748
v 32.548367 13.354454 -48.324116
v 32.301388 12.514149 -48.720448
v 29.971874 12.420080 -48.296871
v 31.221865 12.573147 -46.974651
v 32.189545 12.321135 -47.422485
v 48.715584 16.884436 -32.585728
v 46.632355 16.171684 -31.801435
v 48.960560 16.746532 -30.936987
v 49.165264 16.126841 -31.668865
v 47.592033 16.130985 -30.388813
v 47.602928 15.746397 -32.783012
v 47.117775 15.543369 -30.721954
v 48.692493 15.678611 -30.648941
v 48.641071 15.357666 -32.503048
v 46.693520 15.119818 -31.841719
v 49.101864 15.106151 -31.181854
v 49.103306 14.721735 -31.883520
v 47.981312 14.715320 -32.870693
v 47.419327 14.885992 -30.454380
v 46.770050 14.312646 -32.299404
v 47.885544 14.432908 -30.288322
v 49.189304 14.126668 -31.339022
v 48.297752 13.963380 -32.708641
v 46.728035 13.608133 -31.766788
v 47.542110 13.682035 -30.409426
v 48.965103 13.284262 -32.199436
v 48.942036 13.377384 -30.969587
v 47.541210 13.209539 -32.829987
v 47.049751 12.868232 -30.841795
v 47.839081 12.511016 -30.373381
v 46.956066 12.748322 -32.233070
v 46.452023 12.329417 -31.363960
v 49.033726 12.512818 -31.387318
v 48.473942 12.344789 -32.773655
v 30.994200 12.438545 -49.507389
v 19.806873 10.854219 -30.145285
v 30.702465 12.160534 -19.351377
v 30.781874 10.866267 -19.019522
v 32.716640 10.335082 -20.135174
v 50.086796 18.453218 -66.487518
v 92.097168 18.012445 -106.197876
v 108.852577 18.250986 -124.289917
v 112.012375 18.335928 -127.991188
v 137.601166 15.694479 -162.864456
v 129.053375 18.961405 -148.350662
v 34.550396 7.513494 -50.672119
v 32.186779 -19.526398 -51.856472
v 47.169407 -19.600004 -37.642124
v 161.337631 15.637475 -136.783401
v 70.062225 11.782545 -50.907791
v 61.495899 10.273995 -79.661156
v 97.718750 7.798538 -110.531349
v 81.794434 9.875024 -98.705147
v 103.847511 9.424926 -121.641434
v 127.758804 9.349153 -149.685501
v 139.518539 7.973125 -161.973206
v 134.530273 9.628477 -137.606018
v 137.558350 18.951719 -139.669327
v 139.391266 18.957670 -137.893356
v 66.939423 10.193883 -56.414207
v 61.944519 10.099149 -50.698566
v 144.316544 7.981475 -131.801834
v 131.688843 9.764345 -131.290573
v 137.299606 9.627617 -134.838013
v 131.367767 7.939234 -144.643448
v 130.974594 9.756955 -131.974930
v 131.424713 7.925333 -120.815987
v 128.739792 7.757042 -118.026855
v 128.295883 9.603252 -125.778618
v 125.482925 9.636841 -128.592850
v 117.728142 7.762302 -129.042465
v 121.050331 8.275326 -131.192078
v 115.553108 9.564324 -113.023109
v 109.245956 9.805078 -110.223900
v 109.541809 7.996858 -119.077179
v 103.667404 9.582561 -106.902489
v 95.678909 9.561317 -93.031670
v 90.177689 9.710900 -89.699272
v 92.356201 7.749643 -101.334755
v 89.207672 9.717549 -90.293701
v 112.705910 9.567204 -115.864288
v 109.955170 9.705244 -109.541443
v 106.531029 9.543217 -103.995613
v 92.797371 9.528392 -95.959900
v 125.722984 18.536381 -127.860397
v 113.563286 11.687057 -129.150192
v 130.883774 12.215306 -150.230026
v 144.123886 10.164772 -132.025513
v 131.839996 12.586888 -116.171867
v 147.932602 18.968147 -129.273239
v 139.686905 18.679415 -122.567848
v 92.265495 11.273376 -105.446373
v 107.050774 11.198687 -94.425491
v 106.842857 10.139163 -98.031509
v 108.971107 12.182704 -124.161278
v 109.871559 10.080732 -119.072777
v 110.120819 10.970188 -97.796936
v 72.521240 10.110410 -82.124596
v 89.302826 10.613881 -101.202316
v 50.180321 11.373597 -65.898300
v 78.272324 10.033994 -70.302422
v 70.310684 12.685652 -55.332027
v 70.059891 10.555770 -56.942459
v 70.552956 18.329323 -55.396755
v 49.218632 9.687423 -47.818920
v 56.197132 11.687982 -40.094883
v 56.982155 18.764133 -39.664486
v 63.312973 12.060517 -47.398670
v 58.800980 10.058703 -48.162209
v 57.101116 11.485789 -40.218987
v 41.756840 10.043561 -54.848991
v 39.483097 12.272294 -57.123726
v 40.274830 10.797686 -56.249393
v 105.368843 11.407853 -92.607826
v 93.429108 12.529801 -107.380447
v 95.391243 10.504863 -107.257637
v 127.111977 11.509888 -112.486916
v 112.027344 18.197886 -116.034081
v 130.990860 10.050891 -120.811485
v 117.287941 10.072174 -128.878036
v 150.934433 10.234955 -134.443542
v 148.391342 10.056430 -134.352539
v 133.726364 18.955824 -143.538147
v 47.685627 7.939147 -59.200417
v 47.865368 10.086952 -59.105171
v 47.549507 9.708933 -49.558987
v 61.636429 7.761850 -50.553368
v 53.510342 9.613564 -51.001938
v 66.573875 9.676768 -64.116119
v 50.253235 7.756374 -61.939358
v 50.688072 9.613239 -53.819717
v 56.522465 7.727685 -67.376617
v 52.064980 11.255039 -67.431793
v 63.775078 9.573266 -66.916206
v 78.321220 8.033253 -70.059639
v 70.244072 9.780780 -69.802010
v 69.191681 10.199211 -60.942505
v 69.762238 8.141539 -60.658623
v 70.351463 9.985210 -60.677563
v 68.881203 18.330387 -55.839848
v 60.356014 10.028562 -69.828171
v 60.291218 8.048882 -69.911133
v 70.114563 10.096190 -78.650635
v 69.846107 8.097515 -78.610062
v 69.363434 9.714524 -70.369606
v 81.411766 7.732661 -72.676674
v 75.667175 9.587652 -73.029419
v 85.966446 18.033916 -72.382408
v 72.365486 7.755343 -81.700188
v 72.797333 9.548194 -75.945183
v 78.321335 7.747952 -87.374176
v 83.768661 9.535360 -86.970596
v 86.669815 9.556953 -84.066460
v 89.710426 8.119265 -82.063622
v 89.451942 10.023255 -82.025444
v 97.636192 10.039859 -90.209946
v 81.821381 10.006160 -89.760880
v 81.759949 8.060493 -90.048431
v 89.653664 8.148003 -97.957619
v 89.525925 9.871353 -98.008141
v 98.045532 7.733836 -107.262611
v 101.059761 7.724616 -92.670090
v 106.968956 7.753451 -98.364288
v 109.463516 8.089834 -101.503738
v 118.758987 9.977851 -110.131325
v 118.712662 8.121024 -110.024185
v 101.181656 8.039044 -109.892921
v 128.662827 10.200261 -117.838043
v 120.516106 7.777548 -132.155792
v 133.857071 11.535709 -153.624680
v 134.111038 10.030939 -149.048172
v 153.914413 12.197162 -134.249237
v 150.135818 18.487236 -131.165604
v 150.018448 12.608701 -131.209564
v 149.391724 12.240993 -132.290436
v 148.227203 10.722486 -131.203720
v 130.886139 12.094761 -116.657692
v 131.838440 10.396829 -118.201042
v 132.054184 12.356569 -149.679016
v 131.023819 18.437979 -150.491455
v 131.468185 10.197305 -147.467422
v 131.616608 10.048824 -144.639008
v 116.240219 12.664439 -131.164642
v 118.546783 10.256408 -131.325562
v 115.957298 12.055694 -132.161362
v 120.592026 9.977551 -131.468781
v 112.460556 10.075287 -123.514656
v 112.166313 11.546261 -127.366508
v 128.836899 12.140530 -113.675407
v 128.727982 10.414002 -115.822876
v 123.556740 12.184547 -110.534912
v 124.205040 18.250999 -109.409798
v 123.963425 12.388900 -109.300262
v 121.507759 10.231586 -109.747841
v 110.189240 12.754133 -96.651978
v 109.056755 12.839623 -97.035957
v 109.076141 11.100220 -98.206772
v 109.485497 9.864017 -101.402596
v 110.138245 12.043128 -123.791550
v 109.673477 18.281355 -124.532318
v 109.977440 10.303882 -121.849007
v 96.409798 12.229555 -110.439651
v 98.768150 10.265508 -110.044128
v 101.632271 10.278448 -109.339821
v 96.826187 12.327047 -109.390129
v 101.389603 10.152481 -92.803078
v 90.250206 11.943584 -102.330055
v 90.441406 17.939659 -102.694160
v 89.203201 12.584045 -102.986038
v 90.267532 10.197341 -97.534645
v 77.028053 12.604885 -89.512558
v 76.771614 12.609217 -90.674744
v 78.564484 10.519259 -90.330971
v 79.674728 10.559587 -89.460266
v 102.665413 12.606150 -89.471611
v 101.068314 10.593664 -89.782097
v 102.186737 12.833585 -90.644890
v 99.730583 10.608841 -90.576286
v 90.121681 12.812606 -76.900452
v 89.099052 12.146424 -77.786728
v 90.178902 11.113062 -78.038521
v 89.386673 10.173362 -80.202469
v 87.158798 11.261811 -74.486061
v 85.751442 11.937309 -72.525436
v 82.186890 9.994826 -72.898827
v 73.715622 11.921464 -87.455528
v 77.589767 10.058509 -87.237404
v 72.279060 11.482173 -85.874710
v 70.314034 12.317883 -82.889267
v 69.955734 18.078651 -83.552910
v 69.213638 12.537023 -83.426201
v 69.464508 10.343792 -81.376595
v 54.862343 18.325264 -70.576111
v 55.403286 12.496658 -69.474083
v 55.278095 18.321569 -69.243484
v 55.100899 12.074826 -70.530716
v 57.791080 10.255586 -69.755997
v 82.665894 12.633770 -70.595032
v 83.030762 12.036838 -69.590691
v 80.744774 10.335047 -70.299896
v 69.083351 12.695457 -55.790287
v 67.110321 11.143304 -52.483959
v 65.554070 11.349389 -50.470158
v 63.191856 12.905175 -48.408226
v 61.289150 10.352832 -48.219326
v 54.518353 10.065764 -42.063946
v 48.198410 12.295051 -63.279617
v 47.035988 11.760817 -63.522438
v 47.877323 10.131878 -60.589569
v 133.935349 17.572897 -154.556427
v 139.027740 17.426088 -153.520874
v 143.044113 17.224943 -166.119400
v 136.891937 17.440344 -158.308838
v 149.121216 17.231068 -144.225433
v 152.371399 17.246195 -177.642120
v 144.138046 17.273119 -154.542328
v 150.732498 17.223322 -174.548309
v 152.243698 17.417730 -139.555161
v 152.950317 17.449978 -158.975662
v 154.260864 17.596458 -134.225204
v 164.309723 17.014994 -178.159317
v 163.101212 17.449978 -155.145966
v 157.975830 17.426188 -137.194183
v 158.393051 17.449978 -147.765228
v 162.722427 17.303560 -145.637848
v 160.494507 17.449978 -150.159912
v 160.653046 17.449974 -168.615814
v 163.305054 17.276365 -163.607605
v 168.328674 17.449978 -159.056808
v 173.603058 17.234169 -154.336411
v 163.456177 13.049975 -163.758743
v 153.337799 13.049980 -143.644516
v 144.139221 15.620328 -173.882935
v 48.435837 18.747198 -50.641426
v 53.082462 18.626965 -51.405716
v 65.853874 18.279932 -64.314369
v 63.602982 18.267166 -67.597740
v 63.177933 18.531042 -46.859142
v 70.551392 18.061867 -82.772453
v 68.873543 18.209505 -67.289597
v 65.978775 18.451019 -50.258171
v 72.072197 18.104038 -76.282890
v 69.690712 18.340296 -55.101276
v 73.504051 18.019184 -87.640289
v 75.673256 18.093203 -72.478065
v 83.535034 17.987068 -87.636406
v 87.016960 17.975819 -89.198318
v 88.896271 17.975906 -87.315254
v 86.070564 17.974829 -84.440178
v 87.332771 17.991377 -83.806984
v 92.171898 17.956314 -96.015266
v 88.969009 17.979628 -77.335060
v 96.646263 17.998730 -109.181648
v 96.203415 18.029961 -110.426888
v 106.909515 18.093815 -109.096664
v 103.759239 18.025105 -107.412712
v 105.774590 18.057913 -104.225906
v 110.437553 18.259975 -123.867157
v 105.839394 17.998201 -92.396408
v 108.900673 17.999493 -96.892265
v 116.268631 18.426096 -130.945190
v 117.442024 18.440691 -130.832397
v 112.326317 18.153942 -110.753983
v 115.311188 18.202599 -112.801559
v 116.136108 18.207628 -112.260406
v 122.288239 18.675644 -140.005325
v 123.673851 18.243654 -110.707062
v 133.765884 18.847984 -137.934875
v 132.246521 18.757078 -134.419281
v 130.538513 18.449390 -119.019890
v 53.897621 18.656490 -50.234745
v 50.035580 18.644140 -53.813606
v 145.268280 17.428385 -143.468231
v 174.678177 15.488337 -145.091339
v 178.701828 17.132879 -159.958099
v 174.363647 15.676517 -172.426697
v 167.262711 9.936383 -173.060089
v 172.862869 10.165268 -167.678116
v 138.176178 17.425629 -158.195572
v 140.112717 10.231760 -149.959717
v 138.276855 11.710830 -157.639954
v 136.961426 12.274316 -158.143509
v 137.835968 10.192700 -155.927155
v 143.027725 10.221077 -145.671158
v 157.930527 17.416262 -138.444687
v 145.268188 10.227544 -143.306656
v 158.051758 12.285697 -137.622543
v 156.694244 11.276205 -138.679138
v 155.124542 10.090339 -137.822372
v 152.275940 10.389771 -139.547073
v 63.665237 18.518162 -47.623531
v 63.086205 18.507490 -48.683731
v 49.158115 18.781031 -47.373402
v 50.312439 18.747889 -48.733212
v 47.102482 18.777874 -49.456032
v 39.359837 18.759609 -57.307072
v 47.209339 18.526014 -63.950306
v 48.359299 18.507952 -63.461872
v 49.925999 18.469088 -65.970360
v 51.475895 18.639700 -53.594959
v 51.722908 18.439302 -67.718803
v 64.127892 18.258678 -66.323143
v 57.420494 18.336662 -67.676331
v 51.432281 18.417784 -67.636337
v 67.202225 18.231495 -64.111542
v 82.801636 18.042721 -70.761215
v 72.425316 18.140551 -70.843605
v 70.543472 18.140511 -72.739265
v 66.991669 18.209398 -69.175690
v 69.112617 18.063444 -83.496040
v 84.106621 17.981430 -86.298218
v 73.322052 18.080942 -75.556244
v 72.088036 18.030203 -86.269920
v 75.389236 18.097250 -73.822037
v 87.337471 18.019384 -73.805656
v 90.544624 17.970852 -92.736008
v 77.330170 17.998871 -89.183266
v 76.718903 17.998901 -90.773056
v 76.559906 17.998722 -89.815491
v 89.183289 17.977047 -103.114594
v 89.812988 17.995363 -76.846970
v 102.793930 17.972021 -89.464455
v 102.428818 17.956678 -90.742157
v 92.424194 17.970121 -90.846054
v 107.244423 17.997810 -93.777855
v 95.266922 17.968082 -93.600723
v 95.980141 17.976421 -92.397118
v 107.173592 18.041252 -103.958389
v 93.579323 17.979076 -95.722206
v 93.473381 18.012020 -107.554619
v 103.844543 18.054165 -105.973160
v 110.450180 18.154293 -112.631035
v 110.141327 18.021383 -96.528770
v 108.794029 18.094082 -107.206650
v 113.552567 18.371164 -129.369354
v 125.490562 18.538548 -129.224319
v 113.311836 18.200598 -115.521355
v 115.351730 18.209805 -113.821465
v 127.525131 18.336397 -112.286621
v 127.688370 18.521341 -126.115913
v 129.008377 18.546732 -125.600487
v 129.013214 18.358744 -113.600342
v 132.140137 18.387852 -150.002762
v 132.277267 18.963478 -144.713516
v 115.688362 18.427717 -131.975021
v 128.721756 18.633265 -130.884521
v 149.840790 18.373703 -132.365326
v 130.818314 18.398499 -116.271576
v 144.612183 18.955168 -132.579224
v 130.581329 18.633875 -129.021255
v 134.096100 18.757711 -132.540268
v 134.859299 18.852001 -137.189255
v 143.168991 17.433260 -145.571655
v 136.914856 18.846664 -135.209305
v 137.577835 18.855652 -134.076187
v 143.213318 18.957243 -134.029022
v 164.637711 10.113686 -139.589127
v 139.234192 9.873940 -164.803360
v 154.338181 17.277857 -173.446793
v 154.013168 17.228621 -144.138931
v 154.015869 13.049978 -154.318436
v 144.969666 13.049978 -154.715347
v 143.295120 17.232931 -151.086487
v 143.237000 13.049978 -150.580902
v 163.313919 17.277035 -154.463974
v 173.656509 17.397789 -149.393097
v 164.194717 13.049973 -174.501831
v 166.310699 17.230211 -174.529022
v 163.084045 17.261911 -173.350082
v 173.367538 13.049975 -168.610718
v 173.429474 13.049975 -163.812775
v 173.023178 17.262966 -163.375702
v 174.323486 17.479471 -168.265671
v 43.165028 3.957592 -58.767216
v 41.270241 -19.600004 -31.766125
v 44.542576 0.685845 -40.216961
v 46.791794 -1.811160 -37.915665
v 35.594917 -2.065171 -44.882664
v 38.146778 -0.817848 -46.263664
v 39.536533 0.566985 -45.210445
v 37.339558 -19.600008 -47.471966
v 31.463566 -19.600008 -41.572803
v 51.494648 -19.059319 -32.912170
v 51.353577 -18.999977 -31.955080
v 51.327297 -18.999825 -31.873755
v 31.819593 -10.854468 -52.413033
v 34.642445 -10.691179 -50.525539
v 35.457600 -6.669256 -51.954609
v 59.786964 5.705882 -45.836601
v 51.468754 -7.164690 -35.604809
v 55.546753 1.258719 -40.579842
v 50.389973 -10.143281 -34.947460
v 37.434669 -2.771657 -47.316727
v 41.175652 -6.055861 -31.691307
v 43.628975 0.549344 -38.731667
v 44.618176 -1.241683 -36.457035
v 38.125011 0.424727 -44.206776
v 46.324627 -19.075874 -26.808174
v 47.339203 -19.235447 -31.372406
v 47.251690 -18.866438 -32.963951
v 45.623219 -19.303963 -33.282925
v 47.042988 -18.541925 -31.159243
v 45.307022 -19.168995 -31.418667
v 45.262215 -18.707788 -32.684383
v 45.509163 -18.415548 -31.290785
v 45.229034 -17.829006 -32.631645
v 46.498589 -18.421120 -33.411324
v 47.569160 -17.979456 -32.203884
v 46.658829 -17.761978 -33.243034
v 47.513054 -17.241552 -32.739334
v 46.163708 -17.679285 -30.958416
v 45.699516 -17.082747 -33.279613
v 47.462559 -17.105921 -31.697744
v 45.163811 -16.985472 -31.686075
v 46.753426 -16.330975 -33.310341
v 46.336594 -16.842428 -30.868931
v 45.079395 -16.397850 -31.957071
v 45.602299 -16.320536 -33.134037
v 46.656200 -16.270084 -30.952164
v 47.630505 -16.283617 -32.289913
v 47.526299 -15.563917 -31.824495
v 45.399334 -15.738816 -31.396458
v 45.568806 -15.466713 -33.006256
v 46.881168 -15.521213 -33.251057
v 46.637737 -15.423313 -30.985460
v 45.393864 -14.758560 -32.894558
v 47.534435 -14.768703 -31.543039
v 45.511257 -14.865657 -31.347815
v 46.764484 -14.793311 -33.406410
v 26.537457 -19.599676 -46.473198
v 30.969837 -19.292717 -47.570671
v 31.309805 -19.277031 -45.509575
v 32.483471 -19.478680 -47.660053
v 32.868782 -19.015524 -46.038322
v 31.047876 -18.916643 -45.701931
v 30.588875 -18.471188 -46.773209
v 32.200443 -18.671432 -47.856861
v 33.063202 -18.531414 -46.869411
v 33.000286 -17.888514 -46.986416
v 32.114494 -18.038813 -45.446621
v 30.840740 -17.770260 -45.924728
v 30.667570 -17.029215 -47.173252
v 31.575453 -17.667192 -47.914894
v 33.096035 -17.069870 -46.453201
v 32.005600 -16.775524 -47.873985
v 32.115913 -16.409811 -45.416496
v 31.255304 -17.025169 -45.583942
v 30.820827 -16.047970 -46.030964
v 30.772638 -16.274130 -47.262703
v 32.991116 -16.382120 -47.164364
v 33.044159 -15.806717 -46.177528
v 31.660442 -15.537679 -45.424725
v 30.641006 -15.409356 -46.827339
v 32.255390 -15.581644 -47.831764
v 30.592787 -14.768836 -46.415768
v 31.160513 -14.793858 -47.683277
v 33.075836 -14.967237 -46.258053
v 31.889772 -14.753529 -45.464710
v 32.580460 -14.735613 -47.621971
v 27.432062 11.294771 -17.418158
v 15.837261 11.246842 -31.207441
v 24.261015 9.082695 -34.063206
v 33.808361 9.049182 -24.581284
v 27.124174 5.871490 -37.222267
v 40.304367 6.099852 -23.517733
v 37.545097 5.106520 -28.055021
v 25.223566 2.927913 -42.480663
v 30.129927 -0.046664 -40.228752
v 31.235035 -4.573689 -41.370049
v 40.484501 -1.930546 -30.996662
v 46.562763 -7.443522 -26.443632
v 31.588350 9.865410 -24.523451
v 24.251272 9.889947 -31.849785
v 24.931070 17.106022 -47.468063
v 26.030703 -6.400773 -46.922279
v 25.209860 8.999326 -47.149967
v 25.621422 -3.714506 -46.540150
v 46.842106 10.270867 -25.510788
v 44.165745 -0.551110 -26.407867
v 23.412731 5.844811 -40.820011
v 26.083555 -0.487623 -44.473240
v 18.358059 10.153303 -36.208824
v 17.228958 11.321818 -27.553860
v 30.537750 11.263353 -16.278631
v 33.846592 10.827364 -17.040857
v 36.915867 9.470644 -19.868011
v 42.090569 3.050730 -25.493607
v 46.250439 -3.859845 -25.951878
v 150.419189 12.005162 -156.188629
v 146.983047 2.718976 -152.490540
v 152.240311 2.906606 -147.342514
v 151.640015 -1.758135 -146.935944
v 146.576279 -2.212991 -151.926270
v 153.443298 -10.637857 -149.042282
v 158.687546 -4.920419 -163.925705
v 163.619675 -4.924894 -158.986923
v 148.111237 3.962989 -143.167679
v 156.596146 -35.777760 -153.069626
v 157.277252 -13.950380 -152.976364
v 159.000793 -14.497828 -154.736038
v 152.727722 -13.933850 -157.636658
v 155.308670 -16.663584 -160.110489
v 155.194962 -31.171652 -151.537399
v 147.850281 -31.275663 -152.116882
v 148.030243 -16.703896 -152.823898
v 146.973389 -19.056120 -151.696136
v 154.003357 8.027822 -148.048294
v 159.758698 -17.083313 -155.586960
v 151.158722 -30.250467 -147.475555
v 151.837723 -31.284889 -148.179810
v 152.816864 -16.462412 -148.608093
v 151.477890 -18.558468 -147.334717
v 154.127151 -14.301965 -159.013626
v 155.744843 11.852295 -150.510803
v 151.664490 -8.946357 -147.184311
v 153.508194 7.204296 -148.411530
v 140.631104 7.153034 -146.344513
v 142.839188 4.060221 -148.411438
v 145.986420 -35.937019 -150.065674
v 152.282913 -35.920975 -156.360352
v 158.577316 -33.713253 -155.046753
v 149.613907 -35.907036 -146.142181
v 147.855042 -33.977486 -144.261856
vn -0.3375 -0.7441 -0.5765
vn -0.8191 0.4176 -0.3934
vn -0.0562 -0.5230 -0.8505
vn -0.5785 -0.7456 -0.3308
vn -0.4150 0.5210 -0.7459
vn -0.8406 -0.5360 -0.0776
vn -0.9793 -0.0781 -0.1870
vn -0.9854 -0.1609 0.0553
vn -0.1623 0.1967 -0.9669
vn -0.8727 0.4052 -0.2724
vn -0.7830 -0.5238 -0.3355
vn -0.4995 -0.6356 -0.5886
vn -0.1184 -0.1964 -0.9733
vn -0.2166 -0.4033 -0.8891
vn -0.5609 0.5599 -0.6098
vn -0.2655 -0.5042 -0.8217
vn -0.5536 -0.8276 -0.0934
vn -0.2444 0.2682 -0.9318
vn 0.1801 -0.8293 -0.5289
vn -0.0341 -0.0546 -0.9979
vn -0.9512 -0.2530 -0.1764
vn -0.2563 -0.1508 -0.9548
vn 0.0861 -0.4824 -0.8717
vn -0.4921 -0.8324 0.2549
vn 0.1227 -0.5629 -0.8174
vn -0.0000 -1.0000 -0.0000
vn 0.0009 -1.0000 0.0002
vn 0.0096 -0.9998 -0.0181
vn -0.0673 -0.9977 -0.0126
vn -0.3427 -0.8443 -0.4119
vn -0.5495 -0.4690 -0.6914
vn -0.0140 -0.9999 0.0031
vn 0.8134 -0.5656 -0.1359
vn 0.0945 -0.8184 0.5669
vn 0.6512 -0.6532 -0.3864
vn -0.1627 -0.9430 0.2904
vn -0.2810 -0.9577 0.0625
vn 0.0302 -0.9992 -0.0261
vn -0.1216 -0.9195 0.3738
vn -0.0090 -0.9999 -0.0073
vn 0.1813 -0.9332 -0.3104
vn 0.4319 -0.8183 -0.3794
vn -0.1304 -0.9371 -0.3238
vn -0.4725 -0.4914 -0.7316
vn 0.6320 -0.6249 0.4583
vn 0.0046 -1.0000 -0.0012
vn 0.0024 -1.0000 -0.0030
vn 0.1184 -0.7537 0.6465
vn 0.3560 -0.9289 -0.1015
vn 0.9271 -0.3734 0.0325
vn 0.0176 -0.9997 -0.0140
vn 0.6875 -0.4874 0.5383
vn 0.4737 -0.7347 -0.4855
vn 0.9036 -0.0502 0.4255
vn 0.1818 0.8751 -0.4484
vn 0.9051 0.2767 -0.3228
vn 0.2264 -0.1923 0.9549
vn 0.6013 -0.2692 -0.7523
vn -1.0000 -0.0094 0.0017
vn 0.5734 -0.0446 0.8181
vn 0.6970 0.0567 0.7149
vn 0.4647 -0.0841 -0.8814
vn -0.9801 -0.1981 0.0075
vn 0.3904 -0.1201 0.9128
vn -0.4885 0.2186 0.8447
vn 0.9796 0.1824 -0.0849
vn 0.6195 -0.2341 -0.7493
vn -0.9480 0.0124 0.3180
vn 0.4743 -0.2145 0.8538
vn -0.9156 0.3221 -0.2406
vn 0.1652 -0.2048 -0.9648
vn -0.2105 0.9212 0.3273
vn 0.3415 0.2454 0.9073
vn 0.1131 0.9936 0.0077
vn 0.8561 0.2053 -0.4744
vn 0.6909 0.0531 -0.7210
vn 0.8673 -0.4942 0.0592
vn 0.4630 -0.8855 0.0390
vn 0.5980 -0.7464 -0.2920
vn -0.0610 -0.7531 -0.6551
vn 0.0695 -0.9631 0.2601
vn -0.0068 -0.9069 -0.4212
vn 0.0266 -0.9718 0.2344
vn -0.1575 -0.9743 -0.1613
vn -0.2215 -0.9750 0.0172
vn -0.2435 -0.8391 0.4865
vn -0.2869 -0.9575 -0.0309
vn 0.2458 -0.8062 0.5382
vn 0.4324 -0.8883 0.1547
vn 0.5680 -0.8035 0.1784
vn -0.1455 -0.9238 -0.3542
vn 0.1195 -0.9237 0.3640
vn -0.2601 -0.9103 -0.3220
vn -0.8030 -0.1620 -0.5735
vn 0.4240 -0.9036 0.0604
vn 0.2590 -0.8186 0.5126
vn 0.2898 -0.9127 0.2881
vn -0.4412 -0.8780 -0.1855
vn 0.0080 -0.9463 -0.3232
vn 0.3281 -0.9419 0.0716
vn 0.1191 -0.9075 0.4027
vn 0.4167 -0.8884 0.1924
vn -0.1402 -0.7668 0.6264
vn -0.2194 -0.8253 -0.5202
vn 0.0557 -0.9973 0.0486
vn -0.7560 0.1510 -0.6370
vn -0.4127 -0.8980 -0.1526
vn -0.0820 -0.9451 -0.3164
vn 0.0485 -0.9308 0.3624
vn 0.3358 -0.9350 0.1144
vn -0.4728 -0.8536 -0.2187
vn 0.0055 -0.9948 0.1017
vn -0.3281 -0.9410 -0.0823
vn 0.2117 -0.9767 0.0365
vn -0.0046 -0.9916 -0.1291
vn 0.1828 -0.9562 0.2287
vn 0.1540 -0.9808 0.1200
vn -0.0689 -0.9221 -0.3809
vn 0.1571 -0.9647 0.2112
vn 0.4859 -0.8659 0.1192
vn -0.4586 -0.8635 -0.2098
vn 0.0452 -0.9985 -0.0299
vn 0.0673 -0.9967 0.0465
vn 0.8169 -0.5760 0.0304
vn -0.2950 -0.7969 -0.5272
vn -0.1490 -0.9823 -0.1131
vn -0.0309 -0.5756 -0.8171
vn -0.0451 -0.9967 -0.0674
vn 0.2464 0.1346 0.9598
vn 0.9434 0.1677 0.2863
vn 0.9086 0.0406 0.4157
vn 0.3480 0.0352 0.9368
vn 0.8883 0.3546 -0.2917
vn 0.9999 0.0121 -0.0049
vn -0.2975 0.0199 0.9545
vn -0.8153 0.5185 0.2577
vn -0.7737 0.5817 0.2512
vn 0.2527 0.6153 -0.7467
vn 0.2426 0.1944 0.9505
vn 0.9587 0.1707 0.2274
vn 0.9354 0.0102 0.3534
vn 0.3123 0.0422 0.9490
vn 0.2632 0.6046 -0.7518
vn -0.0758 0.7423 0.6658
vn 0.9622 0.1697 0.2129
vn 0.1762 0.1588 0.9715
vn 0.5998 0.7963 0.0783
vn -0.7632 0.6039 0.2299
vn 0.9585 0.1719 0.2275
vn 0.3006 0.1673 0.9390
vn 0.3758 0.4708 -0.7982
vn -0.7517 0.6257 0.2084
vn 0.8097 0.4787 0.3395
vn -0.4977 -0.7128 0.4941
vn -0.3324 0.4413 -0.8336
vn -0.1724 0.1420 -0.9747
vn -0.9577 0.1578 -0.2406
vn 0.6974 0.6113 -0.3742
vn -0.2458 0.6128 0.7510
vn -0.2129 0.1614 -0.9637
vn -0.9607 0.1716 -0.2183
vn -0.2787 0.6130 0.7393
vn 0.7571 0.6153 -0.2196
vn -0.2196 0.6861 0.6936
vn 0.7789 0.5556 -0.2909
vn 0.3060 0.0645 -0.9499
vn -0.9625 0.1676 -0.2135
vn -0.3477 0.0150 -0.9375
vn -0.2741 0.2118 -0.9381
vn -0.2811 0.5839 0.7616
vn -0.2182 0.7903 -0.5726
vn 0.2740 0.3512 -0.8953
vn -0.3130 0.5328 0.7862
vn -0.9515 0.0265 0.3067
vn -0.0040 0.0122 -0.9999
vn -0.0774 -0.5325 -0.8429
vn -0.1152 -0.4954 -0.8610
vn -0.2119 -0.5525 -0.8062
vn 0.0808 -0.2547 -0.9636
vn -0.4053 -0.5878 -0.7002
vn 0.7442 -0.3226 0.5849
vn 0.8252 -0.4849 0.2898
vn 0.9699 -0.2435 -0.0045
vn 0.5409 -0.4140 0.7322
vn 0.6230 -0.4617 0.6314
vn 0.5144 -0.6783 0.5247
vn 0.5011 -0.7046 0.5023
vn 0.7433 -0.2126 0.6342
vn 0.5360 -0.7077 0.4602
vn 0.7452 0.1521 0.6493
vn 0.9175 -0.3429 0.2014
vn 0.7979 -0.1548 -0.5825
vn 0.6056 -0.1400 -0.7834
vn 0.9117 -0.2258 0.3433
vn 0.9858 -0.1164 0.1210
vn 0.8084 -0.2714 0.5223
vn 0.6908 -0.6934 -0.2049
vn 0.7796 0.1088 0.6168
vn 0.4805 0.6756 0.5593
vn 0.7461 0.4286 0.5095
vn 0.6977 0.3636 0.6173
vn 0.5287 0.6361 0.5620
vn 0.6424 0.4621 0.6113
vn 0.5707 0.5800 0.5814
vn 0.5180 0.6478 0.5585
vn -0.3922 0.8253 -0.4062
vn -0.3944 0.8226 -0.4097
vn -0.1810 0.9666 -0.1816
vn -0.1436 0.9801 -0.1371
vn 0.3590 0.7824 0.5089
vn -0.1916 0.9544 -0.2291
vn -0.2867 0.3237 -0.9017
vn 0.0271 -0.1615 0.9865
vn 0.0260 -0.0850 0.9960
vn 0.6800 -0.1400 0.7197
vn 0.0096 -0.5552 0.8316
vn -0.9946 -0.0970 -0.0380
vn -0.5599 0.6787 -0.4753
vn -0.4830 -0.2297 -0.8449
vn -0.3722 0.8262 -0.4230
vn -0.3153 -0.1653 -0.9345
vn -0.7865 -0.6176 0.0037
vn -0.0264 -0.6255 -0.7797
vn -0.5769 -0.2520 -0.7769
vn 0.3438 -0.4725 -0.8115
vn 0.5076 -0.1767 -0.8433
vn 0.3213 -0.8428 -0.4318
vn -0.4588 -0.5537 -0.6949
vn -0.0233 -0.9653 -0.2601
vn 0.2723 0.8773 0.3953
vn -0.3561 0.7706 0.5285
vn 0.5912 0.8043 -0.0594
vn 0.0264 0.9987 -0.0434
vn -0.4190 0.9053 -0.0702
vn -0.0946 0.9934 0.0647
vn -0.0711 -0.3652 -0.9282
vn -0.0376 0.9989 0.0278
vn 0.0373 0.9983 0.0453
vn -0.1788 0.8330 0.5236
vn -0.0403 0.9961 0.0780
vn 0.0214 0.7897 0.6132
vn -0.2679 0.8914 0.3655
vn 0.5006 0.8450 -0.1881
vn 0.4881 0.8599 -0.1492
vn 0.1098 0.9935 -0.0307
vn -0.5204 0.5747 -0.6316
vn -0.4162 0.8799 -0.2293
vn 0.1368 0.8187 -0.5576
vn 0.0259 0.9996 -0.0129
vn 0.0197 0.9997 -0.0172
vn 0.4165 0.8219 0.3887
vn -0.0130 0.9993 0.0352
vn -0.0616 0.8653 0.4974
vn -0.7646 0.6139 0.1962
vn -0.0526 0.9952 -0.0821
vn -0.1641 0.8326 -0.5291
vn 0.4827 0.8716 -0.0852
vn 0.3105 -0.1409 0.9401
vn -0.8463 0.0560 -0.5298
vn -0.6653 -0.0746 0.7428
vn -0.9917 0.1166 -0.0540
vn 0.0206 0.1036 0.9944
vn 0.7664 0.0365 0.6413
vn 0.4976 0.1781 0.8489
vn 0.0540 0.1565 -0.9862
vn -0.7219 -0.3950 -0.5682
vn -0.8295 0.1104 0.5474
vn -0.3198 -0.0630 0.9454
vn 0.6192 -0.0098 0.7852
vn 0.5445 -0.0416 0.8377
vn -0.0070 0.3600 -0.9329
vn -0.7821 0.6142 -0.1051
vn -0.5436 0.4125 0.7310
vn 0.9181 0.3843 -0.0970
vn 0.1942 0.5571 0.8074
vn -0.7255 0.2489 -0.6416
vn -0.7710 0.5325 0.3493
vn 0.0181 0.5162 -0.8563
vn 0.8152 0.5762 0.0590
vn 0.6551 -0.1008 -0.7488
vn 0.9013 0.2492 -0.3544
vn 0.6209 0.0127 -0.7838
vn 0.9981 0.0610 -0.0010
vn 0.4703 -0.0141 -0.8824
vn -0.5947 -0.0716 0.8007
vn -0.6349 -0.6513 0.4157
vn -0.3564 -0.6762 0.6447
vn -0.1364 0.9755 -0.1725
vn 0.8702 0.3358 0.3605
vn -0.0027 1.0000 -0.0036
vn -0.0024 1.0000 -0.0033
vn -0.4177 0.8302 -0.3693
vn 0.8593 0.3334 0.3879
vn 0.1324 0.9819 0.1356
vn 0.3838 0.7187 0.5798
vn -0.5982 0.6307 -0.4943
vn -0.5798 0.7246 -0.3727
vn -0.6211 0.6023 -0.5014
vn 0.6880 -0.5940 -0.4170
vn 0.9791 -0.1861 -0.0821
vn 0.4330 -0.6029 -0.6701
vn 0.1611 -0.2601 -0.9520
vn 0.7671 -0.1217 -0.6299
vn 0.7942 -0.6076 -0.0058
vn 0.0237 -0.6333 -0.7736
vn 0.7942 -0.5536 -0.2504
vn 0.5789 -0.0048 0.8154
vn 0.5791 0.0669 0.8125
vn 0.6367 0.2474 0.7304
vn 0.7031 0.0760 0.7070
vn 0.7116 -0.2706 0.6484
vn 0.4807 -0.7351 0.4781
vn 0.7118 -0.2743 0.6466
vn 0.4067 -0.8140 0.4148
vn -0.6625 0.0044 -0.7491
vn -0.5811 -0.5005 -0.6417
vn -0.6489 -0.3518 -0.6747
vn -0.6869 -0.4504 -0.5704
vn -0.6882 -0.4500 -0.5691
vn -0.2030 0.9621 0.1820
vn -0.4922 0.8630 -0.1136
vn -0.8029 0.5869 0.1041
vn 0.2809 -0.9387 -0.2000
vn -0.4123 0.7198 -0.5585
vn -0.0588 0.8904 -0.4514
vn 0.5572 0.7220 0.4103
vn 0.1199 0.8602 0.4957
vn -0.0639 0.6071 0.7920
vn 0.4669 0.8811 0.0761
vn 0.1996 -0.9395 -0.2784
vn -0.2950 0.1616 -0.9417
vn -0.9615 0.1404 -0.2364
vn -0.1435 -0.9824 -0.1198
vn -0.0180 -0.9997 -0.0156
vn -0.1592 -0.9636 -0.2146
vn 0.1340 -0.9803 0.1448
vn 0.0391 -0.9983 0.0441
vn 0.2158 -0.9635 0.1583
vn -0.1201 -0.9773 -0.1746
vn -0.2902 -0.9345 -0.2060
vn -0.1377 -0.9849 -0.1046
vn -0.1013 -0.9907 -0.0913
vn 0.1977 -0.9371 0.2878
vn 0.2072 -0.9300 0.3034
vn 0.4403 -0.7960 -0.4154
vn 0.1470 -0.9891 -0.0089
vn -0.1340 -0.9795 -0.1506
vn -0.1607 -0.9626 -0.2180
vn 0.1648 -0.9782 0.1266
vn -0.0090 -0.9999 -0.0062
vn 0.3040 -0.9256 0.2255
vn 0.1831 -0.9620 0.2026
vn -0.2254 -0.9334 -0.2791
vn -0.2887 -0.9351 -0.2056
vn -0.1481 -0.9819 -0.1185
vn -0.2135 -0.9637 -0.1600
vn -0.1201 -0.9432 0.3097
vn 0.1168 -0.9420 -0.3147
vn -0.0298 -0.9989 -0.0348
vn 0.2130 -0.9630 0.1653
vn 0.1774 -0.9706 0.1628
vn 0.0001 -0.9999 -0.0120
vn -0.0086 -1.0000 -0.0034
vn 0.0479 -0.9979 0.0426
vn -0.0489 -0.9977 -0.0471
vn -0.0711 -0.9947 -0.0741
vn 0.0302 -0.9992 0.0257
vn 0.3590 0.8846 -0.2976
vn -0.1703 0.8457 -0.5058
vn 0.5302 0.1292 -0.8380
vn -0.3047 0.8964 0.3221
vn -0.5100 0.8312 -0.2214
vn 0.4158 0.8690 -0.2681
vn -0.1220 0.8666 -0.4839
vn 0.5084 0.1351 -0.8505
vn -0.3074 0.8813 0.3590
vn -0.8698 0.1575 0.4676
vn -0.5229 0.8374 -0.1591
vn -0.6739 0.1227 -0.7285
vn -0.1964 0.8073 -0.5565
vn -0.5578 0.8049 -0.2026
vn -0.6995 0.0912 -0.7088
vn -0.2158 0.8103 -0.5448
vn -0.5639 0.8069 -0.1759
vn -0.7105 0.1160 -0.6941
vn -0.2140 0.8050 -0.5534
vn -0.5613 0.8064 -0.1859
vn 0.5550 0.8089 0.1939
vn 0.6928 0.1043 0.7135
vn 0.1933 0.8097 0.5542
vn 0.1672 0.8429 0.5115
vn 0.4626 0.8839 0.0693
vn -0.5190 0.1363 0.8438
vn 0.5489 0.8116 0.1999
vn 0.7104 0.0950 0.6974
vn 0.1853 0.8075 0.5600
vn 0.0948 0.8574 0.5058
vn 0.5205 0.8164 0.2501
vn -0.4639 0.1649 0.8704
vn 0.8411 0.1753 -0.5117
vn 0.5470 0.8087 0.2163
vn 0.7087 0.1116 0.6966
vn 0.1790 0.8059 0.5644
vn 0.8287 0.4624 0.3152
vn 0.4046 0.4255 0.8095
vn -0.7263 0.6695 -0.1557
vn -0.3145 0.4471 -0.8374
vn -0.8550 0.2568 -0.4506
vn -0.2644 0.7686 -0.5826
vn -0.6397 0.6603 -0.3934
vn 0.8764 0.4716 0.0973
vn -0.3318 0.8768 0.3480
vn 0.1850 0.4283 0.8845
vn 0.3009 0.7672 -0.5665
vn 0.5420 0.8331 0.1105
vn 0.6274 0.5666 0.5342
vn 0.7750 0.0433 0.6305
vn 0.2450 0.8775 0.4123
vn 0.7434 0.0846 0.6635
vn 0.0740 0.8634 -0.4990
vn -0.5281 0.8481 -0.0420
vn -0.9275 0.3170 -0.1981
vn -0.1538 0.3025 -0.9407
vn -0.3808 0.8910 -0.2472
vn -0.5184 0.5989 -0.6104
vn 0.8231 0.4773 0.3078
vn 0.1673 0.6667 0.7263
vn 0.4615 0.1964 0.8651
vn 0.2662 0.7699 0.5800
vn -0.7891 0.5103 -0.3420
vn -0.3600 0.4556 -0.8141
vn -0.2569 0.7978 -0.5455
vn -0.7437 0.6367 -0.2038
vn 0.4266 0.8705 -0.2454
vn -0.4916 0.8071 0.3268
vn 0.9000 0.4065 0.1574
vn 0.2706 0.4168 0.8678
vn 0.5952 0.7745 0.2143
vn -0.4117 0.8872 0.2082
vn -0.0978 0.7465 -0.6582
vn -0.8950 0.3664 -0.2542
vn -0.1778 0.2787 -0.9438
vn -0.1777 0.8060 -0.5646
vn -0.8650 0.4652 -0.1879
vn 0.8036 0.4675 0.3683
vn 0.3798 0.3422 0.8595
vn 0.3230 0.7240 0.6096
vn 0.8667 0.3359 0.3687
vn -0.8073 0.4967 -0.3186
vn -0.3947 0.3285 -0.8581
vn -0.7817 0.3614 -0.5082
vn -0.2307 0.8079 -0.5422
vn 0.5443 0.8383 -0.0313
vn -0.0392 0.8592 0.5101
vn 0.9009 0.3401 0.2696
vn 0.1611 0.2980 0.9409
vn 0.2322 0.7702 0.5940
vn 0.6357 0.6584 0.4030
vn -0.9290 0.3308 -0.1660
vn -0.0849 0.7429 -0.6640
vn -0.0788 0.2537 -0.9641
vn -0.5726 0.8139 0.0983
vn 0.5544 0.8063 -0.2063
vn -0.4875 0.2042 -0.8489
vn -0.5602 0.8064 -0.1895
vn 0.3097 0.5121 0.8011
vn 0.7922 0.4689 0.3906
vn 0.1228 0.8735 0.4710
vn 0.8002 0.2853 0.5276
vn -0.7944 0.5272 -0.3016
vn -0.3917 0.4548 -0.7998
vn -0.8804 0.3107 -0.3582
vn -0.2299 0.8141 -0.5333
vn -0.1708 0.8598 0.4812
vn 0.3058 0.8183 -0.4867
vn 0.8669 0.4654 0.1787
vn 0.1631 0.3383 0.9268
vn 0.3578 0.6695 0.6509
vn 0.5695 0.7918 0.2207
vn -0.3483 0.8045 0.4811
vn 0.1346 0.8294 -0.5421
vn -0.8859 0.4551 -0.0899
vn -0.2260 0.3151 -0.9218
vn -0.8863 0.4302 -0.1714
vn -0.4467 0.6597 -0.6044
vn 0.9630 0.2563 0.0835
vn 0.7865 0.5921 -0.1753
vn 0.3277 -0.6088 -0.7225
vn 0.2919 0.9523 -0.0888
vn 0.7531 -0.5592 -0.3466
vn -0.0346 0.9194 -0.3919
vn 0.3896 0.9200 0.0432
vn 0.1038 0.9604 -0.2587
vn 0.3453 0.2909 -0.8923
vn -0.7013 0.2096 -0.6814
vn -0.8178 0.0006 -0.5754
vn -0.3606 0.7731 0.5218
vn -0.4016 0.5131 -0.7586
vn -0.8852 0.4470 -0.1290
vn -0.4844 0.8730 -0.0573
vn 0.1326 0.5138 0.8476
vn -0.5220 0.8162 0.2478
vn -0.0133 0.9083 0.4182
vn 0.2549 0.8504 -0.4602
vn -0.5345 0.2090 0.8189
vn -0.0542 0.4609 0.8858
vn -0.2891 0.8742 0.3902
vn -0.9523 0.2810 0.1193
vn -0.4055 0.8615 0.3057
vn -0.7089 0.4180 0.5681
vn -0.3570 0.8839 0.3021
vn 0.7866 0.2089 -0.5811
vn 0.8093 0.4980 -0.3115
vn 0.3895 0.8743 -0.2896
vn 0.1499 0.2815 -0.9478
vn 0.2971 0.8666 -0.4010
vn 0.5771 0.3123 -0.7546
vn 0.1583 0.8030 -0.5746
vn -0.2843 0.8574 0.4289
vn -0.5811 0.3735 0.7231
vn -0.7126 0.3753 0.5928
vn -0.5158 0.8216 0.2426
vn -0.4239 0.8587 0.2881
vn 0.3250 0.8937 -0.3094
vn 0.7074 0.3949 -0.5862
vn 0.1883 0.8078 0.5585
vn 0.5699 0.2065 -0.7953
vn 0.2504 0.8543 -0.4555
vn 0.0240 0.8414 -0.5399
vn -0.1079 0.7169 -0.6888
vn -0.3446 0.3114 -0.8856
vn 0.0205 0.7378 -0.6747
vn 0.2382 0.8581 -0.4548
vn 0.0851 0.0899 0.9923
vn 0.0568 0.7645 0.6421
vn -0.5439 0.3761 0.7502
vn -0.2360 0.9207 0.3108
vn 0.6768 0.7359 -0.0203
vn 0.4768 0.8483 -0.2304
vn 0.5831 0.8116 0.0360
vn 0.8581 0.4252 0.2879
vn -0.6444 0.7625 -0.0580
vn -0.3647 0.9079 0.2069
vn -0.7909 0.3147 0.5248
vn 0.2395 0.8276 0.5077
vn -0.6314 0.1748 0.7555
vn -0.2514 0.8535 0.4564
vn -0.4173 0.8679 0.2695
vn -0.7698 0.2733 0.5768
vn -0.5144 0.8247 -0.2349
vn 0.2560 0.8326 -0.4912
vn 0.8717 0.1583 -0.4638
vn -0.3379 0.8904 0.3050
vn -0.4688 0.1576 0.8691
vn 0.3535 0.8825 -0.3103
vn 0.4651 0.1600 -0.8707
vn 0.6297 0.7743 0.0624
vn -0.2679 0.8681 0.4180
vn -0.8678 0.1612 0.4700
vn 0.2057 0.8080 0.5520
vn 0.6741 0.1170 0.7293
vn -0.5457 0.1925 0.8155
vn -0.2787 0.8672 0.4127
vn 0.9213 0.3400 -0.1886
vn 0.5317 0.8114 -0.2427
vn 0.7708 0.2759 -0.5742
vn 0.5618 0.8046 0.1925
vn -0.6972 0.1008 -0.7098
vn -0.1830 0.8081 -0.5599
vn 0.5752 0.2528 -0.7780
vn 0.2951 0.8659 -0.4038
vn -0.5709 0.7996 0.1865
vn -0.7611 0.3370 0.5543
vn -0.5527 0.8067 -0.2092
vn 0.8289 0.1255 -0.5452
vn 0.2933 0.8837 -0.3648
vn 0.5171 0.1363 -0.8450
vn 0.4669 0.8455 -0.2592
vn -0.8373 0.1357 0.5296
vn -0.2703 0.8634 0.4261
vn -0.3341 -0.9379 0.0931
vn -0.4424 0.8574 0.2629
vn 0.8218 0.3193 -0.4718
vn 0.4613 0.8454 -0.2693
vn 0.6320 0.2998 -0.7147
vn 0.0771 0.4487 -0.8903
vn 0.1915 0.8018 -0.5661
vn -0.0721 0.9402 0.3330
vn 0.3217 0.3471 0.8809
vn -0.1545 0.9002 0.4071
vn -0.9251 0.3747 -0.0612
vn -0.3571 0.9333 0.0374
vn -0.3663 0.9305 -0.0083
vn -0.1344 0.8441 0.5191
vn 0.5074 0.8406 -0.1896
vn 0.0827 0.8029 -0.5903
vn -0.2265 0.8449 0.4845
vn 0.1165 0.8389 -0.5316
vn 0.4693 0.8492 -0.2421
vn 0.0900 0.8762 0.4735
vn 0.5114 0.8449 0.1567
vn -0.4826 0.8694 -0.1066
vn -0.0597 0.8792 -0.4726
vn -0.1638 0.8356 -0.5243
vn -0.4827 0.8676 -0.1194
vn 0.2005 0.8380 0.5074
vn 0.4658 0.8845 0.0242
vn 0.2473 -0.9474 0.2034
vn 0.1145 -0.9885 0.0986
vn 0.1235 -0.9757 0.1808
vn -0.0924 -0.9894 -0.1118
vn -0.2019 -0.9469 -0.2503
vn -0.1776 -0.9770 -0.1184
vn 0.2158 -0.9255 0.3113
vn 0.0504 -0.9970 0.0587
vn 0.1132 -0.9816 0.1537
vn 0.1859 -0.9705 0.1535
vn -0.0261 -0.9996 -0.0094
vn -0.1035 -0.9907 -0.0880
vn 0.2114 -0.9375 0.2762
vn 0.2803 -0.9387 0.2006
vn 0.1459 -0.9822 0.1184
vn 0.2075 -0.9656 0.1566
vn -0.1275 -0.9805 -0.1494
vn 0.1366 -0.9778 0.1586
vn -0.2226 -0.9615 -0.1613
vn 0.0170 -0.9997 0.0200
vn 0.0025 -1.0000 -0.0024
vn 0.5971 0.7923 -0.1253
vn 0.3000 0.8783 0.3723
vn -0.6862 0.6937 0.2188
vn 0.2546 0.8410 -0.4773
vn -0.3071 0.8811 0.3596
vn -0.0465 0.9978 -0.0482
vn -0.0183 0.9998 -0.0091
vn -0.0174 0.9998 0.0134
vn -0.2522 0.6902 0.6782
vn -0.3219 0.8993 -0.2961
vn -0.3530 0.8625 0.3626
vn 0.0013 1.0000 0.0008
vn -0.4161 0.8774 0.2389
vn 0.0086 0.9999 0.0119
vn 0.0044 0.9988 -0.0489
vn -0.0066 1.0000 -0.0064
vn -0.0138 0.9999 0.0078
vn -0.0096 0.9994 0.0325
vn -0.3655 0.8809 0.3006
vn -0.0102 0.9995 -0.0298
vn 0.1289 0.9862 0.1035
vn 0.0378 0.9993 0.0085
vn 0.5198 0.8308 -0.1992
vn 0.4324 0.8019 0.4123
vn 0.3408 0.8670 -0.3636
vn 0.4245 0.8884 0.1748
vn 0.0388 0.9992 -0.0022
vn 0.1452 0.9475 -0.2849
vn 0.0100 0.9995 0.0309
vn 0.0097 0.9992 -0.0385
vn -0.1395 0.8889 0.4364
vn -0.9167 0.1624 0.3651
vn -0.3111 0.9046 0.2913
vn 0.0243 0.9997 0.0039
vn -0.2596 0.8847 -0.3873
vn 0.4568 0.8676 0.1964
vn 0.1074 0.9942 0.0019
vn 0.4750 0.8383 -0.2676
vn 0.7661 0.6089 -0.2059
vn -0.3895 0.6128 -0.6876
vn -0.3131 0.9155 -0.2527
vn 0.3875 0.8472 -0.3634
vn 0.3282 0.8679 -0.3729
vn -0.0434 0.9971 0.0624
vn -0.6495 0.4979 -0.5748
vn -0.1105 0.9910 -0.0755
vn -0.0136 0.9994 0.0308
vn -0.0032 0.9998 -0.0199
vn 0.0013 0.9999 0.0152
vn -0.1220 0.9830 -0.1369
vn -0.6055 0.7409 0.2905
vn 0.9949 0.0892 0.0468
vn 0.7893 0.0079 0.6139
vn 0.7326 -0.1324 -0.6677
vn 0.5548 -0.1898 -0.8101
vn 0.2534 0.1817 -0.9501
vn 0.4990 0.0404 -0.8657
vn -0.2345 0.0220 -0.9719
vn -0.5628 0.0527 -0.8249
vn -0.7298 0.0265 -0.6831
vn 0.8804 -0.4137 0.2318
vn 0.2769 0.8925 0.3561
vn 0.5332 0.8129 0.2342
vn -0.8518 0.4177 -0.3161
vn -0.6009 0.4241 0.6776
vn -0.5352 0.5260 0.6609
vn -0.3976 0.2694 0.8771
vn -0.0055 0.4922 0.8704
vn 0.0071 0.9566 0.2913
vn -0.7172 -0.2694 -0.6426
vn -0.5006 0.1245 -0.8567
vn -0.9845 -0.1369 -0.1092
vn -0.6738 0.1349 -0.7265
vn -0.3730 0.3003 0.8779
vn 0.3546 0.1289 0.9261
vn -0.7230 0.1098 0.6821
vn 0.3731 0.6192 0.6909
vn -0.0000 1.0000 -0.0000
vn -0.6386 0.0570 0.7674
vn 0.7268 0.0549 0.6846
vn -0.9044 0.0830 -0.4186
vn 0.4555 0.2456 -0.8557
vn 0.3562 0.6244 0.6951
vn 0.7287 0.0505 -0.6830
vn -0.6314 0.6663 0.3967
vn -0.5529 0.6058 -0.5721
vn 0.5567 -0.8150 0.1606
vn 0.4788 -0.8779 0.0070
vn -0.7879 -0.6157 0.0129
vn -0.9932 -0.1156 -0.0107
vn -0.7824 -0.3169 -0.5362
vn -0.9676 -0.2523 -0.0118
vn -0.8692 -0.4633 -0.1725
vn -0.6217 -0.7028 -0.3456
vn -0.9986 -0.0530 -0.0013
vn 0.0036 -0.0811 -0.9967
vn -0.7820 -0.5801 0.2278
vn -0.1254 -0.5756 0.8080
vn 0.1826 -0.6061 0.7741
vn 0.5969 -0.2857 0.7497
vn 0.9968 -0.0801 -0.0051
vn 0.3617 -0.7126 0.6012
vn -0.0022 -0.0553 0.9985
vn 0.1899 -0.5072 0.8406
vn 0.0572 -0.3073 0.9499
vn 0.0359 -0.1497 0.9881
vn 0.0152 -0.6134 0.7896
vn 0.8451 -0.0431 0.5328
vn 0.9699 -0.0805 0.2298
vn 0.2326 -0.9233 0.3058
vn 0.4089 -0.8820 -0.2343
vn -0.2657 -0.9332 -0.2421
vn -0.3591 -0.8586 0.3660
vn -0.3008 -0.5474 0.7809
vn 0.6039 -0.6052 -0.5186
vn 0.7323 -0.5732 0.3675
vn -0.7264 -0.5850 -0.3608
vn 0.1836 -0.9222 -0.3404
vn 0.3014 -0.8928 0.3348
vn -0.3143 -0.8710 0.3775
vn -0.4939 -0.8298 -0.2597
vn -0.2943 0.0236 0.9554
vn -0.0037 -0.6090 -0.7932
vn 0.8020 -0.4636 -0.3766
vn 0.4879 -0.4578 0.7432
vn -0.5673 -0.5888 0.5757
vn -0.7988 -0.6006 0.0348
vn -0.1363 -0.5950 0.7921
vn -0.1309 -0.9795 0.1533
vn 0.2769 -0.6181 0.7358
vn -0.1917 -0.9588 0.2097
vn -0.1478 -0.9775 0.1505
vn -0.1556 -0.9735 0.1677
vn 0.2870 -0.6229 0.7278
vn -0.1614 -0.9756 0.1487
vn -0.7412 -0.5568 -0.3749
vn -0.2124 -0.9525 0.2183
vn -0.2122 -0.9595 0.1853
vn -0.3294 -0.7949 0.5095
vn 0.1814 -0.5571 0.8104
vn -0.8154 -0.5504 -0.1794
vn -0.0993 -0.3786 0.9202
vn -0.9148 -0.3910 0.1012
vn -0.4350 -0.2502 0.8650
vn -0.8632 -0.2400 0.4441
vn -0.9814 -0.1717 0.0859
vn 0.0718 -0.8370 -0.5424
vn -0.3418 -0.9358 0.0859
vn 0.7987 0.4297 -0.4212
vn -0.9036 -0.0492 -0.4256
vn -0.9912 -0.0354 0.1276
vn -0.9834 -0.0341 0.1780
vn -0.7275 -0.0713 -0.6824
vn -0.8116 -0.0900 -0.5772
vn -0.9693 0.0151 0.2455
vn -0.9931 0.0106 -0.1171
vn 0.5358 -0.0436 0.8432
vn 0.6620 -0.0413 0.7484
vn -0.1325 0.0241 0.9909
vn 0.2620 -0.0529 0.9636
vn -0.1835 -0.0303 0.9825
vn 0.9880 -0.0197 0.1535
vn 0.9827 -0.0296 -0.1827
vn 0.1708 0.0638 -0.9832
vn 0.3090 0.0144 0.9509
vn -0.8446 -0.0442 0.5335
vn -0.8332 -0.0688 -0.5487
vn -0.9923 -0.0716 -0.1015
vn -0.6456 0.1789 -0.7424
vn 0.8297 0.1236 -0.5443
vn -0.6095 -0.0177 0.7926
vn 0.2199 -0.2192 -0.9506
vn -0.3178 0.2381 0.9178
vn 0.6337 0.0423 0.7724
vn -0.9960 -0.0606 0.0662
vn 0.8388 -0.1486 -0.5238
vn 0.9000 0.1972 0.3887
vn -0.4512 -0.2257 -0.8634
vn 0.1341 0.1470 -0.9800
vn 0.9940 0.0870 -0.0661
vn 0.5127 -0.0279 0.8581
vn 0.2726 -0.1389 0.9521
vn -0.8631 -0.0288 -0.5042
vn -0.6937 -0.0417 0.7191
vn 0.1405 0.0162 -0.9899
vn 0.9907 -0.0134 0.1350
vn 0.9063 -0.0143 -0.4224
vn 0.4227 -0.1239 0.8978
vn -0.9318 0.1635 -0.3240
vn -0.7319 -0.0544 0.6792
vn 0.0909 -0.3040 -0.9483
vn -0.7518 0.0634 0.6563
vn -0.3802 0.1997 -0.9031
vn 0.7278 0.3740 -0.5748
vn 0.6710 0.0774 0.7374
vn 0.9585 0.2480 0.1405
vn -0.8976 0.2424 -0.3681
vn -0.5533 0.0581 0.8310
vn 0.5565 0.0012 0.8309
vn 0.6202 -0.1818 -0.7631
vn -0.1912 -0.1559 -0.9691
vn -0.3392 -0.0923 0.9362
vn 0.9601 -0.2764 -0.0434
vn -0.7878 0.0036 -0.6159
vn -0.9908 -0.0310 0.1314
vn 0.7381 -0.0915 -0.6684
vn 0.8150 -0.1335 0.5639
vn -0.0399 0.0107 0.9991
vn -0.9267 0.2141 0.3088
vn 0.3721 -0.1199 0.9204
vn -0.7883 -0.0294 0.6146
vn -0.9025 -0.0666 -0.4255
vn 0.5167 0.0511 -0.8546
vn 0.2070 0.1001 -0.9732
vn 0.9865 0.1530 0.0577
vn 0.2627 0.0460 0.9638
vn -0.6402 0.2651 -0.7211
vn -0.9975 -0.0706 0.0031
vn 0.8282 0.3437 0.4427
vn 0.9066 -0.4220 0.0027
vn 0.3707 0.0285 -0.9283
vn -0.2944 -0.0450 0.9546
vn 0.9195 -0.0643 -0.3877
vn -0.9856 0.1603 0.0541
vn -0.4265 -0.0618 -0.9024
vn 0.2088 -0.2497 0.9455
vn 0.9858 -0.1675 -0.0137
vn -0.9880 0.1299 0.0839
vn 0.2273 0.0851 -0.9701
vn 0.9659 0.1636 0.2005
vn 0.2121 0.2644 0.9408
vn -0.5767 0.0119 -0.8168
vn 0.7088 0.0068 -0.7054
vn -0.6478 0.0357 0.7610
vn 0.9559 -0.2534 0.1486
vn -0.0248 -0.0307 -0.9992
vn 0.8494 0.1163 0.5148
vn 0.4256 -0.0063 -0.9049
vn -0.4126 -0.0163 0.9108
vn -0.0587 -0.1944 0.9792
vn -0.9824 -0.0246 -0.1854
vn 0.3045 0.0946 -0.9478
vn 0.9948 -0.0833 0.0592
vn -0.7926 -0.0388 -0.6085
vn 0.6905 -0.0958 -0.7170
vn 0.7674 0.3010 0.5662
vn 0.2766 -0.0658 0.9587
vn -0.8516 0.0041 0.5242
vn -0.9453 -0.0283 -0.3249
vn -0.8923 -0.1850 0.4119
vn 0.8972 0.0785 0.4347
vn 0.6791 -0.1168 -0.7247
vn -0.5540 -0.0334 -0.8318
vn 0.9369 0.0028 0.3496
vn -0.0410 0.2146 0.9758
vn -0.2853 -0.0849 0.9547
vn -0.9853 0.1657 -0.0409
vn 0.1392 0.0876 -0.9864
vn -0.2610 0.2275 0.9382
vn -0.8420 -0.1506 0.5180
vn -0.8595 -0.0389 -0.5097
vn 0.6235 -0.0412 0.7808
vn 0.4111 -0.0008 0.9116
vn 0.9087 0.0911 -0.4073
vn 0.9872 -0.1442 -0.0678
vn -0.0062 -0.0836 -0.9965
vn -0.2984 -0.1759 -0.9381
vn -0.9801 0.1318 0.1484
vn 0.7820 0.0395 -0.6220
vn -0.9658 0.0259 -0.2581
vn -0.4873 -0.0109 0.8732
vn 0.7576 0.0168 0.6525
vn -0.1776 0.2817 -0.9429
vn 0.7121 0.0050 -0.7020
vn 0.9940 -0.0452 0.0992
vn -0.9373 -0.1543 0.3126
vn -0.9550 0.2590 0.1447
vn -0.2543 0.0069 -0.9671
vn 0.2220 0.0362 0.9744
vn 0.8263 0.1914 -0.5297
vn 0.4640 -0.2643 -0.8455
vn -0.9786 -0.0366 -0.2025
vn -0.2423 -0.2510 0.9372
vn 0.9386 0.1175 0.3244
vn 0.8335 -0.0656 0.5486
vn -0.1635 -0.1351 -0.9773
vn -0.8778 0.0240 0.4785
vn -0.9015 0.1568 -0.4034
vn 0.7380 0.3308 -0.5881
vn 0.9896 -0.0030 0.1441
vn -0.2754 0.1972 0.9409
vn 0.1792 0.2536 -0.9506
vn -0.8573 -0.4561 -0.2390
vn 0.9101 -0.3809 -0.1632
vn 0.9786 -0.1995 0.0503
vn 0.6596 -0.3589 -0.6605
vn 0.9978 -0.0616 0.0228
vn 0.6944 -0.1507 -0.7036
vn 0.9399 0.2513 0.2312
vn 0.6298 0.5513 0.5472
vn 0.2745 0.4047 0.8723
vn 0.8816 -0.4709 0.0313
vn 0.6246 -0.7275 0.2841
vn 0.2875 -0.7411 0.6067
vn -0.0400 -0.3642 0.9305
vn 0.1689 -0.2511 0.9531
vn 0.5844 -0.6345 0.5059
vn 0.3256 -0.4621 0.8249
vn 0.1520 -0.0193 0.9882
vn 0.7912 -0.5462 0.2752
vn 0.9583 -0.2399 0.1551
vn 0.3956 0.4219 0.8158
vn 0.7398 0.5287 0.4162
vn 0.9661 0.1979 0.1659
vn -0.1413 -0.3776 -0.9151
s 1
usemtl color_727980
f 770//1 4//2 3//3
f 769//4 754//5 770//1
f 770//1 754//5 4//2
f 5//6 754//5 769//4
f 4//2 752//7 3//3
f 5//6 6//8 754//5
f 754//5 6//8 7//9
f 752//7 745//10 3//3
f 763//11 745//10 752//7
f 751//12 745//10 763//11
f 6//8 756//13 7//9
f 745//10 527//14 3//3
f 751//12 2//15 745//10
f 755//16 2//15 751//12
f 745//10 38//17 527//14
f 755//16 1//18 2//15
f 527//14 38//17 9//19
f 756//13 1//18 755//16
f 743//20 768//21 740//22
f 756//13 768//21 1//18
f 1//18 768//21 743//20
f 740//22 768//21 8//23
f 768//21 767//24 8//23
f 6//8 768//21 756//13
f 12//25 11//26 10//27
f 11//26 18//28 10//27
f 12//25 13//29 11//26
f 13//29 21//26 11//26
f 9//19 38//17 12//25
f 12//25 38//17 13//29
f 38//17 20//30 13//29
f 10//27 18//28 17//31
f 21//26 16//26 11//26
f 20//30 19//32 21//26
f 21//26 19//32 16//26
f 38//17 19//32 20//30
f 14//33 39//34 15//35
f 38//17 22//36 19//32
f 39//34 22//36 38//17
f 16//26 25//37 23//38
f 39//34 24//39 22//36
f 16//26 23//38 18//28
f 19//32 25//37 16//26
f 26//40 25//37 19//32
f 14//33 24//39 39//34
f 26//40 739//41 25//37
f 739//41 27//42 23//38
f 23//38 27//42 18//28
f 28//43 30//26 29//44
f 24//39 30//26 28//43
f 28//43 29//44 22//36
f 14//33 30//26 24//39
f 31//45 30//26 14//33
f 31//45 32//26 30//26
f 29//46 34//47 33//48
f 33//48 764//49 29//46
f 29//46 764//49 26//40
f 764//49 33//48 35//50
f 29//46 36//51 34//47
f 32//26 31//45 36//51
f 36//51 37//52 34//47
f 36//51 31//45 37//52
f 37//52 35//53 34//47
f 27//42 17//31 18//28
f 764//49 739//41 26//40
f 462//54 41//55 18//56
f 24//39 42//57 22//36
f 42//57 43//58 22//36
f 469//59 44//60 25//37
f 25//37 44//60 23//61
f 44//60 45//62 23//61
f 23//61 45//62 739//41
f 477//63 46//64 13//65
f 13//65 46//64 21//66
f 46//64 47//67 21//66
f 476//68 48//69 34//70
f 34//70 48//69 33//48
f 33//48 48//69 35//50
f 48//69 474//71 35//50
f 22//36 49//72 19//73
f 49//72 50//74 19//73
f 19//73 50//74 26//75
f 50//74 51//76 26//75
f 607//77 77//78 757//79
f 607//77 757//79 35//53
f 37//52 607//77 35//53
f 52//80 53//81 266//82
f 52//80 767//24 53//81
f 53//81 275//83 266//82
f 275//83 262//84 266//82
f 77//78 55//85 757//79
f 757//79 55//85 54//86
f 77//78 272//87 55//85
f 281//88 262//84 379//89
f 281//88 56//90 262//84
f 77//78 79//91 272//87
f 56//90 285//92 262//84
f 277//93 79//91 278//94
f 285//92 377//95 262//84
f 371//96 262//84 377//95
f 79//91 82//97 376//98
f 82//97 374//99 376//98
f 371//96 289//100 262//84
f 369//101 262//84 289//100
f 369//101 368//102 262//84
f 374//99 82//97 373//103
f 82//97 372//104 373//103
f 361//105 262//84 368//102
f 361//105 359//106 262//84
f 372//104 82//97 57//107
f 57//107 82//97 364//108
f 359//106 354//109 262//84
f 354//109 352//110 262//84
f 364//108 82//97 58//111
f 58//111 82//97 356//112
f 82//97 345//113 356//112
f 352//110 104//114 262//84
f 352//110 342//115 104//114
f 342//115 340//116 104//114
f 82//97 59//117 345//113
f 59//117 348//118 345//113
f 340//116 334//119 104//114
f 348//118 84//120 60//121
f 59//117 84//120 348//118
f 60//121 84//120 85//122
f 61//123 256//124 334//119
f 334//119 256//124 104//114
f 60//121 85//122 337//125
f 85//122 62//126 337//125
f 62//126 63//127 64//128
f 64//128 63//127 61//123
f 85//122 63//127 62//126
f 61//123 63//127 256//124
f 275//83 379//89 262//84
f 277//93 272//87 79//91
f 66//129 65//130 340//131
f 66//129 340//131 342//132
f 321//133 61//134 334//135
f 335//136 321//133 334//135
f 353//137 351//138 352//110
f 353//137 352//110 354//109
f 437//139 308//140 359//141
f 437//139 359//141 361//142
f 367//143 368//102 369//101
f 370//144 367//143 369//101
f 68//145 289//100 371//96
f 67//146 68//145 371//96
f 69//147 377//95 285//92
f 306//148 69//147 285//92
f 397//149 56//90 281//88
f 330//150 397//149 281//88
f 396//151 379//89 275//83
f 392//152 396//151 275//83
f 53//81 767//24 381//153
f 767//24 70//154 381//153
f 767//24 54//86 70//154
f 54//86 332//155 70//154
f 55//85 332//155 54//86
f 71//156 378//157 278//94
f 71//156 278//94 79//91
f 408//158 375//159 376//98
f 408//158 376//98 374//99
f 416//160 304//161 373//103
f 416//160 373//103 372//104
f 366//162 57//107 364//108
f 365//163 366//162 364//108
f 72//164 272//87 277//93
f 329//165 72//164 277//166
f 73//167 58//111 356//168
f 435//169 73//167 356//168
f 311//170 345//113 348//118
f 349//171 311//170 348//118
f 456//172 319//173 62//174
f 456//172 62//174 64//175
f 52//80 266//82 608//176
f 27//42 52//80 608//176
f 27//42 608//176 17//31
f 74//177 63//127 641//178
f 640//179 63//127 74//177
f 63//127 639//180 641//178
f 63//127 85//122 639//180
f 104//114 256//124 75//181
f 105//182 256//124 638//183
f 75//181 256//124 105//182
f 78//184 607//77 37//52
f 78//184 77//78 607//77
f 79//91 77//78 78//184
f 80//185 79//91 78//184
f 82//97 79//91 80//185
f 82//97 80//185 81//186
f 59//187 82//97 81//186
f 76//188 81//189 83//190
f 84//120 81//189 76//188
f 84//120 59//117 81//189
f 95//191 640//179 74//177
f 640//179 95//191 86//192
f 86//192 642//193 640//179
f 86//192 95//191 96//194
f 86//192 96//194 98//195
f 84//120 639//180 85//122
f 84//120 76//188 87//196
f 88//197 641//178 639//180
f 88//197 74//177 641//178
f 88//197 87//196 95//191
f 88//197 95//191 74//177
f 84//120 88//197 639//180
f 87//196 88//197 84//120
f 76//188 260//198 87//196
f 87//196 260//198 89//199
f 260//198 90//200 89//199
f 91//201 90//201 260//201
f 92//202 91//203 260//204
f 93//205 92//202 260//204
f 94//206 92//207 93//208
f 402//209 94//206 93//208
f 259//210 300//211 93//212
f 87//196 738//213 95//191
f 89//199 738//213 87//196
f 95//191 738//213 96//194
f 738//213 721//214 96//194
f 96//194 721//214 97//215
f 97//215 721//214 98//195
f 721//214 648//216 98//195
f 725//217 99//218 100//219
f 725//217 724//220 99//218
f 725//217 100//219 636//221
f 680//222 636//221 257//223
f 680//222 725//217 636//221
f 100//219 99//218 101//224
f 636//221 103//225 102//226
f 105//182 103//225 75//181
f 103//225 106//227 75//181
f 100//219 103//225 636//221
f 638//183 103//225 105//182
f 100//219 106//227 103//225
f 107//228 100//219 101//224
f 107//229 106//227 100//219
f 107//229 104//114 106//227
f 108//230 189//231 99//218
f 724//220 108//230 99//218
f 108//230 724//220 190//232
f 724//220 109//233 190//232
f 110//234 111//235 189//231
f 189//231 111//235 99//218
f 191//236 111//235 110//234
f 109//233 111//235 190//232
f 190//232 111//235 191//236
f 109//233 112//237 111//235
f 113//238 112//237 109//233
f 113//238 114//239 112//237
f 111//235 89//199 99//218
f 115//240 89//199 111//235
f 116//241 216//242 115//240
f 115//240 216//242 89//199
f 113//238 117//243 114//239
f 115//240 121//244 116//241
f 118//245 117//243 113//238
f 216//242 218//246 89//199
f 114//239 156//247 112//237
f 218//246 122//248 89//199
f 118//245 119//249 117//243
f 117//243 119//249 156//247
f 156//247 119//249 112//237
f 120//250 123//251 121//244
f 121//244 123//251 122//248
f 115//240 120//250 121//244
f 123//251 89//199 122//248
f 124//252 120//250 115//240
f 129//253 125//254 124//252
f 124//252 126//255 120//250
f 128//256 126//255 125//254
f 125//254 126//255 124//252
f 129//253 119//249 127//257
f 112//237 119//249 124//252
f 124//252 119//249 129//253
f 127//257 119//249 128//256
f 119//249 126//255 128//256
f 131//258 129//253 127//257
f 149//259 150//260 249//261
f 249//261 150//260 154//262
f 150//260 155//263 154//262
f 114//239 117//243 160//264
f 246//265 185//266 186//267
f 185//266 183//268 186//267
f 183//268 187//269 186//267
f 186//267 187//269 188//270
f 240//271 243//272 244//273
f 240//271 244//273 242//274
f 245//275 215//276 212//277
f 214//278 245//275 213//279
f 214//278 215//276 245//275
f 187//269 184//280 188//270
f 188//281 184//280 246//265
f 184//280 185//266 246//265
f 155//263 247//282 154//262
f 154//283 247//282 248//284
f 247//282 149//259 248//284
f 248//284 149//259 249//261
f 119//285 733//286 710//287
f 563//288 99//288 250//288
f 251//289 99//290 563//291
f 253//292 254//292 251//292
f 253//293 251//294 252//295
f 255//296 254//297 253//298
f 630//299 643//300 256//124
f 630//299 63//127 626//301
f 626//301 63//127 627//302
f 256//124 63//127 630//299
f 637//303 631//304 102//226
f 102//226 631//304 257//223
f 642//193 86//192 258//305
f 86//192 633//306 258//305
f 258//305 627//302 642//193
f 63//127 642//193 627//302
f 637//303 256//124 643//300
f 643//300 631//304 637//303
f 37//52 259//307 78//184
f 259//307 93//308 78//184
f 78//184 93//309 80//185
f 80//185 93//310 81//186
f 93//311 260//312 81//313
f 81//313 260//312 83//314
f 261//315 107//228 101//224
f 262//316 107//316 261//316
f 262//84 104//114 107//229
f 263//317 262//84 261//315
f 264//318 262//84 263//317
f 265//319 262//84 264//318
f 608//176 265//319 17//31
f 266//82 265//319 608//176
f 266//82 262//84 265//319
f 70//320 603//321 534//322
f 267//323 268//324 70//320
f 70//320 268//324 603//321
f 267//323 602//325 268//324
f 269//326 70//320 523//327
f 523//327 70//320 536//328
f 604//329 274//330 269//326
f 269//326 274//330 70//320
f 271//331 60//121 337//125
f 271//331 270//332 60//121
f 272//87 273//333 55//85
f 273//334 274//330 55//335
f 274//330 267//323 70//320
f 53//81 276//336 275//83
f 267//323 276//337 53//338
f 274//330 276//337 267//323
f 273//334 276//337 274//330
f 277//93 278//94 273//339
f 278//340 279//341 273//342
f 280//343 281//344 276//337
f 281//88 282//345 276//346
f 282//345 281//88 379//89
f 79//91 376//98 283//347
f 376//98 292//348 283//347
f 291//349 284//350 56//351
f 284//352 285//92 56//90
f 373//103 293//353 374//99
f 374//354 293//355 292//356
f 284//350 286//357 377//95
f 286//357 371//96 377//95
f 372//104 57//107 287//358
f 57//107 288//359 287//358
f 290//360 369//101 294//361
f 294//361 369//101 289//100
f 273//334 280//343 276//337
f 279//341 280//362 273//342
f 279//341 292//363 280//362
f 280//364 292//365 291//349
f 283//347 292//348 279//366
f 291//349 292//365 284//350
f 284//350 292//365 286//357
f 292//365 290//360 286//357
f 293//355 290//367 292//356
f 286//357 290//360 294//361
f 287//358 290//367 293//355
f 287//358 288//359 290//367
f 501//368 579//369 294//370
f 506//371 286//357 581//372
f 328//373 587//374 291//375
f 586//376 280//377 295//378
f 290//379 497//380 566//381
f 276//382 596//383 519//384
f 291//375 587//374 280//377
f 280//377 587//374 295//378
f 284//385 505//386 582//387
f 498//388 288//389 574//390
f 507//391 576//392 293//393
f 576//392 287//358 293//393
f 584//394 292//395 513//396
f 590//397 588//398 279//399
f 588//398 283//400 279//399
f 600//401 273//402 601//403
f 294//370 579//369 286//357
f 286//357 579//369 581//372
f 398//404 330//150 296//405
f 397//149 330//150 398//404
f 253//293 398//404 296//405
f 400//406 327//407 399//408
f 378//157 71//156 400//406
f 400//406 71//156 327//407
f 589//409 592//410 399//408
f 589//409 399//408 327//407
f 395//411 391//412 297//413
f 394//414 391//412 395//411
f 394//414 396//151 391//412
f 392//152 391//412 396//151
f 595//415 395//411 297//413
f 516//416 595//415 297//413
f 255//417 516//416 297//413
f 390//418 255//419 297//413
f 72//164 388//420 386//421
f 72//164 329//165 388//420
f 384//422 386//421 299//423
f 386//421 388//420 299//423
f 300//211 383//424 384//422
f 301//425 384//422 299//423
f 301//425 300//211 384//422
f 93//212 301//425 299//423
f 302//426 326//427 325//428
f 68//145 326//427 302//426
f 68//145 67//146 326//427
f 251//289 302//426 325//428
f 580//429 251//289 325//428
f 303//430 416//160 324//431
f 303//430 304//161 416//160
f 509//432 575//433 303//430
f 509//432 303//430 324//431
f 413//434 411//435 412//436
f 412//436 411//435 305//437
f 69//147 411//435 413//434
f 306//148 411//435 69//147
f 504//438 412//436 305//437
f 252//295 504//438 305//437
f 404//439 307//440 403//441
f 404//439 408//158 307//440
f 404//439 375//159 408//158
f 307//440 405//442 403//441
f 583//443 403//441 405//442
f 583//443 402//444 403//441
f 308//140 437//139 438//445
f 438//445 437//139 436//446
f 494//447 563//448 438//445
f 494//447 438//445 436//446
f 433//449 435//169 434//450
f 73//167 435//169 433//449
f 565//451 433//449 434//450
f 358//452 565//451 434//450
f 423//453 309//454 422//455
f 309//454 419//456 422//455
f 423//453 370//144 309//454
f 367//143 370//144 423//453
f 570//457 422//455 419//456
f 570//457 568//458 422//455
f 425//459 431//460 429//461
f 426//462 431//460 425//459
f 366//162 432//463 426//462
f 365//163 432//463 366//162
f 426//462 432//463 431//460
f 92//464 425//459 429//461
f 92//464 572//465 425//459
f 65//130 343//466 310//467
f 65//130 66//129 343//466
f 554//468 250//469 310//467
f 554//468 310//467 343//466
f 270//332 271//331 452//470
f 452//470 271//331 453//471
f 90//472 452//470 453//471
f 491//473 90//472 453//471
f 351//138 442//474 447//475
f 351//138 353//137 442//474
f 446//476 442//474 441//477
f 447//475 442//474 446//476
f 560//478 443//479 446//476
f 560//478 446//476 441//477
f 450//480 313//481 449//482
f 449//482 313//481 312//483
f 311//170 349//171 313//481
f 311//170 313//481 450//480
f 91//484 449//482 312//483
f 314//485 91//484 312//483
f 322//486 321//133 323//487
f 321//133 336//488 61//134
f 322//486 546//489 321//133
f 336//488 315//490 61//134
f 546//489 545//491 321//133
f 321//133 545//491 336//488
f 315//490 64//175 61//134
f 315//490 456//172 64//175
f 315//490 543//492 456//172
f 456//172 317//493 316//494
f 543//492 317//493 456//172
f 101//224 251//495 261//315
f 99//218 251//495 101//224
f 261//315 251//495 263//317
f 263//317 251//495 264//318
f 251//495 254//496 264//318
f 264//318 254//496 265//319
f 265//319 254//496 17//31
f 455//497 320//498 318//499
f 455//497 456//172 320//498
f 455//497 319//173 456//172
f 541//500 318//499 320//498
f 317//493 541//500 320//498
f 322//486 323//487 458//501
f 323//487 459//502 458//501
f 321//133 459//502 323//487
f 335//136 459//502 321//133
f 546//489 322//486 458//501
f 547//503 546//489 458//501
f 509//432 324//431 416//160
f 577//504 416//160 287//358
f 577//504 509//432 416//160
f 416//160 372//104 287//358
f 574//390 288//389 366//162
f 427//505 366//162 428//506
f 573//507 366//162 427//505
f 573//507 574//390 366//162
f 57//107 366//162 288//389
f 68//145 294//370 289//100
f 501//368 294//370 68//145
f 251//289 68//145 302//426
f 251//289 501//368 68//145
f 290//379 420//508 369//101
f 418//509 417//510 420//508
f 566//381 418//509 420//508
f 566//381 420//508 290//379
f 304//161 293//393 373//103
f 578//511 293//393 304//161
f 575//433 304//161 303//430
f 575//433 578//511 304//161
f 408//158 406//512 407//513
f 510//514 406//512 408//158
f 584//394 510//514 408//158
f 584//394 408//158 292//395
f 408//158 374//99 292//395
f 67//146 325//428 326//427
f 67//146 371//96 286//357
f 580//429 325//428 67//146
f 506//371 580//429 67//146
f 506//371 67//146 286//357
f 505//386 284//385 414//515
f 503//516 505//386 414//515
f 503//516 414//515 415//517
f 377//95 414//515 284//385
f 589//409 327//407 71//156
f 283//400 71//156 79//91
f 515//518 589//409 71//156
f 515//518 71//156 283//400
f 375//159 292//395 376//98
f 513//396 292//395 375//159
f 517//519 375//159 401//520
f 517//519 513//396 375//159
f 397//149 291//375 56//90
f 328//373 291//375 397//149
f 253//293 397//149 398//404
f 253//293 328//373 397//149
f 306//148 409//521 411//435
f 508//522 409//521 306//148
f 582//387 508//522 306//148
f 582//387 306//148 284//385
f 306//148 285//92 284//385
f 591//523 279//399 278//94
f 591//523 278//94 378//157
f 399//408 378//157 400//406
f 592//410 378//157 399//408
f 592//410 591//523 378//157
f 598//524 387//525 329//165
f 600//401 598//524 329//165
f 600//401 329//165 273//402
f 329//165 277//166 273//402
f 585//526 296//405 330//150
f 586//376 281//88 280//377
f 586//376 585//526 330//150
f 586//376 330//150 281//88
f 596//383 276//382 396//151
f 393//527 396//151 394//414
f 511//528 396//151 393//527
f 511//528 596//383 396//151
f 282//345 396//151 276//382
f 470//529 331//530 332//155
f 470//529 382//531 331//530
f 606//532 470//529 332//155
f 606//532 332//155 55//85
f 606//532 55//85 274//330
f 605//533 606//532 274//330
f 298//534 273//402 272//87
f 298//534 601//403 273//402
f 599//535 601//403 298//534
f 599//535 298//534 72//164
f 599//535 72//164 385//536
f 597//537 599//535 385//536
f 333//538 518//539 267//323
f 333//538 267//323 53//81
f 333//538 53//81 381//153
f 460//540 333//538 381//153
f 460//540 381//153 380//541
f 392//152 275//83 276//382
f 594//542 593//543 389//544
f 594//542 389//544 392//152
f 519//384 392//152 276//382
f 519//384 594//542 392//152
f 544//545 315//490 319//173
f 454//546 319//173 455//497
f 542//547 319//173 454//546
f 542//547 544//545 319//173
f 62//174 319//173 315//490
f 548//548 457//549 335//136
f 484//550 548//548 335//136
f 484//550 335//136 336//488
f 335//136 334//135 336//488
f 491//473 453//471 271//331
f 521//551 337//125 338//552
f 521//551 491//473 271//331
f 521//551 271//331 337//125
f 555//553 339//554 60//121
f 555//553 60//121 270//332
f 90//472 270//332 452//470
f 90//472 555//553 270//332
f 522//555 341//556 340//131
f 522//555 340//131 65//130
f 549//557 65//130 310//467
f 549//557 522//555 65//130
f 554//468 343//466 66//129
f 487//558 342//132 344//559
f 487//558 554//468 66//129
f 487//558 66//129 342//132
f 557//560 346//561 311//170
f 448//562 311//170 450//480
f 556//563 557//560 311//170
f 556//563 311//170 448//562
f 345//113 311//170 346//561
f 349//171 348//118 347//564
f 350//565 451//566 347//564
f 346//561 347//564 348//118
f 490//567 350//565 347//564
f 490//567 347//564 346//561
f 351//138 355//568 352//110
f 559//569 355//568 351//138
f 444//570 351//138 447//475
f 445//571 351//138 444//570
f 445//571 559//569 351//138
f 489//572 439//573 353//137
f 558//574 489//572 353//137
f 558//574 353//137 355//568
f 353//137 354//109 355//568
f 435//169 356//168 357//575
f 358//452 434//450 435//169
f 495//576 358//452 435//169
f 495//576 435//169 357//575
f 308//140 360//577 359//141
f 492//578 360//577 308//140
f 563//448 492//578 308//140
f 563//448 308//140 438//445
f 362//579 437//139 361//142
f 494//447 436//446 437//139
f 496//580 494//447 437//139
f 496//580 437//139 362//579
f 73//167 363//581 58//111
f 500//582 363//581 73//167
f 565//451 73//167 433//449
f 565//451 500//582 73//167
f 365//163 430//583 432//463
f 288//389 365//163 364//108
f 502//584 430//583 365//163
f 498//388 502//584 365//163
f 498//388 365//163 288//389
f 497//380 290//379 367//143
f 421//585 367//143 424//586
f 567//587 367//143 421//585
f 567//587 497//380 367//143
f 368//102 367//143 290//379
f 369//101 420//508 370//144
f 377//95 69//147 414//515
f 282//345 379//89 396//151
f 72//164 298//534 272//87
f 463//588 460//540 380//541
f 463//588 380//541 532//589
f 380//541 533//590 532//589
f 381//153 533//590 380//541
f 470//529 537//591 382//531
f 470//529 473//592 537//591
f 539//593 382//531 537//591
f 539//593 331//530 382//531
f 597//537 384//422 383//424
f 385//536 384//422 597//537
f 386//421 384//422 385//536
f 72//164 386//421 385//536
f 387//525 598//524 299//423
f 598//524 93//212 299//423
f 299//423 388//420 387//525
f 387//525 388//420 329//165
f 389//544 593//543 390//418
f 389//544 390//418 297//413
f 391//412 389//544 297//413
f 389//544 391//412 392//152
f 595//415 393//527 395//411
f 511//528 393//527 595//415
f 393//527 394//414 395//411
f 296//405 585//526 253//293
f 402//444 517//519 401//520
f 402//444 401//520 403//441
f 403//441 401//520 404//439
f 375//159 404//439 401//520
f 406//512 510//514 583//443
f 406//512 583//443 405//442
f 307//440 407//513 405//442
f 407//513 307//440 408//158
f 407//513 406//512 405//442
f 410//594 252//295 305//437
f 409//521 508//522 410//594
f 410//594 305//437 409//521
f 305//437 411//435 409//521
f 503//516 415//517 412//436
f 412//436 504//438 503//516
f 413//434 414//515 69//147
f 415//517 413//434 412//436
f 415//517 414//515 413//434
f 419//456 418//509 570//457
f 418//509 419//456 417//510
f 419//456 309//454 417//510
f 309//454 420//508 417//510
f 309//454 370//144 420//508
f 568//458 569//595 422//455
f 421//585 569//595 567//587
f 569//595 421//585 422//455
f 421//585 423//453 422//455
f 421//585 424//586 423//453
f 424//586 367//143 423//453
f 427//505 425//459 573//507
f 425//459 572//465 573//507
f 428//506 426//462 427//505
f 428//506 366//162 426//462
f 425//459 427//505 426//462
f 429//461 502//584 571//596
f 430//583 502//584 429//461
f 429//461 571//596 92//464
f 431//460 430//583 429//461
f 430//583 431//460 432//463
f 439//573 440//597 441//477
f 440//597 439//573 489//572
f 441//477 440//597 560//478
f 439//573 442//474 353//137
f 442//474 439//573 441//477
f 444//570 446//476 445//571
f 443//479 445//571 446//476
f 446//476 444//570 447//475
f 448//562 91//484 556//563
f 448//562 449//482 91//484
f 449//482 448//562 450//480
f 493//598 314//485 312//483
f 493//598 312//483 451//566
f 451//566 350//565 493//598
f 349//171 347//564 313//481
f 313//481 347//564 451//566
f 312//483 313//481 451//566
f 310//467 250//469 549//557
f 454//546 541//500 542//547
f 318//499 541//500 454//546
f 318//499 454//546 455//497
f 316//494 317//493 320//498
f 320//498 456//172 316//494
f 457//549 548//548 547//503
f 457//549 459//502 335//136
f 458//501 457//549 547//503
f 458//501 459//502 457//549
f 602//325 267//323 518//539
f 604//329 605//533 274//330
f 591//523 590//397 279//399
f 515//518 283//400 514//599
f 514//599 283//400 588//398
f 578//511 507//391 293//393
f 577//504 287//358 576//392
f 500//582 499//600 363//581
f 564//601 357//575 499//600
f 499//600 357//575 363//581
f 495//576 357//575 564//601
f 496//580 362//579 561//602
f 362//579 360//577 561//602
f 360//577 562//603 561//602
f 492//578 562//603 360//577
f 490//567 346//561 557//560
f 355//568 559//569 558//574
f 522//555 550//604 341//556
f 344//559 341//556 552//605
f 341//556 550//604 552//605
f 487//558 344//559 552//605
f 555//553 486//606 339//554
f 485//607 338//552 486//606
f 486//606 338//552 339//554
f 521//551 338//552 485//607
f 543//492 315//490 544//545
f 336//488 545//491 484//550
f 336//488 340//608 341//609
f 334//119 340//116 336//610
f 338//611 337//612 315//490
f 337//125 62//126 315//613
f 342//614 355//615 344//616
f 352//110 355//617 342//115
f 346//618 348//118 339//619
f 339//619 348//118 60//121
f 359//106 360//620 354//109
f 354//621 360//622 355//623
f 346//618 357//624 345//113
f 357//624 356//112 345//113
f 368//102 290//367 362//625
f 288//626 364//108 363//581
f 363//581 364//108 58//111
f 341//609 315//490 336//488
f 338//611 315//490 341//609
f 344//616 339//619 341//627
f 341//609 339//628 338//611
f 355//615 339//619 344//616
f 339//619 355//615 346//618
f 346//618 355//615 357//624
f 360//622 288//359 355//623
f 357//624 288//626 363//581
f 362//625 288//359 360//622
f 355//615 288//626 357//624
f 362//625 361//105 368//102
f 362//625 290//367 288//359
f 613//629 466//630 461//631
f 603//321 613//629 461//631
f 463//588 41//55 462//54
f 603//321 464//632 613//629
f 461//631 466//630 529//633
f 462//54 465//634 463//588
f 529//633 41//55 463//588
f 466//630 41//55 529//633
f 603//321 523//327 464//632
f 466//630 44//635 41//55
f 466//630 45//636 44//635
f 468//637 464//632 523//327
f 468//637 610//638 464//632
f 45//636 51//639 469//640
f 466//630 51//639 45//636
f 44//635 50//74 41//55
f 469//640 50//74 44//635
f 609//641 465//634 467//642
f 51//639 50//74 469//640
f 609//641 471//643 465//634
f 50//74 47//644 609//641
f 610//638 48//645 51//639
f 610//638 474//646 48//645
f 468//637 535//647 610//638
f 47//644 46//648 609//641
f 49//72 47//644 50//74
f 51//639 48//645 472//649
f 46//648 471//643 609//641
f 476//650 472//649 48//645
f 474//646 475//651 476//650
f 475//651 615//652 476//650
f 478//653 619//654 477//655
f 47//644 478//653 477//655
f 476//650 615//652 472//649
f 49//72 478//653 47//644
f 477//655 619//654 46//648
f 46//648 619//654 471//643
f 610//638 475//651 474//646
f 535//647 475//651 610//638
f 473//592 475//651 535//647
f 473//592 40//656 475//651
f 43//657 42//658 472//649
f 619//654 618//659 471//643
f 472//649 42//658 49//72
f 615//652 43//657 472//649
f 49//72 42//658 478//653
f 618//659 623//660 471//643
f 615//652 480//661 43//657
f 43//657 480//661 479//662
f 479//662 622//663 42//658
f 42//658 622//663 478//653
f 480//661 622//663 479//662
f 616//664 525//665 480//661
f 622//663 525//665 623//666
f 480//661 525//665 622//663
f 614//667 464//632 482//668
f 483//669 254//297 463//588
f 483//669 463//588 465//634
f 526//670 471//671 623//666
f 548//548 250//469 547//503
f 547//503 250//469 99//218
f 99//218 545//491 546//489
f 548//548 549//557 250//469
f 545//491 543//492 484//550
f 484//550 550//604 522//555
f 543//492 544//545 484//550
f 551//672 443//479 554//468
f 551//672 445//571 443//479
f 554//468 443//479 250//469
f 544//545 485//607 484//550
f 484//550 485//607 550//604
f 544//545 521//551 485//607
f 443//479 563//448 250//469
f 99//218 89//199 545//491
f 545//491 89//199 543//492
f 89//199 317//493 543//492
f 485//607 552//605 550//604
f 485//607 486//606 552//605
f 440//597 563//448 560//478
f 552//605 559//569 487//558
f 89//199 90//200 317//493
f 489//572 563//448 440//597
f 555//553 490//567 486//606
f 552//605 490//567 559//569
f 486//606 490//567 552//605
f 541//500 491//473 542//547
f 488//673 491//473 541//500
f 90//472 491//473 488//673
f 558//574 562//603 492//578
f 559//569 557//560 558//574
f 490//567 557//560 559//569
f 90//472 493//598 350//565
f 569//595 568//458 494//447
f 494//447 568//458 563//448
f 494//447 567//587 569//595
f 90//472 314//485 493//598
f 557//560 564//601 558//574
f 558//574 564//601 562//603
f 557//560 495//576 564//601
f 90//472 91//484 314//485
f 564//601 499//600 562//603
f 562//603 499//600 561//602
f 561//602 497//380 496//580
f 570//457 251//289 563//291
f 418//509 251//289 570//457
f 91//484 358//452 556//563
f 561//602 498//388 497//380
f 499//600 498//388 561//602
f 500//582 498//388 499//600
f 497//380 574//390 566//381
f 498//388 574//390 497//380
f 566//381 579//369 501//368
f 580//429 503//516 504//438
f 580//429 504//438 251//289
f 565//451 571//596 502//584
f 358//452 92//464 565//451
f 91//484 92//464 358//452
f 565//451 92//464 571//596
f 566//381 576//392 579//369
f 574//390 576//392 566//381
f 504//438 252//295 251//289
f 574//390 577//504 576//392
f 576//392 507//391 579//369
f 579//369 507//391 581//372
f 410//594 253//293 252//295
f 581//372 507//391 506//371
f 508//522 253//293 410//594
f 572//465 509//432 573//507
f 506//371 584//394 505//386
f 507//391 584//394 506//371
f 578//511 584//394 507//391
f 94//674 509//432 572//465
f 585//526 595//415 253//293
f 582//387 587//374 328//373
f 585//526 511//528 595//415
f 584//394 513//396 505//386
f 505//386 513//396 582//387
f 585//526 512//675 511//528
f 94//676 583//443 510//514
f 509//432 94//674 575//433
f 595//415 255//417 253//293
f 582//387 588//398 587//374
f 513//396 588//398 582//387
f 513//396 514//599 588//398
f 513//396 515//518 514//599
f 94//676 402//444 583//443
f 588//398 590//397 587//374
f 587//374 590//397 295//378
f 295//378 596//383 586//376
f 590//397 600//401 295//378
f 295//378 600//401 596//383
f 591//523 600//401 590//397
f 402//444 589//409 517//519
f 600//401 519//384 596//383
f 594//542 518//539 333//538
f 519//384 602//325 518//539
f 600//401 601//403 519//384
f 592//410 598//524 520//677
f 402//444 93//212 589//409
f 592//410 93//212 598//524
f 589//409 93//212 592//410
f 519//384 604//329 602//325
f 601//403 604//329 519//384
f 601//403 605//533 604//329
f 602//325 269//326 268//324
f 604//329 269//326 602//325
f 93//212 300//211 301//425
f 605//533 599//535 606//532
f 601//403 599//535 605//533
f 520//677 600//401 591//523
f 595//415 516//416 255//417
f 596//383 512//675 586//376
f 594//542 519//384 518//539
f 488//673 317//678 90//472
f 544//545 542//547 521//551
f 548//548 484//550 522//555
f 546//489 547//503 99//218
f 522//555 549//557 548//548
f 551//672 487//558 445//571
f 491//473 521//551 542//547
f 555//553 90//472 350//565
f 350//565 490//567 555//553
f 557//560 556//563 495//576
f 559//569 445//571 487//558
f 489//572 558//574 492//578
f 443//479 560//478 563//448
f 494//447 496//580 567//587
f 492//578 563//448 489//572
f 358//452 495//576 556//563
f 500//582 565//451 502//584
f 497//380 567//587 496//580
f 418//509 566//381 501//368
f 568//458 570//457 563//448
f 502//584 498//388 500//582
f 572//465 92//464 94//674
f 574//390 573//507 577//504
f 509//432 577//504 573//507
f 578//511 94//676 510//514
f 501//368 251//289 418//509
f 580//429 506//371 503//516
f 505//386 503//516 506//371
f 508//522 582//387 328//373
f 510//514 584//394 578//511
f 513//396 517//519 515//518
f 585//526 586//376 512//675
f 328//373 253//293 508//522
f 589//409 515//518 517//519
f 591//523 592//410 520//677
f 599//535 597//537 606//532
f 383//424 470//529 597//537
f 597//537 470//529 606//532
f 300//211 470//529 383//424
f 269//326 603//321 268//324
f 269//326 523//327 603//321
f 594//542 333//538 593//543
f 593//543 460//540 390//418
f 390//418 460//540 255//419
f 333//538 460//540 593//543
f 331//530 539//593 536//328
f 332//155 536//328 70//320
f 332//155 331//530 536//328
f 530//679 533//590 381//153
f 70//320 534//322 530//679
f 70//320 530//679 381//153
f 525//680 31//45 14//33
f 525//680 524//681 31//45
f 526//682 525//680 14//33
f 526//682 14//33 15//35
f 526//682 15//35 9//683
f 471//684 9//19 12//25
f 471//685 526//682 9//683
f 465//686 471//684 12//25
f 465//686 12//25 10//687
f 483//688 465//686 10//687
f 483//688 10//687 17//31
f 254//496 483//688 17//31
f 15//35 528//689 9//683
f 9//19 528//689 527//14
f 259//307 37//52 524//681
f 37//52 31//45 524//681
f 254//297 255//296 460//540
f 460//540 463//588 254//297
f 524//690 40//656 473//592
f 525//665 526//670 623//666
f 524//691 525//665 616//664
f 524//690 616//692 40//656
f 524//690 473//592 259//210
f 473//592 470//529 259//210
f 300//211 259//210 470//529
f 463//588 532//589 529//633
f 532//589 531//693 529//633
f 461//631 529//633 531//693
f 461//631 531//693 530//679
f 603//321 461//631 530//679
f 603//321 530//679 534//322
f 532//589 533//590 531//693
f 533//590 530//679 531//693
f 473//592 535//647 537//591
f 537//591 535//647 538//694
f 468//637 523//327 536//328
f 468//637 536//328 540//695
f 468//637 540//695 538//694
f 535//647 468//637 538//694
f 538//694 540//695 539//593
f 539//593 537//591 538//694
f 536//328 539//593 540//695
f 488//673 541//500 317//678
f 553//696 487//697 551//672
f 553//696 554//468 487//697
f 551//672 554//468 553//696
f 575//433 94//674 578//511
f 512//675 596//383 511//528
f 520//677 598//524 600//401
f 26//75 51//76 29//44
f 51//76 472//698 29//44
f 29//44 472//698 22//36
f 472//698 49//72 22//36
f 35//50 474//71 34//70
f 474//71 476//68 34//70
f 21//66 47//67 20//699
f 47//67 477//63 20//699
f 20//699 477//63 13//65
f 739//41 45//62 25//37
f 45//62 469//59 25//37
f 22//36 43//58 28//43
f 43//58 479//700 28//43
f 28//43 479//700 24//39
f 479//700 42//57 24//39
f 18//56 50//74 16//701
f 41//55 50//74 18//56
f 11//702 467//703 18//56
f 467//703 462//54 18//56
f 609//641 467//703 11//702
f 16//701 609//641 11//702
f 50//74 609//641 16//701
f 464//632 610//638 482//668
f 610//638 611//704 482//668
f 610//638 51//639 611//704
f 613//629 464//632 614//667
f 612//705 466//630 614//667
f 466//630 613//629 614//667
f 611//704 466//630 612//705
f 51//639 466//630 611//704
f 614//667 611//706 612//705
f 614//667 482//668 611//706
f 30//707 615//652 29//708
f 480//661 615//652 30//707
f 616//692 480//661 32//709
f 32//709 480//661 30//707
f 36//710 40//656 32//709
f 40//656 616//692 32//709
f 475//651 40//656 36//710
f 29//708 475//651 36//710
f 615//652 475//651 29//708
f 617//711 478//653 481//712
f 619//654 478//653 617//711
f 618//659 619//654 617//711
f 620//713 623//660 617//711
f 623//660 618//659 617//711
f 622//663 623//660 621//714
f 621//714 623//660 620//713
f 478//653 621//714 481//712
f 478//653 622//663 621//714
f 481//706 620//713 617//711
f 621//714 620//713 481//706
f 467//642 465//634 462//54
f 106//227 104//114 624//715
f 624//716 104//114 75//181
f 103//225 638//183 637//303
f 637//303 102//226 103//225
f 625//717 644//718 258//305
f 258//305 644//718 627//302
f 644//718 646//719 627//302
f 644//718 720//720 646//719
f 716//721 713//722 115//723
f 713//722 124//724 115//723
f 115//723 646//719 720//720
f 115//723 720//720 716//721
f 645//725 626//301 646//719
f 626//301 627//302 646//719
f 626//301 645//725 630//299
f 630//299 645//725 647//726
f 643//300 629//727 628//728
f 628//728 629//727 647//726
f 629//727 630//299 647//726
f 112//729 712//730 111//731
f 712//730 714//732 111//731
f 714//732 718//733 111//731
f 718//733 719//734 628//728
f 628//728 719//734 643//300
f 719//734 631//304 643//300
f 719//734 632//735 631//304
f 628//728 111//731 718//733
f 719//734 725//217 680//222
f 719//734 680//222 632//735
f 98//195 648//216 635//736
f 634//737 633//306 98//195
f 634//737 98//195 635//736
f 98//195 633//306 86//192
f 636//221 102//226 257//223
f 637//303 638//183 256//124
f 640//179 642//193 63//127
f 643//300 630//299 629//727
f 111//731 647//726 645//725
f 115//723 111//731 645//725
f 644//718 625//717 648//216
f 721//214 644//718 648//216
f 646//719 115//723 645//725
f 628//728 647//726 111//731
f 651//738 653//739 625//717
f 648//216 625//717 653//739
f 649//740 648//216 653//739
f 258//305 651//738 625//717
f 258//305 650//741 651//738
f 633//306 649//740 650//741
f 633//306 650//741 258//305
f 633//306 648//216 649//740
f 679//742 678//743 676//744
f 677//745 678//743 679//742
f 682//746 680//222 681//747
f 632//735 680//222 682//746
f 257//223 681//747 680//222
f 683//748 681//747 257//223
f 684//749 632//735 682//746
f 631//304 632//735 684//749
f 631//304 684//749 683//748
f 631//304 683//748 257//223
f 687//750 683//748 684//749
f 708//751 705//752 706//753
f 709//754 708//751 706//753
f 733//286 711//755 710//287
f 710//287 711//755 734//756
f 734//756 248//757 735//758
f 248//757 249//759 735//758
f 711//755 246//760 734//756
f 734//756 246//760 248//757
f 248//757 246//760 154//761
f 735//758 249//759 736//762
f 246//760 711//755 188//763
f 711//755 732//764 188//763
f 249//759 154//765 736//762
f 246//760 186//766 154//761
f 188//763 732//764 186//766
f 154//765 713//722 736//762
f 186//766 712//730 154//761
f 186//766 732//764 712//730
f 713//722 716//721 736//762
f 732//767 714//732 712//730
f 716//721 715//768 736//762
f 732//764 730//769 714//732
f 715//768 716//721 737//770
f 730//769 717//771 714//732
f 717//771 718//733 714//732
f 716//721 729//772 737//770
f 717//771 731//773 718//733
f 716//721 720//720 729//772
f 731//773 719//734 718//733
f 729//772 720//720 738//213
f 720//720 644//718 738//213
f 731//773 727//774 719//734
f 738//213 644//718 721//214
f 727//774 725//217 719//734
f 722//775 713//722 154//776
f 722//775 723//777 112//729
f 124//724 722//775 112//729
f 712//730 723//777 722//775
f 712//730 722//775 154//761
f 722//775 124//724 713//722
f 723//777 712//730 112//729
f 724//220 726//778 727//774
f 725//217 726//778 724//220
f 725//217 727//774 726//778
f 109//779 731//773 717//771
f 731//773 109//779 724//780
f 727//774 731//773 724//780
f 109//781 717//771 730//769
f 732//764 109//781 730//769
f 732//764 113//782 109//781
f 119//285 118//783 733//286
f 733//286 118//783 711//755
f 118//783 113//784 711//755
f 711//755 113//782 732//764
f 738//213 728//785 123//251
f 89//199 728//785 738//213
f 89//199 123//251 728//785
f 736//762 126//786 735//758
f 735//758 126//787 734//756
f 126//787 119//285 734//756
f 734//756 119//285 710//287
f 715//768 737//770 120//788
f 120//788 736//762 715//768
f 126//786 736//762 120//788
f 123//789 729//772 738//213
f 123//789 120//788 729//772
f 120//788 737//770 729//772
f 136//790 132//791 133//792
f 135//793 132//791 136//790
f 135//793 131//258 132//791
f 134//794 131//258 135//793
f 137//795 130//796 134//794
f 137//795 133//792 130//796
f 139//797 137//795 134//794
f 139//797 133//792 137//795
f 138//798 133//792 139//797
f 139//797 134//794 140//799
f 142//800 138//798 139//797
f 144//801 140//799 141//802
f 143//803 140//799 144//801
f 143//803 139//797 140//799
f 142//800 139//797 143//803
f 147//804 145//805 142//800
f 149//259 148//806 143//803
f 152//807 148//806 149//259
f 152//807 147//804 148//806
f 151//808 147//804 152//807
f 151//808 153//809 147//804
f 247//282 152//807 149//259
f 247//282 151//808 152//807
f 155//263 151//808 247//282
f 132//791 127//257 128//256
f 132//791 131//258 127//257
f 130//796 129//253 131//258
f 130//796 125//254 129//253
f 130//796 128//256 125//254
f 133//792 128//256 130//796
f 133//792 132//791 128//256
f 134//794 130//796 131//258
f 138//798 136//790 133//792
f 141//802 136//790 138//798
f 141//802 135//793 136//790
f 140//799 135//793 141//802
f 140//799 134//794 135//793
f 145//805 138//798 142//800
f 145//805 141//802 138//798
f 145//805 144//801 141//802
f 148//806 142//800 143//803
f 147//804 142//800 148//806
f 146//810 145//805 147//804
f 146//810 144//801 145//805
f 143//803 144//801 146//810
f 153//809 146//810 147//804
f 150//260 146//810 153//809
f 150//260 143//803 146//810
f 149//259 143//803 150//260
f 155//263 153//809 151//808
f 155//263 150//260 153//809
f 158//811 156//247 159//812
f 157//813 156//247 158//811
f 159//812 160//264 161//814
f 163//815 157//813 158//811
f 163//815 161//814 157//813
f 162//816 161//814 163//815
f 166//817 158//811 165//818
f 164//819 158//811 166//817
f 167//820 165//818 162//816
f 167//820 166//817 165//818
f 169//821 166//817 167//820
f 169//821 164//819 166//817
f 168//822 164//819 169//821
f 168//822 163//815 164//819
f 170//823 163//815 168//822
f 174//824 168//822 169//821
f 174//824 170//823 168//822
f 172//825 167//820 173//826
f 177//827 174//824 171//828
f 177//827 173//826 174//824
f 176//829 172//825 173//826
f 180//830 177//827 175//831
f 180//830 173//826 177//827
f 180//830 182//832 173//826
f 184//280 182//832 179//833
f 184//280 178//834 182//832
f 185//266 179//833 183//268
f 159//812 114//239 160//264
f 159//812 156//247 114//239
f 157//813 117//243 156//247
f 161//814 117//243 157//813
f 161//814 160//264 117//243
f 162//816 159//812 161//814
f 165//818 159//812 162//816
f 165//818 158//811 159//812
f 164//819 163//815 158//811
f 170//823 162//816 163//815
f 167//820 162//816 170//823
f 173//826 167//820 170//823
f 172//825 169//821 167//820
f 171//828 169//821 172//825
f 171//828 174//824 169//821
f 173//826 170//823 174//824
f 176//829 171//828 172//825
f 175//831 171//828 176//829
f 175//831 177//827 171//828
f 182//832 176//829 173//826
f 178//834 176//829 182//832
f 178//834 175//831 176//829
f 181//835 175//831 178//834
f 181//835 180//830 175//831
f 179//833 182//832 180//830
f 183//268 180//830 181//835
f 179//833 180//830 183//268
f 185//266 184//280 179//833
f 184//280 181//835 178//834
f 187//269 181//835 184//280
f 187//269 183//268 181//835
f 193//836 108//230 190//232
f 193//836 189//231 108//230
f 192//837 189//231 193//836
f 196//838 193//836 190//232
f 198//839 193//836 196//838
f 198//839 195//840 193//836
f 200//841 197//842 195//840
f 200//841 194//843 197//842
f 203//844 194//843 200//841
f 203//844 196//838 194//843
f 203//844 198//839 196//838
f 201//845 195//840 198//839
f 201//845 200//841 195//840
f 202//846 198//839 203//844
f 202//846 201//845 198//839
f 204//847 199//848 205//849
f 204//847 203//844 199//848
f 206//850 203//844 204//847
f 206//850 202//846 203//844
f 205//849 201//845 202//846
f 207//851 204//847 205//849
f 206//850 204//847 207//851
f 211//852 202//846 206//850
f 208//853 202//846 211//852
f 212//277 211//852 209//854
f 214//278 211//852 212//277
f 213//279 210//855 214//278
f 213//279 245//275 210//855
f 192//837 110//234 189//231
f 191//236 110//234 192//837
f 195//840 191//236 192//837
f 197//842 191//236 195//840
f 197//842 190//232 191//236
f 194//843 190//232 197//842
f 194//843 196//838 190//232
f 195//840 192//837 193//836
f 199//848 203//844 200//841
f 205//849 200//841 201//845
f 205//849 199//848 200//841
f 208//853 205//849 202//846
f 207//851 205//849 208//853
f 209//854 206//850 207//851
f 211//852 206//850 209//854
f 210//855 209//854 207//851
f 214//278 208//853 211//852
f 214//278 207//851 208//853
f 210//855 207//851 214//278
f 245//275 209//854 210//855
f 212//277 209//854 245//275
f 215//276 214//278 212//277
f 219//856 216//242 116//241
f 219//856 218//246 216//242
f 220//857 218//246 219//856
f 220//857 122//248 218//246
f 217//858 122//248 220//857
f 221//859 116//241 217//858
f 221//859 219//856 116//241
f 223//860 220//857 219//856
f 222//861 220//857 223//860
f 222//861 217//858 220//857
f 221//859 217//858 222//861
f 224//862 219//856 221//859
f 224//862 223//860 219//856
f 224//862 221//859 225//863
f 231//864 230//865 229//866
f 233//867 228//868 230//865
f 233//867 232//869 228//868
f 235//870 231//864 232//869
f 234//871 231//864 235//870
f 234//871 230//865 231//864
f 233//867 230//865 234//871
f 237//872 232//869 233//867
f 237//872 235//870 232//869
f 239//873 235//870 237//872
f 239//873 234//871 235//870
f 241//874 234//871 239//873
f 241//874 238//875 234//871
f 243//272 236//876 238//875
f 243//272 237//872 236//876
f 243//272 240//271 237//872
f 244//273 238//875 241//874
f 217//858 121//244 122//248
f 217//858 116//241 121//244
f 225//863 221//859 222//861
f 226//877 223//860 224//862
f 226//877 222//861 223//860
f 229//866 222//861 226//877
f 225//863 222//861 229//866
f 228//868 224//862 225//863
f 228//868 226//877 224//862
f 227//878 226//877 228//868
f 231//864 226//877 227//878
f 229//866 226//877 231//864
f 230//865 225//863 229//866
f 230//865 228//868 225//863
f 232//869 227//878 228//868
f 232//869 231//864 227//878
f 238//875 233//867 234//871
f 236//876 233//867 238//875
f 236//876 237//872 233//867
f 240//271 239//873 237//872
f 244//273 243//272 238//875
f 242//274 239//873 240//271
f 242//274 241//874 239//873
f 244//273 241//874 242//274
f 654//879 651//738 650//741
f 654//879 653//739 651//738
f 655//880 653//739 654//879
f 652//881 653//739 655//880
f 656//882 654//879 657//883
f 655//880 654//879 656//882
f 659//884 657//883 658//885
f 656//882 657//883 659//884
f 661//886 655//880 656//882
f 665//887 660//888 663//889
f 668//890 660//888 665//887
f 668//890 662//891 660//888
f 668//890 664//892 662//891
f 667//893 664//892 668//890
f 667//893 666//894 664//892
f 669//895 666//894 667//893
f 669//895 670//896 666//894
f 672//897 667//893 668//890
f 672//897 669//895 667//893
f 671//898 669//895 672//897
f 671//898 670//896 669//895
f 674//899 670//896 671//898
f 673//900 665//887 674//899
f 674//899 665//887 670//896
f 673//900 668//890 665//887
f 672//897 668//890 673//900
f 678//743 672//897 673//900
f 678//743 675//901 672//897
f 677//745 671//898 675//901
f 677//745 679//742 671//898
f 652//881 649//740 653//739
f 652//881 650//741 649//740
f 657//883 654//879 650//741
f 658//885 650//741 652//881
f 657//883 650//741 658//885
f 661//886 652//881 655//880
f 658//885 652//881 661//886
f 663//889 658//885 661//886
f 660//888 658//885 663//889
f 660//888 659//884 658//885
f 662//891 659//884 660//888
f 662//891 656//882 659//884
f 664//892 656//882 662//891
f 664//892 661//886 656//882
f 666//894 661//886 664//892
f 666//894 663//889 661//886
f 670//896 663//889 666//894
f 670//896 665//887 663//889
f 675//901 671//898 672//897
f 679//742 674//899 671//898
f 679//742 673//900 674//899
f 676//744 673//900 679//742
f 676//744 678//743 673//900
f 677//745 675//901 678//743
f 685//902 682//746 681//747
f 686//903 681//747 687//750
f 686//903 685//902 681//747
f 689//904 688//905 690//906
f 689//904 687//750 688//905
f 693//907 687//750 689//904
f 693//907 686//903 687//750
f 691//908 686//903 693//907
f 697//909 690//906 691//908
f 694//910 690//906 697//909
f 695//911 693//907 694//910
f 692//912 693//907 695//911
f 699//913 692//912 695//911
f 699//913 697//909 692//912
f 696//914 697//909 699//913
f 699//913 695//911 700//915
f 701//916 696//914 698//917
f 703//918 699//913 704//919
f 703//918 698//917 699//913
f 702//920 698//917 703//918
f 708//751 702//920 703//918
f 707//921 702//920 708//751
f 709//754 704//919 707//921
f 709//754 706//753 704//919
f 709//754 707//921 708//751
f 681//747 683//748 687//750
f 685//902 684//749 682//746
f 688//905 687//750 684//749
f 690//906 685//902 686//903
f 690//906 684//749 685//902
f 688//905 684//749 690//906
f 691//908 690//906 686//903
f 694//910 689//904 690//906
f 693//907 689//904 694//910
f 692//912 691//908 693//907
f 692//912 697//909 691//908
f 696//914 694//910 697//909
f 700//915 694//910 696//914
f 695//911 694//910 700//915
f 696//914 699//913 698//917
f 701//916 700//915 696//914
f 704//919 700//915 701//916
f 704//919 699//913 700//915
f 702//920 701//916 698//917
f 707//921 701//916 702//920
f 707//921 704//919 701//916
f 706//753 703//918 704//919
f 705//752 703//918 706//753
f 705//752 708//751 703//918
f 739//41 764//49 27//42
f 764//49 757//79 27//42
f 27//42 757//79 8//23
f 757//79 766//922 8//23
f 8//23 766//922 740//22
f 766//922 741//923 740//924
f 740//22 742//925 743//20
f 741//923 742//925 740//926
f 742//925 765//927 743//20
f 743//20 765//927 1//18
f 1//18 744//928 2//15
f 765//927 744//928 1//18
f 744//928 746//929 2//15
f 2//15 746//929 745//10
f 746//929 39//34 745//10
f 745//10 39//34 38//17
f 528//689 771//930 3//3
f 528//689 3//3 527//14
f 748//931 770//1 3//3
f 771//930 748//931 3//3
f 748//931 772//932 769//4
f 748//931 769//4 770//1
f 773//933 6//8 5//6
f 772//932 773//933 5//6
f 772//932 5//6 769//4
f 747//934 768//21 6//8
f 747//934 6//8 773//933
f 747//934 54//86 768//21
f 768//21 54//86 767//24
f 15//35 39//34 528//689
f 39//34 746//929 528//689
f 766//922 54//86 747//934
f 766//922 747//934 741//923
f 747//934 742//925 741//923
f 746//929 749//935 750//936
f 750//936 758//937 746//929
f 746//929 744//928 749//935
f 747//934 765//927 742//925
f 744//928 761//938 749//935
f 765//927 761//938 744//928
f 765//927 762//939 761//938
f 747//934 762//939 765//927
f 758//937 771//930 746//929
f 746//929 771//930 528//689
f 758//937 753//940 771//930
f 771//930 753//940 748//931
f 753//940 760//941 748//931
f 759//942 773//933 760//941
f 762//939 773//933 759//942
f 760//941 772//932 748//931
f 760//941 773//933 772//932
f 747//934 773//933 762//939
f 758//937 750//936 752//7
f 752//7 750//936 763//11
f 750//936 749//935 763//11
f 763//11 749//935 751//12
f 4//2 758//937 752//7
f 753//940 758//937 4//2
f 754//5 753//940 4//2
f 760//941 753//940 754//5
f 7//9 759//942 754//5
f 759//942 760//941 754//5
f 749//935 761//938 755//16
f 749//935 755//16 751//12
f 761//938 762//939 755//16
f 755//16 762//939 756//13
f 7//9 756//13 759//942
f 756//13 762//939 759//942
f 8//23 52//80 27//943
f 52//80 8//23 767//24
f 757//79 54//86 766//922
f 764//49 35//50 757//79
l 633 635
o Arm001
v -147.001709 -8.646442 151.482376
v -149.519989 -10.489850 153.949692
v -148.280167 -10.393716 152.705124
v -151.413971 -31.173153 155.072540
v -155.126938 -33.072090 158.726013
v -148.232681 6.923278 153.270172
v -143.200790 2.866927 148.106995
v -170.626480 11.942242 175.538956
v -153.492889 11.950027 174.020004
v -145.191727 11.950031 174.800583
v -162.813538 11.950027 179.131516
v -143.196777 11.950025 166.378204
v -160.537460 11.950025 169.088165
v -157.249496 11.950025 168.700485
v -180.440460 11.950021 158.442169
v -174.848450 11.811847 169.044983
v -154.745773 11.950025 163.071991
v -139.381546 11.877143 165.014847
v -162.010330 11.950025 162.807770
v -158.725983 11.950025 165.975876
v -150.337723 11.950025 160.568329
v -166.427719 11.950025 160.438324
v -164.121185 11.950024 157.622971
v -168.602173 11.950025 158.283386
v -153.225662 11.950025 158.920288
v -165.169800 11.950023 157.304291
v -150.147476 11.950023 156.785126
v -163.613815 11.950023 153.870789
v -174.252151 11.950023 153.287674
v -157.991638 11.950023 152.984070
v -160.153183 11.950023 150.801331
v -156.937408 11.950023 149.398987
v -169.497604 11.950021 144.598740
v -171.890747 11.950024 142.513260
v -159.731110 11.950023 147.624283
v -163.844604 11.950021 143.717834
v -165.309708 11.918621 139.147614
v -163.322876 17.262960 144.167740
v -167.653290 17.478127 143.091095
v -145.433533 17.295982 162.625336
v -167.578094 17.450024 160.248810
v -164.545013 17.450024 158.590179
v -149.508286 17.450024 159.898010
v -151.293274 17.450024 156.710205
v -157.623749 17.450027 166.532608
v -157.876495 17.450024 151.018005
v -158.202896 17.450024 147.525604
v -163.238678 17.375061 163.195236
v -154.486404 17.450024 161.652740
v -154.690674 17.437870 154.142548
v -147.703629 7.843326 153.518021
v -134.315948 7.722732 148.245514
v -148.549088 7.711398 134.017548
v -145.159714 7.680342 138.849945
v -120.787796 7.721277 132.020432
v -112.441849 7.725951 122.397011
v -122.698830 7.725394 112.140411
v -81.930634 8.108235 89.490517
v -89.061592 8.740464 72.613922
v -87.254524 7.732075 78.198074
v -78.325531 7.989782 62.913742
v -67.254639 7.723012 56.395535
v -42.015224 7.819001 54.230141
v -50.543541 7.511755 34.436531
v -54.529503 7.823547 41.713894
v -141.560806 9.879834 141.258224
v -122.845161 10.377750 112.196198
v -131.906357 9.972243 120.347466
v -87.091515 10.114291 77.740601
v -139.462799 9.848980 164.360855
v -56.459354 2.248526 41.042805
v -70.296852 11.680603 50.680862
v -147.104095 10.103657 125.472717
v -116.487839 7.906381 102.174484
v -113.877708 9.803823 96.454041
v -70.444557 11.568333 50.577545
v -66.663399 7.948989 49.662914
v -51.613190 -7.422937 35.085686
v -63.808811 7.492945 50.104843
v -56.505016 0.756516 38.249573
v -52.181332 -11.061525 32.334240
v -65.650101 9.109877 45.810043
v -62.353458 6.335957 43.801456
v -60.165573 5.698278 45.634029
v -58.543098 3.942710 37.020496
v -73.710274 16.463865 54.687824
v -54.393368 17.184484 31.354364
v -53.720116 18.987988 33.747356
v -87.521446 18.024220 73.383705
v -128.972382 18.383596 112.857048
v -107.429535 18.006086 93.347198
v -124.380669 18.240072 108.985298
v -148.214417 18.961243 128.920807
v -52.899509 -8.328360 32.091171
v -52.282822 -11.226026 32.018745
v -32.927635 18.035862 54.716763
v -25.111740 17.110998 47.047504
v -34.036079 -3.005390 54.553905
v -26.202644 -6.299958 46.479588
v -46.448032 10.061193 65.852997
v -32.304638 -10.863944 52.094078
v -37.555412 4.527446 58.533752
v -48.337376 7.917531 65.358475
v -35.564465 -6.948188 51.596230
v -40.211941 2.768625 57.945961
v -43.029495 3.664713 57.992531
v -46.249149 5.859133 60.135876
v -50.734722 7.496504 63.859158
v -29.959101 17.057106 47.829269
v -25.701366 17.199825 44.163643
v -32.402275 16.920094 46.867901
v -36.271767 17.205124 44.770515
v -24.088274 17.205118 32.452255
v -15.524000 17.204979 32.083088
v -19.860943 16.973661 32.411148
v -21.422522 16.935831 31.678865
v -45.065624 17.205118 35.930584
v -47.685844 16.751579 32.337086
v -19.017508 16.681911 30.836077
v -47.219872 16.872486 30.125227
v -17.233822 17.205118 27.137384
v -20.553789 16.752785 30.011721
v -44.244576 17.202633 25.430212
v -32.779266 17.205118 23.791370
v -33.281509 17.205021 15.654379
v -32.657887 16.951262 20.281937
v -28.106798 17.205116 16.419434
v -30.430874 16.550291 19.493773
v -32.384529 16.807085 18.943979
v -32.055023 16.781277 21.027210
v -31.075745 16.471964 18.605953
v -32.473663 16.255239 19.169643
v -31.018276 16.482449 21.004826
v -30.317114 15.859626 19.734884
v -32.562542 15.974082 20.699867
v -30.745758 15.375984 18.850176
v -32.019440 15.831066 18.733797
v -31.391563 15.543001 21.281721
v -30.386904 14.916591 19.464552
v -32.378044 15.097151 19.050243
v -32.792461 15.003398 20.194616
v -31.048166 14.897329 21.062813
v -32.422958 14.343349 19.127453
v -32.310516 14.350671 20.914448
v -30.399117 14.214885 20.448641
v -30.904305 13.964806 18.956553
v -32.047390 13.618386 18.733496
v -32.781517 13.665657 20.190332
v -31.067560 13.786608 21.083729
v -30.622911 13.184505 19.083113
v -32.193192 13.088566 20.927475
v -30.449175 13.344851 20.481430
v -30.322308 12.589340 19.666172
v -31.566484 12.555434 18.727436
v -32.673546 12.453684 20.417181
v -31.004713 12.486009 21.088873
v -32.509735 12.712521 19.318796
v -30.987055 10.399864 21.383751
v -30.370050 12.077085 20.366684
v -21.221306 16.469755 32.093155
v -19.864010 16.290737 32.385101
v -18.989309 15.853917 31.086658
v -20.725990 16.045547 30.134382
v -21.246746 15.653225 31.898808
v -19.928885 15.405702 32.454945
v -19.571283 15.187237 30.185535
v -21.131483 15.445425 30.282465
v -21.419052 14.766230 31.606464
v -19.012514 14.654674 31.551708
v -19.476284 14.274975 30.337374
v -20.969519 14.407920 30.283428
v -21.411358 13.868786 31.092003
v -20.359978 14.162878 32.491161
v -19.040081 13.399961 30.959858
v -21.330585 13.318998 31.911180
v -19.808340 13.555367 32.466869
v -21.127537 12.750834 30.375704
v -18.991261 12.414671 31.045509
v -20.282991 13.314030 29.991087
v -21.443216 12.537522 31.278584
v -20.842566 12.478608 32.340691
v -19.856171 12.253654 30.111120
v -19.692686 12.520924 32.294033
v -19.130898 10.613282 32.064133
v -32.629963 16.461216 47.453396
v -32.021511 16.792688 48.876949
v -30.951933 16.770048 48.794144
v -30.282198 16.399700 47.661350
v -31.160889 16.278406 46.549698
v -31.198606 16.067123 49.058647
v -30.280293 15.848559 47.357597
v -32.571793 15.789765 47.174625
v -32.654526 15.127746 47.505657
v -32.571812 15.788240 48.393394
v -31.169401 15.416841 48.929897
v -30.391916 15.145919 48.390999
v -30.563242 15.075654 46.967129
v -31.647184 15.263287 46.596519
v -32.443401 14.804797 48.618053
v -30.202988 14.479037 47.858986
v -32.273979 14.412255 46.837646
v -31.262098 14.467304 48.920616
v -30.272524 13.936996 48.224316
v -32.614372 13.930052 48.214851
v -30.802013 13.748710 46.772781
v -31.330463 13.783648 49.088120
v -30.198359 13.114448 47.815369
v -32.228195 13.578023 46.806816
v -32.439484 12.880750 47.062519
v -32.038822 13.110046 48.893261
v -30.828604 12.813578 46.761677
v -32.671471 12.341642 47.679623
v -31.934401 12.415446 48.890099
v -30.689213 12.282260 46.776932
v -49.213593 16.640675 30.725868
v -48.838436 16.740423 32.103653
v -46.943367 16.376320 31.431988
v -47.535797 16.177692 30.069231
v -48.783264 16.009581 30.181171
v -48.958580 16.020535 32.078194
v -47.741707 15.347061 29.962778
v -48.850349 15.271296 32.052628
v -47.623325 15.625171 32.297081
v -46.873840 15.551670 31.425289
v -46.818466 14.823544 31.207525
v -49.235947 15.318330 30.769888
v -49.334408 14.611444 31.461987
v -47.813744 14.707274 32.426178
v -48.478317 14.634366 30.037262
v -47.032658 14.097903 31.818445
v -47.542889 14.277741 30.138216
v -49.260262 13.694612 31.037968
v -46.777897 13.500236 31.077961
v -48.321507 13.868998 32.439022
v -49.094971 13.169164 31.899839
v -47.730766 12.956635 32.420071
v -46.972969 13.015321 30.584293
v -48.344620 13.351958 29.975092
v -49.277596 12.444318 30.837675
v -47.007507 12.368047 31.665928
v -47.470963 12.413553 30.086617
v -48.200684 12.376097 32.423012
v -30.734451 12.512066 48.782764
v -19.647654 10.867036 29.907566
v -21.692818 10.069232 31.882576
v -30.878801 10.866924 18.660189
v -32.897877 10.355717 19.618212
v -50.159550 18.449366 65.919930
v -92.270477 18.012199 105.759087
v -72.292213 18.031591 85.882957
v -76.825722 17.990713 90.228477
v -112.169678 18.329138 127.415749
v -137.776642 15.695535 162.431656
v -34.729839 7.513508 50.246429
v -37.519001 -19.599993 47.046284
v -47.348846 -19.599997 37.216438
v -161.517639 15.637383 136.358002
v -70.131760 11.727432 50.506409
v -61.685238 10.197639 79.219803
v -90.698837 7.897109 103.565773
v -85.952713 9.933599 102.199654
v -121.745605 9.795606 141.640350
v -139.797424 7.980360 161.529190
v -134.709717 9.628518 137.180328
v -137.738007 18.951801 139.243820
v -137.479034 9.627660 134.412323
v -139.570541 18.957684 137.467468
v -131.868301 9.764385 130.864929
v -131.546799 7.939487 144.217255
v -131.154022 9.756993 131.549240
v -128.919220 7.757084 117.601151
v -128.469070 9.629436 125.359192
v -125.654045 9.602530 128.175613
v -117.907089 7.762124 128.616928
v -115.732552 9.564359 112.597420
v -110.151703 9.711059 109.123169
v -109.425430 9.805063 109.798256
v -109.718063 7.999363 118.636925
v -106.647316 9.677470 103.624191
v -103.846840 9.582592 106.476799
v -95.858353 9.561345 92.605988
v -92.535637 7.749675 100.909065
v -93.058502 9.676091 95.466667
v -89.430069 9.769905 89.887131
v -90.046242 8.173606 97.582108
v -112.885345 9.567237 115.438606
v -90.357224 9.711037 89.273529
v -112.354721 11.470962 126.904037
v -129.019180 11.260581 113.747826
v -130.931381 10.848798 148.214752
v -148.845810 10.891393 130.786789
v -144.519897 9.905186 130.740829
v -132.167221 12.642587 115.808693
v -131.646027 10.500144 117.432281
v -92.706329 10.113950 101.381157
v -107.022949 10.140263 97.609955
v -109.259071 12.578982 123.901932
v -109.352982 9.738823 118.685677
v -109.483109 10.081842 101.051384
v -118.935463 9.946979 109.710182
v -72.748848 10.028988 81.961250
v -85.922745 11.919135 72.099663
v -100.039909 10.202542 89.868126
v -90.102203 10.831436 77.885147
v -50.342735 11.501472 65.529068
v -62.398094 9.997113 50.289764
v -60.539288 9.833061 70.198967
v -69.409744 12.186884 82.958305
v -83.204102 12.312227 68.989258
v -78.443611 10.003840 69.869431
v -70.493515 12.126498 55.040726
v -49.398087 9.687435 47.393250
v -54.545074 10.184379 41.671211
v -59.143463 9.746714 47.005058
v -41.985596 10.126213 54.297825
v -39.833115 12.118095 56.965836
v -40.295555 10.863974 55.872650
v -105.651031 11.572168 92.172401
v -101.672348 10.105006 92.403069
v -107.443672 18.064535 103.194466
v -109.286545 11.953378 96.868736
v -93.848488 11.916546 106.951920
v -101.397491 10.015196 109.203133
v -114.053543 11.329615 128.734909
v -148.741013 10.055442 133.994370
v -59.047684 7.955284 47.572124
v -47.892269 7.951990 58.764267
v -47.728951 9.708945 49.133305
v -61.815876 7.761861 50.127682
v -53.689781 9.613579 50.576256
v -66.799042 9.574084 63.652699
v -50.586704 10.092278 61.922150
v -50.432678 7.756390 61.513676
v -50.867516 9.613255 53.394032
v -56.701893 7.727700 66.950920
v -63.954517 9.573284 66.490532
v -78.515892 8.047264 69.652588
v -70.413628 9.704557 69.358246
v -70.039032 8.081630 60.178452
v -69.602654 10.071005 60.222908
v -69.325844 12.786952 55.298428
v -60.535294 8.054348 69.546974
v -60.850716 10.073696 69.108612
v -70.036781 8.103477 78.185059
v -70.060417 9.967213 78.246185
v -70.437546 12.609553 82.577690
v -69.536011 9.788580 69.922806
v -81.575798 7.761234 72.246666
v -75.767342 9.678449 72.741280
v -72.551903 7.735987 81.288589
v -72.888420 9.597095 75.551476
v -72.424759 11.712384 85.523415
v -78.502876 7.748425 86.949501
v -78.156464 10.177423 86.824074
v -83.948105 9.535384 86.544914
v -73.681549 18.022034 87.217903
v -86.849258 9.556979 83.640770
v -89.596176 10.069844 81.685036
v -89.921165 8.081892 81.574524
v -97.735931 10.045270 89.848038
v -97.832413 8.139859 89.706299
v -81.958656 9.994620 89.402802
v -90.091141 10.001264 97.483635
v -98.224945 7.733843 106.836914
v -101.239227 7.724641 92.244408
v -107.148407 7.753486 97.938622
v -109.758156 8.038527 101.044365
v -118.892105 8.121014 109.598495
v -101.357941 8.037601 109.469978
v -128.796555 10.139138 117.283966
v -120.696815 9.991076 131.023361
v -120.973145 8.158261 130.949265
v -131.203278 9.788410 144.263840
v -130.992691 10.286881 120.849731
v -131.606262 7.922796 120.388901
v -144.153870 10.063044 131.760056
v -144.549820 7.946560 131.322495
v -134.058502 11.420717 153.111084
v -134.291397 10.042740 148.478729
v -137.122131 12.691428 157.819580
v -153.473694 11.417442 133.777008
v -149.897690 18.382832 132.005264
v -150.195694 12.792436 130.762207
v -149.633118 12.406044 131.854340
v -131.037399 12.507377 116.161469
v -130.954819 12.794844 149.841446
v -132.145401 13.032489 149.469971
v -132.238113 18.383259 149.752777
v -132.035904 11.182711 148.437836
v -132.165771 10.462137 143.687851
v -115.998558 12.594884 131.630997
v -117.033104 11.717896 130.580292
v -117.119804 10.915174 131.573318
v -117.554688 10.093558 128.475113
v -112.637886 10.080774 123.050903
v -127.747536 12.374438 112.044228
v -125.190361 10.320983 112.206207
v -123.856544 18.266930 110.308350
v -124.133316 12.221696 108.937889
v -123.880356 12.454188 109.981857
v -121.672234 10.292274 109.755905
v -110.159004 11.933422 96.258095
v -109.462990 10.221622 99.031258
v -110.421463 13.086062 123.462990
v -109.558846 11.048094 122.852097
v -110.350281 10.442794 118.126129
v -110.396095 10.786912 121.351707
v -96.373634 18.029503 109.499741
v -96.490974 12.358234 109.885384
v -97.295395 12.114818 108.845863
v -98.915161 10.263392 109.773689
v -92.456505 11.187256 104.972954
v -97.620163 10.018214 106.644127
v -107.235565 11.221141 93.989609
v -90.416275 12.721501 102.200882
v -89.336143 12.123961 102.428345
v -89.739861 10.086132 99.479141
v -90.485489 10.994264 100.510880
v -77.289528 12.927176 89.007324
v -76.915527 12.516440 90.157341
v -78.514282 10.608727 89.947945
v -79.485909 10.620563 89.039864
v -102.796844 11.927371 89.273445
v -102.503075 12.598798 90.125664
v -90.248299 12.586993 76.506287
v -89.220650 12.454906 77.276535
v -90.585297 17.995121 76.561363
v -89.630379 10.147534 79.948807
v -87.333473 11.253514 74.057922
v -82.361832 10.001085 72.471703
v -74.158142 11.391093 87.003197
v -69.208450 18.075792 83.036575
v -70.303329 10.482785 80.881638
v -55.029858 18.323252 70.014275
v -55.772499 12.566895 68.961784
v -55.142315 12.680576 70.046791
v -56.348492 10.944266 69.911850
v -82.886658 12.312755 70.154671
v -80.982834 10.284805 69.590462
v -69.306595 11.004278 56.818642
v -70.050514 10.230206 57.635902
v -56.343616 10.196792 66.806038
v -52.215332 11.288214 67.007393
v -67.344170 11.626141 51.737556
v -67.062294 10.085011 55.592358
v -66.165733 12.152716 50.030090
v -63.184826 12.090103 47.988174
v -63.819294 18.536079 47.025028
v -63.375633 18.501684 48.219757
v -63.650841 11.922810 47.231590
v -58.685722 10.184862 47.988575
v -57.030342 11.820721 39.484550
v -55.675411 10.509336 40.492504
v -48.423374 12.359245 62.774479
v -48.566120 18.519554 62.951809
v -47.338535 12.618048 63.384514
v -47.681965 10.890594 62.273106
v -48.087791 9.992473 58.681297
v -133.921677 18.855263 137.641693
v -107.088974 18.093843 108.671013
v -92.603630 17.970140 90.420357
v -134.114487 17.573259 154.130661
v -140.740814 17.429964 149.217300
v -143.202560 17.222456 165.604401
v -137.348572 17.428303 158.044006
v -144.875458 17.315691 154.429153
v -144.395248 17.044518 172.178040
v -150.395416 17.231533 174.019577
v -154.329193 17.277079 163.179138
v -163.114899 17.157120 178.139587
v -152.838928 17.450024 159.181168
v -154.440399 17.596514 133.799530
v -158.211700 17.426640 136.837616
v -160.469055 17.450029 166.947845
v -163.247574 17.449179 154.308319
v -160.784622 17.450024 149.300919
v -158.765503 17.450029 169.968842
v -165.881866 17.218727 174.237152
v -168.031097 17.450024 157.221375
v -172.271667 17.701992 170.872284
v -174.588608 17.642515 149.788742
v -178.931915 16.924456 159.156784
v -163.649231 13.050026 163.311234
v -153.373901 13.050021 143.095978
v -158.018585 17.421469 138.083923
v -138.446121 17.425287 157.539673
v -152.188583 15.742463 178.378464
v -39.539280 18.759621 56.881382
v -47.080212 18.799995 49.064838
v -49.335739 18.779131 46.962532
v -51.666210 18.417299 67.237885
v -55.476501 18.307884 68.825935
v -56.767311 18.284779 71.736557
v -53.267078 18.624557 50.986523
v -51.630630 18.645306 53.154652
v -70.151878 18.040693 83.101013
v -67.171097 18.209415 68.750023
v -66.100594 18.271540 63.930874
v -70.740746 18.069506 82.292740
v -69.052940 18.209621 66.864311
v -67.456024 18.244701 63.597481
v -66.209747 18.446594 49.842308
v -72.285957 18.085220 75.648674
v -69.178673 18.282719 55.092056
v -72.593323 18.141666 70.411331
v -87.507324 17.987038 83.387505
v -86.168114 18.032278 71.969391
v -93.820724 17.976234 95.350594
v -93.655266 18.007156 107.130508
v -96.502480 18.033022 110.161812
v -96.975983 18.015404 108.702332
v -95.478188 17.979364 93.236794
v -96.075066 17.970119 91.994637
v -106.246262 18.035479 103.970558
v -103.596245 18.062572 107.127319
v -110.586380 18.251850 123.538918
v -106.013367 17.998608 91.966988
v -103.017639 17.961189 89.130043
v -110.629707 18.154285 112.205566
v -113.491531 18.356295 128.893066
v -113.380936 18.196074 115.037048
v -112.505623 18.153997 110.328224
v -110.284264 18.024137 96.075043
v -116.160927 18.200953 111.842812
v -122.451950 18.679398 139.571823
v -129.154114 18.964615 147.808472
v -127.647026 18.528492 125.528076
v -125.972801 18.537867 127.531631
v -125.495209 18.525105 128.889648
v -128.878082 18.630766 130.444702
v -129.123047 18.520515 125.389854
v -135.418869 18.871590 136.957687
v -131.918274 18.414778 115.587067
v -134.275726 18.757763 132.114700
v -137.537796 18.833143 133.735123
v -131.013504 18.486305 149.990814
v -143.390106 18.957355 133.603333
v -144.790619 18.955256 132.153580
v -174.130035 15.533134 144.094940
v -175.082092 15.626456 171.486191
v -168.838882 11.562963 174.094254
v -140.008072 10.239117 150.259506
v -138.776703 10.170291 154.267441
v -137.628616 10.746757 156.482681
v -138.410858 12.413408 157.528778
v -143.199127 10.230827 145.233200
v -150.465698 10.350615 139.735611
v -157.870972 12.115972 138.069122
v -157.866470 11.876325 136.851990
v -155.313980 10.120985 137.844009
v -145.503784 10.200678 142.892929
v -57.089069 18.793768 39.226013
v -57.914463 18.754667 39.874176
v -50.500458 18.748020 48.309113
v -48.580315 18.738424 50.081451
v -47.476768 18.515965 63.559174
v -50.257153 18.613367 53.355526
v -64.271889 18.271173 65.849976
v -63.812126 18.252348 67.187279
v -54.072994 18.659054 49.807362
v -67.541634 18.416946 51.390167
v -70.482536 18.326038 54.765247
v -83.280159 18.067175 68.872505
v -83.450256 18.055584 69.736244
v -82.727982 18.064188 70.420563
v -70.722931 18.140532 72.313576
v -83.888062 17.984512 87.150261
v -84.210335 17.983513 85.764267
v -73.719162 18.096071 75.263130
v -75.461372 18.080061 73.188004
v -76.077362 18.103388 71.970627
v -86.224960 17.981062 84.012794
v -87.190384 17.975582 88.768456
v -90.711662 17.971613 92.290230
v -76.774498 17.987535 89.469879
v -77.304489 17.996042 88.806725
v -90.669472 17.962851 102.166687
v -89.459221 17.961220 102.717964
v -89.885124 17.998384 76.421844
v -89.103737 17.988958 77.022308
v -102.469437 17.970205 90.379463
v -89.075661 17.975941 86.889519
v -92.401413 17.953146 95.478706
v -104.224380 18.044970 105.825302
v -109.318176 18.245312 124.095222
v -109.054512 17.995487 96.559593
v -108.973457 18.094112 106.780914
v -112.181854 18.200994 115.722603
v -115.323730 18.177166 113.041565
v -127.756790 18.337133 111.878685
v -129.246735 18.380594 113.504288
v -132.456863 18.963837 144.274338
v -116.006950 18.446911 131.885620
v -115.938332 18.432976 131.194626
v -116.532158 18.430189 130.463318
v -132.425888 18.757092 133.993500
v -141.288361 18.723551 123.320885
v -150.373581 18.457640 130.865204
v -130.764847 18.417263 116.204788
v -130.746994 18.632378 128.572906
v -145.571335 17.293436 147.017715
v -134.458267 18.850521 136.923492
v -133.905823 18.955872 143.112534
v -143.328720 17.427528 145.273453
v -137.182419 18.875652 135.007309
v -151.414902 17.426512 139.631287
v -145.441925 17.434906 143.050125
v -164.828064 10.138934 139.164932
v -162.283859 8.118991 139.275345
v -154.564377 17.265934 172.928040
v -151.694809 17.236094 142.942871
v -154.726425 17.298891 144.603531
v -154.195312 13.050024 153.892761
v -144.084412 13.050024 149.342422
v -144.322098 13.050024 153.886948
v -143.266022 17.200958 151.795074
v -173.899277 17.224487 153.818573
v -162.992538 17.291243 172.299850
v -163.482315 13.050027 172.960632
v -174.427521 13.050026 164.151901
v -167.739029 13.050027 173.690582
v -172.783524 17.304672 162.744614
v -174.553421 17.198769 165.517120
v -43.344471 3.957610 58.341530
v -41.449680 -19.599997 31.340450
v -44.084412 0.417937 38.018459
v -45.319942 0.436832 39.138321
v -44.719093 -1.999062 35.415169
v -38.558456 0.520915 43.561279
v -36.236244 -1.392361 44.496555
v -39.955112 0.642926 44.545151
v -31.643009 -19.599993 41.147118
v -26.716898 -19.599661 46.047516
v -51.657333 -19.059479 32.632114
v -51.532143 -18.999832 31.540733
v -51.505779 -18.999826 31.444925
v -32.437496 -19.515978 51.435253
v -34.821892 -10.691131 50.099861
v -43.137417 3.786194 57.635090
v -38.211189 -1.528641 53.582539
v -53.101254 -3.272840 36.957111
v -50.410534 -10.670233 34.521160
v -47.127529 -2.528676 37.350452
v -37.746597 -2.019904 46.730568
v -41.354736 -5.983476 31.271145
v -45.309097 -19.173725 31.727465
v -46.270607 -19.152761 30.500620
v -46.504097 -19.075871 26.382494
v -47.016876 -19.389704 32.874214
v -45.863739 -19.022522 32.734528
v -47.655003 -18.909758 31.254486
v -45.293644 -18.361015 32.063919
v -47.198792 -18.736275 32.756893
v -47.752811 -17.894848 31.946812
v -47.066128 -18.317629 30.572121
v -45.426632 -17.998608 31.034578
v -46.619858 -17.878473 32.913918
v -47.290955 -17.340721 30.693125
v -45.765720 -17.355652 32.651463
v -45.609974 -17.119148 30.827253
v -45.311352 -16.604815 31.483339
v -47.356186 -17.141146 32.682632
v -46.264908 -16.620979 32.967854
v -47.787334 -16.633831 31.947281
v -47.427784 -16.146936 30.904505
v -45.285355 -15.731557 31.903542
v -46.817387 -16.028696 32.854580
v -47.580044 -15.614425 32.407238
v -45.743217 -15.994800 30.729057
v -46.775925 -15.489630 30.500353
v -45.374802 -14.850941 31.954601
v -46.072948 -15.078594 32.870628
v -47.813965 -14.831985 31.554316
v -46.191906 -14.837514 30.542238
v -46.713875 -14.724013 33.008415
v -31.175264 -19.293850 47.174541
v -32.524231 -19.097080 47.331108
v -33.174164 -19.170900 45.907894
v -30.948908 -19.084385 45.815273
v -33.336845 -18.556248 45.843254
v -31.879665 -19.024902 45.023041
v -30.887907 -18.308855 46.616604
v -32.228630 -18.138580 47.426586
v -33.184135 -17.758102 46.737865
v -31.324192 -18.181356 45.199932
v -33.017658 -17.581570 45.551048
v -31.346325 -17.413918 47.229473
v -32.365334 -17.274607 45.004913
v -30.861729 -17.204102 45.780270
v -31.970032 -16.801386 47.505836
v -32.436207 -16.666029 45.091740
v -33.296795 -16.534618 46.459286
v -32.786278 -16.021288 45.250595
v -30.943161 -16.191067 45.626678
v -30.894667 -15.858436 46.536037
v -32.445469 -16.111851 47.425728
v -33.155693 -15.368283 46.611755
v -32.501598 -15.494018 45.010475
v -30.964399 -15.166662 45.620193
v -31.667997 -15.467411 47.433643
v -31.226442 -14.791015 47.294209
v -32.217567 -14.801969 45.019222
v -33.315788 -14.646233 46.897045
v -27.367174 11.321883 17.167358
v -16.025898 11.266677 30.661537
v -21.785656 7.910580 38.781708
v -25.938442 7.429084 35.465641
v -41.397366 4.718871 24.155996
v -28.906069 3.192230 38.416523
v -40.642944 -1.871619 30.583178
v -30.820602 -1.872050 40.346455
v -31.558245 -6.027989 41.067154
v -25.805885 -3.783956 46.101833
v -46.745987 -7.352305 26.012537
v -38.177063 4.273257 28.067272
v -34.145695 8.937294 24.229231
v -31.901344 9.869316 24.058874
v -24.335112 9.839624 31.573433
v -24.520617 9.103037 33.724297
v -25.386513 8.999091 46.700947
v -26.289001 -1.001125 44.249550
v -25.544224 2.757433 42.183651
v -47.290035 17.055683 24.853956
v -46.991352 8.646141 25.136717
v -43.814968 0.376924 25.910273
v -17.483370 10.562050 34.641487
v -17.408396 11.321826 27.128178
v -30.328552 11.254982 15.900390
v -34.293789 10.823697 16.668716
v -37.311974 9.327121 19.670624
v -46.448246 -4.104636 25.545973
v -146.844940 0.665523 151.680725
v -151.852386 -1.121991 146.499298
v -163.799118 -4.924848 158.561249
v -147.896210 -33.423065 143.721420
v -148.305786 3.851995 142.763367
v -142.538010 5.078555 147.539078
v -152.617706 3.732855 147.069626
v -153.430817 -10.654177 148.420929
v -158.753281 -33.727741 154.588501
v -149.408127 -35.772400 145.297409
v -158.142593 -13.858484 153.268387
v -159.900360 -17.286488 155.139648
v -154.599091 -14.612275 158.880875
v -159.653702 -15.447045 154.802292
v -153.156281 -13.877829 157.450562
v -147.360809 -30.357092 151.055008
v -148.121948 -31.301479 151.772186
v -148.443939 -16.492151 152.651886
v -147.206635 -18.677351 151.332245
v -151.607788 -18.823168 146.874969
v -153.982651 7.918613 147.394424
v -153.728088 7.287888 148.016434
v -155.374390 -31.171621 151.111694
v -151.383286 -30.487877 147.094696
v -152.127853 -31.318804 147.868988
v -152.873947 -16.557066 148.065659
v -155.483215 -16.834890 159.654358
v -158.866989 -4.920384 163.500015
v -163.466080 11.500511 168.715439
v -149.851608 11.656460 155.452133
v -155.756775 11.649596 149.590927
v -169.014771 11.537189 163.160614
v -151.797791 -8.709242 146.708649
v -140.781021 7.170473 145.919724
v -144.095306 -33.785141 147.692413
v -145.815323 -35.856617 149.287109
v -153.959518 -35.085991 157.424591
v -152.138855 -35.938072 155.657059
v -167.384903 9.766118 172.558136
v -172.876144 9.803853 167.093765
v -156.633926 -35.831608 152.538116
v -146.699417 6.711455 141.049240
vn 0.3973 -0.7359 0.5482
vn 0.8179 0.4205 0.3928
vn 0.2530 -0.5730 0.7795
vn 0.0363 -0.4003 0.9157
vn 0.6287 -0.7346 0.2552
vn 0.4211 0.5516 0.7200
vn 0.1894 0.2053 0.9602
vn 0.9414 -0.3338 -0.0491
vn 0.9865 -0.0468 0.1569
vn 0.8741 0.4041 0.2695
vn 0.8331 -0.4773 0.2797
vn 0.5433 -0.6175 0.5688
vn 0.1512 -0.2301 0.9613
vn 0.1696 -0.4053 0.8983
vn 0.6313 0.6264 0.4573
vn 0.2838 -0.5349 0.7958
vn 0.5644 -0.8214 0.0824
vn 0.3825 0.5436 0.7471
vn -0.0570 -0.9616 0.2683
vn 0.1789 0.2044 0.9624
vn 0.9878 -0.1402 0.0675
vn 0.0577 -0.1257 0.9904
vn 0.9013 -0.4017 0.1621
vn 0.3042 -0.3778 0.8745
vn 0.4705 -0.8492 -0.2398
vn -0.4888 -0.5270 0.6952
vn -0.1236 -0.5868 0.8002
vn -0.0000 -1.0000 -0.0000
vn 0.5329 -0.5711 0.6244
vn -0.0147 -0.9999 0.0048
vn 0.0927 -0.9949 0.0395
vn 0.0286 -0.9996 -0.0069
vn 0.5534 -0.4607 0.6939
vn 0.0378 -0.9982 -0.0461
vn -0.2682 -0.8261 -0.4955
vn -0.8517 -0.5229 -0.0344
vn -0.0646 -0.8367 -0.5438
vn -0.6540 -0.6906 0.3088
vn 0.0433 -0.9973 -0.0601
vn 0.5678 -0.6664 -0.4832
vn -0.8870 -0.4576 0.0617
vn -0.0042 -0.4790 0.8778
vn 0.0126 -0.9992 -0.0369
vn 0.5693 -0.7594 0.3149
vn -0.0329 -0.9993 0.0169
vn -0.6026 -0.7426 0.2921
vn -0.3178 -0.8923 0.3208
vn -0.2032 -0.9757 0.0822
vn -0.3990 -0.8523 0.3382
vn -0.4588 -0.6543 -0.6012
vn -0.0054 -1.0000 0.0070
vn -0.0026 -1.0000 0.0038
vn -0.6835 -0.4896 -0.5414
vn -0.3859 0.8726 0.2994
vn -0.0749 0.9516 0.2981
vn -0.6575 0.1367 0.7409
vn 0.5605 0.1489 0.8146
vn -0.9863 0.1555 -0.0557
vn -0.2873 0.8293 0.4792
vn 0.9593 0.1634 0.2305
vn 0.4435 -0.1367 -0.8858
vn -0.1830 0.1578 -0.9704
vn -0.9837 -0.1750 0.0409
vn -0.7152 0.1948 0.6713
vn 0.4877 -0.1777 -0.8547
vn -0.9893 -0.1424 0.0331
vn 0.9047 -0.0435 -0.4238
vn 0.2103 0.0316 -0.9771
vn 0.0128 -0.1443 0.9894
vn 0.8211 0.2053 -0.5326
vn -0.0981 -0.2340 -0.9673
vn -0.8895 0.1421 -0.4342
vn -0.7435 -0.1768 0.6449
vn -0.0319 0.1891 0.9814
vn 0.9856 -0.1676 -0.0209
vn -0.5170 -0.1972 -0.8330
vn 0.6032 0.1833 -0.7763
vn -0.9800 0.1896 -0.0608
vn -0.4030 -0.1784 0.8976
vn 0.6753 0.7370 -0.0285
vn -0.0600 0.9959 -0.0681
vn 0.5441 0.1520 -0.8251
vn -0.7571 -0.2413 -0.6071
vn -0.6958 -0.0267 0.7177
vn -0.1148 0.1480 0.9823
vn -0.8624 -0.5011 -0.0722
vn -0.4728 -0.8803 -0.0389
vn -0.6180 -0.7623 0.1925
vn 0.0921 -0.7268 0.6806
vn -0.0476 -0.9672 -0.2495
vn 0.0039 -0.9080 0.4191
vn -0.0255 -0.9506 -0.3095
vn 0.1897 -0.9808 -0.0460
vn 0.4173 -0.7788 -0.4683
vn 0.2955 -0.9551 -0.0205
vn -0.4631 -0.8531 -0.2405
vn 0.2540 -0.9415 0.2213
vn -0.2824 -0.7760 -0.5640
vn -0.5603 -0.8102 -0.1721
vn -0.1993 -0.9556 -0.2168
vn -0.1102 -0.9007 -0.4202
vn -0.0372 -0.9377 0.3455
vn 0.3725 -0.9255 0.0694
vn 0.2128 -0.8188 0.5331
vn -0.3272 -0.9413 -0.0836
vn 0.3466 -0.9325 0.1019
vn -0.1683 -0.8912 -0.4212
vn 0.0561 -0.9183 0.3918
vn -0.4915 -0.8381 -0.2365
vn -0.0992 -0.9425 -0.3192
vn -0.3950 -0.9059 -0.1528
vn 0.5187 -0.8200 0.2421
vn -0.1323 -0.9761 0.1722
vn -0.0532 -0.9978 -0.0399
vn -0.2111 -0.6377 0.7408
vn 0.3189 -0.9423 0.1023
vn 0.0482 -0.9641 0.2613
vn -0.0676 -0.9416 -0.3300
vn -0.3483 -0.9373 -0.0103
vn -0.2332 -0.9491 -0.2118
vn 0.4468 -0.8776 0.1739
vn -0.0965 -0.9764 -0.1931
vn 0.0611 -0.9973 0.0418
vn -0.0152 -0.9548 0.2969
vn 0.0258 -0.9878 0.1539
vn -0.0668 -0.9969 0.0426
vn -0.0696 -0.9895 -0.1266
vn -0.2868 -0.9172 -0.2767
vn 0.0926 -0.9902 0.1043
vn -0.1258 -0.9776 -0.1685
vn -0.4538 -0.8633 -0.2209
vn 0.5059 -0.8371 0.2079
vn -0.0008 -0.9933 0.1155
vn -0.0650 -0.9970 -0.0422
vn -0.8165 -0.5765 -0.0304
vn 0.3312 -0.7383 0.5876
vn 0.1709 -0.9769 0.1280
vn 0.0314 -0.5764 0.8165
vn 0.0451 -0.9967 0.0674
vn -0.9401 0.1685 -0.2963
vn -0.9127 0.0484 -0.4057
vn -0.3449 0.0389 -0.9378
vn -0.2422 0.1332 -0.9610
vn -0.8822 0.3490 0.3160
vn -0.9997 -0.0128 -0.0212
vn 0.2878 0.0149 -0.9576
vn 0.7497 0.5385 -0.3846
vn 0.7235 0.6069 -0.3291
vn -0.6273 0.7482 -0.2162
vn -0.9447 0.1949 -0.2637
vn -0.3421 0.0102 -0.9396
vn -0.1995 0.1542 -0.9677
vn 0.7816 0.5835 -0.2205
vn -0.2862 0.6123 0.7370
vn -0.9642 0.1676 -0.2056
vn -0.2585 0.1926 -0.9466
vn -0.2545 0.5744 0.7780
vn -0.0269 0.7240 -0.6892
vn -0.9600 0.1709 -0.2218
vn -0.2897 0.1620 -0.9433
vn -0.4040 0.5036 0.7637
vn 0.0032 0.7355 -0.6775
vn -0.8169 0.4605 -0.3473
vn 0.6324 -0.5879 -0.5044
vn 0.3211 0.5182 0.7927
vn 0.1482 0.1496 0.9776
vn 0.9459 0.1707 0.2759
vn -0.7791 0.5838 0.2285
vn 0.2709 0.6299 -0.7279
vn 0.2232 0.1661 0.9605
vn 0.9616 0.1729 0.2131
vn 0.2378 0.5848 -0.7755
vn -0.7820 0.5919 0.1954
vn -0.0231 0.7631 0.6458
vn 0.6092 0.7695 0.1918
vn 0.9626 0.1678 0.2126
vn 0.3367 0.0109 0.9416
vn 0.2685 0.2161 0.9387
vn -0.7665 0.6112 0.1974
vn 0.2729 0.5794 -0.7680
vn 0.9775 -0.0245 -0.2097
vn -0.0994 -0.0009 0.9951
vn -0.3855 0.3458 0.8554
vn 0.7676 0.6369 0.0725
vn 0.8970 0.2865 -0.3365
vn 0.0331 -0.0082 0.9994
vn 0.0597 -0.5484 0.8341
vn 0.3215 -0.3065 0.8959
vn 0.2673 -0.5797 0.7697
vn 0.0373 -0.2926 0.9555
vn 0.2958 -0.7065 0.6429
vn -0.6808 -0.6069 -0.4100
vn -0.6890 -0.5084 -0.5165
vn -0.8600 -0.2828 -0.4248
vn -0.9381 -0.3025 0.1689
vn -0.5962 -0.2281 -0.7697
vn -0.6585 -0.3267 -0.6780
vn -0.6131 0.0936 -0.7845
vn -0.7781 -0.4670 -0.4200
vn -0.2827 0.6797 -0.6768
vn -0.7356 -0.6252 0.2607
vn -0.7841 -0.1786 0.5944
vn -0.4071 -0.8967 0.1740
vn -0.6544 -0.7483 -0.1086
vn -0.8275 -0.2931 -0.4788
vn -0.8522 -0.1762 -0.4927
vn -0.9514 -0.2605 -0.1642
vn -0.7614 0.0647 -0.6451
vn -0.4855 0.5682 -0.6643
vn 0.1149 0.7775 -0.6183
vn -0.4631 0.8170 -0.3436
vn -0.2315 0.9405 -0.2487
vn -0.4509 0.7981 -0.3997
vn -0.4387 0.8085 -0.3921
vn -0.0950 0.9895 -0.1087
vn 0.1829 0.9659 0.1833
vn 0.2071 0.9555 0.2102
vn -0.3557 0.7833 -0.5098
vn -0.4910 0.6324 -0.5992
vn -0.4975 0.6088 -0.6179
vn 0.0441 -0.1800 -0.9827
vn -0.0259 -0.0884 -0.9958
vn -0.9311 -0.0711 -0.3577
vn -0.0129 -0.5544 -0.8322
vn 0.6725 0.4401 0.5950
vn 0.3456 -0.3155 0.8838
vn 0.4998 -0.2540 0.8281
vn 0.9929 -0.1111 0.0415
vn 0.7544 0.6034 0.2585
vn 0.1090 -0.1835 0.9770
vn 0.7827 -0.6224 -0.0053
vn 0.0103 -0.6334 0.7737
vn 0.5778 -0.2663 0.7715
vn -0.3435 -0.7567 0.5563
vn -0.2956 -0.9372 0.1853
vn -0.2601 -0.8425 0.4718
vn 0.1340 -0.6111 0.7801
vn 0.4552 -0.5608 0.6916
vn 0.5490 0.6292 -0.5502
vn -0.2122 0.9604 0.1807
vn 0.2761 0.9252 0.2602
vn 0.5668 0.8086 0.1576
vn 0.0669 0.9956 -0.0653
vn 0.0184 0.9998 -0.0074
vn -0.0834 0.9955 -0.0439
vn -0.2389 -0.5577 -0.7949
vn 0.3458 0.9059 -0.2444
vn -0.0159 0.9997 -0.0175
vn -0.1739 0.9184 -0.3554
vn 0.3922 0.4753 -0.7876
vn -0.4522 0.8827 0.1283
vn -0.2713 0.9185 0.2875
vn 0.5002 0.6892 0.5242
vn 0.3840 0.5969 0.7045
vn -0.0297 0.9973 0.0670
vn -0.0315 0.9995 0.0091
vn -0.4196 0.8061 -0.4173
vn 0.0112 0.9994 -0.0333
vn -0.6482 0.2011 -0.7345
vn 0.4677 0.8002 -0.3755
vn 0.4628 0.8857 -0.0372
vn 0.0421 0.9972 0.0620
vn 0.5045 0.8105 0.2974
vn -0.0551 0.9976 0.0411
vn -0.5848 0.7723 0.2480
vn 0.8148 -0.0281 0.5791
vn 0.8807 -0.1814 -0.4376
vn 0.9854 0.1290 0.1115
vn -0.2406 0.2154 -0.9464
vn -0.3090 -0.1934 -0.9312
vn -0.9856 -0.0621 -0.1575
vn 0.9968 -0.0463 0.0650
vn 0.3099 -0.5533 -0.7732
vn 0.9161 0.1445 -0.3739
vn -0.3882 -0.0598 -0.9196
vn -0.6797 0.1206 -0.7235
vn -0.9793 -0.0868 0.1827
vn -0.3377 0.5795 0.7417
vn 0.3971 0.4542 -0.7975
vn -0.8045 0.4995 -0.3215
vn 0.7564 0.6171 0.2170
vn -0.6054 0.3526 -0.7136
vn 0.8537 0.5180 0.0529
vn 0.2896 0.6391 -0.7125
vn -0.5916 0.5533 0.5864
vn -0.1919 0.0800 0.9781
vn -0.0974 -0.4365 0.8944
vn -0.4800 0.0194 0.8771
vn 0.0546 -0.2319 0.9712
vn 0.4573 -0.0015 -0.8893
vn 0.6314 -0.6529 -0.4185
vn 0.4401 -0.6556 -0.6135
vn 0.8487 -0.0224 -0.5284
vn 0.1348 0.9760 0.1713
vn 0.0158 0.9997 0.0188
vn -0.5921 0.7438 -0.3103
vn -0.8709 0.3292 -0.3649
vn -0.3929 0.2567 -0.8830
vn -0.6191 0.7035 -0.3490
vn 0.4033 0.8420 0.3583
vn 0.1680 0.9442 -0.2833
vn 0.5975 0.7220 0.3487
vn 0.5533 0.6964 0.4570
vn -0.6837 -0.5921 0.4265
vn -0.9559 -0.2503 0.1536
vn -0.3839 -0.5505 0.7414
vn -0.1106 -0.2126 0.9709
vn -0.7247 -0.1223 0.6781
vn -0.7867 -0.6171 0.0177
vn -0.6670 -0.1143 0.7362
vn -0.0161 -0.6124 0.7904
vn -0.8036 -0.5350 0.2609
vn -0.5819 -0.0083 -0.8132
vn -0.5876 0.0571 -0.8071
vn -0.6307 0.2765 -0.7251
vn -0.6787 0.1712 -0.7142
vn -0.7592 0.0351 -0.6499
vn -0.7197 -0.1453 -0.6789
vn -0.3990 0.4191 -0.8155
vn 0.6445 -0.2501 0.7226
vn 0.6688 -0.3186 0.6717
vn 0.6959 -0.3902 0.6029
vn 0.1969 0.9587 -0.2054
vn 0.6891 0.6486 0.3232
vn 0.7959 0.5986 -0.0913
vn 0.0535 -0.9812 0.1854
vn 0.4236 0.7189 0.5511
vn -0.4217 0.7914 0.4426
vn 0.2568 0.8152 0.5191
vn -0.5558 0.7204 -0.4149
vn -0.1403 0.8473 -0.5123
vn 0.0880 0.6038 -0.7923
vn -0.4957 0.8531 -0.1628
vn -0.1995 -0.9395 0.2785
vn 0.3253 0.1850 0.9273
vn 0.9468 0.1731 0.2712
vn 0.1453 -0.9808 0.1300
vn 0.0348 -0.9989 0.0320
vn 0.1592 -0.9636 0.2146
vn -0.1339 -0.9804 -0.1448
vn -0.0264 -0.9994 -0.0243
vn -0.2158 -0.9635 -0.1583
vn 0.1211 -0.9771 0.1748
vn 0.2990 -0.9314 0.2074
vn 0.2827 -0.9387 0.1975
vn -0.1044 -0.9847 -0.1392
vn -0.2053 -0.9342 -0.2919
vn -0.0898 -0.9908 -0.1011
vn -0.5509 -0.7962 0.2501
vn -0.1573 -0.9868 -0.0391
vn 0.1327 -0.9784 0.1586
vn 0.1627 -0.9620 0.2193
vn -0.1632 -0.9784 -0.1264
vn 0.0105 -0.9996 -0.0274
vn -0.3041 -0.9256 -0.2255
vn -0.1831 -0.9620 -0.2026
vn 0.2456 -0.9246 0.2912
vn 0.3161 -0.9259 0.2071
vn 0.1076 -0.9914 0.0745
vn 0.1133 -0.9918 0.0599
vn 0.1189 -0.9472 -0.2976
vn -0.1233 -0.9431 0.3089
vn 0.0487 -0.9967 0.0650
vn -0.0397 -0.9991 -0.0167
vn -0.2792 -0.9481 0.1519
vn -0.0105 -0.9999 0.0009
vn -0.0021 -1.0000 -0.0074
vn -0.0448 -0.9981 -0.0421
vn 0.0773 -0.9936 0.0822
vn -0.3244 0.8965 0.3017
vn 0.2095 0.8283 0.5196
vn 0.2681 0.8556 -0.4429
vn 0.4810 0.8729 0.0820
vn -0.4583 0.8527 0.2509
vn 0.0780 0.8855 0.4581
vn -0.5056 0.1339 0.8523
vn 0.2964 0.8596 -0.4161
vn 0.8712 0.1631 -0.4631
vn 0.5035 0.8568 0.1114
vn 0.6916 0.0965 0.7158
vn 0.1928 0.8083 0.5563
vn 0.5539 0.8096 0.1945
vn 0.6898 0.1046 0.7165
vn 0.2158 0.8099 0.5454
vn 0.5687 0.8019 0.1832
vn 0.6902 0.1157 0.7143
vn 0.2043 0.8079 0.5528
vn 0.5634 0.8032 0.1934
vn -0.5558 0.8080 -0.1955
vn -0.6942 0.1085 -0.7116
vn -0.1959 0.8077 -0.5560
vn -0.0444 0.8843 -0.4647
vn -0.4764 0.8741 -0.0944
vn 0.5071 0.1385 -0.8507
vn -0.5515 0.8087 -0.2044
vn -0.7038 0.1043 -0.7027
vn -0.1872 0.8085 -0.5579
vn -0.1892 0.8258 -0.5313
vn -0.4477 0.8926 -0.0532
vn 0.4655 0.1602 -0.8704
vn -0.8605 0.1416 0.4894
vn -0.5482 0.8061 -0.2229
vn -0.7064 0.1198 -0.6976
vn -0.1827 0.8031 -0.5671
vn -0.3711 0.4750 -0.7979
vn -0.8345 0.4409 -0.3306
vn -0.8801 0.3184 -0.3523
vn -0.3291 0.7374 -0.5899
vn 0.8000 0.4813 0.3583
vn 0.0905 0.7312 0.6762
vn 0.4359 0.2019 0.8770
vn 0.3004 0.7301 0.6138
vn 0.7682 0.2297 0.5976
vn -0.9667 0.2554 -0.0148
vn -0.2347 0.8101 -0.5372
vn -0.2524 0.3077 -0.9174
vn -0.6045 0.7964 0.0165
vn -0.3326 0.9390 0.0871
vn -0.0921 0.9905 -0.1018
vn -0.0274 -0.9969 -0.0741
vn -0.2673 0.8084 0.5244
vn 0.5787 0.8156 -0.0006
vn 0.2077 0.3034 0.9299
vn 0.9409 0.2598 0.2174
vn 0.6359 0.0513 0.7701
vn 0.4049 0.8812 0.2438
vn 0.4866 0.6622 0.5699
vn 0.1627 0.7844 0.5985
vn -0.7997 0.5115 -0.3145
vn -0.4021 0.3369 -0.8514
vn -0.2996 0.7452 -0.5958
vn 0.7917 0.5066 0.3414
vn 0.3734 0.4109 0.8317
vn 0.3239 0.7291 0.6029
vn 0.8599 0.3450 0.3762
vn -0.9272 0.3693 -0.0627
vn 0.0693 0.7537 -0.6535
vn -0.1781 0.3138 -0.9326
vn -0.4444 0.8812 0.1613
vn -0.6323 0.6712 -0.3869
vn -0.1816 0.8105 -0.5568
vn 0.3503 0.8125 -0.4660
vn 0.0693 0.4487 0.8910
vn 0.8708 0.4321 0.2345
vn -0.5116 0.8095 0.2881
vn 0.2177 0.7694 0.6005
vn 0.8698 0.4563 0.1878
vn -0.3420 0.4867 -0.8038
vn -0.8472 0.3789 -0.3723
vn 0.4331 -0.6790 -0.5927
vn 0.8055 0.4989 0.3197
vn 0.3929 0.3305 0.8581
vn 0.8791 0.3121 0.3603
vn 0.3268 0.7250 0.6063
vn -0.9181 0.3575 -0.1712
vn -0.5829 0.8124 0.0173
vn -0.1664 0.4567 -0.8739
vn 0.1319 0.9319 -0.3379
vn -0.1995 0.7840 -0.5878
vn 0.8668 0.4941 0.0668
vn 0.3006 0.8136 -0.4977
vn -0.0944 0.7930 0.6019
vn 0.0822 0.3069 0.9482
vn -0.5244 0.8297 0.1913
vn 0.4069 0.6664 0.6248
vn 0.5924 0.7761 0.2162
vn -0.3123 0.5085 -0.8024
vn -0.8123 0.4306 -0.3933
vn 0.0764 0.9421 -0.3264
vn -0.8450 0.3882 -0.3678
vn 0.8280 0.4549 0.3280
vn 0.4343 0.3212 0.8416
vn 0.3255 0.9395 -0.1067
vn 0.2755 0.7800 0.5619
vn -0.5940 0.7989 0.0943
vn -0.1333 0.4351 -0.8905
vn -0.9464 0.2824 -0.1566
vn 0.5606 0.7553 -0.3394
vn -0.5632 0.5727 -0.5956
vn 0.8912 0.3938 0.2252
vn 0.4182 0.8550 -0.3068
vn 0.1940 0.4457 0.8739
vn -0.0711 0.9321 0.3552
vn 0.6431 0.6552 0.3965
vn 0.2646 0.4238 0.8662
vn -0.3242 -0.6048 0.7274
vn -0.7740 0.6120 0.1624
vn -0.2979 0.9501 0.0927
vn -0.7617 -0.5498 0.3428
vn -0.0337 0.8870 0.4605
vn -0.4648 0.8844 0.0430
vn -0.0139 0.9112 0.4117
vn -0.2156 0.6659 0.7142
vn 0.7195 0.2688 0.6404
vn 0.8116 0.0509 0.5820
vn 0.1740 0.3754 0.9104
vn 0.8665 0.4983 0.0278
vn 0.5287 0.8372 0.1397
vn 0.1952 0.7910 -0.5799
vn -0.9059 0.2902 -0.3083
vn -0.1208 0.2608 -0.9578
vn 0.0548 0.9130 -0.4043
vn -0.2669 0.8567 0.4413
vn 0.5537 0.1919 -0.8103
vn 0.2709 0.8590 -0.4345
vn 0.7689 0.2110 -0.6036
vn 0.8551 0.4397 -0.2748
vn 0.4380 0.8564 -0.2735
vn 0.4775 0.8415 -0.2527
vn -0.8154 0.3335 0.4732
vn -0.4187 0.8632 0.2821
vn -0.2440 0.8361 0.4913
vn -0.4604 0.3538 0.8141
vn -0.2312 0.8431 0.4856
vn 0.6083 0.2858 -0.7405
vn 0.2758 0.8622 -0.4249
vn 0.9634 0.2561 -0.0795
vn 0.8036 0.1591 -0.5735
vn 0.7809 0.5859 -0.2165
vn 0.4329 0.8544 -0.2873
vn 0.3354 0.8881 -0.3141
vn 0.6361 0.7611 0.1271
vn -0.4547 0.8515 0.2612
vn -0.7248 0.2822 0.6285
vn -0.9510 0.2696 0.1517
vn -0.2278 0.8401 0.4923
vn -0.4191 0.3633 0.8321
vn -0.0234 0.8415 0.5397
vn 0.2816 0.4619 0.8411
vn -0.0205 0.7401 0.6722
vn -0.2812 0.8842 0.3729
vn 0.2220 0.2882 -0.9315
vn -0.0540 0.7610 -0.6464
vn 0.5598 0.3334 -0.7586
vn 0.2140 0.9067 -0.3634
vn -0.6774 0.7353 0.0198
vn -0.5613 0.8109 0.1655
vn -0.9959 0.0648 0.0632
vn -0.5870 0.8091 -0.0268
vn -0.8472 0.4565 -0.2720
vn 0.7696 0.1888 -0.6100
vn 0.6598 0.5991 -0.4535
vn 0.9630 0.2465 -0.1088
vn 0.6538 0.7553 0.0448
vn 0.2870 0.9302 -0.2287
vn 0.2081 0.2510 -0.9454
vn -0.2406 0.8254 -0.5106
vn 0.2812 0.8687 -0.4077
vn 0.4769 0.3747 -0.7951
vn 0.4461 0.8585 -0.2529
vn 0.8236 0.2443 -0.5119
vn 0.4767 0.8374 0.2673
vn -0.2563 0.8342 0.4882
vn -0.8733 0.1598 0.4602
vn 0.3648 0.8834 -0.2940
vn 0.4705 0.1635 -0.8671
vn -0.3589 0.8810 0.3082
vn -0.4674 0.1560 0.8702
vn 0.2793 0.8740 -0.3976
vn 0.8679 0.1638 -0.4689
vn -0.2080 0.8088 -0.5501
vn -0.6847 0.1153 -0.7197
vn 0.2010 0.8144 -0.5444
vn 0.5969 0.3341 -0.7294
vn -0.7757 0.1850 0.6033
vn -0.8058 0.4944 0.3260
vn -0.3780 0.8712 0.3132
vn -0.5593 0.8080 -0.1851
vn -0.2149 0.3088 0.9265
vn 0.7128 0.1038 0.6936
vn 0.1903 0.8030 0.5648
vn -0.2983 0.8551 0.4240
vn -0.5085 0.2666 0.8188
vn 0.8092 0.2182 -0.5456
vn 0.5740 0.8019 -0.1656
vn 0.5496 0.8102 0.2037
vn -0.8469 0.0850 0.5249
vn -0.2607 0.8554 0.4475
vn -0.3861 0.8747 0.2931
vn -0.2917 -0.9488 0.1210
vn 0.8370 0.1352 -0.5302
vn 0.2872 0.8838 -0.3693
vn 0.3464 -0.9337 -0.0905
vn 0.4400 0.8576 -0.2663
vn -0.4971 0.8312 0.2491
vn -0.8568 0.2468 0.4528
vn -0.5618 0.2125 0.7995
vn -0.1339 0.5247 0.8407
vn -0.2339 0.8280 0.5096
vn -0.3552 0.2777 -0.8926
vn 0.1770 0.9322 -0.3156
vn -0.0169 0.8136 -0.5812
vn 0.5597 0.7816 -0.2754
vn 0.8075 0.4723 0.3535
vn 0.3435 0.9343 -0.0954
vn 0.3665 0.8972 -0.2463
vn -0.5515 0.8181 0.1627
vn -0.5544 0.8221 0.1297
vn -0.5731 0.7993 0.1807
vn -0.1390 0.8192 0.5565
vn 0.2215 0.8330 -0.5070
vn -0.5316 0.8375 -0.1263
vn 0.5210 0.8385 -0.1598
vn -0.2246 0.8441 0.4869
vn -0.0942 0.8738 -0.4771
vn -0.4859 0.8708 -0.0746
vn 0.5040 0.8485 0.1615
vn 0.1415 0.8525 0.5032
vn 0.1885 0.8442 0.5018
vn 0.4881 0.8614 0.1406
vn -0.1714 0.8501 -0.4979
vn -0.4644 0.8852 -0.0255
vn -0.2473 -0.9474 -0.2034
vn -0.1123 -0.9890 -0.0964
vn -0.1198 -0.9763 -0.1801
vn 0.0933 -0.9892 0.1130
vn 0.2019 -0.9469 0.2503
vn 0.1776 -0.9770 0.1184
vn -0.2179 -0.9300 -0.2960
vn -0.0269 -0.9995 0.0133
vn -0.1211 -0.9800 -0.1578
vn -0.1932 -0.9674 -0.1636
vn 0.2042 -0.9671 0.1520
vn 0.1462 -0.9814 0.1243
vn 0.2033 -0.9701 0.1328
vn 0.1182 -0.9768 0.1787
vn 0.2565 -0.8802 0.3992
vn 0.0576 -0.9929 0.1044
vn -0.1327 -0.9801 -0.1475
vn 0.2544 -0.9493 0.1844
vn 0.0698 -0.9953 0.0670
vn -0.0389 -0.9984 -0.0419
vn -0.0026 -1.0000 0.0025
vn 0.6416 0.7074 -0.2966
vn -0.5786 0.8152 -0.0268
vn 0.4279 0.8299 -0.3580
vn -0.2211 0.8462 -0.4848
vn -0.4775 0.8778 0.0392
vn 0.0866 0.9940 0.0668
vn -0.0124 0.9943 0.1059
vn 0.0118 0.9984 0.0557
vn 0.0124 0.9996 0.0247
vn 0.0093 0.9999 -0.0122
vn 0.2590 0.7018 -0.6636
vn 0.3905 0.8426 -0.3708
vn 0.4359 0.8209 0.3690
vn 0.0023 0.9999 0.0171
vn 0.4196 0.8724 -0.2509
vn 0.0108 0.9997 0.0219
vn 0.4640 0.8597 0.2135
vn 0.0813 0.9927 0.0885
vn 0.3679 0.8680 -0.3335
vn 0.0291 0.9995 -0.0140
vn 0.0110 0.9999 -0.0047
vn 0.0048 0.9997 0.0225
vn 0.0120 0.9996 -0.0268
vn -0.0231 0.9997 -0.0001
vn 0.0594 0.9896 0.1308
vn -0.0212 0.9997 -0.0153
vn -0.5070 0.8390 -0.1976
vn 0.0209 0.8194 -0.5728
vn -0.0118 0.9997 0.0206
vn -0.0215 0.9997 -0.0134
vn 0.6839 0.3551 -0.6373
vn 0.3125 0.8882 -0.3367
vn 0.1564 0.8655 0.4759
vn 0.6247 0.7733 -0.1086
vn -0.0358 0.9993 0.0062
vn 0.8512 0.3455 -0.3951
vn 0.7784 0.5799 0.2404
vn -0.6779 0.6560 0.3318
vn -0.1624 0.1022 0.9814
vn 0.3328 0.6277 0.7037
vn 0.1135 0.9340 0.3388
vn -0.4997 0.7850 0.3662
vn -0.4063 0.7175 0.5658
vn -0.4638 0.7618 0.4523
vn 0.0929 0.9957 0.0056
vn -0.0039 0.9999 0.0128
vn -0.0070 0.9997 0.0254
vn 0.6194 0.7398 -0.2627
vn -0.7854 -0.1641 -0.5968
vn -0.9573 0.2881 0.0240
vn -0.8015 -0.1592 0.5764
vn -0.1908 0.1755 0.9658
vn -0.4924 0.3023 0.8162
vn 0.2655 -0.2214 0.9383
vn 0.7462 0.2087 0.6321
vn -0.8933 -0.4078 -0.1888
vn -0.3968 -0.8098 0.4323
vn -0.3212 0.8642 -0.3872
vn -0.5384 0.8039 0.2528
vn -0.7269 0.6228 -0.2893
vn 0.6637 0.2848 -0.6917
vn 0.7396 0.3391 -0.5814
vn 0.3531 -0.5213 -0.7769
vn 0.9565 0.2227 0.1887
vn 0.4228 0.1680 0.8905
vn 0.8775 -0.1454 0.4570
vn 0.6216 -0.1551 0.7678
vn 0.4283 0.2516 -0.8679
vn 0.6978 0.1642 -0.6972
vn -0.5192 0.6312 -0.5762
vn -0.0000 1.0000 -0.0000
vn 0.8102 0.2313 -0.5387
vn -0.6898 0.1099 -0.7157
vn -0.6124 0.6247 -0.4846
vn -0.5434 0.6170 0.5692
vn 0.2618 0.6520 -0.7116
vn 0.7467 0.4103 -0.5236
vn 0.5823 0.6037 0.5445
vn 0.7322 -0.0475 0.6795
vn 0.2592 0.8422 -0.4728
vn 0.7873 -0.6165 -0.0103
vn 0.9937 -0.1100 0.0236
vn 0.7676 -0.2339 0.5968
vn 0.9682 -0.2463 0.0435
vn 0.8839 -0.4442 0.1463
vn 0.6791 -0.5892 0.4379
vn 0.9985 -0.0548 0.0003
vn -0.0085 -0.0791 0.9968
vn 0.8081 -0.5754 -0.1262
vn 0.2105 -0.5809 -0.7863
vn -0.5465 -0.3054 -0.7798
vn -0.9970 -0.0772 0.0077
vn -0.5974 -0.4085 -0.6901
vn 0.0031 -0.0548 -0.9985
vn -0.2293 -0.5807 -0.7811
vn -0.1279 -0.4081 -0.9039
vn -0.0199 -0.2335 -0.9721
vn -0.0205 -0.1172 -0.9929
vn -0.0049 -0.6156 -0.7880
vn -0.8559 -0.0441 -0.5152
vn -0.9783 -0.0818 -0.1906
vn -0.5240 -0.8501 0.0527
vn -0.1863 -0.9420 0.2793
vn -0.6074 -0.7933 0.0408
vn 0.1495 -0.8682 -0.4732
vn 0.6548 -0.5857 0.4777
vn 0.1421 -0.5311 -0.8353
vn -0.3281 -0.4996 0.8017
vn -0.7877 -0.6117 -0.0731
vn 0.8747 -0.4307 0.2221
vn -0.6342 -0.7509 0.1845
vn -0.2900 -0.8800 -0.3761
vn 0.0400 -0.8212 0.5692
vn 0.1946 -0.8547 -0.4813
vn 0.6092 -0.7667 0.2025
vn 0.7620 -0.4699 -0.4455
vn 0.0970 -0.6137 0.7836
vn -0.6104 -0.4670 -0.6398
vn 0.1403 -0.6232 -0.7694
vn 0.7915 -0.6019 -0.1062
vn 0.1187 -0.9825 -0.1435
vn -0.3020 -0.5924 -0.7469
vn 0.1941 -0.9549 -0.2246
vn 0.1475 -0.9772 -0.1528
vn 0.1536 -0.9752 -0.1596
vn -0.2780 -0.6221 -0.7319
vn 0.1779 -0.9736 -0.1431
vn 0.7323 -0.5750 0.3648
vn 0.1662 -0.9529 -0.2536
vn 0.2016 -0.9686 -0.1452
vn 0.2682 -0.9325 -0.2417
vn -0.0641 -0.8574 0.5106
vn 0.8325 -0.4381 0.3390
vn 0.3269 -0.9032 -0.2782
vn 0.4657 -0.7937 -0.3913
vn -0.0621 -0.4803 -0.8749
vn 0.9140 -0.3873 -0.1210
vn 0.3960 -0.2736 -0.8765
vn 0.8604 -0.2203 -0.4595
vn 0.9824 -0.1700 -0.0774
vn -0.5376 -0.8405 0.0668
vn 0.9100 -0.0468 0.4120
vn 0.9600 -0.0193 -0.2793
vn 0.9813 -0.0461 0.1871
vn -0.4615 -0.0484 -0.8858
vn -0.6749 -0.0522 -0.7361
vn -0.3010 -0.0275 -0.9532
vn -0.2650 -0.0449 -0.9632
vn 0.1855 -0.0210 -0.9824
vn 0.8850 0.1775 0.4305
vn -0.5170 0.1023 0.8498
vn 0.3205 -0.2012 0.9256
vn 0.8639 0.1384 -0.4842
vn 0.6925 -0.0579 0.7191
vn -0.0879 0.0991 -0.9912
vn -0.5923 0.0549 0.8039
vn -0.9169 -0.2239 0.3305
vn -0.4536 0.0648 -0.8889
vn 0.9218 -0.3263 -0.2093
vn 0.5534 -0.0083 -0.8328
vn 0.7353 0.0144 0.6776
vn -0.5634 -0.1134 0.8183
vn -0.8840 0.2844 -0.3710
vn -0.3701 -0.0478 -0.9278
vn 0.9751 -0.0176 -0.2213
vn 0.5070 -0.0379 -0.8611
vn -0.8662 -0.2714 -0.4196
vn 0.3192 0.0427 0.9467
vn -0.7141 -0.0142 0.6999
vn -0.9109 0.2918 0.2917
vn -0.9569 0.2802 0.0763
vn -0.3836 0.0061 -0.9235
vn 0.7837 -0.0401 -0.6199
vn 0.4314 -0.1310 0.8926
vn -0.9661 0.2457 0.0791
vn 0.8580 -0.0150 -0.5134
vn -0.2619 0.2872 -0.9214
vn -0.5236 -0.1169 0.8439
vn 0.9363 0.0365 -0.3493
vn 0.7200 0.1965 0.6655
vn -0.9564 -0.0903 -0.2776
vn 0.9628 0.2171 0.1608
vn 0.1597 -0.3530 -0.9219
vn 0.5842 -0.2882 0.7587
vn -0.3865 0.0735 -0.9193
vn -0.6861 0.0438 0.7262
vn -0.9684 -0.2003 0.1483
vn 0.8194 0.1232 -0.5598
vn 0.6783 0.1209 0.7248
vn 0.0492 0.2048 0.9776
vn -0.4676 -0.5092 -0.7225
vn -0.9861 0.0347 0.1624
vn -0.9394 -0.0334 0.3411
vn -0.2577 -0.0342 0.9656
vn 0.7763 -0.0368 0.6292
vn -0.2433 0.3006 -0.9222
vn -0.2910 0.0713 -0.9540
vn 0.8087 0.2170 -0.5468
vn 0.9790 0.1567 0.1304
vn -0.1275 -0.2847 -0.9501
vn 0.7025 -0.2438 -0.6687
vn -0.8013 -0.1581 -0.5770
vn -0.9973 -0.0116 0.0726
vn -0.6421 0.2105 0.7372
vn 0.6009 -0.0126 0.7992
vn -0.9602 0.2755 -0.0457
vn -0.9101 -0.0029 -0.4144
vn -0.4905 -0.2641 0.8305
vn -0.1178 0.0845 -0.9894
vn 0.4774 0.0111 -0.8786
vn 0.9515 0.0235 -0.3068
vn 0.7585 0.2401 0.6058
vn 0.5658 0.0299 0.8240
vn -0.4987 0.0895 0.8621
vn 0.9492 -0.2476 0.1943
vn 0.0536 -0.1911 0.9801
vn -0.9076 -0.3340 -0.2546
vn 0.5700 -0.1243 0.8122
vn -0.4162 -0.0419 0.9083
vn 0.6999 0.0033 -0.7142
vn 0.5828 0.0993 -0.8066
vn -0.3400 0.2082 -0.9171
vn 0.9326 -0.0785 0.3523
vn -0.3289 0.1839 0.9263
vn -0.9808 -0.0205 -0.1940
vn 0.3061 0.1546 0.9394
vn -0.9911 0.0848 0.1026
vn -0.8235 0.1861 -0.5359
vn -0.4484 -0.1851 0.8745
vn -0.1908 -0.2242 -0.9557
vn 0.1544 0.2964 -0.9425
vn 0.9698 0.0088 -0.2436
vn 0.9749 -0.0713 0.2108
vn 0.6804 0.1636 -0.7143
vn -0.9993 0.0366 -0.0089
vn -0.2208 -0.3689 -0.9029
vn -0.8784 -0.0594 0.4742
vn 0.2505 -0.1175 0.9610
vn -0.4687 0.1971 -0.8611
vn 0.5644 0.0062 -0.8255
vn 0.3190 0.0366 0.9470
vn -0.8198 0.0457 0.5708
vn -0.8408 -0.3537 -0.4099
vn -0.0700 0.0659 -0.9954
vn 0.5167 -0.3638 0.7750
vn 0.9825 -0.1070 -0.1527
vn -0.6006 -0.1775 0.7796
vn -0.7028 0.2219 -0.6759
vn 0.6524 -0.0971 -0.7516
vn -0.9717 0.1437 0.1877
vn 0.9907 -0.1096 -0.0809
vn -0.2273 -0.0540 -0.9723
vn 0.7549 0.1271 0.6434
vn 0.3026 0.0245 -0.9528
vn -0.9862 -0.0234 -0.1637
vn -0.5183 0.0043 0.8552
vn 0.2357 -0.0024 0.9718
vn 0.8500 0.2591 -0.4588
vn -0.4529 -0.1138 -0.8843
vn -0.9308 0.0119 -0.3653
vn 0.1553 -0.0728 -0.9852
vn 0.9141 -0.1941 0.3560
vn 0.9212 -0.1671 -0.3514
vn -0.4731 -0.0098 0.8810
vn -0.5915 -0.1643 -0.7894
vn -0.0996 0.0791 -0.9919
vn 0.8267 0.3586 0.4335
vn 0.2657 -0.0728 0.9613
vn 0.2216 0.0524 0.9737
vn -0.9476 -0.1223 0.2950
vn 0.9536 0.2270 -0.1978
vn -0.8447 -0.2471 0.4748
vn 0.3233 -0.0476 -0.9451
vn -0.9643 0.0268 -0.2634
vn 0.9606 -0.0734 -0.2679
vn 0.6362 0.0295 0.7710
vn -0.2595 0.0047 -0.9657
vn 0.3433 -0.0069 0.9392
vn -0.8472 -0.1611 0.5062
vn -0.6522 -0.4554 0.6060
vn -0.9267 -0.3439 0.1514
vn -0.6276 -0.4651 0.6244
vn -0.9628 -0.1885 -0.1938
vn -0.6891 -0.3182 0.6511
vn -0.9970 -0.0695 -0.0337
vn -0.9541 0.2236 -0.1993
vn -0.6587 0.5365 -0.5276
vn -0.2710 0.4046 -0.8734
vn -0.8781 -0.4763 -0.0460
vn -0.6106 -0.7329 -0.2999
vn -0.4493 -0.8132 0.3700
vn -0.2208 -0.7196 -0.6584
vn 0.0646 -0.2854 -0.9562
vn -0.1396 -0.2346 -0.9620
vn -0.1915 -0.7198 -0.6673
vn -0.5230 -0.5753 -0.6289
vn -0.1955 -0.3559 -0.9139
vn -0.1121 0.0421 -0.9928
vn -0.8039 -0.5240 -0.2815
vn -0.9653 -0.2178 -0.1442
vn -0.3917 0.4204 -0.8185
vn -0.6998 0.5710 -0.4293
vn -0.9494 0.2284 -0.2158
vn 0.1911 -0.3563 0.9146
s 1
usemtl color_727980
f 1542//944 777//945 1541//946
f 1541//946 777//945 778//947
f 1540//948 1521//949 1542//944
f 1542//944 1521//949 777//945
f 1540//948 1520//950 1521//949
f 1539//951 1520//950 1540//948
f 777//945 1531//952 778//947
f 1531//952 1532//953 778//947
f 1517//954 1532//953 1531//952
f 1519//955 1532//953 1517//954
f 1539//951 1523//956 1520//950
f 1532//953 1543//957 778//947
f 1519//955 775//958 1532//953
f 1522//959 775//958 1519//955
f 1532//953 1533//960 1543//957
f 1522//959 776//961 775//958
f 1543//957 1533//960 1314//962
f 1522//959 774//963 776//961
f 1523//956 774//963 1522//959
f 1523//956 780//964 774//963
f 774//963 780//964 1505//965
f 780//964 1510//966 1505//965
f 1505//965 1510//966 779//967
f 1510//966 1538//968 779//967
f 1539//951 780//964 1523//956
f 781//969 1314//962 784//970
f 784//970 782//971 783//972
f 782//971 785//973 783//972
f 784//970 786//974 782//971
f 786//974 787//971 782//971
f 784//970 1533//960 786//974
f 1314//962 1533//960 784//970
f 1533//960 793//975 786//974
f 787//971 790//971 782//971
f 793//975 790//971 787//971
f 785//973 791//976 783//972
f 793//975 792//977 790//971
f 785//973 794//978 791//976
f 1533//960 792//977 793//975
f 788//979 1536//980 789//981
f 1536//980 792//977 1533//960
f 1536//980 795//982 792//977
f 790//983 798//984 794//985
f 792//977 795//982 796//971
f 1536//980 797//986 795//982
f 795//982 799//971 796//971
f 788//979 797//986 1536//980
f 798//987 803//988 800//989
f 803//988 1534//990 800//989
f 800//989 1534//990 794//978
f 797//986 801//971 799//971
f 797//986 802//971 801//971
f 799//971 801//971 796//971
f 788//979 802//971 797//986
f 796//971 801//971 803//988
f 804//971 805//991 803//988
f 801//971 804//971 803//988
f 805//991 1535//992 803//988
f 802//971 788//979 806//971
f 788//979 807//993 806//971
f 801//971 809//994 804//971
f 804//971 809//994 808//995
f 806//971 807//993 809//994
f 809//994 810//996 808//995
f 809//994 807//993 810//996
f 810//996 1535//992 805//991
f 810//996 805//991 808//995
f 1534//990 791//976 794//978
f 1535//992 1534//990 803//988
f 811//997 812//998 809//999
f 809//999 812//998 806//1000
f 785//1001 813//1002 794//985
f 797//1003 814//1004 795//1005
f 814//1004 815//1006 795//1005
f 795//1005 815//1006 799//1007
f 798//1008 816//1009 794//978
f 1244//1010 816//1011 798//987
f 794//978 816//1009 800//989
f 816//1009 817//1012 800//989
f 786//1013 1250//1014 787//1015
f 1250//1014 818//1016 787//1015
f 787//1015 818//1016 793//1017
f 1249//1018 819//1019 804//1020
f 804//1020 819//1019 805//1021
f 819//1019 820//1022 805//1021
f 815//1023 821//1024 792//1025
f 792//1025 821//1024 790//983
f 821//1024 822//1026 790//983
f 790//983 822//1026 798//984
f 822//1026 823//1027 798//984
f 798//984 823//1027 803//1028
f 1381//1029 1382//1030 1525//1031
f 1381//1029 1525//1031 1535//992
f 810//996 1381//1029 1535//992
f 824//1032 825//1033 1036//1034
f 824//1032 1538//968 825//1033
f 825//1033 1042//1035 1036//1034
f 1382//1030 826//1036 1525//1031
f 1525//1031 826//1036 827//1037
f 1382//1030 1150//1038 826//1036
f 828//1039 1033//1040 1036//1034
f 1047//1041 1033//1040 828//1039
f 1047//1041 829//1042 1033//1040
f 1382//1030 847//1043 1150//1038
f 829//1042 1051//1044 1033//1040
f 1148//1045 847//1043 1044//1046
f 847//1043 830//1047 1044//1046
f 1051//1044 1142//1048 1033//1040
f 847//1043 1141//1049 830//1047
f 1137//1050 1033//1040 1142//1048
f 847//1043 1140//1051 1141//1049
f 1137//1050 1055//1052 1033//1040
f 1058//1053 1033//1040 1055//1052
f 1058//1053 831//1054 1033//1040
f 1140//1051 847//1043 1139//1055
f 847//1043 1138//1056 1139//1055
f 1126//1057 1033//1040 831//1054
f 1126//1057 1123//1058 1033//1040
f 1138//1056 847//1043 1134//1059
f 1134//1059 847//1043 1132//1060
f 1123//1058 1117//1061 1033//1040
f 1117//1061 1115//1062 1033//1040
f 847//1043 832//1063 1132//1060
f 1132//1060 832//1063 833//1064
f 833//1064 832//1063 1121//1065
f 832//1063 1110//1066 1121//1065
f 1115//1062 876//1067 1033//1040
f 1115//1062 1108//1068 876//1067
f 876//1067 1108//1068 881//1069
f 1108//1068 1106//1070 881//1069
f 1110//1066 834//1071 1112//1072
f 832//1063 834//1071 1110//1066
f 1106//1070 1100//1073 881//1069
f 1112//1072 850//1074 835//1075
f 834//1071 850//1074 1112//1072
f 835//1075 850//1074 852//1076
f 836//1077 1027//1078 1100//1073
f 1100//1073 1027//1078 881//1069
f 835//1075 852//1076 1102//1079
f 852//1076 1099//1080 1102//1079
f 1099//1080 837//1081 838//1082
f 838//1082 837//1081 836//1077
f 852//1076 837//1081 1099//1080
f 836//1077 837//1081 1027//1078
f 1042//1035 828//1039 1036//1034
f 1148//1045 1150//1038 847//1043
f 1105//1083 1106//1084 1108//1085
f 1215//1086 1105//1083 1108//1085
f 1088//1087 836//1088 1100//1089
f 1231//1090 1088//1087 1100//1089
f 1118//1091 1080//1092 1115//1062
f 1118//1091 1115//1062 1117//1061
f 1074//1093 1123//1058 1126//1094
f 1127//1095 1074//1093 1126//1094
f 1136//1096 1135//1097 831//1054
f 1136//1096 831//1054 1058//1053
f 1068//1098 1055//1052 1137//1050
f 1186//1099 1068//1098 1137//1050
f 1096//1100 1142//1048 1051//1044
f 1071//1101 1096//1100 1051//1044
f 1168//1102 829//1042 1047//1041
f 1167//1103 1168//1102 1047//1041
f 1144//1104 828//1039 1042//1035
f 1146//1105 1144//1104 1042//1035
f 825//1033 1538//968 1152//1106
f 1538//968 839//1107 1152//1106
f 1538//968 827//1037 839//1107
f 827//1037 1098//1108 839//1107
f 826//1036 1098//1108 827//1037
f 840//1109 1143//1110 1044//1046
f 840//1109 1044//1046 830//1047
f 1072//1111 1073//1112 1141//1049
f 1072//1111 1141//1049 1140//1051
f 1092//1113 1069//1114 1139//1055
f 1092//1113 1139//1055 1138//1056
f 1133//1115 1134//1059 1132//1060
f 1131//1116 1133//1115 1132//1060
f 841//1117 1150//1038 1148//1045
f 841//1117 1065//1118 1150//1038
f 842//1119 833//1064 1121//1120
f 1203//1121 842//1119 1121//1120
f 1113//1122 1083//1123 1110//1124
f 1113//1122 1110//1124 1112//1125
f 1086//1126 1087//1127 1099//1128
f 1086//1126 1099//1128 838//1129
f 824//1032 1036//1034 843//1130
f 1534//990 824//1032 843//1130
f 1534//990 843//1130 791//976
f 1414//1131 837//1081 844//1132
f 851//1133 837//1081 1414//1131
f 837//1081 857//1134 844//1132
f 837//1081 852//1076 857//1134
f 880//1135 1027//1078 1412//1136
f 1413//1137 1027//1078 877//1138
f 1412//1136 1027//1078 1413//1137
f 881//1069 1027//1078 880//1135
f 846//1139 1381//1029 810//996
f 846//1139 1382//1030 1381//1029
f 847//1043 1382//1030 846//1139
f 848//1140 847//1043 846//1139
f 847//1043 848//1140 832//1063
f 834//1071 832//1063 849//1141
f 850//1074 834//1071 849//1141
f 855//1142 849//1141 845//1143
f 853//1144 851//1133 1414//1131
f 854//1145 851//1133 853//1144
f 856//1146 857//1134 852//1076
f 856//1147 852//1076 850//1074
f 853//1144 844//1132 856//1147
f 856//1147 855//1142 858//1148
f 853//1144 1414//1131 844//1132
f 853//1144 858//1148 867//1149
f 853//1144 867//1149 854//1150
f 850//1074 849//1141 855//1142
f 856//1146 844//1132 857//1134
f 858//1148 853//1144 856//1147
f 855//1142 856//1147 850//1074
f 855//1142 859//1151 858//1148
f 845//1143 859//1151 855//1142
f 858//1148 859//1151 860//1152
f 859//1151 861//1153 860//1152
f 1335//1154 861//1154 859//1154
f 862//1155 1335//1156 859//1157
f 863//1158 862//1155 859//1157
f 864//1159 862//1155 863//1158
f 865//1160 864//1160 863//1160
f 1030//1161 866//1162 863//1163
f 858//1148 1504//1164 867//1149
f 860//1152 1504//1164 858//1148
f 1504//1164 1487//1165 867//1149
f 867//1149 1487//1165 868//1166
f 1487//1165 1421//1167 868//1166
f 861//1153 869//1168 860//1152
f 871//1169 869//1168 875//1170
f 872//1171 869//1168 871//1169
f 872//1171 870//1172 869//1168
f 872//1171 871//1169 874//1173
f 1406//1174 874//1173 1410//1175
f 1406//1174 872//1171 874//1173
f 875//1170 869//1168 873//1176
f 874//1173 871//1169 877//1138
f 877//1138 878//1177 1413//1137
f 1413//1137 878//1177 1412//1136
f 1412//1136 878//1177 879//1178
f 879//1178 878//1177 880//1179
f 876//1067 880//1135 878//1180
f 871//1169 878//1177 877//1138
f 875//1170 878//1180 871//1169
f 876//1181 875//1170 873//1176
f 876//1067 878//1180 875//1170
f 880//1135 876//1067 881//1069
f 870//1172 959//1182 869//1168
f 870//1172 882//1183 959//1182
f 959//1182 884//1184 869//1168
f 870//1172 883//1185 882//1183
f 882//1183 883//1185 884//1184
f 884//1184 885//1186 869//1168
f 883//1185 885//1186 884//1184
f 883//1185 886//1187 885//1186
f 887//1188 886//1187 883//1185
f 888//1189 889//1190 887//1188
f 887//1188 889//1190 886//1187
f 885//1186 860//1152 869//1168
f 890//1191 860//1152 885//1186
f 890//1191 891//1192 860//1152
f 891//1192 989//1193 860//1152
f 887//1188 892//1194 888//1189
f 890//1191 893//1195 891//1192
f 989//1193 988//1196 860//1152
f 889//1190 895//1197 886//1187
f 887//1188 894//1198 892//1194
f 892//1194 894//1198 895//1197
f 895//1197 894//1198 886//1187
f 896//1199 1496//1200 893//1195
f 890//1191 896//1199 893//1195
f 893//1195 860//1152 988//1196
f 1496//1200 860//1152 893//1195
f 897//1201 896//1199 890//1191
f 897//1201 906//1202 903//1203
f 903//1203 899//1204 897//1201
f 897//1201 898//1205 896//1199
f 902//1206 898//1205 899//1204
f 899//1204 898//1205 897//1201
f 894//1198 900//1207 886//1187
f 906//1202 900//1207 901//1208
f 886//1187 900//1207 897//1201
f 897//1201 900//1207 906//1202
f 901//1208 900//1207 902//1206
f 900//1207 898//1205 902//1206
f 930//1209 928//1210 1020//1211
f 1020//1211 928//1210 931//1212
f 928//1210 929//1213 931//1212
f 929//1213 932//1214 931//1212
f 953//1215 954//1216 1018//1217
f 954//1216 956//1218 1018//1217
f 1018//1217 956//1218 957//1219
f 956//1218 951//1220 957//1219
f 1014//1221 1015//1222 1013//1223
f 1014//1221 1012//1224 1015//1222
f 1016//1225 985//1226 986//1227
f 987//1228 985//1226 1016//1225
f 957//1219 951//1220 1017//1229
f 951//1220 955//1230 1017//1229
f 1017//1229 953//1215 1018//1217
f 955//1230 953//1215 1017//1229
f 931//1212 932//1214 1019//1231
f 932//1214 927//1232 1019//1231
f 927//1232 930//1209 1019//1231
f 1019//1231 930//1209 1020//1211
f 900//1233 1500//1234 1477//1235
f 900//1233 894//1236 1500//1234
f 1205//1237 869//1237 1021//1237
f 1022//1238 869//1238 1205//1238
f 1023//1239 1022//1240 1205//1241
f 1024//1242 1022//1240 1023//1239
f 1025//1243 1026//1243 1022//1243
f 1309//1244 1026//1245 1025//1246
f 1027//1078 1404//1247 1417//1248
f 1404//1247 837//1081 1400//1249
f 1027//1078 837//1081 1404//1247
f 1400//1249 837//1081 1416//1250
f 1411//1251 1028//1252 874//1173
f 874//1173 1028//1252 1410//1175
f 1415//1253 854//1145 1029//1254
f 854//1145 1407//1255 1029//1254
f 1029//1254 1416//1250 1415//1253
f 837//1081 1415//1253 1416//1250
f 1411//1251 1027//1078 1417//1248
f 1417//1248 1028//1252 1411//1251
f 810//996 1030//1256 846//1139
f 1030//1256 863//1257 846//1139
f 846//1139 863//1258 848//1140
f 848//1140 863//1259 832//1063
f 832//1063 859//1260 849//1141
f 863//1261 859//1261 832//1261
f 849//1141 859//1260 1031//1262
f 1032//1263 876//1181 873//1176
f 1033//1040 876//1067 1032//1263
f 1033//1040 1032//1263 1034//1264
f 1035//1265 1033//1040 1034//1264
f 1036//1034 1033//1040 1035//1265
f 791//976 843//1130 1035//1265
f 1036//1034 1035//1265 843//1130
f 839//1266 1377//1267 1319//1268
f 1037//1269 1038//1270 839//1266
f 1377//1267 1038//1270 1374//1271
f 839//1266 1038//1270 1377//1267
f 1037//1269 1305//1272 1038//1270
f 1040//1273 839//1266 1380//1274
f 1380//1274 839//1266 1324//1275
f 1378//1276 1039//1277 1040//1273
f 1040//1273 1039//1277 839//1266
f 1079//1278 835//1075 1102//1079
f 1079//1278 1218//1279 835//1075
f 1150//1038 1041//1280 826//1036
f 1041//1281 1039//1277 826//1282
f 1039//1277 1037//1269 839//1266
f 825//1033 1043//1283 1042//1035
f 1037//1269 1043//1284 825//1285
f 1039//1277 1043//1284 1037//1269
f 1041//1281 1043//1284 1039//1277
f 1148//1045 1044//1046 1041//1286
f 1044//1287 1045//1288 1041//1281
f 1046//1289 1047//1290 1043//1291
f 1047//1041 1145//1292 1043//1293
f 830//1047 1141//1049 1048//1294
f 1141//1049 1049//1295 1048//1294
f 1059//1296 1050//1297 829//1298
f 1050//1299 1051//1044 829//1042
f 1139//1055 1052//1300 1140//1051
f 1140//1301 1052//1302 1049//1303
f 1050//1297 1053//1304 1142//1048
f 1053//1304 1137//1050 1142//1048
f 1138//1056 1134//1059 1054//1305
f 1134//1059 1060//1306 1054//1305
f 1057//1307 1058//1053 1056//1308
f 1056//1308 1058//1053 1055//1052
f 1041//1281 1045//1288 1043//1284
f 1043//1291 1045//1309 1046//1289
f 1045//1309 1049//1310 1046//1289
f 1046//1311 1049//1303 1059//1296
f 1048//1294 1049//1295 1045//1312
f 1059//1296 1049//1303 1050//1297
f 1049//1303 1052//1302 1050//1297
f 1050//1297 1052//1302 1053//1304
f 1052//1302 1056//1308 1053//1304
f 1054//1305 1056//1308 1052//1302
f 1054//1305 1060//1306 1056//1308
f 1356//1313 1281//1314 1056//1308
f 1288//1315 1053//1304 1357//1316
f 1361//1317 1294//1318 1059//1319
f 1302//1320 1046//1321 1301//1322
f 1057//1323 1346//1324 1347//1325
f 1043//1326 1303//1327 1369//1328
f 1059//1319 1294//1318 1046//1321
f 1046//1321 1294//1318 1301//1322
f 1050//1329 1233//1330 1292//1331
f 1355//1332 1060//1333 1234//1334
f 1287//1335 1285//1336 1052//1337
f 1285//1336 1054//1305 1052//1337
f 1360//1338 1049//1339 1295//1340
f 1300//1341 1362//1342 1045//1343
f 1362//1342 1048//1344 1045//1343
f 1373//1345 1041//1346 1307//1347
f 1056//1308 1281//1314 1053//1304
f 1053//1304 1281//1314 1357//1316
f 1168//1102 1097//1348 1061//1349
f 1168//1102 1167//1103 1097//1348
f 1025//1350 1061//1349 1097//1348
f 1293//1351 1025//1350 1097//1348
f 1062//1352 1170//1353 1169//1354
f 840//1109 1170//1353 1143//1110
f 1143//1110 1170//1353 1062//1352
f 1363//1355 863//1356 1062//1352
f 1363//1355 1062//1352 1169//1354
f 1164//1357 1063//1358 1159//1359
f 1166//1360 1063//1358 1164//1357
f 1166//1360 1144//1104 1063//1358
f 1144//1104 1146//1105 1063//1358
f 1366//1361 1164//1357 1159//1359
f 1298//1362 1366//1361 1159//1359
f 1299//1363 1298//1362 1159//1359
f 1309//1244 1299//1363 1159//1359
f 1065//1118 1067//1364 1064//1365
f 1064//1365 1066//1366 1156//1367
f 1065//1118 841//1117 1067//1364
f 1064//1365 1067//1364 1066//1366
f 866//1368 1371//1369 1156//1367
f 1370//1370 1156//1367 1066//1366
f 1370//1370 866//1368 1156//1367
f 1306//1371 1370//1370 1066//1366
f 1185//1372 1068//1098 1186//1099
f 1185//1372 1186//1099 1095//1373
f 1022//1240 1185//1372 1095//1373
f 1282//1374 1022//1240 1095//1373
f 1187//1375 1069//1114 1092//1113
f 1187//1375 1092//1113 1091//1376
f 1290//1377 864//1378 1187//1375
f 1290//1377 1187//1375 1091//1376
f 1182//1379 1178//1380 1070//1381
f 1182//1379 1184//1382 1178//1380
f 1096//1100 1071//1101 1184//1382
f 1184//1382 1071//1101 1178//1380
f 1283//1383 1182//1379 1070//1381
f 1358//1384 1283//1383 1070//1381
f 1174//1385 1175//1386 1172//1387
f 1174//1385 1176//1388 1175//1386
f 1174//1385 1073//1112 1176//1388
f 1072//1111 1176//1388 1073//1112
f 1296//1389 1172//1387 1175//1386
f 1296//1389 865//1390 1172//1387
f 1074//1093 1204//1391 1125//1392
f 1074//1093 1127//1095 1204//1391
f 1129//1393 1023//1239 1125//1392
f 1129//1393 1125//1392 1204//1391
f 1202//1394 1203//1121 1075//1395
f 842//1119 1203//1121 1202//1394
f 862//1396 1202//1394 1075//1395
f 1280//1397 862//1396 1075//1395
f 1193//1398 1194//1399 1189//1400
f 1136//1096 1190//1401 1135//1097
f 1190//1401 1189//1400 1194//1399
f 1135//1097 1190//1401 1194//1399
f 1024//1242 1193//1398 1189//1400
f 1351//1402 1024//1242 1189//1400
f 1196//1403 1076//1404 1077//1405
f 1196//1403 1077//1405 1198//1406
f 1133//1115 1201//1407 1076//1404
f 1131//1116 1201//1407 1133//1115
f 1076//1404 1201//1407 1077//1405
f 1200//1408 1291//1409 1196//1403
f 1200//1408 1196//1403 1198//1406
f 1105//1083 1216//1410 1078//1411
f 1105//1083 1215//1086 1216//1410
f 1264//1412 1021//1413 1078//1411
f 1264//1412 1078//1411 1216//1410
f 1218//1279 1079//1278 1217//1414
f 1217//1414 1079//1278 1219//1415
f 1334//1416 1217//1414 1219//1415
f 1275//1417 1334//1416 1219//1415
f 1210//1418 1081//1419 1209//1420
f 1080//1092 1206//1421 1210//1418
f 1210//1418 1206//1421 1081//1419
f 1080//1092 1118//1091 1206//1421
f 1205//1241 1209//1420 1081//1419
f 1205//1241 1266//1422 1209//1420
f 1082//1423 1212//1424 1084//1425
f 1212//1424 1214//1426 1084//1425
f 1113//1122 1214//1426 1083//1123
f 1083//1123 1214//1426 1212//1424
f 1336//1427 1082//1423 1084//1425
f 1335//1428 1336//1427 1084//1425
f 1088//1087 1101//1429 836//1088
f 1090//1430 1261//1431 1088//1087
f 1101//1429 1085//1432 836//1088
f 1261//1431 1262//1433 1088//1087
f 1088//1087 1262//1433 1101//1429
f 1085//1432 838//1129 836//1088
f 1085//1432 1086//1126 838//1129
f 1085//1432 1263//1434 1086//1126
f 1086//1126 1325//1435 1226//1436
f 1263//1434 1325//1435 1086//1126
f 873//1176 1022//1437 1032//1263
f 869//1168 1022//1437 873//1176
f 1032//1263 1022//1437 1034//1264
f 1034//1264 1026//1438 1035//1265
f 1022//1437 1026//1438 1034//1264
f 1035//1265 1026//1438 791//976
f 1087//1127 1225//1439 1223//1440
f 1087//1127 1226//1436 1225//1439
f 1087//1127 1086//1126 1226//1436
f 1221//1441 1223//1440 1225//1439
f 1325//1435 1221//1441 1225//1439
f 1090//1430 1230//1442 1089//1443
f 1089//1443 1230//1442 1229//1444
f 1090//1430 1231//1090 1230//1442
f 1088//1087 1231//1090 1090//1430
f 1261//1431 1089//1443 1229//1444
f 1329//1445 1261//1431 1229//1444
f 1290//1377 1091//1376 1092//1113
f 1286//1446 1092//1113 1054//1305
f 1286//1446 1290//1377 1092//1113
f 1092//1113 1138//1056 1054//1305
f 1234//1334 1060//1333 1133//1115
f 1197//1447 1133//1115 1076//1404
f 1354//1448 1133//1115 1197//1447
f 1354//1448 1234//1334 1133//1115
f 1134//1059 1133//1115 1060//1333
f 1068//1098 1056//1308 1055//1052
f 1356//1313 1056//1308 1068//1098
f 1022//1240 1068//1098 1185//1372
f 1022//1240 1356//1313 1068//1098
f 1136//1096 1188//1449 1191//1450
f 1057//1323 1136//1096 1058//1053
f 1350//1451 1188//1449 1136//1096
f 1347//1325 1350//1451 1136//1096
f 1347//1325 1136//1096 1057//1323
f 1069//1114 1052//1337 1139//1055
f 1093//1452 1052//1337 1069//1114
f 864//1378 1069//1114 1187//1375
f 864//1378 1093//1452 1069//1114
f 1072//1111 1094//1453 1176//1388
f 1359//1454 1094//1453 1072//1111
f 1360//1338 1359//1454 1072//1111
f 1360//1338 1072//1111 1049//1339
f 1072//1111 1140//1051 1049//1339
f 1186//1099 1137//1050 1053//1304
f 1282//1374 1095//1373 1186//1099
f 1288//1315 1282//1374 1186//1099
f 1288//1315 1186//1099 1053//1304
f 1233//1330 1050//1329 1096//1100
f 1284//1455 1233//1330 1096//1100
f 1284//1455 1096//1100 1183//1456
f 1142//1048 1096//1100 1050//1329
f 840//1109 1169//1354 1170//1353
f 1363//1355 1169//1354 840//1109
f 1048//1344 840//1109 830//1047
f 1297//1457 1363//1355 840//1109
f 1297//1457 840//1109 1048//1344
f 1073//1112 1049//1339 1141//1049
f 1295//1340 1049//1339 1073//1112
f 1173//1458 1073//1112 1174//1385
f 1171//1459 1073//1112 1173//1458
f 1171//1459 1295//1340 1073//1112
f 1168//1102 1059//1319 829//1042
f 1361//1317 1059//1319 1168//1102
f 1025//1350 1168//1102 1061//1349
f 1025//1350 1361//1317 1168//1102
f 1179//1460 1177//1461 1180//1462
f 1289//1463 1177//1461 1179//1460
f 1292//1331 1289//1463 1179//1460
f 1292//1331 1179//1460 1050//1329
f 1179//1460 1051//1044 1050//1329
f 1304//1464 1045//1343 1044//1046
f 1304//1464 1044//1046 1143//1110
f 1364//1465 1143//1110 1062//1352
f 1364//1465 1304//1464 1143//1110
f 1372//1466 1158//1467 1147//1468
f 1373//1345 1372//1466 1147//1468
f 1373//1345 1147//1468 1041//1346
f 1147//1468 1148//1045 1041//1346
f 1293//1351 1097//1348 1167//1103
f 1302//1320 1047//1041 1046//1321
f 1302//1320 1293//1351 1167//1103
f 1302//1320 1167//1103 1047//1041
f 1303//1327 1043//1326 1144//1104
f 1368//1469 1144//1104 1165//1470
f 1368//1469 1303//1327 1144//1104
f 1145//1292 1144//1104 1043//1326
f 1245//1471 1154//1472 1098//1108
f 1310//1473 1245//1471 1098//1108
f 1310//1473 1098//1108 826//1036
f 1310//1473 826//1036 1039//1277
f 1308//1474 1310//1473 1039//1277
f 1149//1475 1041//1346 1150//1038
f 1149//1475 1307//1347 1041//1346
f 1311//1476 1307//1347 1149//1475
f 1311//1476 1149//1475 1157//1477
f 1155//1478 1311//1476 1157//1477
f 1376//1479 1232//1480 1037//1481
f 1376//1479 1037//1481 825//1033
f 1376//1479 825//1033 1152//1106
f 1235//1482 1376//1479 1152//1106
f 1235//1482 1152//1106 1151//1483
f 1160//1484 1162//1485 1163//1486
f 1163//1486 1042//1035 1043//1326
f 1365//1487 1161//1488 1160//1484
f 1365//1487 1160//1484 1163//1486
f 1369//1328 1163//1486 1043//1326
f 1369//1328 1365//1487 1163//1486
f 1087//1127 1224//1489 1099//1128
f 1327//1490 1085//1432 1224//1489
f 1222//1491 1224//1489 1220//1492
f 1222//1491 1327//1490 1224//1489
f 1099//1128 1224//1489 1085//1432
f 1228//1493 1227//1494 1231//1090
f 1328//1495 1228//1493 1231//1090
f 1328//1495 1231//1090 1101//1429
f 1231//1090 1100//1089 1101//1429
f 1275//1417 1219//1415 1079//1278
f 1333//1496 1102//1079 1103//1497
f 1333//1496 1275//1417 1079//1278
f 1333//1496 1079//1278 1102//1079
f 1274//1498 1104//1499 835//1075
f 1274//1498 835//1075 1218//1279
f 1334//1416 1218//1279 1217//1414
f 1334//1416 1274//1498 1218//1279
f 1330//1500 1107//1501 1106//1084
f 1330//1500 1106//1084 1105//1083
f 1021//1413 1105//1083 1078//1411
f 1021//1413 1330//1500 1105//1083
f 1264//1412 1216//1410 1215//1086
f 1332//1502 1108//1085 1109//1503
f 1332//1502 1264//1412 1215//1086
f 1332//1502 1215//1086 1108//1085
f 1278//1504 1111//1505 1083//1123
f 1338//1506 1278//1504 1083//1123
f 1338//1506 1083//1123 1211//1507
f 1110//1124 1083//1123 1111//1505
f 1113//1122 1114//1508 1213//1509
f 1277//1510 1114//1508 1113//1122
f 1111//1505 1113//1122 1112//1125
f 1273//1511 1277//1510 1113//1122
f 1273//1511 1113//1122 1111//1505
f 1116//1512 1115//1062 1080//1092
f 1116//1512 1120//1513 1115//1062
f 1270//1514 1120//1513 1116//1512
f 1265//1515 1116//1512 1208//1516
f 1265//1515 1270//1514 1116//1512
f 1118//1091 1119//1517 1206//1421
f 1272//1518 1119//1517 1118//1091
f 1339//1519 1272//1518 1118//1091
f 1339//1519 1118//1091 1120//1513
f 1118//1091 1117//1061 1120//1513
f 1280//1397 1075//1395 1203//1121
f 1122//1520 1203//1121 1121//1120
f 1344//1521 1280//1397 1203//1121
f 1344//1521 1203//1121 1122//1520
f 1276//1522 1124//1523 1074//1093
f 1023//1239 1276//1522 1074//1093
f 1023//1239 1074//1093 1125//1392
f 1123//1058 1074//1093 1124//1523
f 1128//1524 1127//1095 1126//1094
f 1129//1393 1204//1391 1127//1095
f 1340//1525 1129//1393 1127//1095
f 1340//1525 1127//1095 1128//1524
f 842//1119 1130//1526 833//1064
f 1279//1527 1130//1526 842//1119
f 862//1396 842//1119 1202//1394
f 862//1396 1279//1527 842//1119
f 1060//1333 1131//1116 1132//1060
f 1353//1528 1199//1529 1131//1116
f 1355//1332 1353//1528 1131//1116
f 1355//1332 1131//1116 1060//1333
f 1346//1324 1057//1323 1135//1097
f 1192//1530 1135//1097 1195//1531
f 1349//1532 1135//1097 1192//1530
f 1349//1532 1346//1324 1135//1097
f 831//1054 1135//1097 1057//1323
f 1051//1044 1179//1460 1071//1101
f 1145//1292 828//1039 1144//1104
f 1163//1486 1146//1105 1042//1035
f 1147//1468 841//1117 1148//1045
f 1065//1118 1149//1475 1150//1038
f 1235//1482 1151//1483 1153//1533
f 1238//1534 1235//1482 1153//1533
f 1152//1106 1317//1535 1151//1483
f 1151//1483 1317//1535 1153//1533
f 1152//1106 1316//1536 1317//1535
f 1245//1471 1322//1537 1154//1472
f 1245//1471 1246//1538 1322//1537
f 1323//1539 1154//1472 1322//1537
f 1323//1539 1098//1108 1154//1472
f 1155//1478 1156//1367 1371//1369
f 1157//1477 1156//1367 1155//1478
f 1157//1477 1064//1365 1156//1367
f 1149//1475 1065//1118 1064//1365
f 1064//1365 1157//1477 1149//1475
f 1158//1467 1372//1466 1306//1371
f 1306//1371 1066//1366 1158//1467
f 1158//1467 1066//1366 1067//1364
f 1067//1364 1147//1468 1158//1467
f 1147//1468 1067//1364 841//1117
f 1160//1484 1161//1488 1159//1359
f 1309//1244 1159//1359 1161//1488
f 1063//1358 1162//1485 1159//1359
f 1146//1105 1162//1485 1063//1358
f 1146//1105 1163//1486 1162//1485
f 1160//1484 1159//1359 1162//1485
f 1367//1540 1164//1357 1366//1361
f 1164//1357 1368//1469 1165//1470
f 1164//1357 1367//1540 1368//1469
f 1164//1357 1165//1470 1166//1360
f 1166//1360 1165//1470 1144//1104
f 1062//1352 863//1356 1364//1465
f 865//1390 1171//1459 1173//1458
f 865//1390 1173//1458 1172//1387
f 1172//1387 1173//1458 1174//1385
f 1175//1386 1359//1454 1296//1389
f 1359//1454 1175//1386 1094//1453
f 1094//1453 1175//1386 1176//1388
f 1177//1461 1289//1463 1070//1381
f 1289//1463 1358//1384 1070//1381
f 1070//1381 1178//1380 1177//1461
f 1178//1380 1180//1462 1177//1461
f 1180//1462 1178//1380 1071//1101
f 1071//1101 1179//1460 1180//1462
f 1181//1541 1182//1379 1283//1383
f 1181//1541 1284//1455 1182//1379
f 1182//1379 1284//1455 1183//1456
f 1183//1456 1096//1100 1184//1382
f 1182//1379 1183//1456 1184//1382
f 1188//1449 1350//1451 1351//1402
f 1188//1449 1351//1402 1189//1400
f 1188//1449 1189//1400 1191//1450
f 1189//1400 1190//1401 1191//1450
f 1190//1401 1136//1096 1191//1450
f 1348//1542 1349//1532 1192//1530
f 1193//1398 1024//1242 1348//1542
f 1192//1530 1193//1398 1348//1542
f 1195//1531 1194//1399 1192//1530
f 1195//1531 1135//1097 1194//1399
f 1193//1398 1192//1530 1194//1399
f 1354//1448 1197//1447 1291//1409
f 1197//1447 1196//1403 1291//1409
f 1197//1447 1076//1404 1196//1403
f 1198//1406 1352//1543 1200//1408
f 1353//1528 1198//1406 1199//1529
f 1198//1406 1353//1528 1352//1543
f 1201//1407 1131//1116 1199//1529
f 1199//1529 1077//1405 1201//1407
f 1198//1406 1077//1405 1199//1529
f 1119//1517 1269//1544 1081//1419
f 1205//1241 1081//1419 1269//1544
f 1119//1517 1272//1518 1269//1544
f 1206//1421 1119//1517 1081//1419
f 1207//1545 1209//1420 1266//1422
f 1208//1516 1209//1420 1265//1515
f 1265//1515 1209//1420 1207//1545
f 1210//1418 1208//1516 1116//1512
f 1210//1418 1116//1512 1080//1092
f 1209//1420 1208//1516 1210//1418
f 1337//1546 1082//1423 1336//1427
f 1082//1423 1337//1546 1211//1507
f 1337//1546 1338//1506 1211//1507
f 1211//1507 1212//1424 1082//1423
f 1211//1507 1083//1123 1212//1424
f 1114//1508 1277//1510 1335//1428
f 1335//1428 1084//1425 1114//1508
f 1114//1508 1084//1425 1213//1509
f 1084//1425 1214//1426 1213//1509
f 1113//1122 1213//1509 1214//1426
f 1220//1492 1223//1440 1222//1491
f 1221//1441 1222//1491 1223//1440
f 1087//1127 1223//1440 1220//1492
f 1220//1492 1224//1489 1087//1127
f 1226//1436 1325//1435 1225//1439
f 1227//1494 1228//1493 1229//1444
f 1228//1493 1329//1445 1229//1444
f 1230//1442 1227//1494 1229//1444
f 1230//1442 1231//1090 1227//1494
f 1089//1443 1261//1431 1090//1430
f 1305//1272 1037//1269 1375//1547
f 1375//1547 1037//1481 1232//1480
f 1378//1276 1308//1474 1039//1277
f 1304//1464 1300//1341 1045//1343
f 1297//1457 1048//1344 1362//1342
f 1093//1452 1287//1335 1052//1337
f 1286//1446 1054//1305 1285//1336
f 1279//1527 1345//1548 1130//1526
f 1343//1549 1122//1520 1345//1548
f 1345//1548 1122//1520 1130//1526
f 1344//1521 1122//1520 1343//1549
f 1340//1525 1128//1524 1341//1550
f 1128//1524 1124//1523 1341//1550
f 1124//1523 1342//1551 1341//1550
f 1276//1522 1342//1551 1124//1523
f 1273//1511 1111//1505 1278//1504
f 1120//1513 1270//1514 1339//1519
f 1330//1500 1268//1552 1107//1501
f 1109//1503 1107//1501 1331//1553
f 1107//1501 1268//1552 1331//1553
f 1332//1502 1109//1503 1331//1553
f 1274//1498 1271//1554 1104//1499
f 1267//1555 1103//1497 1271//1554
f 1271//1554 1103//1497 1104//1499
f 1333//1496 1103//1497 1267//1555
f 1263//1434 1085//1432 1327//1490
f 1262//1433 1328//1495 1101//1429
f 1101//1429 1106//1556 1107//1557
f 1100//1073 1106//1070 1101//1558
f 1103//1559 1102//1560 1085//1432
f 1102//1079 1099//1080 1085//1561
f 1108//1562 1120//1563 1109//1564
f 1115//1062 1120//1565 1108//1068
f 1111//1566 1112//1072 1104//1567
f 1104//1567 1112//1072 835//1075
f 1123//1058 1124//1523 1117//1061
f 1117//1061 1124//1523 1120//1563
f 1111//1568 1121//1065 1110//1066
f 1122//1569 1121//1570 1111//1571
f 831//1054 1057//1307 1128//1572
f 1060//1573 1132//1060 1130//1526
f 1130//1526 1132//1060 833//1064
f 1107//1557 1085//1432 1101//1429
f 1103//1559 1085//1432 1107//1557
f 1103//1574 1111//1566 1104//1567
f 1109//1564 1111//1571 1107//1575
f 1107//1557 1111//1576 1103//1559
f 1120//1563 1111//1571 1109//1564
f 1120//1563 1122//1569 1111//1571
f 1124//1523 1122//1569 1120//1563
f 1128//1572 1122//1569 1124//1523
f 1128//1572 1126//1057 831//1054
f 1128//1572 1060//1306 1122//1569
f 1122//1520 1060//1573 1130//1526
f 1056//1308 1060//1306 1057//1307
f 1128//1572 1057//1307 1060//1306
f 1236//1577 1389//1578 1259//1579
f 1389//1578 1239//1580 1259//1579
f 1236//1577 1374//1271 1389//1578
f 1238//1534 1237//1581 1240//1582
f 1377//1267 1374//1271 1236//1577
f 1237//1581 1241//1583 1240//1582
f 1238//1534 813//1002 1237//1581
f 1259//1579 813//1002 1238//1534
f 1239//1580 813//1002 1259//1579
f 1380//1274 1384//1584 1374//1271
f 1239//1580 816//1585 813//1002
f 1239//1580 817//1586 816//1585
f 1379//1587 1384//1584 1380//1274
f 1239//1580 823//1588 817//1586
f 816//1585 1242//1589 813//1002
f 1244//1590 1242//1589 816//1585
f 1383//1591 1243//1592 1241//1583
f 1241//1583 1243//1592 1240//1582
f 1379//1587 1385//1593 1384//1584
f 1244//1590 823//1588 822//1594
f 817//1586 823//1588 1244//1590
f 1244//1590 822//1594 1242//1589
f 1379//1587 1258//1595 1385//1593
f 1242//1589 818//1596 1383//1591
f 1385//1593 819//1597 823//1588
f 818//1596 1250//1598 1383//1591
f 1385//1593 820//1599 819//1597
f 822//1594 821//1024 1242//1589
f 821//1024 818//1596 1242//1589
f 1250//1598 1243//1592 1383//1591
f 818//1596 821//1024 1247//1600
f 819//1597 1248//1601 823//1588
f 820//1599 811//997 1249//1602
f 811//997 1248//1601 1249//1602
f 1247//1600 1391//1603 1250//1598
f 821//1024 1391//1603 1247//1600
f 1249//1602 1248//1601 819//1597
f 1250//1598 1391//1603 1243//1592
f 1385//1593 811//997 820//1599
f 1258//1595 811//997 1385//1593
f 1246//1538 811//997 1258//1595
f 1391//1603 1251//1604 1243//1592
f 815//1023 814//1605 821//1024
f 811//997 1246//1538 812//998
f 1248//1601 1252//1606 815//1023
f 1251//1604 1253//1607 1243//1592
f 1248//1601 1390//1608 1252//1606
f 1252//1606 1395//1609 814//1605
f 814//1605 1395//1609 821//1024
f 1390//1608 1395//1609 1252//1606
f 1396//1610 1255//1611 1253//1612
f 1395//1609 1255//1611 1396//1610
f 1254//1613 1255//1611 1390//1608
f 1390//1608 1255//1611 1395//1609
f 1387//1614 1384//1615 1257//1616
f 1374//1271 1384//1615 1387//1614
f 1240//1582 1026//1245 1238//1534
f 1243//1617 1260//1617 1240//1617
f 1313//1618 1243//1619 1253//1620
f 1329//1445 1021//1413 869//1621
f 869//1621 1262//1433 1261//1431
f 1228//1493 1021//1413 1329//1445
f 1262//1433 1263//1434 1328//1495
f 1263//1434 1327//1490 1328//1495
f 1264//1412 1265//1515 1207//1545
f 1207//1545 1266//1422 1264//1412
f 1264//1412 1266//1422 1021//1413
f 1327//1490 1267//1555 1328//1495
f 1328//1495 1267//1555 1330//1500
f 1330//1500 1267//1555 1268//1552
f 1327//1490 1333//1496 1267//1555
f 1266//1422 1205//1241 1021//1413
f 869//1621 861//1622 1262//1433
f 1262//1433 861//1622 1263//1434
f 861//1622 1325//1435 1263//1434
f 861//1622 1326//1623 1325//1435
f 1268//1552 1271//1554 1331//1553
f 1267//1555 1271//1554 1268//1552
f 1269//1544 1023//1239 1205//1241
f 1331//1553 1270//1514 1332//1502
f 1272//1518 1023//1239 1269//1544
f 1331//1553 1273//1511 1270//1514
f 1271//1554 1273//1511 1331//1553
f 1274//1498 1273//1511 1271//1554
f 1221//1441 1275//1417 1222//1491
f 861//1622 1275//1417 1221//1441
f 1270//1514 1278//1504 1339//1519
f 1273//1511 1278//1504 1270//1514
f 1339//1519 1342//1551 1276//1522
f 1129//1393 1348//1542 1024//1242
f 1129//1393 1024//1242 1023//1239
f 1129//1393 1349//1532 1348//1542
f 1334//1416 1335//1428 1277//1510
f 861//1622 1335//1428 1275//1417
f 1275//1417 1335//1428 1334//1416
f 1339//1519 1343//1549 1342//1551
f 1278//1504 1343//1549 1339//1519
f 1278//1504 1344//1521 1343//1549
f 1335//1428 862//1396 1336//1427
f 1343//1549 1345//1548 1342//1551
f 1342//1551 1345//1548 1341//1550
f 1341//1550 1346//1324 1340//1525
f 1351//1402 1022//1240 1024//1242
f 1350//1451 1022//1240 1351//1402
f 1337//1546 1280//1397 1338//1506
f 1345//1548 1355//1332 1341//1550
f 1341//1550 1355//1332 1346//1324
f 1279//1527 1355//1332 1345//1548
f 1336//1427 1280//1397 1337//1546
f 862//1396 1280//1397 1336//1427
f 1347//1325 1281//1314 1356//1313
f 1355//1332 1234//1334 1346//1324
f 1346//1324 1234//1334 1347//1325
f 862//1396 1352//1543 1353//1528
f 1282//1374 1181//1541 1283//1383
f 1282//1374 1283//1383 1022//1240
f 1282//1374 1284//1455 1181//1541
f 1352//1543 862//1396 1200//1408
f 1347//1325 1285//1336 1281//1314
f 1234//1334 1285//1336 1347//1325
f 1234//1334 1286//1446 1285//1336
f 1283//1383 1025//1350 1022//1240
f 1285//1336 1357//1316 1281//1314
f 1283//1383 1358//1384 1025//1350
f 1285//1336 1287//1335 1357//1316
f 1357//1316 1233//1330 1288//1315
f 1358//1384 1289//1463 1025//1350
f 1291//1409 1290//1377 1354//1448
f 1357//1316 1360//1338 1233//1330
f 1287//1335 1360//1338 1357//1316
f 1093//1452 1360//1338 1287//1335
f 862//1396 1290//1377 1291//1409
f 1293//1351 1366//1361 1025//1350
f 1293//1351 1367//1540 1366//1361
f 1292//1331 1294//1318 1361//1317
f 1293//1351 1368//1469 1367//1540
f 1360//1338 1295//1340 1233//1330
f 1233//1330 1295//1340 1292//1331
f 864//1378 1296//1389 1359//1454
f 862//1396 864//1378 1290//1377
f 1366//1361 1309//1244 1025//1350
f 1292//1331 1362//1342 1294//1318
f 1295//1340 1362//1342 1292//1331
f 1295//1340 1297//1457 1362//1342
f 864//1378 865//1390 1296//1389
f 1298//1362 1299//1363 1309//1244
f 1362//1342 1300//1341 1294//1318
f 1294//1318 1300//1341 1301//1322
f 1301//1322 1303//1327 1302//1320
f 1304//1464 1373//1345 1300//1341
f 1300//1341 1373//1345 1301//1322
f 1301//1322 1373//1345 1303//1327
f 865//1390 1363//1355 1171//1459
f 1373//1345 1369//1328 1303//1327
f 1365//1487 1232//1480 1376//1479
f 1369//1328 1375//1547 1232//1480
f 1369//1328 1305//1272 1375//1547
f 1373//1345 1307//1347 1369//1328
f 1364//1465 1306//1371 1372//1466
f 865//1390 863//1356 1363//1355
f 1364//1465 863//1356 1306//1371
f 1307//1347 1378//1276 1369//1328
f 1369//1328 1378//1276 1305//1272
f 1307//1347 1308//1474 1378//1276
f 1305//1272 1040//1273 1038//1270
f 1378//1276 1040//1273 1305//1272
f 863//1356 866//1368 1306//1371
f 1306//1371 866//1368 1370//1370
f 1308//1474 1311//1476 1310//1473
f 1307//1347 1311//1476 1308//1474
f 1372//1466 1373//1345 1304//1464
f 1366//1361 1298//1362 1309//1244
f 1303//1327 1368//1469 1302//1320
f 1365//1487 1369//1328 1232//1480
f 1221//1441 1326//1623 861//1622
f 1327//1490 1222//1491 1333//1496
f 1228//1493 1328//1495 1330//1500
f 1261//1431 1329//1445 869//1621
f 1330//1500 1021//1413 1228//1493
f 1264//1412 1332//1502 1265//1515
f 1275//1417 1333//1496 1222//1491
f 1274//1498 1334//1416 1277//1510
f 1277//1510 1273//1511 1274//1498
f 1278//1504 1338//1506 1344//1521
f 1270//1514 1265//1515 1332//1502
f 1272//1518 1339//1519 1276//1522
f 1129//1393 1340//1525 1349//1532
f 1276//1522 1023//1239 1272//1518
f 1280//1397 1344//1521 1338//1506
f 1279//1527 862//1396 1353//1528
f 1346//1324 1349//1532 1340//1525
f 1350//1451 1347//1325 1356//1313
f 1353//1528 1355//1332 1279//1527
f 1291//1409 1200//1408 862//1396
f 1234//1334 1354//1448 1286//1446
f 1290//1377 1286//1446 1354//1448
f 1093//1452 864//1378 1359//1454
f 1356//1313 1022//1240 1350//1451
f 1282//1374 1288//1315 1284//1455
f 1233//1330 1284//1455 1288//1315
f 1289//1463 1292//1331 1361//1317
f 1359//1454 1360//1338 1093//1452
f 1295//1340 1171//1459 1297//1457
f 1293//1351 1302//1320 1368//1469
f 1361//1317 1025//1350 1289//1463
f 1363//1355 1297//1457 1171//1459
f 1304//1464 1364//1465 1372//1466
f 1311//1476 1155//1478 1310//1473
f 1371//1369 1245//1471 1155//1478
f 1155//1478 1245//1471 1310//1473
f 866//1368 1245//1471 1371//1369
f 1040//1273 1380//1274 1038//1270
f 1038//1270 1380//1274 1374//1271
f 1365//1487 1376//1479 1161//1488
f 1161//1488 1235//1482 1309//1244
f 1376//1479 1235//1482 1161//1488
f 1098//1108 1323//1539 1324//1275
f 1098//1108 1324//1275 839//1266
f 1152//1106 1315//1624 1316//1536
f 1319//1268 1315//1624 1152//1106
f 839//1266 1319//1268 1152//1106
f 1312//1625 807//993 788//979
f 1255//1626 1312//1625 788//979
f 1313//1627 1255//1626 788//979
f 1313//1627 788//979 789//981
f 1313//1627 789//981 781//969
f 1243//1628 781//969 784//970
f 1243//1629 1313//1627 781//969
f 1260//1630 1243//1628 784//970
f 1260//1630 784//970 783//972
f 1240//1631 1260//1630 783//972
f 1026//1438 1240//1631 783//972
f 781//969 789//981 1314//962
f 789//981 1544//1632 1314//1633
f 1314//962 1544//1632 1543//957
f 791//976 1026//1438 783//972
f 1030//1256 810//996 1312//1625
f 810//996 807//993 1312//1625
f 1026//1245 1309//1244 1235//1482
f 1235//1482 1238//1534 1026//1245
f 1312//1634 812//998 1246//1538
f 1255//1635 1313//1618 1253//1620
f 1254//1636 1312//1636 1255//1636
f 1312//1634 1254//1613 812//998
f 1312//1634 1246//1538 1030//1161
f 1246//1538 1245//1471 1030//1161
f 866//1162 1030//1161 1245//1471
f 1153//1533 1318//1637 1238//1534
f 1238//1534 1318//1637 1259//1579
f 1259//1579 1318//1637 1316//1536
f 1259//1579 1316//1536 1315//1624
f 1236//1577 1259//1579 1315//1624
f 1236//1577 1315//1624 1319//1268
f 1377//1267 1236//1577 1319//1268
f 1318//1637 1153//1533 1317//1535
f 1317//1535 1316//1536 1318//1637
f 1322//1537 1246//1538 1321//1638
f 1246//1538 1258//1595 1321//1638
f 1380//1274 1324//1275 1320//1639
f 1379//1587 1380//1274 1320//1639
f 1258//1595 1379//1587 1320//1639
f 1258//1595 1320//1639 1321//1638
f 1321//1638 1323//1539 1322//1537
f 1321//1638 1320//1639 1323//1539
f 1324//1275 1323//1539 1320//1639
f 1221//1441 1325//1435 1326//1623
f 823//1027 1248//1601 803//1028
f 803//1028 1248//1601 796//1640
f 1248//1601 815//1023 796//1640
f 796//1640 815//1023 792//1025
f 805//1021 820//1022 808//1641
f 820//1022 1249//1018 808//1641
f 808//1641 1249//1018 804//1020
f 818//1016 1247//1642 793//1017
f 793//1017 1247//1642 786//1013
f 1247//1642 1250//1014 786//1013
f 800//989 817//1012 798//987
f 817//1012 1244//1010 798//987
f 815//1006 1252//1643 799//1007
f 799//1007 1252//1643 797//1003
f 1252//1643 814//1004 797//1003
f 794//985 1242//1589 790//983
f 813//1002 1242//1589 794//985
f 1237//1581 813//1002 785//1001
f 782//1644 1241//1583 785//1001
f 1241//1583 1237//1581 785//1001
f 1383//1591 1241//1583 782//1644
f 790//983 1383//1591 782//1644
f 1242//1589 1383//1591 790//983
f 1384//1615 1385//1593 1257//1616
f 1385//1593 1386//1645 1257//1616
f 1385//1593 823//1588 1386//1645
f 1389//1578 1374//1271 1387//1614
f 1239//1580 1389//1578 1388//1646
f 1388//1646 1389//1578 1387//1614
f 1386//1645 1239//1580 1388//1646
f 823//1588 1239//1580 1386//1645
f 1387//1614 1386//1647 1388//1646
f 1387//1614 1257//1616 1386//1647
f 802//1648 1248//1601 801//1649
f 1390//1608 1248//1601 802//1648
f 1254//1613 1390//1608 802//1648
f 812//998 1254//1613 806//1000
f 806//1000 1254//1613 802//1648
f 801//1649 811//997 809//999
f 1248//1601 811//997 801//1649
f 1392//1650 821//1024 1256//1651
f 1391//1603 821//1024 1392//1650
f 1394//1652 1251//1604 1392//1650
f 1251//1604 1391//1603 1392//1650
f 1393//1653 1253//1607 1394//1652
f 1396//1610 1253//1612 1393//1654
f 1253//1607 1251//1604 1394//1652
f 1395//1609 1396//1610 1393//1654
f 1256//1651 1395//1609 1393//1654
f 821//1024 1395//1609 1256//1651
f 1256//1651 1394//1652 1392//1650
f 1256//1651 1393//1654 1394//1652
f 1031//1655 859//1151 845//1143
f 879//1656 880//1656 1397//1656
f 1411//1251 874//1173 877//1138
f 851//1133 854//1145 1415//1253
f 1398//1657 1418//1658 1029//1254
f 1029//1254 1418//1658 1416//1250
f 1418//1658 1401//1659 1416//1250
f 1418//1658 1483//1660 1401//1659
f 1488//1661 1489//1662 890//1663
f 1489//1662 897//1664 890//1663
f 890//1663 1401//1659 1483//1660
f 890//1663 1483//1660 1488//1661
f 1399//1665 1400//1249 1401//1659
f 1400//1249 1416//1250 1401//1659
f 1400//1249 1399//1665 1404//1247
f 1404//1247 1399//1665 1402//1666
f 1403//1667 1417//1248 1402//1666
f 1417//1248 1404//1247 1402//1666
f 886//1668 1492//1669 885//1670
f 1492//1669 1480//1671 885//1670
f 1480//1671 1482//1672 885//1670
f 1484//1673 1485//1674 1403//1667
f 1403//1667 1485//1674 1417//1248
f 1485//1674 1028//1252 1417//1248
f 1485//1674 1405//1675 1028//1252
f 1403//1667 885//1670 1484//1673
f 1484//1673 885//1670 1482//1672
f 1485//1674 872//1171 1406//1174
f 1485//1674 1406//1174 1405//1675
f 1409//1676 868//1166 1421//1167
f 1409//1676 1408//1677 868//1166
f 1407//1255 868//1166 1408//1677
f 1407//1255 854//1145 868//1166
f 1411//1251 877//1138 1027//1078
f 851//1133 1415//1253 837//1081
f 1412//1136 1397//1678 880//1135
f 885//1670 1402//1666 1399//1665
f 890//1663 885//1670 1399//1665
f 1418//1658 1398//1657 1421//1167
f 1487//1165 1418//1658 1421//1167
f 1401//1659 890//1663 1399//1665
f 1403//1667 1402//1666 885//1670
f 1420//1679 1398//1657 1419//1680
f 1421//1167 1398//1657 1420//1679
f 1029//1254 1422//1681 1419//1680
f 1029//1254 1419//1680 1398//1657
f 1407//1255 1422//1681 1029//1254
f 1407//1255 1424//1682 1422//1681
f 1407//1255 1421//1167 1420//1679
f 1407//1255 1420//1679 1424//1682
f 1448//1683 1447//1684 1444//1685
f 1446//1686 1447//1684 1448//1683
f 1452//1687 1406//1174 1449//1688
f 1405//1675 1406//1174 1452//1687
f 1410//1175 1449//1688 1406//1174
f 1454//1689 1405//1675 1452//1687
f 1450//1690 1449//1688 1410//1175
f 1451//1691 1405//1675 1454//1689
f 1028//1252 1451//1691 1450//1690
f 1028//1252 1450//1690 1410//1175
f 1028//1252 1405//1675 1451//1691
f 1476//1692 1475//1693 1474//1694
f 1477//1235 1500//1234 1501//1695
f 1500//1234 1478//1696 1501//1695
f 1501//1695 1019//1697 1502//1698
f 1019//1697 1020//1699 1502//1698
f 1478//1696 1017//1700 1501//1695
f 1501//1695 1017//1700 1019//1697
f 1019//1697 1017//1700 931//1701
f 1502//1698 1020//1699 1503//1702
f 1017//1700 1478//1696 957//1703
f 1478//1696 1499//1704 957//1703
f 1017//1700 1018//1705 931//1701
f 1020//1699 931//1706 1503//1702
f 957//1703 1499//1704 1018//1707
f 931//1706 1490//1708 1503//1702
f 1490//1708 1489//1662 1503//1702
f 1499//1704 1479//1709 1018//1707
f 1479//1710 1480//1671 1018//1705
f 1489//1711 1481//1712 1503//1702
f 1489//1662 1488//1661 1481//1712
f 1479//1709 1482//1672 1480//1671
f 1479//1709 1495//1713 1482//1672
f 1481//1712 1488//1661 1498//1714
f 1488//1661 1483//1660 1498//1714
f 1495//1713 1484//1673 1482//1672
f 1495//1713 1494//1715 1484//1673
f 1498//1714 1483//1660 1504//1164
f 1494//1715 1485//1674 1484//1673
f 1483//1660 1418//1658 1504//1164
f 1494//1715 1486//1716 1485//1674
f 1504//1164 1418//1658 1487//1165
f 1486//1716 872//1171 1485//1674
f 1480//1671 1492//1669 1018//1705
f 1490//1708 1491//1717 886//1668
f 897//1664 1490//1708 886//1668
f 1018//1705 1491//1717 1490//1708
f 1018//1705 1490//1708 931//1701
f 1490//1708 897//1664 1489//1662
f 1491//1717 1492//1669 886//1668
f 1018//1705 1492//1669 1491//1717
f 870//1172 1493//1718 1486//1716
f 872//1171 1493//1718 870//1172
f 872//1171 1486//1716 1493//1718
f 883//1185 1494//1715 1495//1713
f 1494//1715 883//1185 870//1172
f 1486//1716 1494//1715 870//1719
f 1479//1709 883//1185 1495//1713
f 1499//1704 887//1720 1479//1709
f 1479//1709 887//1720 883//1185
f 894//1236 887//1720 1500//1234
f 1500//1234 887//1720 1478//1696
f 1478//1696 887//1720 1499//1704
f 860//1152 1497//1721 1504//1722
f 1504//1722 1497//1721 1496//1200
f 860//1152 1496//1200 1497//1721
f 1502//1698 898//1723 1501//1695
f 898//1723 900//1233 1501//1695
f 1501//1695 900//1233 1477//1235
f 896//1724 1503//1702 1481//1712
f 898//1723 1503//1702 896//1724
f 898//1723 1502//1698 1503//1702
f 1496//1725 1498//1714 1504//1164
f 1496//1725 896//1724 1498//1714
f 1481//1712 1498//1714 896//1724
f 905//1726 902//1206 903//1203
f 905//1726 904//1727 902//1206
f 901//1208 904//1727 905//1726
f 910//1728 905//1726 908//1729
f 913//1730 908//1729 911//1731
f 913//1730 910//1728 908//1729
f 909//1732 910//1728 913//1730
f 912//1733 911//1731 909//1732
f 915//1734 911//1731 912//1733
f 914//1735 911//1731 915//1734
f 912//1733 909//1732 913//1730
f 917//1736 914//1735 915//1734
f 916//1737 914//1735 917//1736
f 916//1737 913//1730 914//1735
f 919//1738 913//1730 916//1737
f 919//1738 912//1733 913//1730
f 918//1739 912//1733 919//1738
f 918//1739 915//1734 912//1733
f 918//1739 917//1736 915//1734
f 922//1740 918//1739 919//1738
f 922//1740 917//1736 918//1739
f 921//1741 917//1736 922//1740
f 924//1742 922//1740 925//1743
f 924//1742 921//1741 922//1740
f 930//1209 921//1741 924//1742
f 930//1209 920//1744 921//1741
f 923//1745 920//1744 930//1209
f 932//1214 926//1746 927//1232
f 932//1214 929//1213 926//1746
f 902//1206 899//1204 903//1203
f 904//1727 901//1208 902//1206
f 908//1729 903//1203 906//1202
f 908//1729 905//1726 903//1203
f 910//1728 901//1208 905//1726
f 907//1747 901//1208 910//1728
f 907//1747 906//1202 901//1208
f 911//1731 906//1202 907//1747
f 908//1729 906//1202 911//1731
f 909//1732 907//1747 910//1728
f 911//1731 907//1747 909//1732
f 914//1735 913//1730 911//1731
f 921//1741 916//1737 917//1736
f 920//1744 916//1737 921//1741
f 920//1744 919//1738 916//1737
f 925//1743 922//1740 919//1738
f 923//1745 919//1738 920//1744
f 923//1745 925//1743 919//1738
f 927//1232 923//1745 930//1209
f 926//1746 923//1745 927//1232
f 926//1746 925//1743 923//1745
f 929//1213 925//1743 926//1746
f 929//1213 924//1742 925//1743
f 928//1210 924//1742 929//1213
f 928//1210 930//1209 924//1742
f 934//1748 888//1189 892//1194
f 934//1748 933//1749 888//1189
f 933//1749 895//1197 889//1190
f 936//1750 895//1197 933//1749
f 935//1751 895//1197 936//1750
f 935//1751 892//1194 895//1197
f 934//1748 892//1194 935//1751
f 937//1752 933//1749 934//1748
f 937//1752 936//1750 933//1749
f 938//1753 935//1751 939//1754
f 941//1755 937//1752 938//1753
f 941//1755 940//1756 937//1752
f 939//1754 940//1756 941//1755
f 941//1755 938//1753 942//1757
f 945//1758 941//1755 946//1759
f 945//1758 944//1760 941//1755
f 949//1761 942//1757 943//1762
f 956//1218 949//1761 947//1763
f 953//1215 949//1761 956//1218
f 953//1215 948//1764 949//1761
f 953//1215 950//1765 948//1764
f 951//1220 952//1766 950//1765
f 955//1230 950//1765 953//1215
f 933//1749 889//1190 888//1189
f 938//1753 934//1748 935//1751
f 938//1753 937//1752 934//1748
f 940//1756 936//1750 937//1752
f 939//1754 936//1750 940//1756
f 939//1754 935//1751 936//1750
f 942//1757 938//1753 939//1754
f 944//1760 939//1754 941//1755
f 943//1762 939//1754 944//1760
f 942//1757 939//1754 943//1762
f 946//1759 941//1755 942//1757
f 949//1761 946//1759 942//1757
f 952//1766 944//1760 945//1758
f 947//1763 943//1762 952//1766
f 952//1766 943//1762 944//1760
f 947//1763 949//1761 943//1762
f 948//1764 946//1759 949//1761
f 948//1764 945//1758 946//1759
f 952//1766 945//1758 948//1764
f 950//1765 952//1766 948//1764
f 951//1220 947//1763 952//1766
f 956//1218 947//1763 951//1220
f 954//1216 953//1215 956//1218
f 955//1230 951//1220 950//1765
f 960//1767 959//1182 882//1183
f 961//1768 882//1183 884//1184
f 961//1768 960//1767 882//1183
f 964//1769 962//1770 965//1771
f 968//1772 963//1773 964//1769
f 967//1774 963//1773 968//1772
f 966//1775 967//1774 968//1772
f 975//1776 972//1777 969//1778
f 973//1779 970//1780 974//1781
f 980//1782 976//1783 978//1784
f 980//1782 979//1785 976//1783
f 983//1786 979//1785 980//1782
f 983//1786 977//1787 979//1785
f 982//1788 977//1787 983//1786
f 982//1788 981//1789 977//1787
f 984//1790 981//1789 982//1788
f 984//1790 978//1784 981//1789
f 980//1782 978//1784 984//1790
f 1016//1225 983//1786 980//1782
f 1016//1225 980//1782 984//1790
f 987//1228 982//1788 985//1226
f 958//1791 884//1184 959//1182
f 962//1770 884//1184 958//1791
f 962//1770 961//1768 884//1184
f 963//1773 960//1767 961//1768
f 963//1773 959//1182 960//1767
f 967//1774 959//1182 963//1773
f 967//1774 958//1791 959//1182
f 965//1771 958//1791 967//1774
f 965//1771 962//1770 958//1791
f 964//1769 961//1768 962//1770
f 963//1773 961//1768 964//1769
f 971//1792 964//1769 965//1771
f 970//1780 964//1769 971//1792
f 969//1778 964//1769 970//1780
f 969//1778 968//1772 964//1769
f 966//1775 965//1771 967//1774
f 966//1775 971//1792 965//1771
f 972//1777 968//1772 969//1778
f 972//1777 966//1775 968//1772
f 974//1781 966//1775 972//1777
f 974//1781 971//1792 966//1775
f 974//1781 970//1780 971//1792
f 973//1779 969//1778 970//1780
f 973//1779 975//1776 969//1778
f 977//1787 972//1777 975//1776
f 977//1787 974//1781 972//1777
f 978//1784 973//1779 974//1781
f 976//1783 973//1779 978//1784
f 976//1783 975//1776 973//1779
f 979//1785 975//1776 976//1783
f 979//1785 977//1787 975//1776
f 981//1789 974//1781 977//1787
f 978//1784 974//1781 981//1789
f 986//1227 983//1786 1016//1225
f 985//1226 983//1786 986//1227
f 985//1226 982//1788 983//1786
f 987//1228 984//1790 982//1788
f 1016//1225 984//1790 987//1228
f 990//1793 891//1192 893//1195
f 992//1794 991//1795 988//1196
f 993//1796 891//1192 990//1793
f 992//1794 988//1196 993//1796
f 995//1797 993//1796 996//1798
f 995//1797 999//1799 993//1796
f 994//1800 992//1794 999//1799
f 995//1797 996//1798 997//1801
f 1002//1802 994//1800 999//1799
f 1002//1802 998//1803 994//1800
f 1003//1804 998//1803 1004//1805
f 1003//1804 1001//1806 998//1803
f 1007//1807 1001//1806 1003//1804
f 1007//1807 1000//1808 1001//1806
f 1005//1809 1000//1808 1007//1807
f 1005//1809 1002//1802 1000//1808
f 1004//1805 1002//1802 1005//1809
f 1008//1810 1007//1807 1006//1811
f 1009//1812 1006//1811 1010//1813
f 1014//1221 1011//1814 1012//1224
f 1014//1221 1010//1813 1011//1814
f 1013//1223 1010//1813 1014//1221
f 1013//1223 1009//1812 1010//1813
f 1015//1222 1009//1812 1013//1223
f 991//1795 893//1195 988//1196
f 991//1795 990//1793 893//1195
f 993//1796 989//1193 891//1192
f 993//1796 988//1196 989//1193
f 997//1801 990//1793 991//1795
f 996//1798 990//1793 997//1801
f 996//1798 993//1796 990//1793
f 999//1799 992//1794 993//1796
f 994//1800 991//1795 992//1794
f 994//1800 997//1801 991//1795
f 998//1803 997//1801 994//1800
f 1001//1806 997//1801 998//1803
f 1001//1806 995//1797 997//1801
f 1000//1808 995//1797 1001//1806
f 1000//1808 999//1799 995//1797
f 1002//1802 999//1799 1000//1808
f 1004//1805 998//1803 1002//1802
f 1011//1814 1004//1805 1005//1809
f 1006//1811 1004//1805 1011//1814
f 1006//1811 1003//1804 1004//1805
f 1007//1807 1003//1804 1006//1811
f 1008//1810 1005//1809 1007//1807
f 1010//1813 1006//1811 1011//1814
f 1009//1812 1008//1810 1006//1811
f 1012//1224 1005//1809 1008//1810
f 1011//1814 1005//1809 1012//1224
f 1012//1224 1009//1812 1015//1222
f 1012//1224 1008//1810 1009//1812
f 1423//1815 1419//1680 1422//1681
f 1426//1816 1422//1681 1424//1682
f 1423//1815 1422//1681 1426//1816
f 1428//1817 1420//1679 1419//1680
f 1424//1682 1420//1679 1428//1817
f 1429//1818 1425//1819 1430//1820
f 1431//1821 1428//1817 1429//1818
f 1427//1822 1428//1817 1431//1821
f 1433//1823 1429//1818 1432//1824
f 1433//1823 1431//1821 1429//1818
f 1431//1821 1435//1825 1427//1822
f 1434//1826 1433//1823 1432//1824
f 1437//1827 1431//1821 1433//1823
f 1437//1827 1435//1825 1431//1821
f 1436//1828 1435//1825 1437//1827
f 1438//1829 1433//1823 1434//1826
f 1440//1830 1437//1827 1438//1829
f 1440//1830 1436//1828 1437//1827
f 1439//1831 1436//1828 1440//1830
f 1439//1831 1434//1826 1436//1828
f 1442//1832 1434//1826 1439//1831
f 1443//1833 1442//1832 1439//1831
f 1441//1834 1438//1829 1443//1833
f 1444//1685 1439//1831 1445//1835
f 1447//1684 1439//1831 1444//1685
f 1447//1684 1443//1833 1439//1831
f 1446//1686 1443//1833 1447//1684
f 1448//1683 1441//1834 1446//1686
f 1448//1683 1445//1835 1441//1834
f 1425//1819 1423//1815 1426//1816
f 1425//1819 1419//1680 1423//1815
f 1429//1818 1419//1680 1425//1819
f 1429//1818 1428//1817 1419//1680
f 1427//1822 1424//1682 1428//1817
f 1427//1822 1426//1816 1424//1682
f 1430//1820 1426//1816 1427//1822
f 1425//1819 1426//1816 1430//1820
f 1432//1824 1429//1818 1430//1820
f 1435//1825 1430//1820 1427//1822
f 1432//1824 1430//1820 1435//1825
f 1436//1828 1432//1824 1435//1825
f 1434//1826 1432//1824 1436//1828
f 1438//1829 1437//1827 1433//1823
f 1442//1832 1438//1829 1434//1826
f 1441//1834 1440//1830 1438//1829
f 1443//1833 1438//1829 1442//1832
f 1445//1835 1440//1830 1441//1834
f 1445//1835 1439//1831 1440//1830
f 1446//1686 1441//1834 1443//1833
f 1444//1685 1445//1835 1448//1683
f 1455//1836 1449//1688 1450//1690
f 1452//1687 1449//1688 1455//1836
f 1456//1837 1450//1690 1453//1838
f 1456//1837 1455//1836 1450//1690
f 1457//1839 1453//1838 1458//1840
f 1457//1839 1456//1837 1453//1838
f 1457//1839 1460//1841 1456//1837
f 1463//1842 1457//1839 1459//1843
f 1463//1842 1460//1841 1457//1839
f 1464//1844 1461//1845 1462//1846
f 1464//1844 1465//1847 1461//1845
f 1467//1848 1462//1846 1463//1842
f 1467//1848 1464//1844 1462//1846
f 1469//1849 1463//1842 1465//1847
f 1468//1850 1463//1842 1469//1849
f 1468//1850 1467//1848 1463//1842
f 1470//1851 1465//1847 1466//1852
f 1470//1851 1469//1849 1465//1847
f 1473//1853 1469//1849 1470//1851
f 1468//1850 1469//1849 1473//1853
f 1471//1854 1467//1848 1468//1850
f 1475//1693 1471//1854 1472//1855
f 1470//1851 1471//1854 1475//1693
f 1475//1693 1472//1855 1474//1694
f 1453//1838 1451//1691 1454//1689
f 1450//1690 1451//1691 1453//1838
f 1458//1840 1452//1687 1455//1836
f 1458//1840 1454//1689 1452//1687
f 1458//1840 1453//1838 1454//1689
f 1459//1843 1457//1839 1458//1840
f 1460//1841 1455//1836 1456//1837
f 1462//1846 1455//1836 1460//1841
f 1462//1846 1458//1840 1455//1836
f 1461//1845 1458//1840 1462//1846
f 1461//1845 1459//1843 1458//1840
f 1465//1847 1459//1843 1461//1845
f 1465//1847 1463//1842 1459//1843
f 1462//1846 1460//1841 1463//1842
f 1466//1852 1464//1844 1467//1848
f 1466//1852 1465//1847 1464//1844
f 1471//1854 1466//1852 1467//1848
f 1470//1851 1466//1852 1471//1854
f 1472//1855 1468//1850 1473//1853
f 1472//1855 1471//1854 1468//1850
f 1474//1694 1473//1853 1470//1851
f 1474//1694 1472//1855 1473//1853
f 1476//1692 1470//1851 1475//1693
f 1476//1692 1474//1694 1470//1851
f 1535//992 1525//1031 1534//990
f 1534//1856 1526//1857 779//1858
f 1525//1031 1526//1857 1534//1856
f 1526//1857 1511//1859 779//1858
f 779//967 1511//1860 1505//965
f 1511//1859 1506//1861 1505//965
f 1506//1861 1537//1862 1505//965
f 1505//965 1537//1862 774//963
f 774//963 1537//1862 776//961
f 1537//1862 1512//1863 776//961
f 776//961 1512//1863 775//958
f 1512//1863 1507//1864 775//958
f 775//958 1507//1864 1532//953
f 1507//1864 1536//980 1532//953
f 1532//953 1536//980 1533//960
f 1544//1632 1513//1865 778//947
f 1544//1632 778//947 1543//957
f 1545//1866 1542//944 1541//946
f 1513//1865 1545//1866 1541//1867
f 1513//1865 1541//946 778//947
f 1545//1866 1514//1868 1540//948
f 1545//1866 1540//948 1542//944
f 1514//1868 1508//1869 1539//951
f 1514//1868 1539//951 1540//948
f 1509//1870 780//964 1539//951
f 1509//1870 1539//951 1508//1869
f 780//964 1509//1870 1510//966
f 1509//1870 1546//1871 1510//966
f 1510//966 1546//1871 1538//968
f 1546//1871 827//1037 1538//968
f 789//981 1536//980 1544//1632
f 1536//980 1507//1864 1544//1632
f 1526//1857 1546//1871 1509//1870
f 1526//1857 1509//1870 1511//1859
f 1511//1859 1509//1870 1506//1861
f 1515//1872 1518//1873 1507//1864
f 1518//1873 1516//1874 1507//1864
f 1507//1864 1512//1863 1515//1872
f 1509//1870 1537//1862 1506//1861
f 1512//1863 1530//1875 1515//1872
f 1537//1862 1530//1875 1512//1863
f 1537//1862 1524//1876 1530//1875
f 1509//1870 1524//1876 1537//1862
f 1516//1874 1513//1865 1507//1864
f 1507//1864 1513//1865 1544//1632
f 1516//1874 1527//1877 1513//1865
f 1527//1877 1545//1866 1513//1865
f 1527//1877 1529//1878 1545//1866
f 1524//1876 1508//1869 1528//1879
f 1529//1878 1514//1868 1545//1866
f 1528//1879 1508//1869 1529//1878
f 1508//1869 1514//1868 1529//1878
f 1509//1870 1508//1869 1524//1876
f 1516//1874 1518//1873 1531//952
f 1531//952 1518//1873 1517//954
f 1518//1873 1515//1872 1517//954
f 1517//954 1515//1872 1519//955
f 777//945 1516//1874 1531//952
f 1527//1877 1516//1874 777//945
f 1521//949 1527//1877 777//945
f 1529//1878 1527//1877 1521//949
f 1520//950 1528//1879 1521//949
f 1528//1879 1529//1878 1521//949
f 1515//1872 1530//1875 1522//959
f 1515//1872 1522//959 1519//955
f 1522//959 1530//1875 1523//956
f 1530//1875 1524//1876 1523//956
f 1520//950 1523//956 1528//1879
f 1523//956 1524//1876 1528//1879
f 779//967 824//1032 1534//1880
f 824//1032 779//967 1538//968
f 827//1037 1546//1871 1525//1031
f 1525//1031 1546//1871 1526//1857
f 828//1039 1145//1292 1047//1041
l 1407 1409
o Arm002
v 152.035706 -7.237079 146.863251
v 152.669861 -9.761853 147.588608
v 154.348526 -10.576980 149.296890
v 158.995041 -34.061237 154.813629
v 149.916031 -35.827854 145.794373
v 153.836884 6.616056 148.217300
v 148.709320 3.976981 143.095978
v 175.825928 12.027869 170.035965
v 175.872238 11.950027 145.900681
v 174.345520 11.950023 149.662064
v 173.575638 11.950023 154.435028
v 179.831009 11.950025 162.875626
v 169.899765 11.950024 157.421127
v 168.857651 11.950025 160.899017
v 163.210480 11.950027 179.496201
v 163.622345 11.950023 154.676208
v 165.640839 11.943489 139.433167
v 164.659500 11.950021 143.624893
v 166.203049 11.950025 158.449631
v 159.622284 11.950025 164.671082
v 161.104340 11.950023 151.559875
v 160.435913 11.950025 168.503616
v 157.168304 11.950023 153.955551
v 158.273117 11.950023 152.820740
v 154.347122 11.950025 161.755814
v 158.756088 11.950023 149.241898
v 156.151627 11.656503 149.913773
v 157.450409 11.950025 166.208801
v 154.570251 11.950025 163.675934
v 153.387482 11.950027 174.773636
v 145.588669 11.950032 175.165283
v 151.099625 11.950023 157.236435
v 150.529266 11.950025 160.796219
v 148.172241 11.950025 159.042084
v 143.795746 11.950025 164.515503
v 139.799255 11.947666 165.330582
v 143.804626 17.461744 167.475632
v 163.503357 17.285694 144.972412
v 160.513916 17.450027 165.440994
v 157.224335 17.450029 166.591095
v 159.732269 17.450024 149.119675
v 169.876144 17.450024 157.548691
v 166.544937 17.450024 159.171219
v 148.723343 17.450024 157.429169
v 164.548141 17.450024 159.038742
v 158.093048 17.450024 153.009338
v 154.252060 7.840441 147.984818
v 141.115479 7.190566 146.199127
v 112.839905 7.725401 122.760956
v 90.194923 8.099966 81.976326
v 73.175385 8.835082 89.066368
v 78.897896 7.732699 87.315651
v 64.013191 7.837103 77.936653
v 57.101456 7.725823 67.318031
v 54.955647 7.803890 42.071281
v 35.136017 7.511761 50.605667
v 42.413383 7.823543 54.591621
v 62.608280 10.100636 50.643959
v 67.429138 10.057810 56.057266
v 87.598709 10.355560 78.433792
v 109.957123 10.039062 101.457794
v 141.957733 9.879834 141.622925
v 112.994766 10.174518 123.135353
v 39.588860 -0.214613 54.750938
v 51.380939 11.680536 70.358307
v 126.017471 9.241851 146.558044
v 139.869476 8.403146 163.096146
v 104.670525 7.840228 118.122849
v 99.534653 9.498068 116.282379
v 51.386860 11.700011 70.350777
v 50.425930 7.863238 66.487282
v 36.178219 -6.356158 51.999359
v 49.960453 7.329258 63.191441
v 32.853233 -11.507984 52.365162
v 47.565521 9.472857 66.572647
v 44.273151 6.393205 62.379509
v 37.473988 3.005743 58.222301
v 37.771255 -0.716620 55.833332
v 33.573254 17.901554 55.035084
v 50.449532 18.487415 67.037422
v 77.305481 17.994102 90.695938
v 89.476715 17.999571 102.872910
v 129.625198 18.961960 148.284286
v 26.237722 -2.755952 46.727997
v 32.795258 -8.367935 52.954277
v 32.732895 -9.562407 52.735168
v 32.077675 -18.999792 51.524998
v 55.416248 18.035858 32.989761
v 47.704945 17.204409 25.150888
v 47.153065 -6.806946 26.317787
v 66.552490 10.061210 46.510155
v 52.404396 -10.358703 33.277477
v 59.206528 4.501695 37.589035
v 66.453606 7.939243 48.966133
v 53.469189 -7.691506 32.632423
v 55.843094 -1.679673 36.595177
v 54.629112 -1.056034 38.684006
v 58.694534 3.272366 42.384769
v 60.742451 5.801522 46.200783
v 49.680428 16.742611 31.276789
v 48.113468 16.642931 30.396812
v 44.723118 17.198790 25.702631
v 47.214272 16.698412 31.634689
v 45.470001 17.205118 36.333885
v 33.151741 17.205118 24.150394
v 32.782581 17.204979 15.586122
v 33.103893 16.831833 19.949697
v 36.630070 17.205124 45.127747
v 32.083923 16.977720 21.574738
v 31.467384 16.701162 19.096029
v 31.459291 16.591520 47.049599
v 18.903107 17.202517 24.694494
v 25.906685 17.184324 44.041618
v 30.666988 16.443235 47.947666
v 25.538891 17.165331 47.384991
v 24.490862 17.205118 32.841393
v 20.986343 16.767035 30.468151
v 20.836948 16.737043 32.752419
v 16.353868 17.205021 33.343636
v 19.324680 16.875423 31.595850
v 21.819925 16.902426 32.002640
v 20.440037 16.175213 30.275488
v 19.601770 16.336672 32.378262
v 21.811064 16.351778 31.275196
v 19.435255 16.003778 31.498899
v 21.103888 15.839811 32.692646
v 21.858240 15.638210 31.314051
v 19.593046 15.549041 32.324097
v 20.195332 15.515930 30.443171
v 20.147081 15.053714 32.743328
v 21.755924 14.865290 31.092232
v 20.192211 14.820594 30.390949
v 19.382618 14.939232 31.748373
v 21.546776 14.801485 32.467278
v 21.063347 14.225118 30.405340
v 20.103687 14.241847 32.741695
v 21.640472 13.986799 32.195309
v 19.847088 14.014423 30.584797
v 20.735348 13.301641 32.891987
v 21.738459 13.724266 31.004824
v 19.712358 13.034777 30.584835
v 19.382399 13.592525 31.906218
v 21.522011 12.820025 32.381268
v 21.482000 13.196379 30.755878
v 19.695911 12.340093 30.790533
v 19.884859 12.570797 32.533348
v 22.077679 10.287734 31.529718
v 21.679598 12.338619 30.931049
v 32.572037 16.464304 21.413353
v 30.912779 16.489887 20.994062
v 33.141380 16.181925 20.005562
v 31.695246 15.847073 19.082018
v 30.743608 15.914779 20.155657
v 32.539246 15.789433 21.396587
v 32.876663 15.519221 19.552307
v 31.038633 15.104570 19.454874
v 31.155474 15.412601 21.224653
v 32.932957 15.018142 21.094280
v 30.758266 14.567802 20.142422
v 31.182119 14.805315 21.212729
v 33.077061 14.578779 19.780743
v 32.549614 14.045465 21.298307
v 32.175453 14.322946 18.982365
v 31.188862 13.924892 19.231102
v 30.934593 14.067556 21.122208
v 32.925846 13.677162 19.556833
v 31.264271 13.252368 19.199245
v 31.416149 13.416023 21.416679
v 31.594446 12.599480 21.442616
v 32.896473 13.207561 20.986134
v 33.197990 12.771281 20.362137
v 32.236782 12.455652 19.054634
v 30.710300 12.519164 20.223160
v 32.999950 12.121300 19.680086
v 32.763618 10.613281 19.193020
v 48.968662 16.770781 32.589252
v 47.736004 16.369150 32.557972
v 49.489422 15.919353 30.869614
v 47.906879 15.768816 30.359234
v 49.185677 15.920712 32.570942
v 47.319546 15.827369 32.012905
v 48.457775 15.320299 32.687389
v 49.725525 14.917296 31.450020
v 48.881271 15.252960 30.270639
v 47.340668 15.215234 31.053452
v 48.213009 14.733810 30.327860
v 48.924919 14.466237 32.646828
v 48.611549 14.085320 30.354477
v 47.317368 14.320431 31.252987
v 47.593624 14.766896 32.419662
v 49.114471 13.748849 32.604614
v 49.699245 13.912086 31.193190
v 48.085476 13.442710 30.298786
v 49.441185 13.109474 32.211575
v 49.355042 13.189647 30.805878
v 47.281490 13.338642 31.402773
v 47.968132 13.380594 32.663692
v 48.103077 12.310777 32.690479
v 49.632603 12.447617 31.971207
v 47.850258 12.574666 30.481710
v 47.445301 12.621275 32.199944
v 33.119305 16.947706 48.496639
v 31.411985 16.811199 49.340282
v 32.985775 16.388056 47.603287
v 32.420429 16.023226 49.255886
v 33.124153 15.713055 48.257793
v 30.699581 15.503382 47.862045
v 31.136831 15.899758 49.191994
v 32.106953 15.698904 46.914738
v 32.952526 15.168093 47.456203
v 32.056210 14.907805 46.919941
v 31.001640 14.993589 49.101433
v 32.613331 15.056070 49.193123
v 32.112518 14.400648 49.366280
v 33.069138 14.402225 47.773357
v 31.061007 14.463474 47.190456
v 30.498913 14.041296 48.100632
v 32.008831 13.736087 47.005539
v 31.062990 13.897283 48.946754
v 32.128658 13.677182 49.399357
v 33.151749 13.790821 48.058735
v 32.461926 13.115428 47.061722
v 30.946140 13.311651 47.466965
v 30.889540 13.165274 48.954296
v 32.958317 13.038176 48.758011
v 31.730890 12.502539 46.909714
v 30.638159 12.502025 47.977646
v 31.920107 12.415580 49.350491
v 33.070889 12.306052 47.791824
v 49.534363 12.387823 30.729498
v 30.673399 10.867502 19.627245
v 32.457966 10.148049 21.781145
v 20.423849 10.810709 30.273447
v 19.473568 10.593047 32.664833
v 66.834061 18.456141 50.392540
v 86.558502 18.026728 72.334488
v 106.449455 18.012342 92.331589
v 124.774452 18.226236 109.382462
v 128.088181 18.337200 112.220848
v 163.138184 15.694540 137.842712
v 148.512573 18.971849 129.210861
v 50.945923 7.513507 34.791962
v 51.771416 -19.509123 33.631691
v 37.915924 -19.599993 47.410969
v 137.055038 15.639440 161.573334
v 51.205883 11.727436 70.193886
v 79.934967 10.274006 61.737480
v 97.946518 9.698462 81.092194
v 110.982925 7.854855 97.448387
v 122.461052 9.667941 104.531540
v 150.506912 9.932871 128.173859
v 161.998108 7.928648 139.683975
v 165.204727 9.931359 139.561768
v 137.879822 9.628518 134.771820
v 139.943924 18.951797 137.800842
v 138.166901 18.957701 139.632614
v 50.949635 10.143671 62.152325
v 132.100739 7.989079 144.548325
v 134.723511 7.708177 148.612457
v 135.008911 9.715281 137.579544
v 131.564377 9.764383 131.930435
v 148.945007 7.722731 134.378082
v 132.248703 9.756991 131.216110
v 121.095421 7.928493 131.658478
v 118.300629 7.757085 128.981339
v 126.052414 9.603291 128.537445
v 128.941299 9.661108 125.699768
v 129.306198 7.739766 117.952560
v 110.227264 8.097145 118.949699
v 113.344139 9.676951 115.754562
v 109.799904 9.715878 110.187416
v 123.096497 7.725946 112.503975
v 110.411270 9.784132 109.331932
v 119.334709 8.096839 109.798828
v 104.269417 9.543247 106.772591
v 107.193054 9.585741 103.904297
v 93.305473 9.561346 95.920479
v 89.973000 9.711038 90.419319
v 101.608543 7.749673 92.597763
v 90.600883 9.720350 89.502953
v 116.138092 9.567237 112.947464
v 96.233696 9.528420 93.038940
v 91.119896 17.970196 92.665779
v 114.214828 11.676526 129.102600
v 117.766914 10.060537 128.808212
v 131.908325 10.563780 117.825386
v 117.909569 10.754023 132.087738
v 102.083824 10.113478 92.768707
v 98.283371 10.128047 107.077805
v 123.350090 10.874488 109.418457
v 124.609184 12.694197 109.275002
v 85.981705 11.344428 72.488495
v 82.390770 10.083787 72.760941
v 102.424850 11.180174 89.694542
v 90.846466 17.989424 76.817940
v 103.331429 17.972046 89.357758
v 77.405350 12.084050 90.469467
v 90.152298 10.120679 99.893906
v 66.232330 11.511164 50.403320
v 52.536221 11.483166 67.397072
v 71.209679 9.730844 60.639202
v 82.434532 10.837354 69.863625
v 48.092743 9.687434 49.460213
v 42.378769 10.163783 54.594940
v 40.073555 12.134310 57.075359
v 47.749615 11.816596 63.565193
v 41.140789 10.494415 55.919106
v 54.969662 10.146946 42.065769
v 57.505726 12.682073 39.632141
v 93.096230 10.116791 101.713409
v 107.659317 11.310545 94.300545
v 112.771896 11.181614 127.092468
v 117.242424 11.904814 131.069244
v 121.323975 10.120522 131.124954
v 116.787498 18.402225 130.880859
v 134.697144 10.050781 148.803284
v 134.302826 18.957262 143.455460
v 132.852997 18.955193 144.854004
v 48.303997 7.954105 59.134731
v 48.314880 9.821914 59.113445
v 59.463707 7.973778 47.980961
v 59.359428 10.095596 48.169044
v 49.832787 9.708948 47.791069
v 63.433197 18.528395 48.680561
v 50.830898 7.760537 61.876793
v 51.275742 9.613579 53.751907
v 64.389923 9.676790 66.815445
v 62.213165 7.756391 50.494804
v 54.093521 9.613255 50.929638
v 66.342789 18.464468 50.174084
v 67.650414 7.727702 56.764030
v 67.761375 11.593503 52.155369
v 67.922562 18.418125 51.685871
v 67.190010 9.573284 64.016640
v 70.577530 10.010885 78.525299
v 70.364227 8.071271 78.540916
v 70.075798 9.780805 70.485619
v 60.838211 10.062856 69.720634
v 60.927673 8.122891 70.015656
v 69.848808 10.187177 60.916821
v 70.236847 8.082810 60.614819
v 78.946602 9.825734 69.453392
v 78.887962 8.100942 70.018898
v 83.065666 12.636175 70.609032
v 72.950005 7.737026 81.652527
v 73.303215 9.587674 75.908737
v 81.985939 7.737334 72.612701
v 76.244293 9.589864 72.969551
v 87.643562 7.727911 78.551544
v 87.773872 12.732118 73.702423
v 87.305923 9.590163 83.981331
v 84.340263 9.556980 86.911377
v 82.270882 8.110127 89.899048
v 82.364548 10.077660 89.709564
v 90.416893 8.161282 97.858421
v 90.625679 10.028782 97.866974
v 89.782440 10.194942 82.383453
v 98.232735 8.101628 89.886627
v 98.318665 9.755684 89.756653
v 97.815842 10.353641 90.463684
v 107.533569 7.734569 98.288002
v 92.943886 7.724650 101.301323
v 98.640182 7.754443 107.210350
v 101.744987 8.014368 109.881294
v 102.199295 10.398069 109.329605
v 110.166725 8.031843 101.407387
v 119.347687 9.866476 109.398735
v 131.873169 7.955499 120.752647
v 144.911774 7.912368 131.507568
v 145.009262 9.747290 131.217987
v 153.653183 11.180150 134.168091
v 149.075485 10.066938 134.339630
v 134.480789 11.356009 153.482773
v 131.322922 12.705113 150.163239
v 132.566223 12.690983 149.761505
v 131.623016 11.018427 149.042389
v 131.656906 9.729275 144.648285
v 132.555527 10.307382 144.120773
v 116.379585 12.570296 131.864273
v 116.321426 18.425611 132.050079
v 121.042946 9.872519 131.956055
v 150.522614 12.525920 131.051361
v 144.684296 9.905056 132.101288
v 149.328156 10.990795 131.281616
v 150.087296 12.490909 132.205627
v 132.397842 12.361753 116.129211
v 131.324280 12.424841 116.783173
v 131.689316 9.951017 120.847572
v 129.163635 10.061906 117.551498
v 129.448318 11.462635 113.999985
v 123.357422 10.256098 112.608391
v 128.088699 12.298820 112.399811
v 125.738121 10.347298 112.634575
v 110.551880 18.265755 124.340759
v 109.683578 12.360328 124.234314
v 109.807426 10.573017 122.313004
v 110.846504 12.070996 123.591667
v 110.431053 9.948467 119.071808
v 96.820572 12.835718 110.210518
v 97.255966 18.000324 109.114334
v 98.242035 11.263082 109.276512
v 98.200500 10.882965 110.373901
v 101.709442 9.831338 110.314133
v 124.279343 18.250469 110.633293
v 124.009102 12.152024 110.499756
v 118.891800 10.267379 110.377815
v 110.080429 18.006804 96.429771
v 109.547707 12.765944 97.175468
v 110.660912 12.217240 96.620338
v 109.883583 10.327323 99.012947
v 105.668388 11.182749 92.521614
v 107.393631 10.105393 97.926025
v 94.693260 11.226940 107.301514
v 92.863991 11.519452 105.661575
v 102.227440 11.596098 90.621635
v 103.307945 12.810990 89.490929
v 90.783302 12.483455 76.937447
v 89.636665 12.288407 77.731583
v 90.480637 10.578278 78.639458
v 90.793045 9.948407 81.998886
v 90.309586 17.978729 103.069763
v 89.758133 11.924356 102.769440
v 90.877312 12.172464 102.346153
v 77.557381 12.753177 89.452278
v 80.159882 10.216041 89.615463
v 78.427307 10.107792 87.145226
v 74.801788 11.232619 87.394028
v 72.846153 12.433016 86.259056
v 72.946007 10.417713 84.013100
v 72.984245 10.316081 81.754974
v 87.578262 10.496552 75.546669
v 83.713707 12.459885 69.522057
v 78.596230 10.141270 70.459564
v 69.718338 12.570365 55.690063
v 70.756950 12.074140 55.305164
v 69.813774 10.583048 57.845959
v 69.709106 18.068119 83.461349
v 70.951721 11.886024 82.582108
v 69.919754 12.116446 83.346512
v 70.197701 10.133531 80.539345
v 55.641956 12.024594 70.389244
v 55.920101 12.616469 69.410301
v 58.342808 10.246853 69.675949
v 56.437382 10.114565 67.140205
v 50.764000 11.264367 65.840065
v 48.941437 18.502548 63.358505
v 48.746197 12.531877 63.249416
v 48.710430 10.614470 61.292965
v 63.459572 12.244425 48.475410
v 64.091301 12.755646 47.441608
v 64.092346 18.533045 48.233326
v 62.245403 10.362444 47.740627
v 56.510681 10.674232 40.588181
v 138.099304 18.843309 134.033386
v 135.761368 18.874096 137.281784
v 70.580444 9.708266 69.516922
v 154.831543 17.572096 134.178009
v 168.086517 17.389685 143.219803
v 158.648682 17.442968 137.222443
v 143.745865 17.434643 145.498337
v 178.779861 17.232716 156.264908
v 163.886383 17.275806 154.395248
v 160.055588 17.450024 153.203735
v 134.500320 17.595551 154.503967
v 154.117798 17.450024 160.135254
v 137.799759 17.426447 158.427200
v 149.145279 17.450024 160.542404
v 151.982758 17.450024 159.279419
v 169.724716 17.450024 160.385529
v 160.121292 17.450026 164.524628
v 175.344162 17.503471 166.770874
v 160.576675 17.450029 168.151978
v 151.468140 17.421246 174.875854
v 163.881409 17.276411 163.546600
v 164.032547 13.050026 163.697739
v 143.752716 13.050024 150.898956
v 138.919754 17.424026 157.813873
v 158.347961 17.422291 138.498001
v 174.157211 15.622540 144.381058
v 177.950470 15.525028 169.190430
v 49.733097 18.776989 47.332870
v 47.648930 18.780582 49.399673
v 53.863190 18.642729 51.701401
v 70.845894 18.326620 55.099705
v 69.505608 18.321503 55.556477
v 49.007664 18.748302 50.555771
v 50.507202 18.657404 54.143818
v 40.197823 18.777262 57.659004
v 66.501656 18.272835 64.301872
v 83.867691 18.051691 69.510277
v 69.449509 18.209404 67.233223
v 67.849571 18.248549 63.953594
v 64.016304 18.268238 67.584343
v 76.518349 18.096701 72.325523
v 52.052132 18.416208 67.594185
v 56.068031 18.340700 69.119308
v 89.609734 17.968000 77.166016
v 74.114067 18.101301 75.636864
v 86.588135 17.975668 84.352768
v 87.902618 17.992090 83.786247
v 103.365044 17.983776 90.084373
v 70.962898 18.028723 83.195488
v 84.689926 17.976122 86.275406
v 84.112213 17.987860 87.572052
v 107.818550 18.006907 93.677742
v 96.306061 17.966284 92.404640
v 77.677628 17.985178 89.174454
v 77.116928 17.993395 90.056473
v 109.360100 18.032158 97.215294
v 94.052399 17.979942 95.601700
v 104.676727 18.045399 106.316360
v 109.370506 18.093836 107.151108
v 107.731712 18.051876 103.948761
v 92.669243 17.998827 106.080612
v 91.082222 17.963531 102.493835
v 103.904694 18.056612 107.497498
v 131.803329 18.427135 116.018654
v 132.618134 18.450199 116.089607
v 115.728050 18.184505 113.402367
v 94.049744 18.004261 107.490631
v 112.905144 18.154263 110.691864
v 111.027794 18.153961 112.567894
v 131.154999 18.434126 116.626526
v 96.775467 18.018330 110.334335
v 112.543358 18.206558 116.317474
v 140.271606 18.679834 122.513718
v 131.144180 18.630762 128.940170
v 128.090439 18.532848 125.927002
v 134.675919 18.758257 132.479446
v 132.814072 18.757765 134.337601
v 134.459854 18.831442 137.540741
v 122.868523 18.676357 139.949997
v 131.501831 18.468058 150.407425
v 132.667130 18.377316 150.019547
v 150.688599 18.503843 131.049652
v 143.811722 18.955866 133.967941
v 144.938385 15.596645 174.329285
v 161.759445 16.852251 179.115189
v 170.532074 11.990850 175.612091
v 173.397614 10.078170 167.580475
v 150.651031 10.237244 140.080475
v 158.389557 11.842179 137.399002
v 155.654373 10.108698 138.303635
v 158.156982 12.368243 138.516739
v 145.953751 10.214413 143.266159
v 140.596054 10.215983 150.148895
v 138.925629 10.254979 155.574142
v 138.788513 12.313394 157.845840
v 137.640686 11.991876 158.069931
v 143.592514 10.201397 145.565460
v 40.044388 18.795851 56.756863
v 47.788986 18.515673 63.898804
v 50.905792 18.748026 48.676708
v 57.580868 18.759624 39.601406
v 64.141403 18.536594 47.264294
v 54.068333 18.639688 50.288177
v 51.683212 18.629044 53.323574
v 50.538738 18.446186 66.259422
v 64.764946 18.242245 66.443611
v 55.355225 18.316923 70.315735
v 62.945969 18.172512 77.283592
v 71.117416 18.140545 72.666931
v 67.563423 18.209538 69.115120
v 73.001755 18.140747 70.779251
v 83.345909 18.041323 70.712357
v 87.922615 18.024452 73.762230
v 75.840874 18.090225 73.596542
v 72.758362 18.083424 75.912430
v 72.658791 18.033258 86.217758
v 74.101730 18.018688 87.586494
v 92.990898 17.972931 90.775726
v 89.467514 17.975164 87.251350
v 102.797859 17.975031 90.758904
v 87.595062 17.977335 89.140717
v 92.724686 17.967815 96.028557
v 95.984436 17.975903 93.801590
v 106.314308 18.048273 104.135040
v 111.066772 18.035946 96.740250
v 111.054016 18.265715 123.577606
v 109.553642 18.246368 124.339905
v 107.480568 18.094051 109.035591
v 129.594238 18.361816 113.537621
v 129.119965 18.558426 125.976936
v 129.651840 18.543123 125.072830
v 116.453194 18.206434 112.234016
v 113.114243 18.210123 115.519249
v 112.551811 18.335405 127.764053
v 114.115631 18.209087 115.611977
v 125.962967 18.532413 129.234619
v 126.320290 18.531132 127.820747
v 113.908653 18.362221 129.270279
v 150.454300 18.354528 132.255600
v 145.173355 18.955660 132.518326
v 129.244186 18.626881 130.797821
v 137.507233 18.863586 135.228424
v 152.236374 17.416536 139.739471
v 145.852158 17.438421 143.423080
v 139.608154 17.423609 153.445740
v 139.879211 10.615200 165.155762
v 174.759827 17.172018 153.730606
v 143.842514 17.181860 153.725403
v 145.647720 13.050024 154.689636
v 154.592224 13.050024 154.257462
v 154.729599 17.274885 154.394836
v 153.820221 13.050021 143.501617
v 154.905716 17.261536 144.553940
v 150.043167 17.243658 143.706894
v 154.737762 17.277081 163.555466
v 155.190186 17.293266 172.778519
v 144.618073 17.236980 163.554398
v 174.839661 13.050026 164.514038
v 173.148041 17.305882 163.091843
v 165.192337 13.050027 174.750488
v 163.571579 17.277636 173.113144
v 167.214996 17.475283 174.779495
v 59.041019 3.957608 43.406593
v 32.039928 -19.599993 41.511806
v 38.001423 -2.826528 47.252953
v 36.114670 -1.999042 44.781219
v 41.771469 -6.178456 31.617563
v 47.745770 -19.599997 37.581123
v 41.846607 -19.599997 31.705135
v 46.747005 -19.599665 26.779026
v 33.374550 -19.114096 51.704399
v 32.033535 -15.464922 51.687119
v 32.093170 -18.999887 51.540016
v 32.256779 -19.000008 51.600838
v 32.148403 -18.999977 51.569134
v 51.752811 -19.451000 31.657370
v 50.799343 -10.691164 34.884010
v 58.149281 3.749372 43.025784
v 64.200058 7.486360 50.473766
v 52.133152 -7.048787 35.571659
v 44.181561 4.317666 58.495052
v 35.141052 -10.284981 50.767887
v 39.769756 0.403257 45.461166
v 45.774750 0.453565 39.512535
v 47.560860 -2.649740 37.693974
v 38.717945 0.417939 44.146534
v 31.979439 -6.077812 41.412086
v 45.144741 -1.821953 35.931324
v 44.412281 0.452874 38.458942
v 31.339222 -19.313353 45.983887
v 33.142281 -19.091084 45.615849
v 27.113787 -19.599659 46.418873
v 33.510559 -19.180620 47.077148
v 31.916891 -19.191940 47.700417
v 31.708693 -18.607048 45.606617
v 31.507523 -18.758425 47.559837
v 31.339993 -18.081459 47.108326
v 33.681789 -18.467337 46.951607
v 33.468815 -17.923422 46.019829
v 32.886814 -18.062586 47.790638
v 33.528736 -17.215006 47.232323
v 31.802237 -17.748884 45.489704
v 33.074207 -17.038191 45.450233
v 32.307308 -17.213390 47.820503
v 31.318253 -16.919870 45.987526
v 31.352493 -17.040710 47.166573
v 33.452118 -16.408112 46.027229
v 33.277218 -16.493637 47.351902
v 31.485664 -15.908666 47.278450
v 31.908569 -16.257055 45.494598
v 32.873314 -15.673328 45.440220
v 32.776196 -15.917945 47.778088
v 33.723629 -15.736396 46.735878
v 31.149929 -15.478168 46.387932
v 33.139904 -14.858306 45.596859
v 31.859428 -14.886784 47.739597
v 31.555428 -14.994415 45.644505
v 33.522671 -14.779102 47.315960
v 45.809296 -19.191933 31.479622
v 46.687443 -19.429680 33.564674
v 47.365780 -19.231649 30.923950
v 48.133144 -19.329313 32.236172
v 47.343243 -18.809433 33.174545
v 46.024380 -18.822197 32.739338
v 47.770512 -18.644655 31.218647
v 48.222282 -18.461855 32.100735
v 46.389900 -18.168203 33.273010
v 45.747944 -18.427925 31.525574
v 46.534306 -18.199183 30.892059
v 47.666939 -17.743151 31.199923
v 48.021927 -17.885887 32.542599
v 46.986858 -17.645037 33.366653
v 45.827873 -17.590014 31.483547
v 48.146835 -17.216276 32.259289
v 46.440388 -17.160658 33.212788
v 45.625397 -16.769571 32.016754
v 46.978592 -17.017397 30.813726
v 46.547733 -16.075716 30.826759
v 47.925167 -16.486412 31.366446
v 45.752552 -16.100950 32.396690
v 48.104313 -15.877449 32.453995
v 47.566723 -16.516367 33.251564
v 46.311283 -15.560032 33.146576
v 47.310314 -15.600244 30.793076
v 46.076241 -15.530204 31.202782
v 47.789986 -14.915117 31.303560
v 48.139042 -14.846612 32.510601
v 46.886093 -14.948887 33.388844
v 45.814552 -14.808181 32.411186
v 46.273922 -14.825028 31.163393
v 17.130424 11.329311 28.398846
v 28.804380 11.326189 16.734148
v 34.436344 9.036359 24.524536
v 27.753750 5.884140 37.240601
v 24.524935 5.160406 41.219582
v 38.456623 4.528181 28.322887
v 41.682823 4.940401 24.305367
v 26.221476 1.934799 42.967495
v 26.697031 -0.929963 44.556190
v 26.683455 -6.947497 46.807327
v 46.829689 -3.897951 25.877756
v 41.054615 -1.801474 30.855711
v 31.239094 -1.573397 40.684757
v 24.841209 9.879443 31.751568
v 24.864447 9.070151 34.082626
v 32.103500 9.877523 24.490093
v 47.444820 10.085249 25.413851
v 44.966064 -1.030269 26.350492
v 35.752499 10.463339 17.890110
v 25.820530 9.085503 47.063793
v 43.374611 1.834427 25.888060
v 38.883965 8.316472 21.258581
v 32.924438 11.079609 16.378605
v 16.992628 10.933681 33.791718
v 20.376986 9.322887 37.376324
v 26.268503 -4.187820 46.427029
v 147.618042 2.924548 152.486877
v 152.491623 1.037732 147.010117
v 149.554092 -10.602644 153.941971
v 164.199463 -4.920626 158.928970
v 159.260864 -4.924602 163.861328
v 163.860153 11.537107 169.076904
v 169.414932 11.500446 163.528244
v 148.322784 -33.539211 144.107224
v 142.929001 5.116949 147.873596
v 146.651001 7.129082 140.922607
v 143.617676 2.649266 148.493637
v 147.200470 -1.784788 151.882599
v 152.891800 -35.911221 156.340912
v 146.162064 -35.831287 149.626465
v 144.658310 -34.041164 148.185074
v 153.393280 -13.911412 157.660019
v 155.772049 -31.173168 151.476089
v 147.729095 -30.142534 151.387054
v 151.916763 -19.481287 147.194229
v 148.678741 8.321820 154.374710
v 148.721619 7.519580 153.872818
v 150.290359 11.649582 155.818909
v 151.811203 -31.171616 155.436539
v 155.067673 -14.635858 159.254898
v 155.869629 -16.962570 160.020355
v 148.334061 -31.231552 151.958359
v 148.881439 -16.471466 153.048584
v 147.609589 -18.564121 151.718109
v 151.738174 -30.252178 147.397354
v 152.390305 -31.271206 148.103317
v 152.804642 -16.985073 147.990356
v 160.344986 -17.068798 155.525696
v 159.934052 -15.232949 155.058014
v 158.458984 -13.835725 153.532959
v 147.361313 -8.458188 151.823044
v 148.206451 -9.997037 152.607666
v 156.756851 -35.890762 152.629257
v 168.064362 10.418623 173.229050
v 155.096466 -34.143700 158.618073
v 144.301590 -32.489807 147.891266
vn 0.5941 -0.7404 -0.3144
vn 0.3948 0.4182 -0.8181
vn 0.8530 -0.5200 -0.0450
vn 0.2361 -0.7259 -0.6460
vn 0.7416 0.5291 -0.4123
vn 0.9669 0.1943 -0.1655
vn -0.0472 -0.3108 -0.9493
vn 0.1370 0.0028 -0.9906
vn 0.2722 0.4043 -0.8732
vn 0.1985 -0.3946 -0.8971
vn 0.5356 -0.5810 -0.6128
vn 0.9845 -0.1552 -0.0819
vn 0.8806 -0.4170 -0.2250
vn 0.5531 0.5962 -0.5819
vn 0.8446 -0.4648 -0.2656
vn 0.0966 -0.8157 -0.5704
vn 0.8671 0.4070 -0.2872
vn 0.6089 -0.6827 0.4039
vn 0.9948 0.0766 -0.0672
vn 0.1535 -0.2668 -0.9515
vn 0.9796 -0.1313 -0.1520
vn 0.9410 -0.3172 0.1183
vn 0.6672 -0.6826 0.2980
vn -0.2538 -0.8358 -0.4868
vn -0.0000 -1.0000 0.0002
vn -0.0000 -1.0000 -0.0000
vn 0.8150 -0.5744 0.0760
vn 0.0154 -0.8927 -0.4503
vn 0.0239 -0.9997 0.0098
vn 0.7073 -0.4284 -0.5624
vn -0.5503 -0.4732 0.6879
vn -0.6581 -0.7527 -0.0188
vn 0.6031 -0.7869 0.1307
vn 0.1723 -0.5681 0.8047
vn -0.5540 -0.8277 0.0901
vn 0.4263 -0.3588 0.8303
vn -0.1915 -0.8739 0.4468
vn -0.1861 -0.9663 -0.1778
vn 0.1002 -0.9916 0.0816
vn 0.0448 -0.9983 0.0373
vn 0.0364 -0.9991 0.0213
vn 0.3585 -0.9333 0.0203
vn 0.0026 -1.0000 0.0090
vn 0.3746 -0.8592 0.3485
vn -0.4490 -0.6002 0.6620
vn -0.4173 -0.8267 0.3774
vn 0.3504 -0.8498 0.3936
vn 0.0829 -0.9902 0.1125
vn 0.0005 -1.0000 0.0002
vn -0.5545 -0.4371 0.7081
vn 0.3027 0.8759 0.3756
vn 0.2229 0.9747 -0.0149
vn 0.8635 0.3082 0.3991
vn -0.5728 -0.0376 -0.8188
vn -0.6261 -0.0785 0.7758
vn 0.9861 -0.1659 0.0067
vn -0.9096 -0.0251 0.4146
vn -0.1388 -0.3430 0.9290
vn -0.9795 0.1282 -0.1552
vn 0.3633 0.0826 0.9280
vn -0.5843 -0.0689 -0.8086
vn -0.6582 -0.0116 0.7527
vn -0.5567 -0.0217 0.8304
vn 0.9867 -0.1622 -0.0144
vn -0.3396 0.1804 -0.9231
vn -0.9769 -0.1979 -0.0812
vn -0.5360 0.2095 0.8178
vn 0.5748 -0.2070 0.7917
vn 0.9867 0.1622 0.0140
vn -0.1566 -0.1033 -0.9823
vn -0.9530 -0.2942 -0.0717
vn 0.6051 0.0370 0.7953
vn 0.9171 0.0865 0.3891
vn -0.0597 -0.8236 0.5641
vn 0.3800 -0.5966 0.7069
vn 0.6258 -0.4642 0.6268
vn -0.0560 -0.3826 0.9222
vn -0.2589 -0.9631 0.0735
vn 0.3971 -0.9164 -0.0501
vn -0.3125 -0.9498 0.0143
vn 0.2019 -0.9599 -0.1947
vn -0.0301 -0.9767 -0.2125
vn -0.4617 -0.8434 -0.2748
vn -0.0133 -0.9537 -0.3005
vn -0.1700 -0.8695 -0.4637
vn -0.0316 -0.9504 0.3095
vn -0.2135 -0.8142 0.5399
vn -0.1810 -0.9706 0.1587
vn -0.4536 -0.8824 0.1250
vn 0.3476 -0.9369 0.0367
vn 0.0741 -0.9166 -0.3929
vn 0.5385 -0.8168 -0.2071
vn -0.0703 -0.9349 0.3478
vn 0.1028 -0.9265 -0.3619
vn -0.5099 -0.8242 0.2464
vn 0.4857 -0.8735 -0.0334
vn -0.1270 -0.9150 0.3829
vn -0.3885 -0.9179 0.0807
vn -0.1631 -0.8539 0.4942
vn 0.2476 -0.8130 -0.5270
vn 0.1034 -0.9276 0.3591
vn -0.5333 -0.8115 0.2388
vn 0.6245 -0.1642 -0.7636
vn 0.1091 -0.9363 -0.3338
vn 0.2557 -0.9660 -0.0389
vn -0.1326 -0.9835 0.1230
vn -0.2119 -0.9503 0.2280
vn 0.1689 -0.8844 -0.4351
vn 0.4052 -0.8963 -0.1800
vn -0.1249 -0.9806 0.1513
vn 0.1054 -0.9903 -0.0908
vn 0.0087 -0.9947 0.1028
vn 0.3170 -0.9394 -0.1306
vn -0.1398 -0.9870 0.0792
vn -0.1410 -0.9770 0.1602
vn 0.1224 -0.9856 -0.1166
vn -0.1825 -0.9732 0.1397
vn -0.0783 -0.9934 0.0842
vn 0.0161 -0.9933 0.1141
vn 0.1633 -0.9858 -0.0395
vn 0.1567 -0.9663 -0.2041
vn -0.1972 -0.9090 0.3671
vn -0.0307 -0.5766 0.8164
vn 0.1465 -0.9692 -0.1981
vn 0.8167 -0.5762 -0.0310
vn 0.0677 -0.9967 -0.0457
vn -0.2958 0.1689 0.9402
vn -0.4074 0.0485 0.9120
vn -0.9429 0.0569 0.3283
vn -0.9472 0.1620 0.2768
vn 0.3498 0.3395 0.8732
vn -0.0332 -0.0244 0.9991
vn -0.9577 -0.0000 -0.2876
vn -0.2989 0.5281 -0.7948
vn -0.3006 0.6987 0.6492
vn 0.3336 0.3943 0.8563
vn -0.8714 0.3664 -0.3261
vn -0.6866 0.7181 0.1137
vn -0.2286 0.1780 0.9571
vn -0.3726 0.0042 0.9280
vn -0.9750 0.1526 0.1614
vn -0.1211 0.7720 0.6239
vn -0.7330 0.6671 -0.1329
vn -0.2151 0.1688 0.9619
vn -0.9594 0.1697 0.2253
vn -0.6774 0.7331 0.0607
vn 0.7699 0.5762 0.2744
vn -0.1643 0.1511 0.9748
vn -0.9490 0.1909 0.2509
vn 0.7568 0.5616 0.3344
vn -0.6395 0.7475 0.1797
vn -0.3395 0.4440 0.8292
vn -0.4970 -0.7064 -0.5040
vn 0.8165 0.4914 -0.3030
vn 0.9693 0.1547 -0.1910
vn 0.3119 0.1869 -0.9316
vn 0.7132 0.7009 -0.0015
vn -0.7213 0.6290 -0.2901
vn 0.9616 0.1644 -0.2198
vn 0.2207 0.1738 -0.9597
vn -0.7778 0.5871 -0.2245
vn 0.2192 0.5950 0.7732
vn 0.7082 0.7034 -0.0600
vn -0.0028 0.7195 -0.6945
vn 0.2130 0.1698 -0.9622
vn 0.9728 0.1602 -0.1673
vn -0.7807 0.5738 -0.2475
vn -0.2174 0.0152 -0.9760
vn 0.9857 0.0675 0.1546
vn 0.2097 0.6311 0.7468
vn 0.8596 0.3474 0.3748
vn -0.6927 0.5442 -0.4733
vn -0.3248 -0.0042 -0.9458
vn 0.9993 -0.0115 -0.0351
vn 0.8597 -0.5081 -0.0523
vn 0.9322 -0.3620 0.0014
vn 0.8238 -0.5166 -0.2336
vn 0.7500 -0.1465 0.6451
vn 0.7417 -0.6126 -0.2733
vn -0.4365 -0.5629 0.7018
vn -0.5740 -0.3353 0.7470
vn -0.2130 -0.4938 0.8431
vn -0.0012 -0.2876 0.9578
vn -0.7321 -0.3536 0.5822
vn -0.6774 -0.3871 0.6255
vn -0.6466 0.0739 0.7593
vn -0.4719 -0.7139 0.5173
vn -0.5506 0.4414 0.7085
vn -0.5474 -0.3744 0.7484
vn -0.2607 -0.2040 0.9436
vn 0.3609 -0.6124 0.7034
vn -0.0524 -0.1452 0.9880
vn 0.0818 -0.8470 0.5252
vn -0.4834 -0.2690 0.8331
vn -0.6727 -0.0233 0.7395
vn -0.2649 0.9067 0.3282
vn -0.2637 0.9077 0.3265
vn -0.1019 0.9913 -0.0830
vn 0.5347 0.7820 -0.3203
vn 0.5174 0.8357 -0.1839
vn -0.0238 0.9993 0.0292
vn 0.4827 0.2447 -0.8409
vn 0.2054 0.9573 -0.2034
vn 0.3742 0.3461 -0.8603
vn 0.6010 0.7430 -0.2946
vn 0.1601 0.9738 -0.1615
vn 0.1743 0.9691 -0.1747
vn -0.4868 0.8013 0.3479
vn -0.5436 0.6920 0.4750
vn -0.5613 0.6727 0.4820
vn -0.6955 -0.0370 0.7176
vn -0.9071 -0.0479 0.4181
vn -0.9937 -0.1083 0.0279
vn -0.7226 -0.1350 0.6779
vn -0.5190 -0.0595 0.8527
vn -0.7858 -0.6185 -0.0049
vn -0.5601 -0.5482 0.6211
vn 0.8990 -0.2072 -0.3859
vn 0.4676 0.6791 -0.5658
vn 0.7679 -0.0782 -0.6358
vn 0.0294 -0.0943 -0.9951
vn 0.4189 0.8333 -0.3607
vn 0.6828 -0.6620 -0.3091
vn -0.0142 -0.6207 -0.7839
vn 0.7761 -0.2579 -0.5755
vn 0.7422 -0.5636 0.3626
vn 0.7769 -0.2211 0.5895
vn 0.4579 -0.8464 0.2718
vn 0.2324 -0.9723 0.0265
vn 0.7936 -0.6044 -0.0702
vn 0.6752 -0.5714 -0.4665
vn -0.5894 0.7996 0.1154
vn -0.3026 0.7242 -0.6197
vn 0.0929 0.8041 0.5872
vn 0.0313 0.9991 0.0299
vn 0.6028 0.7973 -0.0305
vn -0.0631 0.9926 -0.1038
vn -0.0193 0.9994 -0.0289
vn -0.0331 0.9956 0.0881
vn -0.9804 0.0672 0.1853
vn -0.0933 0.9942 -0.0532
vn -0.0637 0.8795 -0.4717
vn -0.4787 0.8576 -0.1880
vn 0.1450 0.8447 0.5153
vn 0.1140 0.8325 0.5422
vn 0.1324 0.9007 -0.4137
vn 0.0153 0.9996 0.0236
vn 0.2772 0.8665 -0.4151
vn 0.0313 0.9987 0.0392
vn 0.5782 0.8156 -0.0203
vn 0.1414 0.9876 -0.0676
vn -0.0344 0.9993 -0.0125
vn -0.2682 0.7927 0.5474
vn -0.3450 0.9317 -0.1132
vn -0.1324 0.5109 -0.8494
vn 0.0635 0.9973 -0.0365
vn 0.3850 0.9214 0.0540
vn 0.6465 -0.2930 -0.7044
vn -0.7492 -0.1181 -0.6517
vn 0.6155 0.1520 -0.7733
vn -0.9754 0.1591 -0.1527
vn -0.7888 -0.1204 0.6028
vn 0.2640 0.0560 -0.9629
vn -0.9965 -0.0623 -0.0560
vn -0.3332 0.1493 -0.9310
vn -0.9058 -0.0765 0.4168
vn -0.9808 0.1005 0.1671
vn -0.8150 -0.2657 0.5150
vn -0.7943 0.5694 0.2120
vn 0.8412 0.5322 0.0959
vn -0.0340 0.4620 -0.8862
vn 0.1593 0.4834 0.8608
vn -0.6297 0.5187 0.5783
vn 0.2647 0.4330 -0.8617
vn -0.7987 0.5015 -0.3324
vn 0.4293 0.5742 0.6971
vn -0.1771 -0.2934 0.9395
vn 0.2172 0.1347 0.9668
vn 0.9412 0.0689 0.3309
vn 0.9914 -0.1298 0.0142
vn 0.1592 0.0477 0.9861
vn 0.7785 0.0251 0.6271
vn -0.7892 -0.0634 -0.6109
vn -0.3755 -0.5798 -0.7231
vn -0.7307 -0.6113 -0.3039
vn 0.1755 0.9747 -0.1387
vn -0.0118 0.9999 0.0125
vn 0.0024 1.0000 -0.0017
vn -0.2289 0.8203 0.5241
vn -0.2399 0.7686 0.5930
vn 0.3589 0.8413 -0.4043
vn -0.3511 0.3015 0.8865
vn -0.2648 0.9249 0.2729
vn -0.6086 0.7553 0.2429
vn 0.4965 0.6227 -0.6048
vn 0.3692 0.7317 -0.5729
vn 0.5034 0.5942 -0.6273
vn 0.3980 -0.5412 0.7408
vn 0.1044 -0.2052 0.9731
vn 0.6486 -0.0815 0.7567
vn 0.6943 -0.6607 0.2852
vn 0.7480 -0.5405 0.3853
vn 0.9781 -0.1898 0.0856
vn -0.0076 -0.5971 0.8021
vn 0.7809 -0.6245 0.0131
vn 0.2426 -0.6195 0.7466
vn -0.8134 -0.0336 0.5807
vn -0.7732 -0.1251 0.6217
vn -0.7437 0.1482 0.6518
vn -0.7014 0.2327 0.6737
vn -0.6501 0.0119 0.7597
vn -0.6490 0.0084 0.7608
vn -0.6487 0.0089 0.7610
vn -0.6466 0.0016 0.7628
vn -0.6571 -0.0273 0.7533
vn 0.7264 -0.1816 -0.6629
vn 0.6759 -0.3447 -0.6514
vn 0.6675 -0.3925 -0.6328
vn 0.5942 -0.3601 -0.7192
vn 0.6036 -0.3497 -0.7165
vn -0.1797 0.9646 -0.1931
vn 0.1090 0.8679 -0.4847
vn -0.1043 0.5895 -0.8010
vn 0.1921 -0.9380 0.2886
vn 0.5578 0.7188 -0.4150
vn 0.4748 0.8741 -0.1024
vn -0.4128 0.7221 0.5552
vn -0.4947 0.8619 0.1116
vn -0.7924 0.6025 -0.0953
vn -0.1875 0.8454 0.5001
vn 0.2766 -0.9381 0.2085
vn 0.9448 0.1622 -0.2846
vn 0.3315 0.0629 -0.9414
vn 0.9062 0.0417 -0.4207
vn 0.2696 0.1673 -0.9483
vn 0.0285 -0.9994 -0.0174
vn -0.1459 -0.9793 0.1403
vn -0.0489 -0.9978 0.0451
vn -0.1583 -0.9635 0.2158
vn 0.1745 -0.9774 -0.1196
vn 0.2060 -0.9345 -0.2902
vn 0.1054 -0.9847 -0.1389
vn 0.0924 -0.9904 -0.1031
vn -0.2313 -0.9570 0.1751
vn 0.1181 -0.9886 -0.0930
vn 0.0869 -0.9950 -0.0485
vn -0.0119 -0.9992 0.0372
vn -0.1093 -0.9871 0.1166
vn 0.2781 -0.9320 -0.2325
vn 0.2083 -0.9340 -0.2902
vn 0.1217 -0.9812 -0.1501
vn 0.1646 -0.9620 -0.2179
vn -0.3132 -0.9428 -0.1139
vn 0.3176 -0.9414 0.1135
vn 0.0379 -0.9987 -0.0333
vn -0.1685 -0.9610 0.2192
vn -0.1645 -0.9692 0.1831
vn 0.0159 -0.9999 -0.0042
vn 0.0073 -0.9999 -0.0130
vn -0.0159 -0.9996 0.0233
vn -0.0295 -0.9993 0.0248
vn 0.2910 0.8823 0.3700
vn 0.5058 0.8471 -0.1631
vn 0.8385 0.1299 0.5292
vn -0.3433 0.8910 -0.2971
vn 0.1829 0.8357 -0.5179
vn 0.2443 0.8483 0.4697
vn 0.4566 0.8870 -0.0687
vn 0.8559 0.1386 0.4982
vn -0.2587 0.8478 -0.4629
vn -0.4987 0.1491 -0.8539
vn 0.2277 0.8139 -0.5346
vn 0.7090 0.1213 -0.6947
vn 0.5598 0.8042 -0.1998
vn 0.2024 0.8048 -0.5579
vn 0.7149 0.1145 -0.6898
vn 0.5460 0.8097 -0.2151
vn 0.1817 0.8035 -0.5669
vn 0.7306 0.1167 -0.6727
vn 0.5521 0.8082 -0.2048
vn 0.1924 0.8047 -0.5616
vn -0.1942 0.8095 0.5541
vn -0.7074 0.1049 0.6990
vn -0.5572 0.8063 0.1983
vn -0.4618 0.8857 0.0466
vn -0.1359 0.8583 0.4949
vn -0.8452 0.1382 -0.5163
vn -0.2099 0.8050 0.5549
vn -0.7064 0.1148 0.6985
vn -0.5602 0.8070 0.1869
vn -0.5182 0.8442 0.1369
vn -0.2654 0.8098 0.5232
vn -0.8682 0.1639 -0.4683
vn 0.4946 0.1492 0.8562
vn -0.2195 0.8065 0.5490
vn -0.6940 0.1172 0.7104
vn -0.5672 0.8025 0.1850
vn -0.1309 0.7230 0.6783
vn -0.8210 0.4354 0.3693
vn -0.4092 0.2203 0.8855
vn -0.6364 0.6566 0.4049
vn 0.7995 0.5191 -0.3023
vn 0.4003 0.3770 -0.8352
vn -0.0768 0.3565 0.9311
vn 0.3167 0.8160 0.4836
vn -0.9135 0.3186 0.2529
vn -0.5660 0.8228 -0.0505
vn -0.3590 0.6628 0.6571
vn -0.5252 0.5991 0.6044
vn -0.6316 0.0307 0.7747
vn -0.3369 0.9206 0.1972
vn -0.6379 0.0526 0.7683
vn -0.0894 0.8069 -0.5839
vn 0.5707 0.8210 0.0154
vn 0.2760 0.2845 -0.9181
vn 0.9585 0.2846 0.0135
vn 0.7713 0.0395 -0.6352
vn 0.2689 0.8704 -0.4125
vn 0.5904 0.6316 -0.5026
vn 0.6117 0.7644 -0.2037
vn -0.3214 0.5064 0.8002
vn -0.8079 0.4691 0.3567
vn -0.3682 0.3361 0.8669
vn -0.6255 0.6910 0.3624
vn 0.3418 0.5039 -0.7933
vn 0.8276 0.4254 -0.3663
vn 0.5832 0.7555 -0.2986
vn 0.2513 0.8032 -0.5401
vn 0.4878 0.7985 0.3526
vn -0.5667 0.8238 -0.0096
vn -0.0791 0.4377 0.8956
vn -0.9428 0.2547 0.2149
vn -0.4355 0.6355 0.6376
vn -0.0523 0.8789 -0.4742
vn 0.6126 0.7801 -0.1268
vn 0.1816 0.3570 -0.9163
vn 0.9664 0.2555 0.0284
vn 0.8950 0.4077 -0.1809
vn 0.3497 0.7032 -0.6190
vn -0.3420 0.4495 0.8252
vn -0.6997 0.6941 0.1693
vn -0.8750 0.1462 0.4616
vn -0.2298 0.7449 -0.6264
vn 0.3053 0.4883 -0.8176
vn 0.7154 0.6852 -0.1365
vn 0.8551 0.2153 -0.4717
vn 0.2700 0.7658 -0.5837
vn -0.1154 0.3357 0.9349
vn -0.6699 0.7407 0.0510
vn -0.9702 0.2282 0.0811
vn 0.1779 0.8408 0.5113
vn -0.6403 0.6755 0.3656
vn 0.2976 0.7933 0.5312
vn -0.2255 0.9074 -0.3547
vn 0.1534 0.4793 -0.8641
vn 0.8545 0.4954 -0.1562
vn -0.3932 0.4586 0.7969
vn -0.8432 0.4304 0.3222
vn -0.6095 0.7361 0.2944
vn -0.5836 0.2450 0.7742
vn 0.3182 0.4254 -0.8472
vn 0.7779 0.4943 -0.3881
vn 0.2427 0.7978 -0.5519
vn 0.7321 0.6500 -0.2039
vn -0.1417 0.4789 0.8663
vn -0.5651 0.7908 -0.2351
vn -0.9408 0.3257 0.0939
vn -0.5939 0.7807 0.1947
vn -0.2142 0.7972 0.5645
vn -0.2144 0.9043 -0.3691
vn 0.3097 0.8222 0.4776
vn 0.0816 0.4136 -0.9068
vn 0.8617 0.4858 -0.1464
vn 0.6722 0.0546 -0.7384
vn 0.6741 0.0442 -0.7373
vn 0.2472 0.7625 -0.5979
vn 0.5018 0.8598 -0.0943
vn 0.1032 0.6324 0.7678
vn -0.1024 0.2330 0.9671
vn 0.7284 -0.6018 0.3275
vn 0.0891 0.9498 0.3001
vn 0.3439 -0.5581 0.7551
vn 0.3992 0.9164 -0.0308
vn -0.0387 0.9156 0.4003
vn 0.9424 0.3131 -0.1177
vn 0.7238 0.6693 0.1678
vn 0.4517 0.8780 0.1580
vn 0.6846 0.2288 -0.6921
vn 0.6263 0.0661 -0.7768
vn 0.5779 0.0163 -0.8159
vn 0.0711 0.5084 -0.8582
vn 0.1221 0.8351 -0.5363
vn 0.4131 0.8967 -0.1591
vn -0.5041 0.8349 -0.2211
vn -0.9491 0.2895 0.1240
vn -0.4665 0.8792 0.0963
vn 0.3946 0.8745 0.2819
vn -0.4959 0.8313 -0.2511
vn -0.7770 0.3332 -0.5340
vn -0.0722 0.2506 -0.9654
vn -0.2497 0.8273 -0.5032
vn -0.4429 0.4149 -0.7948
vn -0.2557 0.8394 -0.4796
vn 0.2841 0.8602 0.4236
vn 0.4265 0.5068 0.7491
vn 0.1203 0.2633 0.9572
vn 0.8511 0.2026 0.4843
vn 0.5477 0.8136 0.1952
vn 0.5666 0.8063 0.1698
vn -0.5937 0.7857 -0.1736
vn -0.7691 0.3856 -0.5097
vn -0.2882 0.8571 -0.4270
vn -0.5599 0.3525 -0.7499
vn -0.1442 0.2904 -0.9460
vn -0.3026 0.8728 -0.3830
vn 0.2789 0.8630 0.4212
vn 0.4790 0.3994 0.7817
vn 0.2140 0.3061 0.9277
vn -0.6022 0.7800 -0.1699
vn 0.5107 0.8329 0.2133
vn 0.8442 0.2334 0.4826
vn 0.8157 0.4965 -0.2968
vn 0.6736 0.7388 0.0222
vn 0.5414 0.8406 0.0126
vn 0.3484 0.8914 0.2897
vn -0.9607 0.2374 -0.1439
vn -0.6487 0.7593 0.0516
vn -0.7582 0.2688 -0.5940
vn -0.3337 0.9153 -0.2255
vn 0.0201 0.7384 0.6741
vn 0.2547 0.8644 0.4336
vn -0.0326 0.8128 0.5816
vn -0.2732 0.4962 0.8241
vn -0.2209 0.3301 -0.9177
vn 0.0534 0.7631 -0.6440
vn -0.2491 0.9257 -0.2848
vn -0.5747 0.2925 -0.7643
vn -0.5074 0.8286 0.2367
vn -0.8195 0.1878 -0.5414
vn -0.7317 0.6579 -0.1783
vn -0.4423 0.8580 -0.2612
vn -0.1663 0.7968 -0.5810
vn -0.5414 0.3284 -0.7739
vn 0.2386 0.8248 -0.5126
vn 0.4976 0.8296 0.2532
vn 0.4629 0.1555 0.8726
vn -0.2445 0.8428 -0.4796
vn -0.8741 0.1590 -0.4590
vn 0.3120 0.8824 0.3523
vn 0.8705 0.1592 0.4658
vn -0.1200 0.7612 0.6374
vn -0.3725 0.8829 -0.2859
vn -0.4711 0.1617 -0.8672
vn -0.5521 0.8082 0.2049
vn -0.7199 0.1105 0.6852
vn -0.3619 0.8822 -0.3013
vn -0.8017 0.3916 -0.4516
vn 0.5722 0.2230 0.7892
vn 0.2603 0.8402 0.4757
vn -0.1846 0.8085 0.5588
vn 0.9352 0.3068 0.1770
vn 0.7128 0.1148 -0.6919
vn 0.5641 0.8036 -0.1900
vn 0.7944 0.2309 0.5618
vn 0.5835 0.7471 0.3184
vn 0.4097 0.8628 0.2963
vn -0.1819 0.2953 -0.9379
vn -0.2781 0.8601 -0.4276
vn -0.4888 0.2085 -0.8471
vn 0.2109 0.8058 -0.5534
vn 0.2986 -0.9457 0.1282
vn 0.3578 0.8825 0.3053
vn 0.8349 0.1398 0.5324
vn 0.2695 0.8489 0.4546
vn -0.4243 0.8636 -0.2723
vn -0.3254 -0.9378 -0.1208
vn -0.1016 -0.9407 -0.3238
vn -0.2691 0.8621 -0.4294
vn 0.6191 0.2242 0.7526
vn 0.2576 0.8389 0.4795
vn 0.9440 0.2798 0.1746
vn 0.3926 0.8675 0.3054
vn 0.8293 0.2887 0.4785
vn -0.8443 0.4881 0.2211
vn -0.3207 0.9390 -0.1242
vn -0.3647 0.8815 -0.2999
vn 0.2781 0.4638 -0.8412
vn -0.1887 0.9377 -0.2916
vn -0.4637 0.7952 -0.3908
vn 0.1822 0.8269 0.5320
vn -0.2731 0.8331 -0.4810
vn 0.1250 0.8463 0.5178
vn -0.5465 0.8124 -0.2033
vn -0.0939 0.8175 -0.5683
vn 0.5760 0.8141 0.0734
vn -0.4798 0.8352 -0.2688
vn 0.2195 0.8528 0.4739
vn -0.4801 0.8711 0.1035
vn -0.1623 0.8439 0.5114
vn 0.1051 0.8704 -0.4811
vn 0.4754 0.8766 -0.0745
vn 0.5252 0.8346 -0.1662
vn 0.1611 0.8531 -0.4963
vn -0.4562 0.8876 0.0640
vn -0.0259 0.8855 0.4638
vn -0.2034 -0.9474 0.2472
vn -0.0986 -0.9885 0.1145
vn -0.1783 -0.9777 0.1105
vn 0.1120 -0.9894 -0.0925
vn 0.2507 -0.9467 -0.2022
vn 0.1179 -0.9770 -0.1776
vn -0.3128 -0.9250 0.2155
vn -0.0605 -0.9967 0.0544
vn -0.1546 -0.9815 0.1129
vn -0.1389 -0.9732 0.1831
vn 0.0028 -0.9997 -0.0238
vn 0.0884 -0.9905 -0.1049
vn -0.1339 -0.9787 0.1554
vn -0.1483 -0.9668 0.2080
vn 0.1644 -0.9611 -0.2218
vn -0.0200 -0.9997 0.0170
vn 0.0024 -1.0000 0.0025
vn 0.2223 0.8629 0.4538
vn -0.3860 0.8837 0.2648
vn -0.2466 0.6973 -0.6730
vn 0.4414 0.8583 0.2618
vn 0.0749 0.9780 0.1945
vn -0.3688 0.8606 -0.3512
vn 0.0034 0.9999 -0.0136
vn 0.3352 0.9234 -0.1870
vn -0.3257 0.9276 -0.1831
vn 0.0968 0.9950 -0.0246
vn -0.6752 0.7067 -0.2111
vn -0.3017 0.8993 -0.3167
vn -0.0639 0.9975 -0.0290
vn 0.3252 0.8772 -0.3533
vn 0.0497 0.9987 -0.0138
vn 0.0139 0.9999 -0.0007
vn -0.0198 0.9995 0.0234
vn 0.0117 0.9994 -0.0326
vn -0.0211 0.9993 -0.0297
vn -0.0081 1.0000 0.0025
vn -0.4442 0.8365 -0.3210
vn 0.0097 1.0000 0.0006
vn -0.3129 0.9027 0.2955
vn -0.0166 0.9993 0.0348
vn 0.2982 0.9104 0.2869
vn 0.0153 0.9995 0.0277
vn -0.1707 0.8775 0.4481
vn 0.0121 0.9999 0.0005
vn -0.1375 0.9895 0.0443
vn -0.0381 0.9993 -0.0042
vn 0.0329 0.9994 -0.0057
vn 0.0251 0.9996 0.0147
vn -0.4341 0.8887 -0.1475
vn 0.4084 0.9011 -0.1454
vn -0.0322 0.9940 0.1045
vn -0.2622 0.6192 -0.7402
vn -0.1852 0.8088 0.5582
vn 0.8033 0.5504 0.2275
vn 0.3400 0.7693 -0.5410
vn 0.3140 0.9169 -0.2464
vn 0.4170 0.8702 0.2623
vn 0.0068 0.9999 -0.0080
vn 0.0888 0.9952 -0.0410
vn 0.1129 0.9878 -0.1074
vn -0.6040 0.7421 -0.2905
vn -0.2734 0.7433 -0.6106
vn 0.0845 0.1175 0.9895
vn -0.6565 0.0480 0.7528
vn 0.8443 -0.1203 0.5222
vn 0.9825 0.0318 -0.1836
vn 0.8330 0.0919 -0.5455
vn 0.6967 0.0397 -0.7163
vn -0.2566 -0.4193 0.8708
vn -0.3244 0.8972 0.2996
vn 0.4510 0.6066 0.6547
vn -0.2475 0.6784 0.6918
vn 0.1729 0.3959 -0.9019
vn -0.6756 0.2560 -0.6914
vn -0.6913 0.2827 -0.6649
vn 0.9221 -0.0753 -0.3797
vn 0.9955 0.0140 -0.0932
vn -0.0915 -0.0182 -0.9956
vn 0.4844 -0.1487 -0.8621
vn 0.6346 0.1781 -0.7521
vn 0.6899 -0.0316 -0.7232
vn 0.4789 0.2539 0.8404
vn -0.9102 -0.0419 0.4120
vn -0.5746 0.0199 -0.8182
vn 0.2962 0.5775 -0.7607
vn -0.6951 0.0369 -0.7180
vn -0.3673 0.6154 0.6975
vn -0.0000 1.0000 -0.0000
vn -0.3462 0.3049 -0.8872
vn -0.7324 0.0728 0.6769
vn -0.6831 0.6506 0.3319
vn 0.5809 0.5871 0.5638
vn 0.2819 0.6398 -0.7150
vn 0.6526 0.5267 -0.5447
vn -0.0327 -0.8249 0.5643
vn 0.0102 -0.6091 -0.7930
vn 0.0271 -0.1043 -0.9942
vn 0.5936 -0.2319 -0.7706
vn 0.0557 -0.2570 -0.9648
vn 0.1836 -0.4907 -0.8518
vn 0.3515 -0.7127 -0.6070
vn 0.0003 -0.0551 -0.9985
vn 0.9965 -0.0832 0.0033
vn -0.1396 -0.5847 -0.7991
vn -0.7824 -0.6003 -0.1659
vn -0.7746 -0.2492 0.5813
vn 0.0062 -0.0845 0.9964
vn -0.6108 -0.6584 0.4399
vn -0.9984 -0.0557 -0.0030
vn -0.8782 -0.4521 0.1563
vn -0.9702 -0.2410 0.0251
vn -0.9945 -0.1029 0.0199
vn -0.7972 -0.6037 0.0008
vn -0.1814 -0.0358 0.9828
vn -0.3741 -0.0431 0.9264
vn -0.5871 -0.0436 0.8083
vn -0.0534 -0.8182 0.5724
vn -0.1101 -0.9789 0.1723
vn -0.2771 -0.8265 0.4900
vn 0.4143 -0.8860 0.2081
vn -0.4061 -0.8694 -0.2814
vn 0.0901 -0.9304 -0.3552
vn -0.8393 -0.4529 -0.3008
vn 0.6062 -0.3985 0.6883
vn -0.5120 -0.6319 0.5819
vn 0.4032 -0.5840 -0.7046
vn -0.1247 -0.8831 0.4522
vn 0.4845 -0.8434 0.2323
vn -0.3608 -0.9239 -0.1277
vn 0.0758 -0.9430 -0.3241
vn -0.9475 -0.0524 -0.3153
vn 0.4137 -0.6829 0.6021
vn -0.6943 -0.5769 0.4302
vn 0.8331 -0.5189 -0.1913
vn -0.1372 -0.4273 -0.8936
vn -0.7806 -0.5870 0.2146
vn 0.0815 -0.6398 -0.7642
vn -0.5882 -0.5801 -0.5634
vn -0.2121 -0.9572 -0.1967
vn -0.2098 -0.9563 -0.2039
vn -0.7289 -0.6223 0.2855
vn -0.1377 -0.9742 -0.1790
vn -0.1923 -0.9582 -0.2118
vn -0.1726 -0.9729 -0.1540
vn 0.4079 -0.5825 -0.7030
vn -0.2099 -0.9538 -0.2152
vn 0.3768 -0.4890 -0.7867
vn -0.3384 -0.9039 -0.2616
vn -0.8547 -0.5047 0.1218
vn -0.4507 -0.7751 -0.4429
vn 0.1027 -0.5098 -0.8541
vn -0.9208 -0.3486 -0.1749
vn -0.1880 -0.3337 -0.9237
vn -0.8548 -0.2234 -0.4683
vn -0.4711 -0.2304 -0.8514
vn -0.9643 -0.1722 -0.2011
vn -0.5761 -0.2153 -0.7885
vn 0.2731 -0.1125 -0.9554
vn 0.5347 -0.8370 0.1163
vn -0.1127 -0.9390 -0.3249
vn 0.4168 0.4335 0.7989
vn 0.5519 -0.0526 -0.8323
vn -0.1572 -0.0372 -0.9869
vn -0.1888 -0.0362 -0.9813
vn 0.6533 -0.0584 -0.7548
vn 0.1248 0.0282 -0.9918
vn -0.9963 -0.0404 0.0762
vn -0.9958 -0.0383 0.0832
vn -0.9903 -0.0398 0.1333
vn -0.9679 -0.0105 0.2512
vn -0.7399 -0.0565 0.6704
vn -0.9919 -0.0422 -0.1201
vn -0.9950 -0.0459 -0.0891
vn -0.9532 -0.1417 0.2670
vn 0.9737 -0.1717 0.1496
vn 0.1519 -0.0789 0.9852
vn 0.7588 0.1324 -0.6377
vn -0.4117 -0.1081 -0.9049
vn 0.3644 0.0278 0.9308
vn -0.9664 -0.0462 0.2527
vn -0.8604 0.2796 0.4262
vn -0.7493 0.0933 -0.6556
vn 0.3608 0.3807 -0.8514
vn 0.3321 -0.0696 -0.9407
vn 0.9995 0.0257 -0.0182
vn 0.6427 0.3589 0.6768
vn 0.3104 -0.1102 0.9442
vn -0.4256 0.1792 0.8870
vn -0.8774 0.2022 -0.4351
vn -0.9049 -0.1885 0.3816
vn 0.9593 0.1440 -0.2428
vn -0.5804 0.0058 0.8143
vn 0.0073 -0.1990 -0.9800
vn 0.6116 -0.3371 0.7157
vn 0.7727 -0.3321 -0.5409
vn 0.9991 -0.0348 0.0262
vn 0.0597 0.1276 0.9900
vn -0.9684 0.0966 0.2298
vn -0.4075 0.0879 -0.9090
vn -0.5407 -0.1205 -0.8325
vn 0.7033 0.0995 0.7038
vn 0.6156 -0.2518 -0.7468
vn -0.7200 -0.0044 0.6940
vn 0.5740 -0.1023 -0.8124
vn -0.7923 -0.0448 -0.6085
vn -0.7803 0.2412 0.5770
vn -0.1491 -0.1231 0.9811
vn 0.6308 -0.0991 0.7696
vn 0.4505 -0.0121 -0.8927
vn 0.8024 0.1378 -0.5807
vn -0.5222 0.0095 -0.8527
vn 0.5253 0.0957 0.8455
vn -0.9303 -0.0380 0.3647
vn 0.9886 -0.0972 0.1152
vn -0.7728 0.0779 -0.6299
vn -0.5746 0.0827 -0.8143
vn -0.8249 -0.1138 0.5537
vn 0.8659 0.2967 -0.4027
vn 0.4510 -0.1558 -0.8788
vn 0.0727 -0.1388 -0.9877
vn 0.9265 0.2326 0.2958
vn 0.4434 0.0657 0.8939
vn -0.3360 0.1161 0.9347
vn 0.3008 0.0175 0.9535
vn 0.7673 0.1273 -0.6285
vn -0.9999 0.0076 0.0080
vn -0.1858 -0.0984 0.9776
vn 0.9487 -0.3045 0.0847
vn -0.9653 0.0120 0.2608
vn -0.3548 -0.0942 -0.9302
vn -0.7346 0.0004 0.6785
vn 0.2773 -0.0114 0.9607
vn -0.7775 0.0426 -0.6275
vn -0.5531 0.0539 -0.8314
vn 0.4280 -0.0339 -0.9032
vn 0.9997 -0.0147 0.0219
vn 0.7766 0.4369 -0.4539
vn -0.3818 0.2000 -0.9024
vn 0.9672 0.0508 0.2490
vn 0.3954 0.1210 -0.9105
vn -0.1008 -0.0919 0.9907
vn -0.0575 0.2753 0.9596
vn -0.8562 -0.0913 0.5085
vn 0.6545 0.0824 0.7516
vn 0.7044 0.0873 -0.7044
vn -0.9535 0.0205 0.3007
vn -0.5486 -0.2788 -0.7882
vn -0.1446 -0.0290 -0.9891
vn 0.7042 -0.3068 -0.6403
vn 0.9827 -0.1743 -0.0622
vn -0.0613 -0.1219 0.9907
vn -0.9991 0.0096 0.0413
vn 0.7607 -0.1082 0.6401
vn -0.4990 -0.0363 0.8659
vn -0.8306 0.1255 -0.5425
vn -0.2129 0.1866 -0.9591
vn 0.7732 0.0618 -0.6311
vn -0.9795 -0.0300 -0.1994
vn -0.8614 -0.0288 0.5070
vn -0.9248 -0.1107 -0.3640
vn 0.5498 0.0576 0.8333
vn -0.2554 -0.0326 -0.9663
vn -0.8722 0.0778 -0.4830
vn 0.9409 0.0182 -0.3381
vn -0.6913 -0.0051 -0.7225
vn 0.0470 0.0317 -0.9984
vn 0.8746 -0.0150 -0.4845
vn -0.8759 0.0400 0.4808
vn -0.4711 -0.0261 0.8817
vn 0.4356 -0.0825 0.8964
vn 0.9001 0.0201 0.4351
vn 0.8134 0.0618 -0.5784
vn -0.2780 0.1240 -0.9525
vn -0.9339 -0.3016 -0.1923
vn -0.2955 0.0941 0.9507
vn 0.6786 0.0943 -0.7284
vn 0.4650 0.0316 0.8847
vn 0.9880 -0.0147 0.1536
vn -0.4797 -0.0581 -0.8755
vn 0.8637 0.1104 -0.4919
vn -0.6738 -0.3185 0.6668
vn 0.9291 0.0232 0.3692
vn 0.1448 0.1405 0.9794
vn -0.6157 0.0736 0.7846
vn -0.9384 0.3394 0.0649
vn -0.8779 -0.0495 -0.4762
vn 0.8962 -0.0936 0.4336
vn 0.4842 -0.1074 -0.8683
vn -0.1254 -0.0464 -0.9910
vn 0.5154 -0.0368 -0.8562
vn -0.9908 -0.0512 -0.1251
vn -0.4263 0.0457 -0.9034
vn 0.9999 0.0018 0.0150
vn 0.0292 -0.2178 0.9756
vn -0.8016 0.0928 0.5906
vn 0.9308 -0.0876 -0.3549
vn -0.9484 -0.0910 -0.3038
vn 0.5367 0.1271 -0.8341
vn 0.8100 0.0203 0.5861
vn 0.3319 0.3188 0.8878
vn -0.3449 -0.0819 0.9351
vn -0.1707 -0.1754 0.9696
vn 0.6558 -0.3074 0.6895
vn -0.0202 -0.0680 0.9975
vn 0.7120 -0.1511 0.6857
vn -0.1261 0.1808 0.9754
vn -0.3002 0.5005 0.8120
vn -0.5841 0.5957 0.5513
vn -0.8731 0.4046 0.2718
vn -0.0504 -0.5288 0.8473
vn -0.3224 -0.7428 0.5868
vn -0.6334 -0.7309 0.2541
vn -0.9020 -0.4317 0.0084
vn -0.9927 -0.1146 -0.0381
vn -0.9895 -0.1276 0.0672
vn -0.8997 -0.4046 0.1635
vn -0.8350 -0.4725 0.2820
vn -0.9875 -0.0295 0.1551
vn -0.5235 -0.6239 0.5803
vn -0.2804 -0.5503 0.7864
vn -0.1494 -0.2398 0.9593
vn -0.8178 0.4181 0.3954
vn -0.4039 0.5006 0.7657
vn -0.1375 0.1735 0.9752
s 1
usemtl color_727980
f 2312//1881 2292//1882 1550//1883
f 1551//1884 2305//1885 2312//1881
f 2312//1881 2305//1885 2292//1882
f 1551//1884 2304//1886 2305//1885
f 1551//1884 2283//1887 2304//1886
f 2292//1882 2307//1888 1550//1883
f 2307//1888 2279//1889 1550//1883
f 2308//1890 2279//1889 2307//1888
f 2309//1891 2279//1889 2308//1890
f 2283//1887 2294//1892 2304//1886
f 2279//1889 2086//1893 1550//1883
f 2309//1891 1549//1894 2279//1889
f 2306//1895 1549//1894 2309//1891
f 2279//1889 2282//1896 2086//1893
f 2306//1895 1548//1897 1549//1894
f 2086//1893 2282//1896 1554//1898
f 2306//1895 1547//1899 1548//1897
f 2294//1892 1547//1899 2306//1895
f 1547//1899 1553//1900 2277//1901
f 2294//1892 1553//1900 1547//1899
f 2277//1901 1553//1900 1552//1902
f 1552//1902 1553//1900 1593//1903
f 1553//1900 2285//1904 1593//1903
f 2283//1887 1553//1900 2294//1892
f 1555//1905 1557//1906 1556//1906
f 1558//1907 1557//1906 1555//1905
f 1558//1907 1559//1906 1557//1906
f 1558//1907 1560//1908 1559//1906
f 1554//1898 2282//1896 1558//1907
f 1558//1907 2282//1896 1560//1908
f 1556//1906 1564//1909 1555//1905
f 1555//1905 1564//1909 1563//1910
f 1559//1906 1562//1911 1557//1906
f 1565//1912 1562//1911 1559//1906
f 2282//1896 1565//1913 1560//1908
f 1561//1914 2281//1915 2085//1916
f 2281//1915 1565//1913 2282//1896
f 2281//1915 1566//1917 1565//1913
f 2281//1915 1568//1918 1566//1917
f 1562//1906 1567//1906 1564//1909
f 1567//1906 1572//1919 1564//1909
f 1569//1920 1567//1906 1562//1906
f 1569//1920 1570//1921 1567//1906
f 1561//1914 1568//1918 2281//1915
f 1574//1922 1571//1923 1566//1917
f 1569//1920 1573//1924 1570//1921
f 1570//1921 1573//1924 1572//1919
f 1572//1919 1573//1924 1564//1909
f 1574//1922 1576//1906 1575//1906
f 1568//1918 1576//1906 1574//1922
f 1574//1922 1575//1906 1571//1923
f 1561//1914 1576//1906 1568//1918
f 1577//1925 1576//1906 1561//1914
f 1571//1923 1579//1906 1578//1926
f 1575//1906 1579//1906 1571//1923
f 1578//1926 2297//1927 1571//1923
f 1571//1923 2297//1927 1569//1920
f 1578//1926 1580//1928 2297//1927
f 1575//1906 1581//1929 1579//1906
f 1579//1906 1581//1929 1580//1928
f 1576//1906 1577//1925 1581//1929
f 1581//1929 1582//1930 1580//1928
f 1581//1929 1577//1925 1582//1930
f 1582//1930 2297//1927 1580//1928
f 1573//1924 1563//1910 1564//1909
f 2297//1927 1573//1924 1569//1920
f 2156//1931 1583//1932 1581//1933
f 2018//1934 1585//1935 1568//1918
f 1568//1918 1585//1935 1566//1917
f 1585//1935 1586//1936 1566//1917
f 1566//1917 1586//1936 1574//1922
f 2009//1937 1587//1938 1567//1939
f 1567//1939 1587//1938 1572//1940
f 1560//1908 2015//1941 1559//1942
f 2015//1941 1588//1943 1559//1942
f 1588//1943 1589//1944 1559//1942
f 1559//1942 1589//1944 1565//1913
f 1579//1945 2014//1946 1578//1947
f 2014//1946 1590//1948 1578//1947
f 1578//1947 1590//1948 1580//1949
f 2016//1950 1591//1951 1565//1912
f 1565//1912 1591//1951 1562//1911
f 1591//1951 2009//1937 1562//1911
f 1562//1911 2009//1937 1569//1952
f 2009//1937 1592//1953 1569//1952
f 1613//1954 2296//1955 2295//1956
f 2145//1957 1613//1954 2295//1956
f 2145//1957 2295//1956 2297//1927
f 1582//1930 2145//1957 2297//1927
f 1593//1903 1808//1958 1798//1959
f 1593//1903 2285//1904 1808//1958
f 1808//1958 1915//1960 1798//1959
f 1915//1960 1795//1961 1798//1959
f 1613//1954 1805//1962 2296//1955
f 2296//1955 1805//1962 1594//1963
f 1613//1954 1804//1964 1805//1962
f 1814//1965 1795//1961 1914//1966
f 1814//1965 1818//1967 1795//1961
f 1613//1954 1614//1968 1804//1964
f 1818//1967 1820//1969 1795//1961
f 1810//1970 1614//1968 1811//1971
f 1614//1968 1595//1972 1811//1971
f 1820//1969 1912//1973 1795//1961
f 1614//1968 1815//1974 1595//1972
f 1907//1975 1795//1961 1912//1973
f 1614//1968 1910//1976 1815//1974
f 1907//1975 1825//1977 1795//1961
f 1904//1978 1795//1961 1825//1977
f 1904//1978 1596//1979 1795//1961
f 1910//1976 1614//1968 1909//1980
f 1614//1968 1908//1981 1909//1980
f 1895//1982 1795//1961 1596//1979
f 1895//1982 1893//1983 1795//1961
f 1908//1981 1614//1968 1901//1984
f 1901//1984 1614//1968 1899//1985
f 1893//1983 1889//1986 1795//1961
f 1614//1968 1597//1987 1899//1985
f 1899//1985 1597//1987 1598//1988
f 1598//1988 1597//1987 1891//1989
f 1889//1986 1887//1990 1795//1961
f 1597//1987 1882//1991 1891//1989
f 1887//1990 2178//1992 1795//1961
f 1887//1990 1877//1993 2178//1992
f 1877//1993 1874//1994 2178//1992
f 1882//1991 1599//1995 1885//1996
f 1597//1987 1599//1995 1882//1991
f 1874//1994 1867//1997 2178//1992
f 1867//1997 1601//1998 2178//1992
f 1600//1999 1619//2000 1871//2001
f 1885//1996 1617//2002 1600//1999
f 1599//1995 1617//2002 1885//1996
f 1600//1999 1617//2002 1619//2000
f 1601//1998 1788//2003 2178//1992
f 1619//2000 1865//2004 1871//2001
f 1865//2004 1602//2005 1603//2006
f 1603//2006 1602//2005 1601//1998
f 1619//2000 1602//2005 1865//2004
f 1601//1998 1602//2005 1788//2003
f 1915//1960 1914//1966 1795//1961
f 1810//1970 1804//1964 1614//1968
f 1604//2007 1874//2008 1877//2009
f 1605//2010 1604//2007 1877//2009
f 1854//2011 1601//2012 1867//2013
f 1868//2014 1854//2011 1867//2013
f 1847//2015 1887//2016 1889//2017
f 1888//2018 1847//2015 1889//2017
f 1839//2019 1893//2020 1895//1982
f 1606//2021 1839//2019 1895//1982
f 1966//2022 1596//1979 1904//1978
f 1905//2023 1966//2022 1904//1978
f 1834//2024 1825//1977 1907//1975
f 1958//2025 1834//2024 1907//1975
f 1913//2026 1607//2027 1912//1973
f 1913//2026 1912//1973 1820//1969
f 1937//2028 1818//1967 1814//1965
f 1935//2029 1937//2028 1814//1965
f 1934//2030 1914//1966 1915//1960
f 1916//2031 1934//2030 1915//1960
f 1808//1958 2285//1904 1918//2032
f 2285//1904 1608//2033 1918//2032
f 2285//1904 1594//1963 1608//2033
f 1594//1963 1862//2034 1608//2033
f 1805//1962 1862//2034 1594//1963
f 1609//2035 1831//2036 1811//1971
f 1609//2035 1811//1971 1595//1972
f 1949//2037 1944//2038 1815//1974
f 1949//2037 1815//1974 1910//1976
f 1856//2039 1835//2040 1909//1980
f 1856//2039 1909//1980 1908//1981
f 1902//2041 1901//1984 1899//1985
f 1900//2042 1902//2041 1899//1985
f 1927//2043 1923//2044 1804//1964
f 1927//2043 1804//1964 1810//1970
f 1972//2045 1598//1988 1891//1989
f 1976//2046 1972//2045 1891//1989
f 1881//2047 1882//2048 1885//2049
f 1884//2050 1881//2047 1885//2049
f 1850//2051 1866//2052 1865//2053
f 1850//2051 1865//2053 1603//2054
f 1593//1903 1798//1959 1799//2055
f 1573//1924 1593//1903 1799//2055
f 1573//1924 1799//2055 1563//1910
f 1618//2056 1602//2005 1610//2057
f 2181//2058 1602//2005 1618//2056
f 1602//2005 2180//2059 1610//2057
f 1602//2005 1619//2000 2180//2059
f 1645//2060 1788//2003 2177//2061
f 1643//2062 1788//2003 2179//2063
f 2177//2061 1788//2003 1643//2062
f 2178//1992 1788//2003 1645//2060
f 2145//1957 1582//1930 1612//2064
f 1612//2064 1613//1954 2145//1957
f 1614//1968 1613//1954 1612//2064
f 1615//2065 1614//1968 1612//2064
f 1614//1968 1615//2065 1597//1987
f 1611//2066 1597//2067 1616//2068
f 1621//2069 1597//2067 1611//2066
f 1621//2069 1599//1995 1597//2067
f 1617//2002 1599//1995 1621//2069
f 1631//2070 1618//2056 1624//2071
f 1620//2072 1618//2056 1631//2070
f 1622//2073 2180//2059 1619//2000
f 1622//2073 1619//2000 1617//2002
f 1622//2073 1621//2069 1623//2074
f 1622//2073 1610//2057 2180//2059
f 1624//2071 1610//2057 1622//2073
f 1623//2074 1624//2071 1622//2073
f 1624//2071 1618//2056 1610//2057
f 1624//2071 1623//2074 1631//2070
f 1622//2073 1617//2002 1621//2069
f 1611//2066 1625//2075 1621//2069
f 1621//2069 1625//2075 1623//2074
f 2115//2076 1626//2077 1625//2078
f 1627//2079 2115//2080 1625//2081
f 1628//2082 1627//2079 1625//2081
f 2133//2083 2070//2083 1628//2083
f 2137//2084 2133//2085 1628//2086
f 1629//2087 2137//2087 1628//2087
f 1791//2088 1629//2089 1628//2090
f 1625//2075 1661//2091 1623//2074
f 1623//2074 1630//2092 1631//2070
f 1661//2091 1630//2092 1623//2074
f 1630//2092 2259//2093 1631//2070
f 1631//2070 2259//2093 1632//2094
f 1620//2072 2259//2093 2171//2095
f 1632//2094 2259//2093 1620//2072
f 2171//2095 2191//2096 1633//2097
f 2259//2093 2191//2096 2171//2095
f 1641//2098 1634//2099 1639//2100
f 1636//2101 1634//2099 1641//2098
f 1636//2101 1635//2102 1634//2099
f 1636//2101 1641//2098 2175//2103
f 2169//2104 1636//2101 2175//2103
f 1639//2100 1634//2099 1637//2105
f 1641//2098 1639//2100 1642//2106
f 1642//2106 1638//2107 1641//2098
f 2179//2063 1642//2106 1643//2062
f 1638//2107 1642//2106 2179//2063
f 1643//2062 1642//2106 2177//2061
f 1642//2106 1644//2108 2177//2061
f 1644//2108 1640//2109 1645//2060
f 1645//2060 1640//2109 2178//1992
f 1639//2110 1644//2108 1642//2106
f 1640//2111 1639//2100 1637//2105
f 1640//2109 1644//2108 1639//2110
f 1635//2102 1646//2112 1634//2099
f 1646//2112 1722//2113 1634//2099
f 1635//2102 1647//2114 1646//2112
f 1635//2102 1648//2115 1647//2114
f 1647//2114 1648//2115 1649//2116
f 1649//2116 1650//2117 1722//2113
f 1722//2113 1650//2117 1634//2099
f 1648//2115 1650//2117 1649//2116
f 1648//2115 1651//2118 1650//2117
f 1652//2119 1651//2118 1648//2115
f 1652//2119 1653//2120 1651//2118
f 1650//2117 1625//2078 1634//2099
f 1654//2121 1625//2078 1650//2117
f 1653//2120 1655//2122 1651//2118
f 1654//2121 1748//2123 1625//2078
f 1652//2119 1656//2124 1653//2120
f 1654//2121 1657//2125 1748//2123
f 1748//2123 1749//2126 1625//2078
f 1652//2119 1658//2127 1656//2124
f 1656//2124 1658//2127 1696//2128
f 1696//2128 1658//2127 1655//2122
f 1655//2122 1658//2127 1651//2118
f 1657//2125 1659//2129 1660//2130
f 1659//2129 1661//2131 1660//2130
f 1654//2121 1659//2129 1657//2125
f 1660//2130 1661//2131 1749//2126
f 1749//2126 1661//2131 1625//2078
f 1662//2132 1659//2129 1654//2121
f 1662//2132 1663//2133 1667//2134
f 1667//2134 1664//2135 1662//2132
f 1664//2135 1665//2136 1662//2132
f 1662//2132 1665//2136 1659//2129
f 1662//2132 1658//2127 1663//2133
f 1651//2118 1658//2127 1662//2132
f 1663//2133 1658//2127 1666//2137
f 1666//2137 1665//2136 1664//2135
f 1658//2127 1665//2136 1666//2137
f 1692//2138 1689//2139 1780//2140
f 1780//2140 1689//2139 1693//2141
f 1689//2139 1694//2142 1693//2141
f 1715//2143 1717//2144 1778//2145
f 1717//2144 1720//2146 1778//2145
f 1778//2145 1720//2146 1721//2147
f 1748//2123 1657//2125 1750//2148
f 1775//2149 1773//2150 1774//2151
f 1772//2152 1773//2150 1775//2149
f 1776//2153 1744//2154 1745//2155
f 1746//2156 1744//2154 1776//2153
f 1720//2146 1718//2157 1721//2147
f 1721//2158 1718//2157 1777//2159
f 1718//2157 1719//2160 1777//2159
f 1719//2160 1715//2143 1777//2159
f 1777//2159 1715//2143 1778//2145
f 1693//2141 1694//2142 1779//2161
f 1694//2142 1691//2162 1779//2161
f 1779//2161 1691//2162 1780//2140
f 1691//2162 1692//2138 1780//2140
f 1658//2163 2251//2164 2250//2165
f 1782//2166 1634//2166 1781//2166
f 1783//2167 1634//2168 1782//2169
f 1841//2170 1783//2167 1782//2169
f 1785//2171 1786//2171 1783//2171
f 1785//2172 1783//2173 1784//2174
f 1787//2175 1786//2176 1785//2177
f 2183//2178 2184//2179 1788//2003
f 2176//2180 1789//2181 1638//2107
f 2183//2178 1602//2005 2182//2182
f 1788//2003 1602//2005 2183//2178
f 1602//2005 2164//2183 2182//2182
f 2176//2180 2167//2184 1789//2181
f 2181//2058 1620//2072 1790//2185
f 1620//2072 2170//2186 1790//2185
f 1790//2185 2164//2183 2181//2058
f 1602//2005 2181//2058 2164//2183
f 2176//2180 1788//2003 2184//2179
f 2184//2179 2167//2184 2176//2180
f 1582//1930 1791//2187 1612//2064
f 1791//2187 1628//2188 1612//2064
f 1612//2064 1628//2189 1615//2065
f 1615//2065 1628//2190 1597//1987
f 1628//2191 1625//2192 1597//2193
f 1616//2194 1625//2192 1792//2195
f 1597//2193 1625//2192 1616//2194
f 1793//2196 1640//2111 1637//2105
f 1794//2197 1640//2198 1793//2196
f 2178//1992 1640//2109 1794//2197
f 1795//1961 2178//1992 1794//2197
f 1795//1961 1794//2197 1796//2199
f 1798//1959 1796//2199 1797//2200
f 1798//1959 1795//1961 1796//2199
f 1799//2055 1797//2200 1563//1910
f 1799//2055 1798//1959 1797//2200
f 1608//2201 2143//2202 2091//2203
f 1800//2204 1801//2205 1608//2201
f 1608//2201 1801//2205 2143//2202
f 1800//2204 2141//2206 1801//2205
f 1802//2207 1608//2201 2006//2208
f 2006//2208 1608//2201 2096//2209
f 2001//2210 1806//2211 1802//2207
f 1802//2207 1806//2211 1608//2201
f 1803//2212 1600//2213 1871//2214
f 1803//2212 1990//2215 1600//2213
f 1804//1964 1806//2211 1805//1962
f 1804//1964 1807//2216 1806//2211
f 1806//2211 1800//2204 1608//2201
f 1808//1958 1809//2217 1915//1960
f 1800//2204 1809//2218 1808//2219
f 1806//2211 1809//2218 1800//2204
f 1807//2216 1809//2218 1806//2211
f 1810//1970 1811//1971 1807//2220
f 1811//2221 1812//2222 1807//2223
f 1813//2224 1914//1966 1809//2218
f 1813//2224 1814//1965 1914//1966
f 1595//1972 1815//1974 1816//2225
f 1815//1974 1817//2226 1816//2225
f 1819//2227 1820//1969 1827//2228
f 1827//2228 1820//1969 1818//1967
f 1909//1980 1821//2229 1910//1976
f 1910//2230 1821//2231 1817//2232
f 1819//2227 1822//2233 1912//1973
f 1822//2233 1907//1975 1912//1973
f 1908//1981 1901//1984 1823//2234
f 1901//1984 1824//2235 1823//2234
f 1826//2236 1904//1978 1828//2237
f 1828//2237 1904//1978 1825//1977
f 1807//2216 1813//2224 1809//2218
f 1812//2222 1813//2238 1807//2223
f 1812//2222 1816//2239 1813//2238
f 1813//2240 1816//2225 1827//2228
f 1827//2228 1816//2225 1819//2227
f 1816//2225 1817//2226 1819//2227
f 1819//2227 1817//2226 1822//2233
f 1817//2226 1826//2236 1822//2233
f 1822//2233 1826//2236 1828//2237
f 1821//2231 1826//2241 1817//2232
f 1823//2234 1826//2241 1821//2231
f 1823//2234 1824//2235 1826//2241
f 2052//2242 2122//2243 1828//2244
f 2059//2245 1822//2233 2123//2246
f 2131//2247 2065//2248 1827//2249
f 2129//2250 1813//2251 2074//2252
f 1826//2253 2118//2254 2117//2255
f 1809//2256 2073//2257 2075//2258
f 1827//2249 2065//2248 1813//2251
f 1813//2251 2065//2248 2074//2252
f 1819//2259 2058//2260 2067//2261
f 2120//2262 1824//2263 1829//2264
f 2057//2265 2056//2266 1821//2267
f 2056//2266 1823//2234 1821//2267
f 2127//2268 1817//2269 2068//2270
f 2136//2271 2134//2272 1812//2273
f 2134//2272 1816//2274 1812//2273
f 2140//2275 1807//2276 2076//2277
f 1828//2244 2122//2243 1822//2233
f 1822//2233 2122//2243 2123//2246
f 1939//2278 1936//2279 1938//2280
f 1939//2278 1937//2028 1935//2029
f 1939//2278 1935//2029 1936//2279
f 1785//2172 1938//2280 1936//2279
f 2128//2281 1785//2172 1936//2279
f 1831//2036 1858//2282 1830//2283
f 1831//2036 1609//2035 1858//2282
f 2133//2085 2137//2084 1830//2283
f 2133//2085 1830//2283 1858//2282
f 1932//2284 1832//2285 1928//2286
f 1832//2285 1934//2030 1916//2031
f 1832//2285 1930//2287 1928//2286
f 1916//2031 1930//2287 1832//2285
f 2064//2288 1932//2284 1928//2286
f 2072//2289 2064//2288 1928//2286
f 1787//2290 2072//2289 1928//2286
f 2081//2291 1787//2292 1928//2286
f 1922//2293 1833//2294 1920//2295
f 1923//2044 1833//2294 1922//2293
f 1923//2044 1927//2043 1833//2294
f 1833//2294 1925//2296 1920//2295
f 1629//2297 2079//2298 1920//2295
f 2078//2299 1629//2297 1920//2295
f 1926//2300 1920//2295 1925//2296
f 1926//2300 2078//2299 1920//2295
f 1834//2024 1958//2025 1957//2301
f 1957//2301 1958//2025 1857//2302
f 1783//2303 1957//2301 1857//2302
f 2051//2304 1783//2303 1857//2302
f 1835//2040 1856//2039 1959//2305
f 1959//2305 1856//2039 1960//2306
f 2060//2307 2066//2308 1959//2305
f 2060//2307 1959//2305 1960//2306
f 1956//2309 1836//2310 1955//2311
f 1956//2309 1913//2026 1836//2310
f 1956//2309 1607//2027 1913//2026
f 1836//2310 1837//2312 1955//2311
f 2124//2313 1955//2311 1837//2312
f 1784//2174 2124//2313 1837//2312
f 1942//2314 1949//2037 1948//2315
f 1944//2038 1949//2037 1942//2314
f 1941//2316 1942//2314 1948//2315
f 1948//2315 1945//2317 1941//2316
f 2070//2318 1941//2316 1945//2317
f 2070//2318 2126//2319 1941//2316
f 1838//2320 1977//2321 1896//2322
f 1839//2019 1977//2321 1838//2320
f 1606//2021 1977//2321 1839//2019
f 2112//2323 1782//2169 1838//2320
f 2112//2323 1838//2320 1896//2322
f 1973//2324 1975//2325 1974//2326
f 1972//2045 1975//2325 1973//2324
f 1976//2046 1975//2325 1972//2045
f 2116//2327 1973//2324 1974//2326
f 2115//2080 2116//2327 1974//2326
f 1963//2328 1840//2329 1962//2330
f 1963//2328 1965//2331 1840//2329
f 1966//2022 1905//2023 1965//2331
f 1965//2331 1905//2023 1840//2329
f 1842//2332 1963//2328 1962//2330
f 1842//2332 1841//2170 1963//2328
f 1902//2041 1971//2333 1844//2334
f 1900//2042 1971//2333 1902//2041
f 1844//2334 1971//2333 1968//2335
f 1968//2335 1971//2333 1843//2336
f 1628//2082 1968//2335 1843//2336
f 1627//2079 1628//2082 1843//2336
f 1845//2337 1605//2010 1878//2338
f 1604//2007 1605//2010 1845//2337
f 1879//2339 1781//2340 1845//2337
f 1879//2339 1845//2337 1878//2338
f 1846//2341 1990//2215 1991//2342
f 1990//2215 1803//2212 1991//2342
f 2041//2343 1846//2341 1991//2342
f 2104//2344 2041//2343 1991//2342
f 1981//2345 1847//2015 1848//2346
f 1981//2345 1848//2346 1978//2347
f 1847//2015 1888//2018 1848//2346
f 2036//2348 1981//2345 1978//2347
f 2036//2348 2030//2349 1981//2345
f 1986//2350 1989//2351 1985//2352
f 1881//2047 1884//2050 1989//2351
f 1989//2351 1987//2353 1985//2352
f 1881//2047 1989//2351 1986//2350
f 2107//2354 1985//2352 1987//2353
f 2107//2355 1983//2356 1985//2352
f 2106//2357 2107//2354 1987//2353
f 1999//2358 1855//2359 1854//2011
f 1854//2011 1869//2360 1601//2012
f 1855//2359 2100//2361 1854//2011
f 1869//2360 1849//2362 1601//2012
f 2100//2361 2027//2363 1854//2011
f 1854//2011 2027//2363 1869//2360
f 1849//2362 1603//2054 1601//2012
f 1849//2362 1850//2051 1603//2054
f 1849//2362 2028//2364 1850//2051
f 1850//2051 1851//2365 1853//2366
f 1850//2051 2097//2367 1851//2365
f 2028//2364 2097//2367 1850//2051
f 1637//2105 1783//2368 1793//2196
f 1634//2099 1783//2368 1637//2105
f 1793//2196 1783//2368 1794//2197
f 1794//2197 1783//2368 1796//2199
f 1783//2369 1786//2370 1796//2199
f 1796//2199 1786//2370 1797//2200
f 1797//2200 1786//2370 1563//1910
f 1866//2052 1853//2366 1852//2371
f 1853//2366 1851//2365 1852//2371
f 1866//2052 1850//2051 1853//2366
f 2098//2372 1852//2371 1851//2365
f 2034//2373 2098//2372 1851//2365
f 1999//2358 1998//2374 1855//2359
f 1855//2359 1998//2374 1996//2375
f 1868//2014 1998//2374 1854//2011
f 1854//2011 1998//2374 1999//2358
f 2101//2376 1855//2359 1996//2375
f 2101//2376 2100//2361 1855//2359
f 2060//2307 1960//2306 1856//2039
f 2121//2377 1856//2039 1823//2234
f 2121//2377 2060//2307 1856//2039
f 1856//2039 1908//1981 1823//2234
f 1829//2264 1824//2263 1902//2041
f 2061//2378 1902//2041 1969//2379
f 2061//2378 1829//2264 1902//2041
f 1901//1984 1902//2041 1824//2263
f 1834//2024 1828//2244 1825//1977
f 2052//2242 1828//2244 1834//2024
f 1783//2303 1834//2024 1957//2301
f 1783//2303 2052//2242 1834//2024
f 1826//2253 1906//2380 1904//1978
f 2119//2381 1961//2382 1906//2380
f 2117//2255 2119//2381 1906//2380
f 2117//2255 1906//2380 1826//2253
f 1835//2040 1821//2267 1909//1980
f 2062//2383 1821//2267 1835//2040
f 2066//2308 1835//2040 1959//2305
f 2066//2308 2062//2383 1835//2040
f 1946//2384 1947//2385 1911//2386
f 2127//2268 1946//2384 1911//2386
f 2127//2268 1911//2386 1817//2269
f 1911//2386 1910//1976 1817//2269
f 2051//2304 1857//2302 1958//2025
f 2059//2245 2051//2304 1958//2025
f 2059//2245 1958//2025 1822//2233
f 1958//2025 1907//1975 1822//2233
f 2058//2260 1819//2259 1607//2027
f 1954//2387 1607//2027 1956//2309
f 2055//2388 2058//2260 1607//2027
f 2055//2388 1607//2027 1954//2387
f 1912//1973 1607//2027 1819//2259
f 2133//2085 1858//2282 1609//2035
f 1816//2274 1609//2035 1595//1972
f 2071//2389 2133//2085 1609//2035
f 2071//2389 1609//2035 1816//2274
f 1944//2038 1817//2269 1815//1974
f 2068//2270 1817//2269 1944//2038
f 2125//2390 1944//2038 1943//2391
f 2125//2390 2068//2270 1944//2038
f 1937//2028 1827//2249 1818//1967
f 2131//2247 1827//2249 1937//2028
f 1938//2280 1937//2028 1939//2278
f 1785//2172 1937//2028 1938//2280
f 1785//2172 2131//2247 1937//2028
f 1950//2392 1951//2393 1952//2394
f 1819//2259 1952//2394 1820//1969
f 2067//2261 1950//2392 1952//2394
f 2067//2261 1952//2394 1819//2259
f 2135//2395 1812//2273 1811//1971
f 2135//2395 1811//1971 1831//2036
f 2137//2084 1831//2036 1830//2283
f 2137//2084 2135//2395 1831//2036
f 1861//2396 1859//2397 1860//2398
f 2140//2275 1861//2396 1860//2398
f 2140//2275 1860//2398 1807//2276
f 1860//2398 1810//1970 1807//2276
f 1813//2251 1935//2029 1814//1965
f 2128//2281 1936//2279 1935//2029
f 2130//2399 2128//2281 1935//2029
f 2130//2399 1935//2029 1813//2251
f 2073//2257 1809//2256 1934//2030
f 2069//2400 1934//2030 1933//2401
f 2069//2400 2073//2257 1934//2030
f 1914//1966 1934//2030 1809//2256
f 1806//2211 1862//2034 1805//1962
f 1806//2211 1919//2402 1862//2034
f 1863//2403 2010//2404 1919//2402
f 1863//2403 1919//2402 1806//2211
f 2077//2405 1863//2403 1806//2211
f 1924//2406 1807//2276 1804//1964
f 1924//2406 2076//2277 1807//2276
f 1864//2407 2076//2277 1924//2406
f 1864//2407 1924//2406 1921//2408
f 2080//2409 1864//2407 1921//2408
f 2082//2410 2000//2411 1800//2204
f 2082//2410 1800//2204 1808//1958
f 2082//2410 1808//1958 1918//2032
f 2003//2412 2082//2410 1918//2032
f 2003//2412 1918//2032 1917//2413
f 1929//2414 1915//1960 1809//2256
f 2139//2415 2138//2416 1931//2417
f 2139//2415 1931//2417 1929//2414
f 2075//2258 1929//2414 1809//2256
f 2075//2258 2139//2415 1929//2414
f 2032//2418 1849//2362 1866//2052
f 1993//2419 1866//2052 1994//2420
f 1992//2421 1866//2052 1993//2419
f 1992//2421 2032//2418 1866//2052
f 1865//2053 1866//2052 1849//2362
f 1870//2422 1995//2423 1868//2014
f 2099//2424 1870//2422 1868//2014
f 2099//2424 1868//2014 1869//2360
f 1868//2014 1867//2013 1869//2360
f 2104//2344 1991//2342 1803//2212
f 2033//2425 1871//2214 1872//2426
f 2033//2425 2104//2344 1803//2212
f 2033//2425 1803//2212 1871//2214
f 2039//2427 1873//2428 1600//2213
f 2039//2427 1600//2213 1990//2215
f 2041//2343 1990//2215 1846//2341
f 2041//2343 2039//2427 1990//2215
f 2102//2429 1875//2430 1874//2008
f 2102//2429 1874//2008 1604//2007
f 1876//2431 1604//2007 1845//2337
f 1876//2431 2102//2429 1604//2007
f 1879//2339 1878//2338 1605//2010
f 2038//2432 1877//2009 1880//2433
f 2038//2432 1879//2339 1605//2010
f 2038//2432 1605//2010 1877//2009
f 2108//2434 1883//2435 1881//2047
f 2048//2436 2108//2434 1881//2047
f 2048//2436 1881//2047 1984//2437
f 1882//2048 1881//2047 1883//2435
f 1884//2050 1988//2438 1989//2351
f 2042//2439 1988//2438 1884//2050
f 1883//2435 1884//2050 1885//2049
f 2109//2440 2042//2439 1884//2050
f 2109//2440 1884//2050 1883//2435
f 1886//2441 1887//2016 1847//2015
f 1886//2441 2002//2442 1887//2016
f 2037//2443 2002//2442 1886//2441
f 1980//2444 1886//2441 1982//2445
f 2031//2446 1886//2441 1980//2444
f 2031//2446 2037//2443 1886//2441
f 1889//2017 1979//2447 1888//2018
f 2002//2442 1979//2447 1889//2017
f 2111//2448 1890//2449 1979//2447
f 2110//2450 2111//2448 1979//2447
f 2110//2450 1979//2447 2002//2442
f 1976//2046 1974//2326 1975//2325
f 1976//2046 1891//1989 1892//2451
f 2115//2080 1974//2326 1976//2046
f 2114//2452 2115//2080 1976//2046
f 2114//2452 1976//2046 1892//2451
f 1839//2019 1894//2453 1893//2020
f 2040//2454 1894//2453 1839//2019
f 1782//2169 2040//2454 1839//2019
f 1782//2169 1839//2019 1838//2320
f 1606//2021 1896//2322 1977//2321
f 2112//2323 1896//2322 1606//2021
f 2046//2455 2112//2323 1606//2021
f 2046//2455 1606//2021 1897//2456
f 1606//2021 1895//1982 1897//2456
f 1972//2045 1898//2457 1598//1988
f 2050//2458 1898//2457 1972//2045
f 2116//2327 1972//2045 1973//2324
f 2116//2327 2050//2458 1972//2045
f 1900//2042 1970//2459 1971//2333
f 1824//2263 1900//2042 1899//1985
f 2053//2460 1970//2459 1900//2042
f 2120//2262 2053//2460 1900//2042
f 2120//2262 1900//2042 1824//2263
f 1596//1979 1966//2022 1903//2461
f 2118//2254 1826//2253 1903//2461
f 2043//2462 1903//2461 1964//2463
f 2043//2462 2118//2254 1903//2461
f 1596//1979 1903//2461 1826//2253
f 1904//1978 1906//2380 1905//2023
f 1949//2037 1910//1976 1911//2386
f 1820//1969 1952//2394 1913//2026
f 1929//2414 1916//2031 1915//1960
f 1810//1970 1860//2398 1927//2043
f 1804//1964 1923//2044 1924//2406
f 2003//2412 1917//2413 2088//2464
f 2005//2465 2003//2412 2088//2464
f 1917//2413 2089//2466 2088//2464
f 1918//2032 2089//2466 1917//2413
f 2010//2404 2095//2467 1919//2402
f 2010//2404 2012//2468 2095//2467
f 2093//2469 1919//2402 2095//2467
f 2093//2469 1862//2034 1919//2402
f 2079//2298 1921//2408 1920//2295
f 1921//2408 2079//2298 2080//2409
f 1924//2406 1922//2293 1921//2408
f 1921//2408 1922//2293 1920//2295
f 1922//2293 1924//2406 1923//2044
f 1925//2296 1861//2396 1926//2300
f 1859//2397 1861//2396 1925//2296
f 1859//2397 1925//2296 1833//2294
f 1859//2397 1833//2294 1860//2398
f 1927//2043 1860//2398 1833//2294
f 2138//2416 2081//2291 1928//2286
f 1931//2417 2138//2416 1928//2286
f 1928//2286 1930//2287 1931//2417
f 1916//2031 1929//2414 1930//2287
f 1930//2287 1929//2414 1931//2417
f 2063//2470 1932//2284 2064//2288
f 1933//2401 1932//2284 2069//2400
f 1932//2284 2063//2470 2069//2400
f 1934//2030 1832//2285 1933//2401
f 1932//2284 1933//2401 1832//2285
f 2125//2390 1943//2391 1940//2471
f 1941//2316 1940//2471 1943//2391
f 1940//2471 1941//2316 2126//2319
f 1941//2316 1943//2391 1942//2314
f 1944//2038 1942//2314 1943//2391
f 1946//2384 1945//2317 1947//2385
f 1945//2317 1946//2384 2070//2318
f 1948//2315 1947//2385 1945//2317
f 1949//2037 1947//2385 1948//2315
f 1947//2385 1949//2037 1911//2386
f 1951//2393 1950//2392 1837//2312
f 1950//2392 1784//2174 1837//2312
f 1951//2393 1837//2312 1836//2310
f 1836//2310 1952//2394 1951//2393
f 1952//2394 1836//2310 1913//2026
f 1953//2472 1955//2311 2124//2313
f 1955//2311 1953//2472 1954//2387
f 2055//2388 1954//2387 1953//2472
f 1956//2309 1955//2311 1954//2387
f 1962//2330 2119//2381 2047//2473
f 2119//2381 1962//2330 1961//2382
f 1842//2332 1962//2330 2047//2473
f 1962//2330 1840//2329 1961//2382
f 1840//2329 1905//2023 1961//2382
f 1961//2382 1905//2023 1906//2380
f 1963//2328 1841//2170 2043//2462
f 1963//2328 2043//2462 1964//2463
f 1903//2461 1966//2022 1965//2331
f 1963//2328 1964//2463 1965//2331
f 1964//2463 1903//2461 1965//2331
f 1967//2474 1969//2379 1968//2335
f 1968//2335 1628//2082 1967//2474
f 1969//2379 1967//2474 2061//2378
f 1844//2334 1968//2335 1969//2379
f 1969//2379 1902//2041 1844//2334
f 1627//2079 1843//2336 2054//2475
f 1843//2336 1970//2459 2054//2475
f 1970//2459 2053//2460 2054//2475
f 1970//2459 1843//2336 1971//2333
f 1978//2347 1890//2449 2111//2448
f 2111//2448 2036//2348 1978//2347
f 1848//2346 1979//2447 1890//2449
f 1848//2346 1888//2018 1979//2447
f 1890//2449 1978//2347 1848//2346
f 2030//2349 2031//2446 1981//2345
f 1980//2444 1981//2345 2031//2446
f 1982//2445 1847//2015 1981//2345
f 1886//2441 1847//2015 1982//2445
f 1980//2444 1982//2445 1981//2345
f 1985//2352 2048//2436 1984//2437
f 1983//2356 2048//2436 1985//2352
f 1984//2437 1881//2047 1986//2350
f 1986//2350 1985//2352 1984//2437
f 1988//2438 2106//2357 1987//2353
f 1988//2438 2042//2439 2106//2357
f 1987//2353 1989//2351 1988//2438
f 1845//2337 1781//2340 1876//2431
f 2098//2372 1993//2419 1852//2371
f 2098//2372 1992//2421 1993//2419
f 1866//2052 1852//2371 1994//2420
f 1852//2371 1993//2419 1994//2420
f 2097//2367 2034//2373 1851//2365
f 1870//2422 1997//2476 1995//2423
f 1996//2375 1997//2476 2101//2376
f 1997//2476 1996//2375 1995//2423
f 1998//2374 1995//2423 1996//2375
f 1868//2014 1995//2423 1998//2374
f 2141//2206 1800//2204 2000//2411
f 2001//2210 2077//2405 1806//2211
f 2130//2399 1813//2251 2129//2250
f 2135//2395 2136//2271 1812//2273
f 2071//2389 1816//2274 2132//2477
f 2132//2477 1816//2274 2134//2272
f 2062//2383 2057//2265 1821//2267
f 2121//2377 1823//2234 2056//2266
f 2050//2458 2049//2478 1898//2457
f 2044//2479 1892//2451 2049//2478
f 2049//2478 1892//2451 1898//2457
f 2114//2452 1892//2451 2044//2479
f 2046//2455 1897//2456 2045//2480
f 1897//2456 1894//2453 2045//2480
f 1894//2453 2113//2481 2045//2480
f 2040//2454 2113//2481 1894//2453
f 2109//2440 1883//2435 2108//2434
f 2002//2442 2037//2443 2110//2450
f 2102//2429 2029//2482 1875//2430
f 1880//2433 1875//2430 2035//2483
f 1875//2430 2029//2482 2035//2483
f 2038//2432 1880//2433 2035//2483
f 2039//2427 2105//2484 1873//2428
f 2103//2485 1872//2426 2105//2484
f 2105//2484 1872//2426 1873//2428
f 2033//2425 1872//2426 2103//2485
f 2028//2364 1849//2362 2032//2418
f 1869//2360 2027//2363 2099//2424
f 1869//2360 1874//2486 1875//2487
f 1867//1997 1874//1994 1869//2488
f 1872//2489 1871//2490 1849//2362
f 1871//2001 1865//2004 1849//2491
f 1877//2492 2002//2493 1880//2494
f 1887//1990 2002//2495 1877//1993
f 1883//2496 1885//1996 1873//2497
f 1873//2497 1885//1996 1600//1999
f 1893//1983 1894//2498 1889//1986
f 1889//1986 1894//2498 2002//2499
f 1883//2496 1892//2451 1882//1991
f 1892//2451 1891//1989 1882//1991
f 1596//1979 1826//2241 1897//2456
f 1824//2500 1899//1985 1898//2457
f 1898//2457 1899//1985 1598//1988
f 1875//2487 1849//2362 1869//2360
f 1872//2489 1849//2362 1875//2487
f 1880//2494 1873//2497 1875//2501
f 1875//2487 1873//2502 1872//2489
f 2002//2493 1873//2497 1880//2494
f 1873//2497 2002//2493 1883//2496
f 1883//2496 2002//2493 1892//2451
f 1892//2451 2002//2493 1898//2457
f 1897//2456 2002//2499 1894//2498
f 1596//1979 1897//2456 1895//1982
f 1897//2456 1824//2235 2002//2499
f 2002//2493 1824//2500 1898//2457
f 1897//2456 1826//2241 1824//2235
f 2153//2503 2152//2504 2142//2505
f 2005//2465 1584//2506 2004//2507
f 2142//2505 2152//2504 2024//2508
f 2143//2202 2153//2503 2142//2505
f 2024//2508 1584//2506 2005//2465
f 2152//2504 1584//2506 2024//2508
f 2143//2202 2006//2208 2153//2503
f 2152//2504 1587//2509 1584//2506
f 2006//2208 2147//2510 2153//2503
f 2004//2507 2146//2511 2007//2512
f 2144//2513 2147//2510 2006//2208
f 2152//2504 2150//2514 1587//2509
f 1587//2509 2150//2514 1592//2515
f 1587//2509 2008//2516 1584//2506
f 2009//2517 2008//2516 1587//2509
f 2009//2517 1591//2518 2008//2516
f 2150//2514 2011//2519 1592//2515
f 2008//2516 1588//2520 2146//2511
f 2147//2510 1590//2521 2150//2514
f 2008//2516 1589//2522 1588//2520
f 2144//2513 2023//2523 2147//2510
f 1590//2521 2014//2524 2150//2514
f 1591//2518 1589//2522 2008//2516
f 2150//2514 2014//2524 2011//2519
f 1588//2520 2007//2512 2146//2511
f 2156//1931 2154//2525 2013//2526
f 2013//2526 2154//2525 2014//2524
f 1589//2522 2020//2527 2015//2528
f 2020//2527 2158//2529 2015//2528
f 1590//2521 2156//1931 2013//2526
f 2014//2524 2154//2525 2011//2519
f 1591//2518 2020//2527 1589//2522
f 2015//2528 2158//2529 1588//2520
f 1588//2520 2158//2529 2007//2512
f 2147//2510 2156//1931 1590//2521
f 2023//2523 2156//1931 2147//2510
f 2016//2530 2020//2527 1591//2518
f 2012//2468 2156//1931 2023//2523
f 2011//2519 2154//2525 2016//2530
f 2158//2529 2017//2531 2007//2512
f 2016//2530 1586//2532 1585//2533
f 2154//2525 1586//2532 2016//2530
f 2016//2530 1585//2533 2020//2527
f 1585//2533 2018//2534 2020//2527
f 2012//2468 1583//1932 2156//1931
f 1586//2532 2155//2535 2018//2534
f 2154//2525 2155//2535 1586//2532
f 2018//2534 2160//2536 2020//2527
f 2155//2535 2160//2536 2018//2534
f 2160//2536 2084//2537 2161//2538
f 2019//2539 2084//2537 2155//2535
f 2155//2535 2084//2537 2160//2536
f 2153//2503 2147//2510 2022//2540
f 2025//2541 1786//2176 2005//2465
f 2025//2541 2005//2465 2004//2507
f 2025//2542 2004//2507 2007//2512
f 2026//2543 2007//2512 2017//2531
f 1997//2476 1781//2340 2101//2376
f 2101//2376 1781//2340 1634//2099
f 1634//2099 2027//2363 2100//2361
f 1997//2476 1876//2431 1781//2340
f 1870//2422 1876//2431 1997//2476
f 2027//2363 2028//2364 2099//2424
f 2099//2424 2029//2482 2102//2429
f 2028//2364 2032//2418 2099//2424
f 1879//2339 2031//2446 2030//2349
f 1879//2339 2030//2349 1781//2340
f 2032//2418 2103//2485 2099//2424
f 2099//2424 2103//2485 2029//2482
f 2032//2418 2033//2425 2103//2485
f 2030//2349 1782//2169 1781//2340
f 1634//2099 1625//2078 2027//2363
f 2027//2363 1625//2078 2028//2364
f 1625//2078 2097//2367 2028//2364
f 1625//2078 2034//2373 2097//2367
f 2103//2485 2035//2483 2029//2482
f 2103//2485 2105//2484 2035//2483
f 2035//2483 2037//2443 2038//2432
f 2036//2348 2111//2448 1782//2169
f 1625//2078 1626//2077 2034//2373
f 2035//2483 2109//2440 2037//2443
f 2105//2484 2109//2440 2035//2483
f 2039//2427 2109//2440 2105//2484
f 2098//2372 1626//2544 1992//2421
f 2109//2440 2110//2450 2037//2443
f 2110//2450 2113//2481 2040//2454
f 2109//2440 2108//2434 2110//2450
f 2041//2343 2106//2357 2042//2439
f 2112//2323 1841//2170 1782//2169
f 2112//2323 2043//2462 1841//2170
f 2041//2343 1626//2545 2106//2357
f 2104//2344 1626//2545 2041//2343
f 2110//2450 2044//2479 2113//2481
f 2108//2434 2044//2479 2110//2450
f 2108//2434 2114//2452 2044//2479
f 1626//2545 2107//2354 2106//2357
f 1626//2546 2115//2546 2107//2546
f 2044//2479 2049//2478 2113//2481
f 2113//2481 2049//2478 2045//2480
f 2045//2480 2118//2254 2046//2455
f 1842//2332 1783//2303 1841//2170
f 2047//2473 1783//2303 1842//2332
f 2119//2381 1783//2303 2047//2473
f 1983//2356 2115//2080 2048//2436
f 2045//2480 2120//2262 2118//2254
f 2049//2478 2120//2262 2045//2480
f 2050//2458 2120//2262 2049//2478
f 2120//2262 1829//2264 2118//2254
f 2118//2254 1829//2264 2117//2255
f 2117//2255 2122//2243 2052//2242
f 1953//2472 2124//2313 2051//2304
f 2051//2304 2124//2313 1783//2303
f 2116//2327 2054//2475 2053//2460
f 2051//2304 2055//2388 1953//2472
f 2115//2080 1627//2079 2116//2327
f 2116//2327 1627//2079 2054//2475
f 2117//2255 2056//2266 2122//2243
f 1829//2264 2056//2266 2117//2255
f 1829//2264 2121//2377 2056//2266
f 2124//2313 1784//2174 1783//2303
f 2122//2243 2057//2265 2123//2246
f 2056//2266 2057//2265 2122//2243
f 2123//2246 2058//2260 2059//2245
f 1950//2392 1785//2172 1784//2174
f 1967//2474 2060//2307 2061//2378
f 1628//2082 2060//2307 1967//2474
f 2057//2265 2127//2268 2123//2246
f 2123//2246 2127//2268 2058//2260
f 2062//2383 2127//2268 2057//2265
f 2128//2281 2063//2470 2064//2288
f 2067//2261 2065//2248 2131//2247
f 2128//2281 2064//2288 1785//2172
f 2058//2260 2068//2270 2067//2261
f 2127//2268 2068//2270 2058//2260
f 2128//2281 2069//2400 2063//2470
f 2066//2308 2070//2318 1946//2384
f 2060//2307 2070//2318 2066//2308
f 1628//2082 2070//2318 2060//2307
f 2064//2288 1787//2290 1785//2172
f 2067//2261 2134//2272 2065//2248
f 2068//2270 2134//2272 2067//2261
f 2068//2270 2132//2477 2134//2272
f 2068//2270 2071//2389 2132//2477
f 2070//2318 2133//2085 2126//2319
f 2134//2272 2136//2271 2065//2248
f 2065//2248 2136//2271 2074//2252
f 2129//2250 2073//2257 2130//2399
f 2074//2252 2073//2257 2129//2250
f 2136//2271 2140//2275 2074//2252
f 2074//2252 2140//2275 2073//2257
f 2135//2395 2140//2275 2136//2271
f 1940//2471 2133//2085 2125//2390
f 2126//2319 2133//2085 1940//2471
f 2140//2275 2075//2258 2073//2257
f 2139//2415 2000//2411 2082//2410
f 2075//2258 2141//2206 2000//2411
f 2140//2275 2076//2277 2075//2258
f 2137//2084 1926//2300 1861//2396
f 2075//2258 2001//2210 2141//2206
f 2076//2277 2001//2210 2075//2258
f 2076//2277 2077//2405 2001//2210
f 2141//2206 1802//2207 1801//2205
f 2001//2210 1802//2207 2141//2206
f 1926//2300 1629//2297 2078//2299
f 2137//2084 1629//2297 1926//2300
f 2077//2405 1864//2407 1863//2403
f 2076//2277 1864//2407 2077//2405
f 1861//2396 2140//2275 2135//2395
f 2064//2288 2072//2289 1787//2290
f 2073//2257 2069//2400 2130//2399
f 2139//2415 2075//2258 2000//2411
f 2098//2372 2034//2373 1626//2544
f 2032//2418 1992//2421 2033//2425
f 1870//2422 2099//2424 2102//2429
f 2100//2361 2101//2376 1634//2099
f 2102//2429 1876//2431 1870//2422
f 1879//2339 2038//2432 2031//2446
f 1626//2544 2033//2425 1992//2421
f 2039//2427 2041//2343 2042//2439
f 2042//2439 2109//2440 2039//2427
f 1983//2356 2107//2355 2115//2080
f 2108//2434 2048//2436 2114//2452
f 2037//2443 2031//2446 2038//2432
f 2111//2448 2110//2450 2040//2454
f 2030//2349 2036//2348 1782//2169
f 2112//2323 2046//2455 2043//2462
f 2040//2454 1782//2169 2111//2448
f 2115//2080 2114//2452 2048//2436
f 2050//2458 2116//2327 2053//2460
f 2118//2254 2043//2462 2046//2455
f 2119//2381 2117//2255 2052//2242
f 2053//2460 2120//2262 2050//2458
f 1829//2264 2061//2378 2121//2377
f 2060//2307 2121//2377 2061//2378
f 2062//2383 2066//2308 1946//2384
f 2052//2242 1783//2303 2119//2381
f 2051//2304 2059//2245 2055//2388
f 2058//2260 2055//2388 2059//2245
f 1950//2392 2067//2261 2131//2247
f 1946//2384 2127//2268 2062//2383
f 2068//2270 2125//2390 2071//2389
f 2128//2281 2130//2399 2069//2400
f 2131//2247 1785//2172 1950//2392
f 2133//2085 2071//2389 2125//2390
f 2135//2395 2137//2084 1861//2396
f 1864//2407 2080//2409 1863//2403
f 2079//2298 2010//2404 2080//2409
f 2080//2409 2010//2404 1863//2403
f 1629//2297 2010//2404 2079//2298
f 1802//2207 2006//2208 1801//2205
f 1801//2205 2006//2208 2143//2202
f 2139//2415 2082//2410 2138//2416
f 2138//2416 2003//2412 2081//2291
f 2081//2291 2003//2412 1787//2292
f 2082//2410 2003//2412 2138//2416
f 1862//2034 2093//2469 2092//2547
f 1862//2034 2092//2547 2096//2209
f 1862//2034 2096//2209 1608//2201
f 1918//2032 2087//2548 2089//2466
f 1608//2201 2091//2203 2087//2548
f 1608//2201 2087//2548 1918//2032
f 2084//2549 2083//2550 1577//1925
f 2084//2549 1577//1925 1561//1914
f 2026//2551 2084//2549 1561//1914
f 2026//2551 1561//1914 2085//1916
f 2026//2551 2085//1916 1554//1898
f 2026//2551 1554//1898 1558//1907
f 2007//2552 2026//2551 1558//1907
f 2007//2552 1558//1907 1555//2553
f 2025//2554 2007//2552 1555//2553
f 2025//2554 1555//2553 1563//1910
f 1786//2370 2025//2554 1563//1910
f 2085//1916 2313//2555 1554//1898
f 1554//1898 2313//2555 2086//1893
f 1791//2187 1582//1930 2083//2550
f 1582//1930 1577//1925 2083//2550
f 1786//2176 1787//2175 2003//2412
f 2003//2412 2005//2465 1786//2176
f 2083//2556 1583//1932 2012//2468
f 2161//2538 2026//2543 2017//2531
f 2161//2557 2084//2557 2026//2557
f 2083//2558 2084//2537 2019//2539
f 2083//2556 2019//2559 1583//1932
f 2083//2556 2012//2468 1791//2088
f 2012//2468 2010//2404 1791//2088
f 1629//2089 1791//2088 2010//2404
f 2088//2464 2090//2560 2005//2465
f 2005//2465 2090//2560 2024//2508
f 2142//2505 2024//2508 2090//2560
f 2142//2505 2090//2560 2087//2548
f 2143//2202 2142//2505 2087//2548
f 2143//2202 2087//2548 2091//2203
f 2089//2466 2090//2560 2088//2464
f 2089//2466 2087//2548 2090//2560
f 2095//2467 2012//2468 2094//2561
f 2012//2468 2023//2523 2094//2561
f 2006//2208 2096//2209 2092//2547
f 2144//2513 2006//2208 2092//2547
f 2144//2513 2092//2547 2093//2469
f 2144//2513 2093//2469 2094//2561
f 2023//2523 2144//2513 2094//2561
f 2094//2561 2093//2469 2095//2467
f 2104//2344 2033//2425 1626//2545
f 1569//1952 1592//1953 1571//2562
f 1592//1953 2011//2563 1571//2562
f 2011//2563 2016//1950 1571//2562
f 1571//2562 2016//1950 1566//2564
f 1566//2564 2016//1950 1565//1912
f 1590//1948 2013//2565 1580//1949
f 1580//1949 2013//2565 1579//1945
f 2013//2565 2014//1946 1579//1945
f 1565//1913 1589//1944 1560//1908
f 1589//1944 2015//1941 1560//1908
f 1587//1938 1592//1953 1572//1940
f 1572//1940 1592//1953 1570//2566
f 1592//1953 2009//1937 1570//2566
f 1570//2566 2009//1937 1567//1939
f 1574//1922 1586//1936 1568//1918
f 1586//1936 2018//1934 1568//1918
f 1584//2506 1562//2567 1564//2568
f 1584//2506 2008//2516 1562//2567
f 2004//2507 1584//2506 1564//2568
f 2146//2511 2004//2507 1556//2569
f 1556//2569 2004//2507 1564//2568
f 1557//2570 2146//2511 1556//2569
f 1562//2567 2146//2511 1557//2570
f 2008//2516 2146//2511 1562//2567
f 2022//2540 2147//2510 2148//2571
f 2147//2510 2149//2572 2148//2571
f 2147//2510 2150//2514 2149//2572
f 2151//2573 2153//2503 2022//2540
f 2152//2504 2153//2503 2151//2573
f 2149//2572 2152//2504 2151//2573
f 2150//2514 2152//2504 2149//2572
f 2022//2540 2149//2574 2151//2573
f 2022//2540 2148//2571 2149//2574
f 1576//2575 2154//2525 1575//2576
f 2155//2535 2154//2525 1576//2575
f 2019//2559 2155//2535 1576//2575
f 1581//1933 1583//1932 1576//2575
f 1583//1932 2019//2559 1576//2575
f 1575//2576 2156//1931 1581//1933
f 2154//2525 2156//1931 1575//2576
f 2157//2577 2020//2527 2021//2578
f 2158//2529 2020//2527 2157//2577
f 2017//2531 2158//2529 2157//2577
f 2161//2538 2017//2531 2159//2579
f 2159//2579 2017//2531 2157//2577
f 2160//2536 2161//2538 2159//2579
f 2020//2527 2159//2579 2021//2578
f 2020//2527 2160//2536 2159//2579
f 2021//2578 2159//2579 2157//2577
f 1792//2580 1625//2075 1611//2066
f 1644//2108 1645//2060 2162//2581
f 1638//2107 2179//2063 2176//2180
f 1618//2056 1620//2072 2181//2058
f 2163//2582 2186//2583 1790//2185
f 1790//2185 2186//2583 2164//2183
f 2186//2583 2165//2584 2164//2183
f 2186//2583 2262//2585 2165//2584
f 2253//2586 2264//2587 1654//2588
f 2264//2587 1662//2589 1654//2588
f 1654//2588 2165//2584 2262//2585
f 1654//2588 2262//2585 2253//2586
f 2185//2590 2182//2182 2165//2584
f 2182//2182 2164//2183 2165//2584
f 2182//2182 2185//2590 2183//2178
f 2183//2178 2185//2590 2188//2591
f 2184//2179 2183//2178 2187//2592
f 2187//2592 2183//2178 2188//2591
f 1651//2593 2252//2594 1650//2595
f 2252//2594 2255//2596 1650//2595
f 2255//2596 2261//2597 1650//2595
f 2261//2597 2166//2598 2187//2592
f 2187//2592 2166//2598 2184//2179
f 2166//2598 2167//2184 2184//2179
f 2166//2598 2168//2599 2167//2184
f 2187//2592 1650//2595 2261//2597
f 2166//2598 1636//2101 2169//2104
f 2166//2598 2169//2104 2168//2599
f 2173//2600 2171//2095 2174//2601
f 1633//2097 2172//2602 2171//2095
f 2173//2600 2170//2186 2171//2095
f 2171//2095 2172//2602 2174//2601
f 2170//2186 1620//2072 2171//2095
f 1789//2181 2175//2103 1638//2107
f 2175//2103 1641//2098 1638//2107
f 2176//2180 2179//2063 1788//2003
f 2177//2061 2162//2603 1645//2060
f 1650//2595 2188//2591 2185//2590
f 1654//2588 1650//2595 2185//2590
f 2186//2583 2163//2582 2191//2096
f 2259//2093 2186//2583 2191//2096
f 2165//2584 1654//2588 2185//2590
f 2187//2592 2188//2591 1650//2595
f 2174//2604 1633//2604 2170//2604
f 1633//2097 2191//2096 2170//2186
f 2190//2605 2189//2606 2163//2582
f 2191//2096 2163//2582 2189//2606
f 1790//2185 2192//2607 2190//2605
f 1790//2185 2190//2605 2163//2582
f 2193//2608 2191//2096 2189//2606
f 2170//2186 2193//2608 2192//2607
f 2170//2186 2192//2607 1790//2185
f 2170//2186 2191//2096 2193//2608
f 2217//2609 2216//2610 2214//2611
f 2215//2612 2216//2610 2217//2609
f 2220//2613 2218//2614 2169//2104
f 2168//2599 2169//2104 2218//2614
f 2175//2103 2221//2615 2220//2613
f 2175//2103 2220//2613 2169//2104
f 2219//2616 2168//2599 2218//2614
f 1789//2181 2221//2615 2175//2103
f 1789//2181 2219//2616 2221//2615
f 2167//2184 2219//2616 1789//2181
f 2167//2184 2168//2599 2219//2616
f 2246//2617 2249//2618 2245//2619
f 2248//2620 2246//2617 2247//2621
f 2248//2620 2249//2618 2246//2617
f 2250//2165 2251//2164 2273//2622
f 2251//2164 2272//2623 2273//2622
f 2273//2622 1779//2624 1780//2625
f 2272//2623 1777//2626 2273//2622
f 2273//2622 1777//2626 1779//2624
f 2273//2622 1780//2625 2274//2627
f 1777//2626 2272//2623 1721//2628
f 1779//2624 1778//2629 1693//2630
f 1777//2626 1778//2629 1779//2624
f 2272//2623 2268//2631 1721//2628
f 1780//2625 1693//2632 2274//2627
f 1721//2628 2268//2631 1778//2629
f 1693//2632 2264//2587 2274//2627
f 1778//2629 2252//2594 1693//2630
f 1778//2629 2268//2631 2252//2594
f 2264//2587 2253//2586 2274//2627
f 2268//2631 2271//2633 2252//2634
f 2253//2586 2254//2635 2274//2627
f 2271//2636 2255//2596 2252//2594
f 2271//2633 2256//2637 2255//2596
f 2254//2635 2253//2586 2257//2638
f 2253//2586 2262//2585 2257//2638
f 2256//2637 2270//2639 2255//2596
f 2262//2585 2258//2640 2257//2638
f 2270//2639 2261//2597 2255//2596
f 2270//2639 2267//2641 2261//2597
f 2258//2640 2262//2585 2275//2642
f 2262//2585 2186//2583 2275//2642
f 2275//2642 2186//2583 2259//2093
f 2267//2641 2260//2643 2261//2597
f 2260//2643 2166//2598 2261//2597
f 2260//2644 1636//2101 2166//2598
f 2263//2645 2264//2587 1693//2646
f 2263//2645 2265//2647 1651//2593
f 1662//2589 2263//2645 1651//2593
f 2252//2594 2265//2647 2263//2645
f 2252//2594 2263//2645 1693//2630
f 2263//2645 1662//2589 2264//2587
f 2265//2647 2252//2594 1651//2593
f 1635//2102 2266//2648 2260//2644
f 1636//2101 2266//2648 1635//2102
f 2260//2644 2266//2648 1636//2101
f 1648//2649 2267//2641 2270//2639
f 2267//2641 1648//2649 1635//2650
f 2260//2643 2267//2641 1635//2650
f 1648//2651 2270//2639 2256//2637
f 2271//2633 1648//2651 2256//2637
f 2268//2631 1652//2652 2271//2633
f 2271//2633 1652//2652 1648//2651
f 1658//2163 1652//2652 2251//2164
f 2251//2164 1652//2652 2272//2623
f 2272//2623 1652//2652 2268//2631
f 2275//2642 2259//2093 1630//2092
f 1661//2653 2269//2654 1630//2092
f 2275//2655 2269//2654 1661//2653
f 2275//2642 1630//2092 2269//2654
f 2273//2622 1665//2656 2250//2165
f 1665//2656 1658//2163 2250//2165
f 1659//2657 2274//2627 2254//2635
f 1665//2656 2274//2627 1659//2657
f 1665//2656 2273//2622 2274//2627
f 1661//2658 2258//2640 2275//2642
f 1659//2659 2258//2640 1661//2658
f 2254//2635 2257//2638 1659//2657
f 1659//2659 2257//2638 2258//2640
f 1667//2134 1663//2133 1670//2660
f 1664//2135 1667//2134 1670//2660
f 1671//2661 1668//2662 1669//2663
f 1671//2661 1669//2663 1672//2664
f 1675//2665 1668//2662 1671//2661
f 1673//2666 1668//2662 1675//2665
f 1677//2667 1673//2666 1675//2665
f 1680//2668 1673//2666 1677//2667
f 1682//2669 1676//2670 1680//2668
f 1682//2669 1679//2671 1676//2670
f 1684//2672 1679//2671 1682//2669
f 1684//2672 1678//2673 1679//2671
f 1681//2674 1678//2673 1684//2672
f 1681//2674 1677//2667 1678//2673
f 1683//2675 1680//2668 1681//2674
f 1681//2674 1680//2668 1677//2667
f 1682//2669 1680//2668 1683//2675
f 1686//2676 1681//2674 1684//2672
f 1686//2676 1683//2675 1681//2674
f 1688//2677 1682//2669 1683//2675
f 1690//2678 1684//2672 1688//2677
f 1690//2678 1686//2676 1684//2672
f 1689//2139 1686//2676 1690//2678
f 1689//2139 1685//2679 1686//2676
f 1687//2680 1688//2677 1685//2679
f 1692//2138 1685//2679 1689//2139
f 1691//2162 1687//2680 1692//2138
f 1694//2142 1687//2680 1691//2162
f 1669//2663 1666//2137 1664//2135
f 1668//2662 1666//2137 1669//2663
f 1668//2662 1663//2133 1666//2137
f 1670//2660 1663//2133 1668//2662
f 1672//2664 1664//2135 1670//2660
f 1669//2663 1664//2135 1672//2664
f 1673//2666 1670//2660 1668//2662
f 1672//2664 1670//2660 1673//2666
f 1674//2681 1671//2661 1672//2664
f 1675//2665 1671//2661 1674//2681
f 1680//2668 1672//2664 1673//2666
f 1676//2670 1672//2664 1680//2668
f 1676//2670 1674//2681 1672//2664
f 1679//2671 1674//2681 1676//2670
f 1679//2671 1675//2665 1674//2681
f 1678//2673 1675//2665 1679//2671
f 1678//2673 1677//2667 1675//2665
f 1688//2677 1684//2672 1682//2669
f 1685//2679 1683//2675 1686//2676
f 1685//2679 1688//2677 1683//2675
f 1687//2680 1690//2678 1688//2677
f 1687//2680 1685//2679 1692//2138
f 1694//2142 1690//2678 1687//2680
f 1694//2142 1689//2139 1690//2678
f 1699//2682 1656//2124 1696//2128
f 1698//2683 1656//2124 1699//2682
f 1698//2683 1697//2684 1656//2124
f 1700//2685 1695//2686 1697//2684
f 1700//2685 1696//2128 1695//2686
f 1699//2682 1696//2128 1700//2685
f 1702//2687 1699//2682 1703//2688
f 1702//2687 1698//2683 1699//2682
f 1701//2689 1698//2683 1702//2687
f 1706//2690 1703//2688 1704//2691
f 1706//2690 1702//2687 1703//2688
f 1712//2692 1709//2693 1710//2694
f 1714//2695 1711//2696 1708//2697
f 1713//2698 1711//2696 1714//2695
f 1713//2698 1710//2694 1711//2696
f 1712//2692 1710//2694 1713//2698
f 1695//2686 1655//2122 1653//2120
f 1696//2128 1655//2122 1695//2686
f 1697//2684 1653//2120 1656//2124
f 1697//2684 1695//2686 1653//2120
f 1701//2689 1697//2684 1698//2683
f 1700//2685 1697//2684 1701//2689
f 1703//2688 1699//2682 1700//2685
f 1704//2691 1700//2685 1701//2689
f 1704//2691 1703//2688 1700//2685
f 1707//2699 1701//2689 1702//2687
f 1707//2699 1704//2691 1701//2689
f 1705//2700 1702//2687 1706//2690
f 1709//2693 1702//2687 1705//2700
f 1709//2693 1707//2699 1702//2687
f 1708//2697 1704//2691 1707//2699
f 1708//2697 1706//2690 1704//2691
f 1711//2696 1706//2690 1708//2697
f 1711//2696 1705//2700 1706//2690
f 1710//2694 1705//2700 1711//2696
f 1710//2694 1709//2693 1705//2700
f 1712//2692 1707//2699 1709//2693
f 1712//2692 1708//2697 1707//2699
f 1716//2701 1708//2697 1712//2692
f 1714//2695 1708//2697 1716//2701
f 1717//2144 1712//2692 1713//2698
f 1717//2144 1716//2701 1712//2692
f 1715//2143 1714//2695 1716//2701
f 1719//2160 1714//2695 1715//2143
f 1719//2160 1713//2698 1714//2695
f 1718//2157 1713//2698 1719//2160
f 1718//2157 1717//2144 1713//2698
f 1715//2143 1716//2701 1717//2144
f 1720//2146 1717//2144 1718//2157
f 1726//2702 1646//2112 1724//2703
f 1727//2704 1723//2705 1726//2702
f 1728//2706 1727//2704 1726//2702
f 1731//2707 1727//2704 1728//2706
f 1731//2707 1725//2708 1727//2704
f 1730//2709 1725//2708 1731//2707
f 1732//2710 1731//2707 1736//2711
f 1732//2710 1730//2709 1731//2707
f 1729//2712 1730//2709 1732//2710
f 1734//2713 1732//2710 1735//2714
f 1734//2713 1729//2712 1732//2710
f 1738//2715 1729//2712 1734//2713
f 1738//2715 1733//2716 1729//2712
f 1735//2714 1736//2711 1733//2716
f 1741//2717 1734//2713 1739//2718
f 1741//2717 1738//2715 1734//2713
f 1740//2719 1738//2715 1741//2717
f 1740//2719 1737//2720 1738//2715
f 1743//2721 1737//2720 1740//2719
f 1746//2156 1739//2718 1742//2722
f 1741//2717 1739//2718 1746//2156
f 1747//2723 1743//2721 1740//2719
f 1747//2723 1742//2722 1743//2721
f 1746//2156 1742//2722 1747//2723
f 1746//2156 1747//2723 1744//2154
f 1723//2705 1649//2116 1722//2113
f 1724//2703 1646//2112 1647//2114
f 1726//2702 1722//2113 1646//2112
f 1723//2705 1722//2113 1726//2702
f 1727//2704 1649//2116 1723//2705
f 1725//2708 1649//2116 1727//2704
f 1725//2708 1647//2114 1649//2116
f 1725//2708 1724//2703 1647//2114
f 1730//2709 1724//2703 1725//2708
f 1729//2712 1724//2703 1730//2709
f 1729//2712 1726//2702 1724//2703
f 1729//2712 1728//2706 1726//2702
f 1736//2711 1731//2707 1728//2706
f 1733//2716 1728//2706 1729//2712
f 1736//2711 1728//2706 1733//2716
f 1735//2714 1732//2710 1736//2711
f 1737//2720 1733//2716 1738//2715
f 1743//2721 1733//2716 1737//2720
f 1742//2722 1733//2716 1743//2721
f 1742//2722 1735//2714 1733//2716
f 1739//2718 1735//2714 1742//2722
f 1739//2718 1734//2713 1735//2714
f 1776//2153 1741//2717 1746//2156
f 1745//2155 1741//2717 1776//2153
f 1745//2155 1740//2719 1741//2717
f 1744//2154 1740//2719 1745//2155
f 1744//2154 1747//2723 1740//2719
f 1751//2724 1748//2123 1750//2148
f 1751//2724 1749//2126 1748//2123
f 1660//2130 1749//2126 1751//2724
f 1753//2725 1660//2130 1754//2726
f 1753//2725 1755//2727 1660//2130
f 1753//2725 1754//2726 1751//2724
f 1757//2728 1755//2727 1753//2725
f 1756//2729 1755//2727 1757//2728
f 1762//2730 1753//2725 1758//2731
f 1762//2730 1757//2728 1753//2725
f 1761//2732 1756//2729 1757//2728
f 1761//2732 1759//2733 1756//2729
f 1760//2734 1759//2733 1761//2732
f 1760//2734 1758//2731 1759//2733
f 1762//2730 1758//2731 1760//2734
f 1761//2732 1757//2728 1762//2730
f 1765//2735 1763//2736 1760//2734
f 1764//2737 1762//2730 1763//2736
f 1764//2737 1761//2732 1762//2730
f 1767//2738 1761//2732 1764//2737
f 1769//2739 1763//2736 1765//2735
f 1764//2737 1763//2736 1769//2739
f 1768//2740 1767//2738 1764//2737
f 1771//2741 1767//2738 1768//2740
f 1771//2741 1766//2742 1767//2738
f 1770//2743 1766//2742 1771//2741
f 1774//2151 1770//2743 1771//2741
f 1773//2150 1770//2743 1774//2151
f 1775//2149 1768//2740 1772//2152
f 1775//2149 1771//2741 1768//2740
f 1774//2151 1771//2741 1775//2149
f 1754//2726 1660//2130 1751//2724
f 1755//2727 1657//2125 1660//2130
f 1755//2727 1750//2148 1657//2125
f 1752//2744 1750//2148 1755//2727
f 1752//2744 1751//2724 1750//2148
f 1756//2729 1752//2744 1755//2727
f 1759//2733 1752//2744 1756//2729
f 1758//2731 1752//2744 1759//2733
f 1758//2731 1751//2724 1752//2744
f 1758//2731 1753//2725 1751//2724
f 1763//2736 1762//2730 1760//2734
f 1767//2738 1760//2734 1761//2732
f 1766//2742 1760//2734 1767//2738
f 1766//2742 1765//2735 1760//2734
f 1770//2743 1765//2735 1766//2742
f 1770//2743 1769//2739 1765//2735
f 1768//2740 1764//2737 1769//2739
f 1773//2150 1769//2739 1770//2743
f 1772//2152 1769//2739 1773//2150
f 1772//2152 1768//2740 1769//2739
f 2198//2745 2190//2605 2197//2746
f 2194//2747 2190//2605 2198//2745
f 2198//2745 2197//2746 2199//2748
f 2200//2749 2199//2748 2196//2750
f 2198//2745 2199//2748 2200//2749
f 2207//2751 2203//2752 2205//2753
f 2207//2751 2200//2749 2203//2752
f 2206//2754 2200//2749 2207//2751
f 2206//2754 2202//2755 2200//2749
f 2209//2756 2202//2755 2206//2754
f 2209//2756 2204//2757 2202//2755
f 2208//2758 2204//2757 2209//2756
f 2208//2758 2205//2753 2204//2757
f 2211//2759 2205//2753 2208//2758
f 2214//2611 2212//2760 2211//2759
f 2214//2611 2210//2761 2212//2760
f 2216//2610 2210//2761 2214//2611
f 2194//2747 2189//2606 2190//2605
f 2195//2762 2189//2606 2194//2747
f 2195//2762 2193//2608 2189//2606
f 2195//2762 2192//2607 2193//2608
f 2197//2746 2192//2607 2195//2762
f 2197//2746 2190//2605 2192//2607
f 2196//2750 2195//2762 2194//2747
f 2199//2748 2195//2762 2196//2750
f 2199//2748 2197//2746 2195//2762
f 2201//2763 2194//2747 2198//2745
f 2201//2763 2196//2750 2194//2747
f 2205//2753 2196//2750 2201//2763
f 2203//2752 2196//2750 2205//2753
f 2203//2752 2200//2749 2196//2750
f 2202//2755 2198//2745 2200//2749
f 2202//2755 2201//2763 2198//2745
f 2204//2757 2201//2763 2202//2755
f 2204//2757 2205//2753 2201//2763
f 2211//2759 2207//2751 2205//2753
f 2212//2760 2207//2751 2211//2759
f 2212//2760 2206//2754 2207//2751
f 2210//2761 2206//2754 2212//2760
f 2210//2761 2209//2756 2206//2754
f 2213//2764 2209//2756 2210//2761
f 2213//2764 2208//2758 2209//2756
f 2216//2610 2213//2764 2210//2761
f 2215//2612 2208//2758 2213//2764
f 2215//2612 2211//2759 2208//2758
f 2217//2609 2211//2759 2215//2612
f 2217//2609 2214//2611 2211//2759
f 2215//2612 2213//2764 2216//2610
f 2222//2765 2221//2615 2219//2616
f 2223//2766 2219//2616 2218//2614
f 2222//2765 2219//2616 2223//2766
f 2224//2767 2221//2615 2222//2765
f 2224//2767 2220//2613 2221//2615
f 2227//2768 2220//2613 2224//2767
f 2227//2768 2218//2614 2220//2613
f 2223//2766 2218//2614 2227//2768
f 2228//2769 2227//2768 2224//2767
f 2229//2770 2225//2771 2230//2772
f 2229//2770 2228//2769 2225//2771
f 2232//2773 2228//2769 2229//2770
f 2232//2773 2227//2768 2228//2769
f 2232//2773 2226//2774 2227//2768
f 2231//2775 2226//2774 2232//2773
f 2234//2776 2231//2775 2232//2773
f 2233//2777 2231//2775 2234//2776
f 2241//2778 2234//2776 2235//2779
f 2235//2779 2236//2780 2238//2781
f 2241//2778 2235//2779 2239//2782
f 2240//2783 2238//2781 2241//2778
f 2242//2784 2241//2778 2239//2782
f 2240//2783 2241//2778 2242//2784
f 2244//2785 2237//2786 2243//2787
f 2244//2785 2239//2782 2237//2786
f 2242//2784 2239//2782 2244//2785
f 2247//2621 2240//2783 2242//2784
f 2245//2619 2240//2783 2247//2621
f 2245//2619 2243//2787 2240//2783
f 2249//2618 2243//2787 2245//2619
f 2249//2618 2244//2785 2243//2787
f 2248//2620 2244//2785 2249//2618
f 2248//2620 2242//2784 2244//2785
f 2248//2620 2247//2621 2242//2784
f 2225//2771 2224//2767 2222//2765
f 2226//2774 2223//2766 2227//2768
f 2226//2774 2222//2765 2223//2766
f 2230//2772 2222//2765 2226//2774
f 2230//2772 2225//2771 2222//2765
f 2228//2769 2224//2767 2225//2771
f 2231//2775 2230//2772 2226//2774
f 2233//2777 2230//2772 2231//2775
f 2233//2777 2229//2770 2230//2772
f 2236//2780 2229//2770 2233//2777
f 2236//2780 2232//2773 2229//2770
f 2235//2779 2232//2773 2236//2780
f 2235//2779 2234//2776 2232//2773
f 2241//2778 2233//2777 2234//2776
f 2238//2781 2233//2777 2241//2778
f 2238//2781 2236//2780 2233//2777
f 2237//2786 2235//2779 2238//2781
f 2239//2782 2235//2779 2237//2786
f 2243//2787 2238//2781 2240//2783
f 2237//2786 2238//2781 2243//2787
f 2246//2617 2245//2619 2247//2621
f 2297//1927 2295//1956 1573//1924
f 1573//1924 2295//1956 1593//1903
f 1593//1903 2295//1956 1552//1902
f 2295//1956 2296//1955 1552//1902
f 2296//1955 2276//2788 1552//1902
f 1552//1902 2276//2789 2277//1901
f 2276//2788 2287//2790 2277//2791
f 2277//1901 2287//2790 1547//1899
f 2287//2790 2310//2792 1547//1899
f 1547//1899 2310//2792 1548//1897
f 2310//2792 2311//2793 1548//1897
f 2311//2793 2278//2794 1548//1897
f 1548//1897 2278//2794 1549//1894
f 2278//2794 2279//1889 1549//1894
f 2278//2794 2280//2795 2279//1889
f 2280//2795 2281//1915 2279//1889
f 2279//1889 2281//1915 2282//1896
f 2313//2555 2314//2796 1550//1883
f 2313//2555 1550//1883 2086//1893
f 2288//2797 2312//1881 1550//1883
f 2314//2796 2288//2797 1550//1883
f 2288//2797 2289//2798 1551//1884
f 2288//2797 1551//1884 2312//1881
f 2290//2799 2315//2800 2283//1887
f 2290//2799 2283//1887 1551//1884
f 2289//2798 2290//2799 1551//1884
f 1553//1900 2283//1887 2315//2800
f 2286//2801 1553//1900 2315//2800
f 2286//2801 2284//2802 1553//1900
f 1553//1900 2284//2802 2285//1904
f 2284//2802 1594//1963 2285//1904
f 2085//1916 2281//1915 2313//2555
f 2281//1915 2280//2795 2313//2555
f 1594//1963 2284//2802 2296//1955
f 2284//2802 2286//2801 2296//1955
f 2296//1955 2286//2801 2276//2788
f 2276//2788 2286//2801 2287//2790
f 2299//2803 2300//2804 2280//2795
f 2280//2795 2291//2805 2299//2803
f 2280//2795 2278//2794 2291//2805
f 2286//2801 2310//2792 2287//2790
f 2278//2794 2302//2806 2291//2805
f 2311//2793 2302//2806 2278//2794
f 2311//2793 2303//2807 2302//2806
f 2310//2792 2303//2807 2311//2793
f 2286//2801 2303//2807 2310//2792
f 2300//2804 2314//2796 2280//2795
f 2280//2795 2314//2796 2313//2555
f 2300//2804 2298//2808 2314//2796
f 2298//2808 2288//2797 2314//2796
f 2298//2808 2301//2809 2288//2797
f 2293//2810 2315//2800 2301//2809
f 2303//2807 2315//2800 2293//2810
f 2301//2809 2289//2798 2288//2797
f 2315//2800 2290//2799 2301//2809
f 2301//2809 2290//2799 2289//2798
f 2286//2801 2315//2800 2303//2807
f 2307//1888 2300//2804 2308//1890
f 2300//2804 2299//2803 2308//1890
f 2308//1890 2299//2803 2309//1891
f 2299//2803 2291//2805 2309//1891
f 2292//1882 2300//2804 2307//1888
f 2298//2808 2300//2804 2292//1882
f 2305//1885 2298//2808 2292//1882
f 2301//2809 2298//2808 2305//1885
f 2293//2810 2301//2809 2304//1886
f 2304//1886 2301//2809 2305//1885
f 2291//2805 2302//2806 2306//1895
f 2291//2805 2306//1895 2309//1891
f 2302//2806 2303//2807 2306//1895
f 2306//1895 2303//2807 2294//1892
f 2304//1886 2294//1892 2293//2810
f 2294//1892 2303//2807 2293//2810
o Arm003
v -151.860046 -8.164988 -147.379822
v -152.321640 -9.609526 -147.928955
v -153.970993 -10.606529 -149.577515
v -158.652786 -34.215984 -155.132324
v -149.715057 -35.865013 -146.290131
v -172.859344 9.445199 -167.724762
v -152.059845 0.017462 -147.275055
v -174.548950 11.640455 -169.340591
v -175.606049 11.949981 -146.304077
v -174.516037 11.949977 -153.885223
v -179.564804 11.949975 -163.279144
v -167.800476 11.949979 -144.198639
v -170.134872 11.949975 -159.669937
v -170.725311 11.985220 -176.363220
v -158.875488 11.949970 -180.906006
v -167.524673 11.949975 -161.129654
v -163.779953 11.949977 -154.674301
v -167.636642 11.949977 -157.463547
v -163.540558 11.949978 -145.167709
v -164.570206 11.949975 -160.809006
v -160.354309 11.949977 -153.394699
v -161.124039 11.949975 -167.098923
v -158.939026 11.949977 -149.672394
v -158.580978 11.949975 -164.983063
v -154.985748 11.949977 -155.453262
v -156.307816 12.028858 -151.146271
v -154.788071 11.949975 -163.755692
v -153.720993 11.949974 -174.717697
v -157.706802 11.949975 -168.512039
v -151.101990 11.949976 -158.083038
v -149.853104 11.949975 -161.430969
v -150.024292 11.649612 -156.222336
v -148.202393 11.949975 -158.354996
v -144.720779 11.949975 -169.614105
v -142.946518 11.949977 -172.356232
v -144.290054 11.949975 -164.207825
v -139.695099 11.925408 -165.782104
v -160.763626 17.449974 -166.476273
v -157.541473 17.449974 -165.885498
v -158.254776 17.449978 -149.924500
v -170.210709 17.449978 -159.244614
v -167.135727 17.449978 -157.770462
v -148.761169 17.449978 -157.661514
v -162.225174 17.449978 -164.173050
v -163.382599 17.447510 -155.073547
v -157.931396 17.449978 -153.516235
v -148.678833 7.722695 -134.781494
v -153.869675 7.784956 -148.254959
v -131.559799 7.958297 -121.126778
v -122.830315 7.725907 -112.907387
v -112.574951 7.724702 -123.167671
v -107.268959 7.732431 -98.688316
v -62.497124 7.081551 -49.112122
v -63.235615 8.039904 -78.897194
v -56.835262 7.725801 -67.721443
v -54.689468 7.803888 -42.474697
v -34.869835 7.511744 -51.009083
v -42.147190 7.823548 -54.995003
v -87.154617 10.024153 -78.152870
v -89.845406 9.961085 -82.414345
v -101.613129 10.231861 -93.113480
v -141.691544 9.879793 -142.026352
v -112.769432 10.101971 -123.673302
v -92.711082 10.360095 -101.792511
v -90.408272 10.080099 -98.189598
v -72.862862 10.069440 -82.524811
v -164.265305 9.230412 -139.841141
v -155.834885 11.393278 -150.084000
v -58.154751 3.790585 -43.638065
v -51.127460 11.660509 -70.753761
v -121.924736 10.335555 -142.591110
v -139.760651 7.919823 -161.823242
v -109.037300 8.016673 -124.975632
v -72.961464 9.568202 -89.708382
v -74.535271 7.756626 -87.156532
v -51.120678 11.699988 -70.754196
v -50.105244 7.942363 -67.113266
v -34.968494 -9.044060 -51.522335
v -50.207626 7.436330 -64.000778
v -32.791683 -11.923936 -52.558464
v -47.067898 8.515013 -66.133163
v -43.822044 4.306240 -58.822582
v -39.492214 6.210045 -60.829514
v -39.614738 2.019683 -58.092430
v -33.141148 18.799549 -55.368637
v -32.866650 17.208405 -55.505001
v -51.799904 18.418770 -68.006302
v -92.394989 18.006947 -106.501083
v -76.980667 17.993572 -91.035645
v -93.780609 18.006048 -107.895233
v -111.055557 18.369444 -129.616898
v -129.274689 18.968863 -148.570984
v -25.285196 17.095022 -47.761482
v -25.951399 -1.797148 -47.202888
v -34.114868 -4.241693 -54.959682
v -32.468746 -9.047607 -53.235641
v -31.765097 -14.692282 -52.147518
v -55.150066 18.035849 -33.393177
v -47.673641 17.205086 -25.674585
v -46.610760 -4.130210 -26.299906
v -54.759514 -4.039086 -34.646183
v -46.867722 -7.308910 -26.761534
v -66.286293 10.061177 -46.913563
v -52.494869 -11.002103 -32.776878
v -58.967155 4.527534 -38.021072
v -66.149040 7.912875 -49.363857
v -57.381519 2.175024 -41.444492
v -60.834766 5.140263 -43.432915
v -48.997700 16.738306 -30.957092
v -47.075619 16.777493 -31.328936
v -45.203819 17.205111 -36.737305
v -32.885559 17.205111 -24.553820
v -32.516396 17.204971 -15.989544
v -32.774876 16.846443 -20.237392
v -32.461021 17.152658 -21.873108
v -36.363888 17.205109 -45.531166
v -32.557884 17.025188 -47.708408
v -30.848808 16.692106 -19.701614
v -18.636929 17.202509 -25.097918
v -31.087456 16.671677 -47.380844
v -25.640507 17.184315 -44.445042
v -24.224680 17.205111 -33.244816
v -21.583441 17.036734 -32.069584
v -20.121708 16.682180 -30.719843
v -16.087687 17.205013 -33.747051
v -20.244320 16.873199 -33.213211
v -19.154314 16.857132 -31.986679
v -21.212751 16.469748 -33.000557
v -19.707207 15.873380 -33.099167
v -21.555065 16.347597 -31.723137
v -20.328112 16.069220 -30.737938
v -19.187613 16.195480 -32.242496
v -21.600904 15.633419 -31.739851
v -19.926968 15.511871 -30.853855
v -21.011637 15.400961 -33.016464
v -19.875391 14.865333 -30.811249
v -19.161648 15.289585 -32.072697
v -19.467306 15.000022 -32.916229
v -21.539539 14.780625 -31.656673
v -20.688417 14.307211 -30.716415
v -19.314199 14.429231 -32.693150
v -20.684282 14.424507 -33.200874
v -21.395565 13.971369 -32.544704
v -19.363232 13.876081 -31.345690
v -19.522936 13.806519 -32.753456
v -21.030777 13.318987 -33.109837
v -21.472277 13.724258 -31.408249
v -20.616461 13.334803 -30.837507
v -19.749483 13.022378 -30.801821
v -19.161079 12.941712 -32.253632
v -21.470251 12.831762 -31.485889
v -19.437643 12.370127 -31.314812
v -20.008417 12.567302 -33.186134
v -21.558008 12.445374 -32.367908
v -21.833467 10.263621 -32.019550
v -20.615602 12.167295 -30.811697
v -32.822334 16.518257 -21.229601
v -30.842497 16.789103 -21.711830
v -32.345543 15.948954 -21.816025
v -31.065363 15.985420 -19.719439
v -30.664627 16.107454 -21.383274
v -32.522079 16.073027 -19.739096
v -30.459885 15.429613 -21.061302
v -32.872169 15.338178 -20.311064
v -32.270245 14.884069 -19.587402
v -31.026855 15.200876 -19.686586
v -32.180313 15.094350 -21.811899
v -30.615570 14.666867 -21.238039
v -31.163708 14.289952 -21.740679
v -32.769505 14.238918 -21.337114
v -32.270035 14.297794 -19.523252
v -30.865660 14.229267 -19.754642
v -32.600727 13.549321 -21.378935
v -32.688702 13.408066 -20.059771
v -31.131914 13.340576 -19.582258
v -31.441750 13.601204 -21.911884
v -32.590282 12.721320 -21.519655
v -30.483490 13.380417 -20.831776
v -31.317915 12.457365 -19.553061
v -30.526852 12.270904 -20.466774
v -30.904413 12.594341 -21.649195
v -32.639084 10.122592 -21.788828
v -32.767216 12.333937 -20.127169
v -32.497437 10.613273 -19.596439
v -49.351101 16.723186 -32.497868
v -47.632248 16.768257 -33.011162
v -48.807964 16.222006 -32.927525
v -48.113266 15.905076 -30.673082
v -46.982071 15.958873 -31.863256
v -49.030022 15.565184 -32.941277
v -49.316837 15.772084 -31.470181
v -47.457970 15.888319 -32.940350
v -47.543304 15.154503 -30.981613
v -47.161942 15.168811 -32.379993
v -48.431484 15.025942 -33.136990
v -49.429600 15.072166 -31.836975
v -48.465157 14.287745 -33.069778
v -49.335491 14.330959 -32.356045
v -48.802612 14.710513 -30.843094
v -47.619640 14.316740 -30.810154
v -47.005035 14.344691 -32.295036
v -47.017441 13.378449 -31.747005
v -49.356873 13.795650 -31.396170
v -47.726734 13.228971 -30.766487
v -47.647621 13.403940 -33.007343
v -49.109169 13.303652 -32.763435
v -49.301426 13.167483 -31.415936
v -49.212955 12.434945 -32.685692
v -47.442799 12.359306 -30.935442
v -47.389729 12.426570 -32.778019
v -32.538174 16.795668 -49.338337
v -30.518803 16.685326 -49.137039
v -31.810289 16.239300 -49.728828
v -31.479616 15.826180 -47.283272
v -30.362959 15.893637 -48.903618
v -32.821152 16.159273 -48.166241
v -32.501659 15.407669 -49.344540
v -31.872229 14.906829 -47.324650
v -30.415976 15.274237 -48.271004
v -31.011789 15.206220 -49.669765
v -32.407600 14.697771 -49.447559
v -32.728333 15.226272 -47.860558
v -30.757782 14.639716 -47.671543
v -31.740749 14.093820 -47.394688
v -30.532629 14.211543 -49.098160
v -32.075008 14.082189 -49.666679
v -32.870106 14.158586 -48.253880
v -30.850702 13.913593 -47.490376
v -32.806721 13.362911 -47.977428
v -30.585022 13.217601 -47.785248
v -30.930305 13.599982 -49.640018
v -32.423264 13.069681 -49.486534
v -31.486637 12.338366 -49.808033
v -32.563473 12.730087 -47.952511
v -31.519663 12.468148 -47.265564
v -30.501244 12.340505 -47.992863
v -30.684692 12.810757 -49.304623
v -32.840137 12.288007 -49.002571
v -49.220722 12.406537 -31.203556
v -30.116716 10.845102 -20.572319
v -19.557062 10.885136 -30.763866
v -19.716070 10.445670 -33.281631
v -66.590431 18.459394 -50.811058
v -117.288437 18.138134 -103.117210
v -86.341881 18.034229 -72.758972
v -90.725098 17.995596 -77.340729
v -106.176292 17.997749 -92.748978
v -127.822174 18.337074 -112.624420
v -164.479126 15.768591 -139.128082
v -148.357803 18.961254 -129.698288
v -50.679737 7.513495 -35.195377
v -37.649742 -19.600008 -47.814388
v -144.535797 15.530814 -173.887772
v -50.939781 11.727413 -70.597229
v -79.697342 9.703588 -62.718735
v -107.937843 7.838651 -95.578537
v -104.887154 9.736640 -88.757591
v -146.100067 9.408880 -125.599571
v -160.850220 7.779317 -140.153687
v -147.429779 17.296091 -146.014450
v -137.613647 9.628476 -135.175247
v -139.676025 18.951763 -138.202347
v -143.471939 17.427025 -145.909073
v -134.845627 9.627618 -137.944580
v -50.753403 10.026726 -62.852398
v -134.455963 7.703418 -149.017075
v -131.298233 9.764348 -132.333862
v -131.982513 9.756957 -131.619522
v -120.822067 7.922820 -132.071350
v -118.034424 7.757038 -129.384750
v -128.608917 9.602492 -126.119591
v -129.046951 7.762547 -118.370735
v -113.030724 9.564324 -116.198097
v -109.598930 9.708426 -110.676834
v -110.161827 9.709501 -109.742058
v -119.067093 8.097218 -110.202080
v -104.003235 9.543217 -107.176010
v -106.926865 9.585711 -104.307716
v -92.669380 7.749254 -101.683861
v -93.113197 9.527103 -96.299408
v -89.643318 9.716619 -90.734100
v -101.342377 7.749643 -93.001183
v -95.899979 9.676057 -93.524040
v -90.320419 9.769878 -89.895576
v -97.945587 8.195848 -90.506393
v -125.792496 9.629399 -128.934601
v -115.871910 9.567204 -113.350883
v -128.061569 18.529116 -126.491196
v -115.262657 10.519804 -129.329651
v -150.238953 12.656959 -131.408218
v -131.865723 10.162493 -119.190666
v -131.468338 9.992302 -121.246826
v -149.473267 11.277256 -131.744003
v -131.075699 12.027919 -150.418793
v -131.546539 10.111375 -147.360229
v -131.892136 10.022386 -144.958588
v -116.207756 12.288616 -132.453323
v -106.083046 12.220266 -92.918953
v -107.561676 18.011162 -94.120079
v -94.302994 11.272859 -107.662033
v -98.029953 10.140666 -107.480652
v -109.513756 10.297357 -99.515266
v -101.468544 10.091234 -109.996017
v -85.717247 11.348855 -72.890480
v -82.127251 10.090631 -73.162300
v -73.965500 11.964337 -87.787315
v -100.571472 10.231005 -90.253624
v -50.438828 11.831311 -66.447495
v -81.747307 10.605570 -70.025230
v -47.826546 9.687421 -49.863617
v -42.116718 10.192350 -54.998581
v -39.709026 12.530603 -57.482803
v -47.588078 9.792581 -59.593288
v -55.167046 10.000649 -42.195702
v -92.564751 12.471287 -106.489410
v -112.479210 11.342346 -127.570770
v -113.618950 12.650656 -129.526718
v -129.131363 11.556758 -114.289619
v -134.408722 10.096958 -149.144058
v -148.807785 10.102712 -134.741562
v -48.390999 10.365255 -59.144981
v -48.005440 7.955291 -59.513229
v -59.192894 7.933148 -48.241772
v -62.599285 11.701806 -48.910637
v -49.566608 9.708931 -48.194489
v -50.564857 7.760801 -62.279430
v -51.009560 9.613564 -54.155323
v -64.123741 9.676769 -67.218864
v -61.946983 7.756371 -50.898220
v -53.898167 18.648159 -50.651337
v -53.827339 9.613239 -51.333054
v -67.378029 7.715575 -57.151016
v -67.174507 10.049385 -56.414894
v -67.011917 9.627600 -64.388016
v -70.138771 8.085645 -78.943062
v -69.722580 9.795844 -70.732224
v -60.653687 10.067210 -70.074142
v -60.614418 7.977780 -70.520187
v -69.792305 10.073986 -60.961712
v -69.994080 8.053923 -61.001949
v -78.345573 8.299519 -70.714668
v -78.553429 7.751997 -69.661346
v -70.377182 9.714525 -70.008385
v -72.676018 7.760154 -82.039864
v -73.111588 9.546361 -76.286270
v -75.952797 9.548195 -73.442329
v -81.705742 7.756294 -73.010666
v -87.382812 7.748400 -78.968430
v -86.978210 9.535359 -84.413651
v -78.631699 7.732680 -87.719055
v -84.074081 9.556952 -87.314796
v -82.088364 8.076908 -90.340584
v -90.101059 8.129093 -98.292641
v -89.921745 8.108749 -82.396347
v -97.970200 10.015604 -90.584991
v -98.371925 7.753455 -107.613945
v -101.468590 8.061244 -110.317314
v -110.142029 10.023809 -119.397423
v -110.029915 8.110856 -119.371216
v -109.730186 10.018162 -101.831276
v -109.905899 8.035640 -101.821198
v -117.845131 10.205958 -129.307404
v -144.655411 7.779975 -131.891251
v -144.647873 10.056010 -132.272949
v -120.829460 10.036182 -131.779251
v -131.774658 7.955367 -145.000229
v -154.038666 11.967744 -134.552399
v -151.618546 10.122862 -135.165909
v -134.260330 12.185264 -154.563110
v -134.424347 10.199814 -151.439743
v -132.316254 12.850254 -150.137878
v -132.292801 11.032341 -148.661530
v -116.578163 12.268020 -131.551529
v -118.518738 10.328586 -131.675018
v -149.716843 12.261570 -132.674362
v -146.996704 10.119410 -132.235733
v -131.337906 18.441849 -116.517136
v -132.116898 12.132407 -116.590912
v -131.076218 11.304673 -117.809563
v -128.909195 10.109985 -118.009933
v -123.380867 10.099902 -113.092552
v -127.293900 11.376779 -112.837578
v -109.431190 18.256275 -124.844223
v -109.425415 12.393707 -124.658401
v -109.542084 10.395384 -122.432976
v -110.593292 11.545891 -123.626442
v -96.827988 12.291826 -110.934807
v -96.984459 12.509763 -109.759064
v -96.473541 17.998806 -110.627098
v -98.845291 10.891009 -109.676750
v -99.019257 10.269144 -110.508026
v -123.980171 18.247978 -111.046654
v -124.117760 12.607238 -110.701859
v -124.270203 12.366269 -109.664703
v -122.229393 10.528435 -109.812386
v -122.008095 10.833079 -110.847427
v -119.100906 9.955472 -110.461731
v -109.295891 12.966700 -97.536285
v -109.230789 17.975349 -97.241821
v -110.370148 12.378642 -96.976540
v -110.070091 11.100366 -97.922195
v -103.870277 10.410490 -93.071724
v -107.040092 9.977181 -97.912231
v -107.404709 12.021707 -94.302139
v -92.753571 10.399928 -104.351006
v -102.644760 12.592341 -90.882767
v -102.856323 12.330739 -89.716385
v -100.991653 11.038900 -90.946701
v -89.212662 18.001009 -77.853203
v -89.839317 17.993093 -77.223167
v -90.521675 12.276050 -77.380081
v -89.475372 11.978192 -78.011833
v -89.756287 10.257356 -79.901665
v -89.582397 12.262518 -103.286713
v -89.849068 10.321572 -100.978859
v -90.622368 12.169506 -102.664970
v -77.506180 12.860144 -89.731392
v -76.995895 12.552326 -90.796761
v -80.210487 10.179535 -90.001152
v -77.966026 11.084833 -90.572968
v -82.006142 10.072388 -90.123024
v -77.544106 10.079620 -87.577805
v -72.562195 11.694263 -86.342545
v -87.500290 11.898633 -74.422913
v -85.952042 18.030876 -72.695091
v -83.083092 18.054613 -71.141541
v -83.434189 12.525509 -69.834976
v -82.940552 12.328530 -70.938232
v -78.711975 10.020695 -70.725876
v -69.442886 12.524742 -56.127071
v -70.566422 12.558606 -55.648277
v -70.169815 10.371377 -57.720673
v -69.526138 10.639728 -58.154408
v -70.635155 12.621099 -83.210167
v -69.547951 12.281442 -83.737137
v -70.342323 10.471101 -81.673927
v -70.308815 9.973915 -78.955727
v -55.347347 12.812811 -70.999146
v -55.728455 12.442846 -69.812004
v -58.246098 10.295316 -69.985840
v -56.338886 11.128181 -70.846176
v -67.484467 11.833863 -52.353653
v -65.968216 11.511987 -50.806686
v -62.346809 10.102308 -51.046837
v -52.283447 11.436229 -67.789742
v -56.200130 10.119556 -67.546509
v -47.532284 12.916628 -64.215950
v -47.560944 11.097338 -63.183273
v -48.576111 11.398766 -62.947052
v -40.766792 10.556928 -56.530212
v -63.842175 12.720948 -47.970348
v -62.406216 10.718045 -47.890598
v -59.128582 9.999274 -48.510311
v -57.397800 11.958325 -40.342003
v -56.289139 11.575136 -40.594604
v -149.622589 17.421915 -141.217575
v -168.372528 17.518936 -143.844620
v -143.520554 17.227507 -151.809006
v -174.719681 17.213160 -152.265808
v -177.634705 16.886089 -151.521408
v -154.569885 17.343803 -154.841232
v -161.058411 17.449978 -151.685867
v -134.234299 17.595177 -154.906799
v -137.264679 17.417641 -158.681015
v -154.825668 17.449978 -162.488647
v -144.884521 17.328981 -163.568985
v -151.630157 17.449978 -159.400345
v -167.817825 17.449978 -161.210587
v -163.622971 17.275076 -163.946182
v -148.927902 17.449978 -161.122681
v -174.996902 17.670277 -167.375290
v -158.985199 17.449974 -169.129181
v -168.247726 17.426476 -174.916977
v -162.804504 17.460354 -178.142853
v -163.325058 17.271786 -173.569244
v -163.744537 13.049975 -164.114761
v -143.714523 13.049978 -154.050507
v -138.529877 17.425529 -158.472305
v -158.508240 17.406145 -137.934128
v -157.902191 17.445143 -138.939575
v -178.784561 15.669435 -165.687225
v -63.945625 18.533274 -47.797729
v -63.489174 18.493088 -48.978458
v -47.146587 18.794083 -49.860531
v -49.466915 18.777037 -47.736069
v -48.686516 18.746706 -50.760006
v -69.237137 18.319977 -55.992836
v -51.441364 18.633144 -53.738796
v -39.957943 18.775883 -58.088535
v -67.165001 18.255451 -64.666283
v -64.514862 18.236956 -66.889023
v -47.584545 18.495392 -64.322083
v -63.672508 18.262951 -68.001953
v -48.710331 18.518660 -63.681431
v -50.271824 18.448755 -66.663780
v -76.238983 18.107046 -72.740883
v -55.854256 18.338789 -69.516312
v -72.401161 18.098024 -76.580894
v -86.502983 17.955221 -84.842361
v -84.458328 17.968870 -86.750504
v -87.670891 17.987522 -84.000816
v -102.758347 17.941158 -91.053024
v -72.402863 18.032139 -86.633514
v -89.201759 17.974960 -87.655090
v -96.246223 17.966803 -92.752220
v -73.834900 18.019173 -87.990372
v -95.593880 17.973280 -94.017654
v -124.494896 18.234901 -109.751266
v -109.104324 18.093807 -107.554527
v -107.229294 18.094397 -109.447464
v -104.426376 18.029989 -106.791969
v -103.568634 18.063334 -107.914742
v -132.189896 18.436533 -116.402855
v -97.097458 18.019203 -109.473862
v -115.609459 18.208172 -114.084267
v -130.860962 18.437597 -117.137993
v -110.761574 18.153984 -112.971207
v -141.214828 18.717392 -123.919655
v -129.351883 18.546555 -125.862541
v -130.865814 18.626513 -129.316681
v -125.794472 18.515846 -129.573990
v -112.270576 18.331390 -128.079086
v -137.711578 18.838598 -134.474701
v -137.303802 18.867001 -135.751923
v -135.101471 18.841164 -137.537048
v -132.462921 18.395020 -150.331177
v -150.544342 18.449999 -131.722565
v -149.988754 18.384146 -132.789154
v -137.851578 18.963402 -139.984802
v -134.036636 18.957321 -143.855469
v -153.746368 17.120653 -178.865036
v -170.402756 15.666464 -176.913528
v -167.470886 9.641918 -173.272232
v -155.439667 10.086932 -138.373001
v -150.703796 10.234237 -140.343475
v -157.010315 11.427671 -139.042404
v -158.319061 12.139540 -137.977066
v -145.683731 10.228536 -143.672165
v -143.334396 10.207691 -145.976700
v -140.036346 10.314770 -151.235046
v -137.260544 12.404594 -158.527145
v -137.971420 10.148348 -156.143219
v -138.682327 10.793602 -156.686737
v -138.474274 12.318221 -158.320847
v -39.750065 18.803913 -57.206390
v -50.633579 18.748461 -49.076916
v -57.314682 18.759605 -40.004822
v -66.118141 18.458412 -50.584881
v -53.552471 18.640657 -52.059101
v -67.659462 18.419220 -52.100025
v -66.101562 18.273518 -64.608757
v -67.678360 18.270700 -63.894848
v -50.257805 18.646873 -54.484566
v -55.097851 18.302675 -70.665077
v -61.736496 18.191147 -76.834076
v -70.772308 18.038361 -83.459396
v -69.577614 18.062963 -83.925827
v -70.844658 18.141735 -73.058533
v -67.297531 18.209450 -69.518600
v -69.183319 18.209393 -67.636658
v -72.746841 18.140499 -71.188431
v -70.573776 18.318319 -55.507385
v -83.607185 18.052347 -69.919785
v -87.655006 18.024597 -74.158020
v -75.569969 18.081985 -73.979065
v -73.604240 18.096102 -75.898788
v -83.771843 17.990574 -87.991516
v -92.731010 17.971525 -91.182304
v -103.099609 17.979544 -89.803879
v -77.128265 17.955912 -89.715378
v -89.477074 17.968210 -103.437599
v -90.727448 17.959423 -103.093971
v -87.323273 17.975880 -89.541374
v -90.847343 17.971670 -93.057297
v -92.408493 17.977976 -96.622528
v -93.594765 17.965967 -95.907387
v -106.160316 18.054209 -104.633163
v -107.524742 18.057127 -104.178284
v -112.638847 18.154261 -111.095238
v -110.458092 18.040146 -96.851479
v -104.069450 18.147436 -119.007828
v -110.698524 18.240808 -124.368622
v -129.333557 18.357855 -113.958466
v -115.881485 18.184288 -112.736633
v -113.609970 18.200933 -115.858612
v -112.363907 18.200722 -116.353661
v -126.023186 18.534672 -128.193466
v -113.635216 18.351141 -129.672241
v -144.706360 18.963892 -132.922455
v -134.426331 18.757168 -132.891479
v -131.353790 18.433437 -150.840652
v -121.659927 18.640724 -139.221771
v -115.974586 18.419933 -132.245544
v -116.743530 18.431435 -131.209854
v -132.586884 18.955217 -145.256256
v -132.547928 18.757664 -134.741455
v -128.978134 18.626987 -131.200958
v -143.549530 18.955732 -134.371292
v -154.563583 17.573725 -134.579315
v -145.708221 17.428867 -143.796036
v -134.065247 18.860006 -138.301987
v -139.840408 17.423845 -151.865875
v -139.571716 10.385806 -165.437378
v -139.534882 8.988017 -164.193573
v -165.489685 11.783400 -139.985794
v -163.486084 17.258345 -144.897125
v -172.657715 17.296835 -155.323715
v -144.846115 17.280817 -155.098312
v -154.326065 13.049978 -154.660873
v -150.277710 13.049980 -143.948898
v -154.694672 13.049978 -145.538406
v -154.660416 17.269306 -145.009842
v -152.039429 17.272810 -143.674438
v -154.471603 17.277033 -163.958908
v -150.773743 17.183191 -175.021332
v -154.799301 17.271479 -173.449753
v -143.429840 17.180601 -165.910385
v -174.509460 13.049975 -164.839691
v -173.327728 17.271740 -163.706268
v -167.144485 13.049973 -174.887070
v -163.352036 13.049973 -173.113678
v -58.718830 3.941941 -43.798748
v -31.773752 -19.600008 -41.915222
v -37.702003 -3.154111 -47.720673
v -36.653038 -1.188326 -45.321697
v -47.295227 -2.528091 -38.119591
v -45.294025 0.530717 -40.104771
v -47.479588 -19.600010 -37.984543
v -41.580421 -19.600004 -32.108551
v -46.480824 -19.599672 -27.182434
v -32.465683 -9.560231 -53.138916
v -33.064739 -19.071032 -52.123192
v -31.879305 -18.999842 -51.971836
v -31.968023 -19.000000 -51.999840
v -51.915699 -19.534512 -32.945862
v -53.222511 -3.313612 -37.691475
v -55.341221 0.473628 -40.288445
v -51.114368 -9.200056 -35.289852
v -38.383827 -1.502999 -54.416504
v -38.613735 -0.640730 -46.763466
v -40.570408 0.768313 -44.849457
v -44.146103 0.452861 -38.862358
v -31.646894 -5.332322 -41.755196
v -38.815445 0.598141 -44.175659
v -44.878563 -1.821954 -36.334755
v -30.998690 -19.260948 -46.529881
v -26.815796 -19.075888 -46.969635
v -32.313263 -19.053556 -48.287235
v -33.122257 -19.285219 -46.091423
v -31.007633 -18.511311 -47.335781
v -31.590338 -18.866808 -45.857170
v -33.350208 -19.113649 -47.201271
v -31.983742 -18.458105 -48.234982
v -33.020668 -18.275272 -46.147236
v -30.964422 -17.774370 -47.399033
v -31.799662 -18.285839 -45.782352
v -33.272903 -18.170782 -47.409901
v -32.651432 -17.831045 -48.109077
v -32.108887 -17.205572 -48.264210
v -31.531898 -17.512197 -45.960827
v -32.996109 -17.350079 -46.151112
v -31.051205 -16.953062 -47.394585
v -31.867895 -16.633194 -45.769352
v -33.322716 -17.067856 -47.404068
v -33.339634 -16.618971 -46.469246
v -32.593082 -16.617052 -48.181828
v -31.725796 -16.212442 -48.144089
v -31.049784 -15.937792 -47.370544
v -32.956600 -15.899301 -46.170506
v -33.281689 -15.874597 -47.553242
v -31.450964 -15.800570 -46.058369
v -32.350086 -15.229840 -45.727757
v -33.419590 -14.849468 -47.110001
v -32.704468 -15.365296 -48.149887
v -31.854589 -14.889031 -48.179287
v -30.871147 -14.966097 -46.967422
v -47.788403 -19.101042 -32.979458
v -45.436905 -19.403406 -33.473835
v -46.204521 -19.184389 -31.378319
v -47.647720 -19.276243 -31.707680
v -46.957638 -18.758755 -33.601032
v -45.441509 -18.790018 -32.719543
v -46.134998 -18.178652 -33.705116
v -46.594448 -18.448452 -31.222244
v -47.871487 -18.186268 -32.248962
v -45.465298 -17.871124 -32.459526
v -46.917877 -17.773613 -33.712936
v -47.351784 -17.468262 -31.442055
v -47.931847 -17.548252 -32.568752
v -45.901268 -16.961361 -33.443161
v -45.866653 -17.327227 -31.567579
v -46.822990 -16.541250 -31.264088
v -47.697140 -16.784981 -31.883383
v -47.515072 -17.003990 -33.304562
v -46.956539 -16.173592 -33.727703
v -45.538727 -16.375601 -32.020592
v -47.122982 -15.908053 -31.436785
v -47.888832 -16.075544 -32.788975
v -45.839695 -15.854574 -33.592186
v -46.063774 -15.166824 -31.420658
v -47.949490 -15.576349 -32.184750
v -45.392178 -15.552541 -32.262039
v -47.523376 -14.932153 -31.587044
v -47.341133 -15.286375 -33.503250
v -46.649605 -14.895935 -33.774860
v -45.469894 -14.774848 -32.930889
v -47.898731 -14.721196 -32.509033
v -28.730370 11.291688 -17.041191
v -36.959759 9.678480 -19.821796
v -31.949919 9.859699 -24.837450
v -24.625959 8.953237 -34.561798
v -36.025951 7.284938 -26.595383
v -23.204737 6.434726 -40.654690
v -28.168648 4.780875 -38.321926
v -38.559475 3.714205 -29.103312
v -30.598759 -0.798885 -40.851200
v -40.502575 -0.906253 -30.986017
v -26.378695 -0.168290 -44.518734
v -42.844425 2.415586 -26.158398
v -41.422375 -5.123808 -31.915926
v -26.441685 -7.277297 -47.211395
v -24.455816 9.851454 -32.415730
v -34.204567 9.087032 -25.025263
v -47.145847 8.598789 -25.869621
v -47.461365 16.965200 -25.580708
v -44.639973 -0.632804 -26.732466
v -44.596947 17.199812 -26.166910
v -25.558105 8.970570 -47.454632
v -40.391834 6.424924 -23.552488
v -33.104301 11.058092 -16.838476
v -17.409273 11.293937 -28.099371
v -16.286297 11.263060 -31.181391
v -17.238922 10.766115 -34.930927
v -25.387011 3.310677 -42.618542
v -20.103907 9.327127 -37.777493
v -26.015562 -4.250242 -46.855206
v -31.822485 -14.664052 -45.932304
v -148.283173 7.601701 -154.176498
v -146.946777 -0.137145 -152.377960
v -158.994537 -4.924907 -164.264679
v -156.366348 -35.915752 -152.913910
v -148.458954 3.683174 -143.555405
v -141.201859 7.011636 -146.913559
v -147.169601 -8.817039 -152.282181
v -146.105530 -35.891594 -150.227448
v -153.335083 -13.881506 -158.252258
v -159.912933 -15.677935 -155.687653
v -154.768677 -14.671187 -159.672028
v -160.001923 -17.490969 -155.879364
v -155.505707 -31.173225 -151.879440
v -151.494858 -30.398161 -147.847717
v -147.532883 -30.511452 -151.853836
v -152.222519 -31.309092 -148.598572
v -151.765915 -18.685232 -147.658157
v -147.279617 -19.079409 -152.033737
v -153.583252 6.658781 -148.635803
v -148.552673 8.339852 -154.744736
v -151.545090 -31.171635 -155.840118
v -148.349258 -31.329779 -152.637695
v -155.612015 -16.844379 -160.434296
v -148.300339 -16.758301 -153.110764
v -153.048904 -16.522305 -148.882706
v -158.248199 -13.839764 -154.006042
v -163.933365 -4.920381 -159.332565
v -169.148758 11.500433 -163.931641
v -163.593918 11.537119 -169.480286
v -148.944580 -10.653133 -153.993515
v -146.548935 7.051065 -141.491409
v -148.145157 -33.776661 -144.557465
v -168.847778 11.476194 -174.734253
v -154.694504 -34.419922 -158.878265
v -152.378784 -35.948940 -156.495697
v -144.261612 -33.939617 -148.479568
v -143.208435 3.775713 -148.806488
vn -0.5833 -0.7406 0.3335
vn -0.3914 0.4210 0.8183
vn -0.8493 -0.5256 0.0491
vn -0.2506 -0.7329 0.6325
vn -0.7141 0.5550 0.4267
vn -0.9585 0.2112 0.1915
vn 0.0496 -0.3296 0.9428
vn -0.0943 0.0823 0.9921
vn -0.2045 -0.3146 0.9269
vn -0.2718 0.4047 0.8731
vn -0.5196 -0.5699 0.6366
vn -0.9630 -0.2262 0.1463
vn -0.9068 -0.3929 0.1532
vn -0.5693 0.5842 0.5784
vn -0.7965 -0.5366 0.2786
vn -0.0713 -0.8261 0.5590
vn -0.8722 0.4279 0.2371
vn -0.5353 -0.8336 -0.1363
vn -0.9893 0.1127 0.0924
vn -0.1432 -0.2533 0.9567
vn -0.9917 -0.1151 0.0568
vn -0.9210 -0.3516 0.1675
vn -0.7375 -0.6611 0.1381
vn 0.2247 -0.8308 0.5091
vn -0.8016 -0.5876 -0.1105
vn -0.0000 -1.0000 -0.0000
vn 0.0016 -1.0000 -0.0058
vn 0.0044 -0.9994 -0.0355
vn 0.0007 -0.9989 0.0473
vn 0.0123 -0.9942 0.1066
vn -0.5484 -0.5840 -0.5986
vn 0.0047 -0.4914 -0.8709
vn -0.0907 -0.9462 -0.3106
vn -0.6743 -0.5248 0.5195
vn -0.0781 -0.9951 -0.0602
vn 0.0215 -0.9991 0.0359
vn 0.5663 -0.8225 -0.0540
vn 0.3450 -0.9380 0.0329
vn 0.0098 -0.8508 -0.5254
vn -0.1470 -0.6914 -0.7074
vn 0.1164 -0.5391 -0.8342
vn -0.3075 -0.8915 -0.3328
vn -0.4790 -0.8427 -0.2459
vn -0.4402 -0.7485 -0.4959
vn -0.6295 -0.5865 0.5096
vn -0.1345 -0.8996 0.4156
vn -0.0258 -0.9974 -0.0670
vn -0.3718 -0.8359 -0.4038
vn -0.2440 -0.9225 -0.2992
vn 0.6237 -0.6106 -0.4880
vn -0.0049 -1.0000 -0.0026
vn 0.4478 -0.5802 -0.6803
vn -0.7239 0.1607 -0.6709
vn -0.7621 0.6094 0.2187
vn -0.8430 -0.0067 0.5378
vn -0.0619 -0.1355 0.9888
vn 0.8922 -0.0074 -0.4516
vn -0.7412 -0.0833 -0.6661
vn 0.6291 0.2980 0.7180
vn 0.9923 -0.1217 -0.0221
vn -0.3549 -0.2781 -0.8926
vn 0.9911 0.0624 0.1178
vn 0.9909 -0.0749 -0.1117
vn -0.3835 0.1053 -0.9175
vn -0.6250 -0.0868 -0.7758
vn 0.0555 0.1898 0.9803
vn 0.9905 -0.1378 0.0001
vn 0.7706 0.1492 -0.6196
vn -0.5145 -0.1639 -0.8417
vn -0.8763 0.1241 -0.4656
vn 0.5570 -0.1375 0.8191
vn 0.0648 0.9979 -0.0011
vn 0.9749 0.0252 0.2214
vn 0.0409 0.8284 -0.5587
vn 0.0408 -0.9481 -0.3154
vn -0.2310 -0.7335 -0.6392
vn -0.5507 -0.5842 -0.5962
vn 0.0793 -0.7568 -0.6488
vn 0.0966 -0.4147 -0.9048
vn 0.2939 -0.9420 -0.1619
vn -0.2904 -0.9563 0.0340
vn 0.2430 -0.9680 -0.0623
vn 0.1837 -0.9782 -0.0967
vn -0.0142 -0.9733 0.2292
vn 0.6518 -0.6228 -0.4328
vn 0.1245 -0.8946 -0.4292
vn -0.1601 0.7953 -0.5847
vn 0.2695 -0.9334 -0.2369
vn 0.3934 -0.8977 -0.1984
vn -0.2768 -0.9607 -0.0204
vn -0.2049 -0.8610 0.4655
vn -0.5154 -0.8330 0.2011
vn 0.0849 -0.9372 -0.3383
vn -0.0618 -0.9543 0.2923
vn -0.1929 -0.9591 0.2072
vn 0.4907 -0.8408 -0.2286
vn 0.1756 -0.9657 -0.1913
vn -0.3193 -0.9449 0.0720
vn 0.1658 -0.9164 -0.3643
vn 0.3385 -0.9340 -0.1144
vn 0.1758 -0.8939 -0.4125
vn 0.5408 -0.8253 0.1626
vn -0.5342 -0.8068 0.2524
vn 0.0417 -0.9978 -0.0508
vn 0.0635 -0.9969 -0.0472
vn -0.1709 -0.8725 0.4577
vn -0.3368 -0.9345 0.1149
vn 0.3523 -0.9258 -0.1370
vn 0.0795 -0.9528 -0.2929
vn -0.2042 -0.8392 0.5041
vn 0.1557 -0.9871 -0.0367
vn -0.0076 -0.9525 0.3045
vn -0.2251 -0.9743 -0.0031
vn 0.4803 -0.8578 -0.1829
vn 0.0745 -0.9629 -0.2595
vn 0.2843 -0.9294 -0.2354
vn 0.2040 -0.9478 -0.2450
vn -0.2651 -0.9628 0.0517
vn 0.2506 -0.9475 -0.1985
vn 0.1359 -0.9838 -0.1169
vn 0.0052 -0.9952 -0.0972
vn -0.2085 -0.9773 0.0383
vn -0.1126 -0.9800 0.1639
vn 0.1364 -0.9524 -0.2727
vn 0.0310 -0.5748 -0.8177
vn -0.1342 -0.9744 0.1805
vn -0.8181 -0.5742 0.0305
vn -0.0672 -0.9967 0.0448
vn 0.9563 0.1754 -0.2338
vn 0.2941 0.1661 -0.9412
vn 0.4014 0.0548 -0.9143
vn -0.2026 0.3911 -0.8978
vn -0.0676 0.0931 -0.9934
vn 0.9497 0.0812 0.3026
vn 0.3520 0.5249 0.7749
vn 0.3484 0.5223 0.7783
vn -0.7483 0.6223 -0.2300
vn 0.2275 0.1795 -0.9571
vn 0.3632 0.0036 -0.9317
vn 0.9483 0.0079 -0.3174
vn 0.9448 0.2037 -0.2567
vn 0.2345 0.6007 0.7643
vn -0.7436 0.6116 -0.2700
vn 0.1656 0.1616 -0.9729
vn 0.9356 0.2142 -0.2807
vn -0.7539 0.5949 -0.2788
vn 0.2718 0.6374 0.7210
vn 0.2144 0.1605 -0.9635
vn 0.9404 0.1644 -0.2976
vn -0.7861 0.5541 -0.2740
vn 0.2016 0.6094 0.7668
vn 0.3263 0.4378 -0.8377
vn 0.4763 -0.6198 0.6237
vn -0.2146 -0.2727 0.9379
vn -0.7858 0.5549 0.2732
vn -0.9662 0.1596 0.2025
vn -0.2391 0.1582 0.9580
vn -0.2234 0.5919 -0.7744
vn 0.7403 0.6210 0.2574
vn -0.9751 0.1588 0.1546
vn -0.2188 0.1774 0.9595
vn 0.7781 0.5833 0.2332
vn -0.2104 0.6160 -0.7592
vn -0.2823 0.5796 -0.7645
vn 0.7560 0.6236 0.1989
vn -0.9544 0.1773 0.2402
vn -0.9336 -0.0006 0.3583
vn -0.2727 0.2457 0.9302
vn -0.2260 0.6241 -0.7480
vn 0.7364 0.6002 0.3121
vn -0.8574 0.3480 -0.3792
vn 0.0491 0.6653 0.7450
vn 0.3288 0.2463 0.9117
vn -0.9993 -0.0132 0.0350
vn -0.7593 -0.6442 0.0924
vn -0.7794 -0.1695 -0.6032
vn -0.8519 -0.4954 0.1701
vn -0.7161 -0.6220 0.3167
vn 0.6501 -0.2650 -0.7122
vn 0.0917 -0.4531 -0.8867
vn -0.6306 -0.1613 -0.7591
vn 0.2910 -0.5047 -0.8128
vn 0.7389 -0.3187 -0.5937
vn 0.4018 -0.8130 -0.4215
vn 0.6479 -0.1806 -0.7400
vn 0.6573 -0.1212 -0.7438
vn 0.3104 -0.6968 -0.6466
vn 0.1921 -0.3327 -0.9233
vn -0.3771 -0.1874 -0.9070
vn 0.5285 -0.1576 -0.8341
vn 0.5429 -0.2467 -0.8028
vn -0.2005 -0.6776 -0.7075
vn 0.9931 0.1046 0.0527
vn 0.7597 0.3745 -0.5316
vn 0.6482 0.1406 -0.7484
vn -0.0438 0.9984 0.0346
vn 0.1288 0.9831 -0.1299
vn -0.2033 0.9576 0.2042
vn -0.6010 0.7431 0.2942
vn -0.1858 0.9648 0.1860
vn -0.8603 0.3494 0.3712
vn -0.0868 0.9925 0.0857
vn -0.2691 0.7831 0.5606
vn -0.0153 0.9995 0.0289
vn 0.7005 -0.0607 -0.7110
vn 0.9024 -0.0460 -0.4285
vn 0.9952 -0.0949 -0.0225
vn 0.6636 -0.0937 -0.7422
vn 0.4783 -0.0583 -0.8762
vn 0.8311 -0.5560 -0.0114
vn -0.5892 0.4362 0.6801
vn -0.9165 -0.3597 0.1753
vn -0.8309 -0.2979 0.4699
vn -0.0307 -0.1660 0.9856
vn -0.3476 0.6728 0.6531
vn -0.9805 -0.1296 0.1476
vn -0.0373 -0.0795 0.9961
vn 0.0008 -0.6191 0.7853
vn -0.7668 -0.6416 0.0200
vn -0.7670 -0.2785 0.5781
vn -0.6265 -0.7422 -0.2379
vn -0.5764 -0.8171 0.0084
vn -0.6722 -0.5749 0.4664
vn 0.4124 0.7798 -0.4709
vn 0.5095 0.8121 0.2846
vn -0.4794 0.8463 -0.2322
vn -0.0863 0.1462 0.9855
vn -0.1646 0.8140 0.5570
vn -0.1897 0.9193 0.3448
vn 0.0519 0.9959 0.0740
vn 0.0274 0.9992 0.0280
vn 0.0331 0.9961 -0.0823
vn 0.9639 -0.2062 -0.1684
vn 0.2247 0.9732 0.0498
vn 0.0239 0.9996 -0.0133
vn 0.3441 0.9100 -0.2313
vn 0.3840 0.8804 0.2781
vn -0.2911 0.8777 -0.3806
vn -0.1717 0.9055 -0.3882
vn -0.4216 0.8718 0.2496
vn -0.0743 0.9338 0.3500
vn -0.0154 0.9995 -0.0263
vn -0.0190 0.9993 -0.0333
vn -0.0832 0.9965 0.0053
vn 0.0253 0.9996 0.0100
vn -0.1025 0.8791 -0.4655
vn 0.4661 0.8651 0.1856
vn -0.0340 0.7161 0.6971
vn -0.0594 0.9976 0.0359
vn -0.5202 0.8537 -0.0228
vn 0.9498 -0.0703 -0.3049
vn -0.3565 -0.1401 0.9237
vn 0.9486 -0.0391 0.3141
vn -0.3644 0.0156 0.9311
vn 0.9912 0.0887 0.0987
vn -0.9837 0.1797 0.0064
vn -0.6303 0.0160 0.7762
vn 0.5967 0.1480 0.7887
vn 0.7305 -0.0375 0.6819
vn 0.8823 -0.0593 -0.4669
vn 0.9008 0.0080 -0.4341
vn -0.0129 0.3197 -0.9474
vn -0.8278 0.2453 -0.5045
vn -0.1632 0.4747 0.8649
vn 0.8296 0.5305 0.1745
vn 0.6228 0.5716 -0.5342
vn -0.5239 0.6144 0.5900
vn 0.5996 0.5745 0.5571
vn -0.4782 0.6414 -0.5999
vn -0.3111 -0.0215 -0.9501
vn -0.3876 0.2687 -0.8818
vn -0.8009 -0.5564 -0.2211
vn 0.2571 -0.3037 -0.9174
vn -0.5687 0.1128 -0.8148
vn -0.8717 0.0185 -0.4897
vn 0.7926 -0.0602 0.6068
vn 0.3635 -0.5743 0.7335
vn 0.6443 -0.6752 0.3591
vn 0.1974 0.4731 -0.8586
vn -0.2678 0.9427 0.1988
vn 0.2559 0.8653 -0.4310
vn -0.0582 0.9969 0.0533
vn 0.4126 0.6338 -0.6543
vn 0.1826 0.9662 -0.1820
vn 0.1824 0.9661 -0.1826
vn 0.3580 0.7086 -0.6080
vn 0.3137 0.7333 -0.6032
vn 0.1874 0.9642 -0.1877
vn -0.3583 0.8365 0.4145
vn -0.4677 0.6747 0.5710
vn -0.4129 0.7001 0.5826
vn -0.4771 0.6446 0.5974
vn -0.3981 -0.5607 -0.7260
vn -0.0943 -0.2079 -0.9736
vn -0.6067 -0.6402 -0.4712
vn -0.8665 -0.4518 -0.2121
vn -0.9897 -0.1381 -0.0372
vn -0.0059 -0.6167 -0.7872
vn -0.7794 -0.6263 -0.0163
vn -0.2586 -0.5313 -0.8068
vn 0.6166 -0.0981 -0.7811
vn 0.7420 0.0724 -0.6665
vn 0.6819 0.4902 -0.5428
vn 0.6569 -0.0080 -0.7539
vn 0.6549 -0.0284 -0.7551
vn 0.6504 -0.0019 -0.7596
vn -0.6889 -0.3920 0.6098
vn -0.6538 -0.3922 0.6471
vn -0.5523 -0.5281 0.6450
vn 0.1882 0.9639 0.1883
vn -0.3224 0.6504 0.6878
vn 0.0954 0.5863 0.8045
vn -0.1999 -0.9387 -0.2810
vn -0.5482 0.7166 0.4313
vn -0.4528 0.7898 -0.4138
vn -0.4913 0.8582 0.1485
vn 0.4178 0.7210 -0.5528
vn 0.5211 0.8384 -0.1597
vn 0.7965 0.5984 0.0864
vn 0.0433 0.8914 -0.4512
vn -0.2793 -0.9392 -0.1995
vn -0.9290 0.1837 0.3211
vn -0.3243 0.0671 0.9436
vn -0.9165 0.0720 0.3936
vn -0.2634 0.1574 0.9518
vn -0.1248 -0.9815 0.1449
vn -0.0321 -0.9989 0.0348
vn -0.2156 -0.9633 0.1598
vn 0.1552 -0.9681 -0.1969
vn 0.0243 -0.9994 -0.0264
vn 0.1583 -0.9635 -0.2158
vn -0.1748 -0.9771 0.1211
vn -0.2074 -0.9314 0.2990
vn -0.1975 -0.9387 0.2827
vn 0.1382 -0.9850 -0.1036
vn 0.2919 -0.9341 -0.2053
vn 0.1010 -0.9908 -0.0898
vn 0.1127 -0.9786 -0.1723
vn -0.1401 -0.9834 0.1150
vn -0.0272 -0.9992 0.0280
vn 0.1587 -0.9641 -0.2129
vn 0.1309 -0.9797 -0.1519
vn -0.1336 -0.9806 0.1432
vn -0.1477 -0.9706 0.1902
vn 0.0333 -0.9990 -0.0293
vn 0.3176 -0.9418 0.1102
vn -0.2409 -0.9273 0.2863
vn -0.2915 -0.9324 0.2135
vn -0.0624 -0.9968 0.0491
vn -0.1181 -0.9881 0.0983
vn 0.0219 -0.9989 -0.0413
vn 0.1049 -0.9876 -0.1167
vn -0.0010 -0.9999 -0.0105
vn 0.0076 -1.0000 -0.0020
vn 0.0718 -0.9946 -0.0743
vn -0.0494 -0.9978 0.0444
vn -0.8547 0.0559 -0.5162
vn -0.2687 0.8535 -0.4465
vn -0.4722 0.8772 0.0868
vn 0.3980 0.8715 0.2865
vn -0.1212 0.8602 0.4953
vn -0.2893 0.8888 -0.3555
vn -0.5031 0.8454 0.1795
vn -0.8503 0.1337 -0.5090
vn 0.4499 0.8493 0.2761
vn 0.4626 0.1649 0.8711
vn -0.0720 0.8700 0.4877
vn -0.7171 0.0969 0.6902
vn -0.5540 0.8095 0.1946
vn -0.1933 0.8101 0.5535
vn -0.7088 0.1087 0.6969
vn -0.5455 0.8102 0.2143
vn -0.1764 0.8071 0.5634
vn -0.7213 0.1100 0.6838
vn -0.5514 0.8096 0.2015
vn -0.1851 0.8093 0.5575
vn 0.1918 0.8100 -0.5542
vn 0.6952 0.1079 -0.7107
vn 0.5561 0.8072 -0.1979
vn 0.4497 0.8928 -0.0254
vn 0.0648 0.8847 -0.4617
vn 0.8477 0.1306 0.5142
vn -0.5095 0.1375 -0.8494
vn 0.2046 0.8097 -0.5501
vn 0.7072 0.1077 -0.6988
vn 0.5598 0.8076 -0.1856
vn 0.5076 0.8428 -0.1788
vn 0.1207 0.8659 -0.4854
vn 0.8699 0.1590 0.4669
vn -0.5069 0.1348 -0.8514
vn 0.2159 0.8105 -0.5445
vn 0.6966 0.1085 -0.7092
vn 0.5622 0.8078 -0.1772
vn 0.3172 0.4888 -0.8127
vn 0.8057 0.4355 -0.4014
vn 0.3464 0.3057 -0.8869
vn 0.6569 0.6220 -0.4262
vn -0.2133 0.6747 0.7066
vn -0.8363 0.4580 0.3014
vn -0.4679 0.1700 0.8673
vn -0.5563 0.8028 0.2144
vn -0.2425 -0.3375 0.9095
vn -0.0059 0.3809 -0.9246
vn 0.6626 0.7474 -0.0481
vn 0.9273 0.2534 -0.2754
vn -0.1390 0.9176 -0.3724
vn 0.2245 0.8332 0.5054
vn 0.2691 0.7242 -0.6349
vn 0.5043 0.6382 -0.5817
vn 0.6298 0.0301 -0.7762
vn 0.3761 0.9069 -0.1897
vn 0.6683 0.0729 -0.7403
vn 0.1050 0.9462 0.3060
vn -0.3544 0.7706 -0.5296
vn -0.2010 0.4698 0.8596
vn -0.9060 0.3936 0.1556
vn -0.3727 0.8845 0.2808
vn -0.2345 0.8821 0.4086
vn -0.7739 0.0603 0.6305
vn -0.4881 0.8721 0.0353
vn 0.1559 0.6764 -0.7198
vn 0.8587 0.3542 -0.3704
vn 0.4076 0.2748 -0.8708
vn 0.5380 0.8137 -0.2202
vn -0.3471 0.4779 0.8069
vn -0.6781 0.7219 0.1377
vn -0.8691 0.1834 0.4594
vn -0.5960 0.7687 -0.2322
vn 0.4934 0.8661 -0.0807
vn -0.1341 0.7264 -0.6740
vn 0.8766 0.4104 -0.2514
vn 0.0879 0.3355 -0.9379
vn 0.6747 0.0275 -0.7376
vn 0.6761 0.0426 -0.7356
vn 0.1924 0.8024 -0.5649
vn 0.6123 0.7477 -0.2569
vn 0.0037 0.9026 0.4305
vn -0.4300 0.9010 -0.0573
vn -0.8802 0.4049 0.2476
vn -0.1212 0.3368 0.9337
vn -0.6824 0.3684 0.6314
vn -0.1926 0.5462 0.8152
vn -0.6037 0.7748 0.1878
vn 0.3540 0.4797 -0.8028
vn 0.8662 0.3340 -0.3716
vn 0.4976 0.8490 -0.1779
vn -0.3803 0.3473 0.8571
vn -0.8213 0.4295 0.3754
vn -0.2444 0.7961 0.5536
vn -0.5802 0.7583 0.2972
vn 0.1585 0.3932 -0.9057
vn -0.4589 0.8204 -0.3411
vn 0.4180 0.8995 0.1272
vn 0.8828 0.4060 -0.2364
vn 0.5759 0.7890 -0.2140
vn 0.1969 0.8840 0.4240
vn -0.6556 0.7474 -0.1077
vn -0.1278 0.3880 0.9127
vn -0.9413 0.3063 0.1416
vn -0.1838 0.7857 -0.5907
vn -0.2694 0.7379 0.6188
vn 0.3874 0.4624 -0.7976
vn 0.8614 0.3713 -0.3466
vn 0.5701 0.7822 -0.2513
vn -0.3187 0.4796 0.8176
vn -0.8352 0.3661 0.4104
vn -0.3462 0.2927 0.8913
vn -0.4259 0.9035 0.0469
vn -0.0374 0.8658 -0.4991
vn 0.5243 0.8441 0.1125
vn 0.2049 0.3435 -0.9165
vn 0.9332 0.3177 -0.1682
vn 0.5940 0.7819 -0.1894
vn 0.4668 0.7913 0.3948
vn -0.6574 0.7456 0.1087
vn -0.1098 0.4066 0.9070
vn -0.2119 0.7876 -0.5786
vn -0.9298 0.2359 0.2824
vn -0.6707 0.0193 0.7415
vn -0.6780 0.0476 0.7335
vn -0.1583 0.8165 0.5553
vn -0.5377 0.8349 0.1177
vn -0.7233 -0.6051 -0.3327
vn -0.4269 0.3558 -0.8313
vn -0.0913 0.9517 -0.2932
vn -0.3415 -0.5474 -0.7640
vn -0.4284 0.9036 0.0082
vn -0.0760 0.8744 -0.4792
vn -0.9613 0.2555 0.1034
vn -0.7306 0.6777 -0.0832
vn -0.5206 0.8363 -0.1722
vn -0.5986 0.3458 0.7226
vn -0.5920 0.0247 0.8056
vn -0.0777 0.7320 0.6768
vn 0.0040 0.2164 0.9763
vn -0.1965 0.7502 0.6313
vn -0.5108 0.8076 0.2947
vn 0.5851 0.8098 0.0428
vn 0.3447 0.3937 -0.8521
vn 0.9629 0.2660 0.0459
vn 0.4296 0.9030 -0.0033
vn -0.4628 0.8488 -0.2555
vn 0.3896 0.8717 0.2972
vn 0.7960 0.3404 0.5005
vn 0.6260 0.2641 0.7337
vn 0.2495 0.3368 0.9079
vn 0.3016 0.8743 0.3803
vn 0.2374 0.8308 0.5034
vn -0.6443 0.2943 -0.7059
vn -0.2150 0.3643 -0.9061
vn -0.2535 0.8509 -0.4602
vn -0.8716 0.1384 -0.4703
vn -0.3959 0.8677 -0.3006
vn -0.4124 0.8715 -0.2655
vn 0.4166 0.8616 0.2899
vn 0.7474 0.4706 0.4689
vn 0.6457 0.2963 0.7037
vn 0.1937 0.4100 0.8913
vn 0.2815 0.8569 0.4318
vn 0.3066 0.8800 0.3629
vn -0.5753 0.3150 -0.7548
vn -0.2312 0.8364 -0.4969
vn -0.5496 0.8154 -0.1817
vn -0.7561 0.4928 -0.4307
vn -0.8816 0.3191 0.3477
vn -0.6939 0.7117 0.1094
vn -0.7371 0.6399 0.2172
vn -0.6746 0.7379 -0.0189
vn -0.4853 0.8463 -0.2195
vn 0.6401 0.7658 -0.0617
vn 0.7384 0.5817 0.3412
vn 0.7711 0.1881 0.6083
vn 0.3760 0.9048 0.1999
vn -0.0226 0.7364 -0.6762
vn -0.2722 0.8811 -0.3868
vn 0.1041 0.7714 -0.6278
vn 0.3510 0.3427 -0.8714
vn -0.0564 0.7636 0.6432
vn 0.2056 0.8989 0.3868
vn 0.5532 0.2983 0.7778
vn 0.9647 0.2285 0.1312
vn 0.4604 0.8435 -0.2767
vn 0.4598 0.8533 0.2459
vn 0.7781 0.4633 0.4242
vn 0.2801 0.8667 0.4128
vn 0.3836 0.3585 0.8511
vn -0.2352 0.8263 0.5117
vn -0.4788 0.8370 -0.2649
vn -0.4634 0.1547 -0.8725
vn 0.2338 0.8336 0.5004
vn 0.8746 0.1574 0.4585
vn -0.3047 0.8728 -0.3814
vn -0.8696 0.1659 -0.4651
vn 0.1622 0.7331 -0.6605
vn 0.2808 -0.9491 0.1427
vn 0.5789 0.7994 0.1607
vn 0.5519 0.8083 -0.2052
vn 0.7058 0.1097 -0.6999
vn 0.8346 0.2062 0.5108
vn 0.4114 0.8669 0.2815
vn -0.6157 0.2952 -0.7306
vn -0.2519 0.8333 -0.4921
vn 0.1868 0.8063 -0.5612
vn -0.7115 0.0937 0.6964
vn -0.5607 0.8072 0.1844
vn -0.7788 0.2770 -0.5629
vn -0.8658 0.4785 -0.1462
vn -0.4192 0.8611 -0.2875
vn 0.6936 -0.6648 0.2775
vn 0.2702 0.8649 0.4230
vn 0.5659 0.3186 0.7604
vn -0.2076 0.8074 0.5522
vn -0.5198 0.1320 -0.8440
vn -0.4569 0.8495 -0.2639
vn -0.8457 0.1329 -0.5168
vn -0.2637 0.8504 -0.4553
vn 0.0561 -0.6368 -0.7690
vn 0.5369 0.1235 0.8346
vn 0.4948 0.8372 0.2331
vn 0.0966 -0.9372 0.3352
vn 0.2583 0.8532 0.4531
vn -0.4925 0.1760 -0.8523
vn -0.3115 0.8877 -0.3391
vn -0.7608 0.3875 -0.5207
vn -0.5332 0.8185 -0.2139
vn 0.5074 0.8429 -0.1789
vn 0.9199 0.3875 -0.0607
vn 0.1466 0.8575 -0.4932
vn 0.3667 0.9254 0.0952
vn -0.0562 0.9146 0.4004
vn -0.3391 0.3685 0.8656
vn -0.0079 0.9200 0.3917
vn -0.2886 0.8310 -0.4756
vn -0.1883 0.8270 -0.5297
vn 0.4663 0.8815 -0.0743
vn 0.0627 0.8803 -0.4702
vn -0.0414 0.8937 0.4468
vn -0.4761 0.8768 0.0678
vn -0.5172 0.8452 0.1347
vn -0.2589 0.8210 0.5088
vn 0.2403 0.8494 0.4698
vn 0.4410 0.8963 -0.0466
vn 0.0414 0.8807 -0.4718
vn 0.2034 -0.9474 -0.2473
vn 0.0986 -0.9885 -0.1145
vn 0.1806 -0.9759 -0.1223
vn -0.1119 -0.9894 0.0925
vn -0.2506 -0.9467 0.2022
vn -0.1177 -0.9770 0.1776
vn 0.0750 -0.9956 -0.0562
vn -0.1055 -0.9830 0.1505
vn 0.0133 -0.9999 0.0042
vn -0.2235 -0.9189 0.3251
vn -0.1966 -0.9641 0.1787
vn 0.2794 -0.9420 -0.1861
vn 0.1913 -0.9451 -0.2648
vn 0.1148 -0.9835 -0.1400
vn 0.1486 -0.9696 -0.1944
vn -0.1301 -0.9693 0.2085
vn -0.1895 -0.9713 0.1436
vn -0.3492 -0.9021 0.2536
vn 0.1564 -0.9779 -0.1386
vn -0.1654 -0.9593 0.2289
vn 0.0080 -0.9999 -0.0092
vn -0.0024 -1.0000 -0.0025
vn -0.2699 0.9579 -0.0975
vn 0.3418 0.8203 0.4585
vn 0.3050 0.7049 0.6404
vn -0.0089 0.9992 -0.0384
vn 0.4069 0.8695 -0.2802
vn -0.3471 0.8778 -0.3302
vn 0.6722 0.6887 0.2718
vn 0.0138 0.9997 0.0194
vn -0.0156 0.9998 0.0136
vn -0.5220 0.8444 -0.1203
vn 0.4131 0.9077 -0.0735
vn -0.0829 0.9965 0.0122
vn -0.1341 0.9896 0.0519
vn -0.2386 0.8637 0.4439
vn 0.1386 0.8619 0.4878
vn -0.0088 0.9999 0.0145
vn 0.0164 0.9995 0.0260
vn 0.3377 0.8721 0.3542
vn -0.0381 0.9993 0.0041
vn -0.0087 1.0000 -0.0026
vn -0.0752 0.9951 -0.0648
vn 0.0498 0.9954 -0.0817
vn -0.0084 0.9992 -0.0388
vn 0.0068 0.9996 -0.0282
vn 0.3488 0.8737 -0.3392
vn -0.2242 0.8418 -0.4910
vn 0.2457 0.8739 -0.4194
vn -0.3612 0.8186 -0.4466
vn 0.2626 0.9438 -0.2007
vn 0.0461 0.9989 0.0071
vn -0.0361 0.9993 -0.0087
vn 0.0091 0.9998 -0.0200
vn 0.4398 0.8724 0.2135
vn -0.3910 0.8705 0.2990
vn 0.0774 0.9939 -0.0779
vn -0.1096 0.8818 0.4587
vn -0.0274 0.9988 -0.0401
vn -0.2729 0.9096 -0.3134
vn -0.2220 0.6261 -0.7475
vn -0.6838 0.6287 0.3704
vn -0.5774 0.4851 0.6567
vn -0.4794 0.8768 -0.0364
vn -0.5686 0.6299 -0.5292
vn 0.3724 0.2009 0.9061
vn -0.3627 0.8576 -0.3646
vn -0.4134 0.8566 -0.3089
vn 0.0008 0.9956 0.0934
vn 0.0001 1.0000 -0.0056
vn -0.5452 0.6628 0.5132
vn 0.0592 0.9975 -0.0389
vn -0.0055 0.9995 0.0309
vn 0.6263 0.7277 0.2798
vn 0.2638 0.7499 0.6067
vn 0.3236 0.0534 -0.9447
vn -0.5906 -0.0176 -0.8068
vn -0.7638 -0.3499 -0.5425
vn -0.9314 -0.0346 -0.3625
vn -0.7675 -0.2873 -0.5730
vn -0.9391 0.0407 0.3412
vn -0.7285 0.2817 0.6245
vn 0.1597 -0.4013 -0.9019
vn -0.4746 -0.7383 -0.4792
vn -0.0868 -0.2862 -0.9542
vn 0.2890 0.9228 -0.2549
vn 0.5134 0.4668 0.7200
vn 0.6115 0.3272 0.7204
vn 0.6874 0.5477 0.4770
vn -0.9967 0.0729 0.0344
vn -0.9997 -0.0014 -0.0238
vn -0.9246 -0.0915 0.3697
vn -0.2131 -0.2791 0.9363
vn 0.1647 -0.0360 0.9857
vn -0.4696 -0.1380 0.8720
vn -0.5074 0.0742 0.8585
vn -0.3345 -0.0666 0.9401
vn -0.4846 -0.2374 0.8419
vn -0.6574 0.1924 0.7286
vn -0.7873 0.0484 -0.6147
vn -0.6893 0.1418 0.7104
vn 0.3203 0.1074 -0.9412
vn 0.8789 0.2421 0.4109
vn 0.6965 0.0917 0.7117
vn 0.1087 0.1096 -0.9880
vn 0.6708 0.6168 -0.4117
vn -0.0000 1.0000 -0.0000
vn 0.5189 0.2009 0.8309
vn 0.7479 -0.0335 -0.6630
vn 0.6725 0.6467 -0.3600
vn -0.6716 0.0434 -0.7396
vn 0.1577 0.6275 0.7625
vn -0.6819 0.6227 0.3837
vn -0.4961 -0.4046 0.7682
vn 0.5470 -0.4902 -0.6786
vn 0.2708 -0.7320 -0.6251
vn 0.0083 -0.6117 0.7911
vn -0.0322 -0.1378 0.9899
vn -0.5314 -0.3199 0.7844
vn -0.2189 -0.4019 0.8891
vn -0.2816 -0.6746 0.6823
vn -0.0003 -0.0536 0.9986
vn -0.9968 -0.0790 -0.0087
vn 0.2724 -0.6136 0.7411
vn 0.8059 -0.5739 0.1454
vn 0.7693 -0.2840 -0.5723
vn -0.0078 -0.0768 -0.9970
vn 0.2516 0.3637 -0.8969
vn 0.9985 -0.0554 0.0029
vn 0.7956 -0.5650 -0.2186
vn 0.8897 -0.4347 -0.1394
vn 0.9609 -0.2757 -0.0249
vn 0.9906 -0.1337 -0.0286
vn 0.7960 -0.6053 -0.0048
vn 0.2066 -0.0475 -0.9773
vn 0.5175 -0.0467 -0.8544
vn -0.3583 -0.9049 -0.2298
vn 0.1387 -0.9724 -0.1877
vn 0.5826 -0.8119 -0.0386
vn 0.0895 -0.8936 0.4399
vn -0.2444 -0.4873 0.8384
vn -0.8794 -0.4746 -0.0368
vn -0.3303 -0.6268 -0.7057
vn 0.8491 -0.5253 -0.0560
vn 0.2947 -0.9285 -0.2260
vn -0.2928 -0.8403 -0.4563
vn -0.2358 -0.9481 0.2132
vn 0.4319 -0.8855 0.1711
vn 0.9209 -0.3867 -0.0483
vn -0.7787 -0.5008 0.3779
vn 0.4890 -0.3736 -0.7882
vn -0.1281 -0.2438 0.9613
vn 0.7925 -0.5964 0.1277
vn 0.1495 -0.9794 0.1358
vn 0.7383 -0.5965 -0.3150
vn 0.2290 -0.9546 0.1905
vn 0.1276 -0.9829 0.1327
vn -0.1757 -0.6088 0.7736
vn 0.7356 -0.5444 -0.4032
vn 0.1837 -0.9628 0.1980
vn 0.1595 -0.9742 0.1596
vn -0.3911 -0.5355 0.7485
vn 0.1489 -0.9682 0.2009
vn 0.1664 -0.9742 0.1522
vn -0.5127 -0.8564 -0.0616
vn -0.0607 -0.8529 -0.5185
vn 0.3854 -0.8520 0.3542
vn 0.4059 -0.7775 0.4804
vn 0.4411 -0.8248 0.3538
vn 0.8021 -0.5606 -0.2056
vn -0.1705 -0.5457 0.8205
vn 0.9128 -0.4032 0.0652
vn 0.1422 -0.3782 0.9148
vn 0.9461 -0.3197 0.0513
vn 0.8720 -0.2500 0.4208
vn 0.8436 -0.2083 0.4949
vn 0.4437 -0.2143 0.8702
vn 0.9852 -0.1594 0.0624
vn -0.3349 -0.0475 0.9410
vn 0.2527 -0.0228 0.9673
vn -0.1185 0.0286 0.9925
vn 0.9960 -0.0392 -0.0808
vn 0.9988 -0.0351 -0.0342
vn 0.9908 -0.0283 0.1322
vn 0.9679 -0.0015 -0.2515
vn 0.9502 -0.0549 -0.3067
vn 0.9926 -0.0387 0.1154
vn 0.5921 0.2187 0.7757
vn -0.9432 0.2749 0.1865
vn 0.0370 0.0995 -0.9943
vn -0.4796 -0.0317 0.8769
vn -0.3814 -0.0963 -0.9194
vn 0.9677 0.0244 -0.2508
vn -0.9991 -0.0417 0.0031
vn 0.5156 -0.2213 0.8277
vn 0.9386 0.1219 -0.3228
vn -0.4307 0.2394 -0.8702
vn -0.6749 -0.3392 0.6553
vn -0.9256 0.0001 0.3786
vn 0.2743 0.2271 0.9344
vn 0.1996 0.1086 -0.9739
vn 0.8905 -0.0165 0.4547
vn -0.6359 0.1675 0.7534
vn -0.7593 -0.3788 -0.5291
vn 0.8936 0.1233 -0.4315
vn 0.4597 -0.1507 0.8752
vn 0.3450 -0.1355 -0.9288
vn 0.8633 -0.1691 -0.4756
vn -0.3434 0.1651 -0.9245
vn -0.9310 0.2099 0.2986
vn -0.7920 0.0311 0.6097
vn 0.8383 -0.2623 0.4780
vn -0.4895 0.0966 -0.8667
vn 0.5683 0.0938 -0.8175
vn 0.4120 -0.2395 0.8791
vn 0.9412 0.2391 -0.2387
vn 0.3737 0.0387 0.9268
vn -0.9608 -0.0157 0.2767
vn -0.8673 0.2541 0.4280
vn -0.5072 -0.0990 -0.8561
vn 0.5208 -0.3119 -0.7946
vn -0.4857 -0.1148 0.8665
vn -0.7014 -0.0040 -0.7128
vn 0.8298 -0.0283 -0.5573
vn 0.4456 0.1238 -0.8866
vn 0.8146 0.0428 0.5784
vn 0.8877 -0.1473 0.4362
vn -0.1473 -0.0351 0.9885
vn -0.3692 -0.0150 -0.9292
vn -0.9968 0.0289 0.0752
vn 0.4104 -0.1404 0.9010
vn -0.9996 0.0085 -0.0268
vn -0.0507 0.0924 -0.9944
vn 0.8979 0.1086 -0.4266
vn -0.9027 0.0760 0.4235
vn -0.4861 -0.3024 0.8199
vn 0.6442 0.0374 0.7639
vn -0.5949 -0.0281 -0.8033
vn 0.9894 0.0528 -0.1355
vn 0.0641 -0.1514 0.9864
vn 0.9069 -0.1629 0.3886
vn 0.4547 -0.2530 -0.8539
vn 0.1696 -0.0425 0.9846
vn -0.9511 -0.1006 0.2921
vn 0.6816 0.0599 0.7293
vn 0.8738 -0.0169 -0.4860
vn -0.4055 0.0426 0.9131
vn 0.8821 0.0031 -0.4710
vn -0.2442 0.0058 -0.9697
vn -0.9903 0.0732 -0.1178
vn -0.4614 -0.0451 -0.8860
vn 0.9091 0.2845 -0.3042
vn -0.0717 0.2365 -0.9690
vn 0.8059 -0.0831 0.5862
vn -0.9443 0.1542 -0.2906
vn -0.9806 -0.0975 0.1703
vn -0.4499 0.1204 0.8850
vn 0.8615 -0.0518 -0.5050
vn -0.7033 -0.1766 -0.6886
vn 0.1911 -0.0983 -0.9766
vn 0.6688 0.0388 0.7424
vn -0.9083 -0.0938 0.4077
vn 0.2402 -0.1721 -0.9553
vn 0.9300 -0.3052 -0.2049
vn -0.7791 0.2655 -0.5679
vn -0.5060 -0.0244 0.8622
vn -0.5196 0.0929 -0.8493
vn 0.8331 0.1843 -0.5215
vn -0.8292 0.2093 0.5183
vn 0.6458 -0.0056 0.7635
vn 0.7114 0.2935 -0.6385
vn 0.1455 -0.2246 0.9635
vn 0.2837 -0.1765 0.9425
vn -0.3982 0.2462 -0.8836
vn -0.3069 -0.2209 0.9257
vn -0.9382 0.1301 0.3208
vn 0.9078 -0.2380 0.3454
vn 0.6739 0.1864 -0.7149
vn 0.4358 0.0935 0.8952
vn -0.6021 -0.0061 -0.7984
vn -0.2691 -0.0502 -0.9618
vn -0.9434 0.0665 0.3250
vn 0.6863 0.0506 -0.7255
vn -0.9673 -0.0558 0.2474
vn -0.1736 -0.0145 0.9847
vn -0.2760 -0.0440 -0.9602
vn 0.3629 -0.0627 0.9297
vn 0.9499 0.0646 0.3058
vn -0.9458 0.0401 0.3224
vn -0.3056 -0.3017 0.9031
vn 0.8964 0.0908 0.4338
vn 0.9184 -0.0152 -0.3953
vn 0.6895 -0.2558 -0.6776
vn -0.6545 0.0183 -0.7558
vn 0.3190 0.0843 0.9440
vn 0.2285 -0.1200 -0.9661
vn -0.9986 0.0517 0.0107
vn 0.3333 0.0292 0.9424
vn 0.0171 -0.1457 -0.9892
vn 0.9393 0.2328 -0.2519
vn -0.9926 -0.1076 -0.0555
vn -0.3675 -0.1220 0.9220
vn 0.2284 0.2399 0.9435
vn -0.6316 0.0437 -0.7741
vn -0.6788 -0.1152 0.7252
vn 0.7448 -0.1652 0.6465
vn 0.8719 -0.0800 -0.4831
vn 0.9856 0.0172 0.1684
vn 0.2885 0.1660 -0.9430
vn 0.2245 -0.2708 0.9361
vn -0.9251 0.0322 -0.3783
vn 0.9147 0.0519 0.4008
vn 0.3305 -0.2380 -0.9133
vn 0.0495 0.0843 -0.9952
vn 0.9784 -0.0493 -0.2007
vn 0.5632 0.2583 0.7849
vn -0.5493 -0.0228 0.8353
vn -0.9786 -0.0406 -0.2019
vn -0.3992 -0.2718 -0.8756
vn -0.6010 -0.4914 -0.6304
vn -0.6654 -0.2933 -0.6864
vn 0.0502 -0.1136 -0.9923
vn 0.2037 0.2347 -0.9505
vn 0.5423 0.5438 -0.6404
vn 0.8726 0.4051 -0.2729
vn 0.0580 -0.5493 -0.8336
vn 0.3551 -0.7420 -0.5687
vn 0.6175 -0.7357 -0.2783
vn 0.9318 -0.3585 0.0570
vn 0.9580 -0.2422 -0.1534
vn 0.3358 -0.9405 0.0529
vn 0.5514 -0.6176 -0.5608
vn 0.8392 -0.4740 -0.2666
vn 0.9868 -0.0437 -0.1557
vn 0.2624 -0.4992 -0.8258
vn 0.1172 -0.1899 -0.9748
vn 0.8196 0.4200 -0.3898
vn 0.4334 0.5781 -0.6913
vn 0.2220 0.2333 -0.9467
vn -0.8925 -0.3307 0.3066
s 1
usemtl color_727980
f 3056//2811 3065//2812 2319//2813
f 2320//2814 3068//2815 3056//2811
f 3056//2811 3068//2815 3065//2812
f 2320//2814 3066//2816 3068//2815
f 3084//2817 3066//2816 2320//2814
f 3065//2812 3064//2818 2319//2813
f 3062//2819 3079//2820 3064//2818
f 3064//2818 3079//2820 2319//2813
f 3078//2821 3079//2820 3062//2819
f 3084//2817 3069//2822 3066//2816
f 3079//2820 2321//2823 2319//2813
f 3078//2821 2318//2824 3079//2820
f 3077//2825 2318//2824 3078//2821
f 3079//2820 3080//2826 2321//2823
f 3077//2825 2317//2827 2318//2824
f 2321//2823 3080//2826 2323//2828
f 3069//2822 2317//2827 3077//2825
f 3069//2822 2316//2829 2317//2827
f 3069//2822 3057//2830 2316//2829
f 2316//2829 3057//2830 2322//2831
f 2322//2831 3057//2830 3071//2832
f 3071//2832 3057//2830 2363//2833
f 3057//2830 3083//2834 2363//2833
f 3084//2817 3057//2830 3069//2822
f 2326//2835 2325//2836 2324//2837
f 2325//2836 2327//2838 2324//2837
f 2326//2835 2328//2839 2325//2836
f 2328//2839 2333//2836 2325//2836
f 2323//2828 3080//2826 2326//2835
f 2328//2839 3080//2826 2331//2840
f 2326//2835 3080//2826 2328//2839
f 2329//2841 2330//2842 3085//2843
f 2324//2837 2327//2838 2920//2844
f 2333//2836 2332//2836 2325//2836
f 2334//2845 2920//2844 2327//2838
f 2331//2840 2335//2846 2333//2836
f 2333//2836 2335//2846 2332//2836
f 3080//2826 2335//2846 2331//2840
f 2330//2842 3081//2847 3085//2843
f 2335//2846 2336//2836 2332//2836
f 3081//2847 2335//2846 3080//2826
f 3081//2847 2337//2848 2335//2846
f 2332//2836 2336//2836 2334//2845
f 2336//2836 2338//2849 2334//2845
f 2335//2846 2337//2848 2339//2850
f 2330//2842 2337//2848 3081//2847
f 2330//2842 2344//2836 2337//2848
f 2336//2851 2340//2852 2341//2853
f 2338//2849 2383//2854 2334//2845
f 2341//2853 2383//2854 2338//2849
f 2344//2836 2342//2855 2339//2856
f 2344//2836 2343//2836 2342//2855
f 2330//2842 2343//2836 2344//2836
f 2340//2852 2346//2836 2345//2857
f 2342//2836 2346//2836 2340//2852
f 2345//2857 2347//2858 2340//2852
f 2348//2859 2347//2858 2345//2857
f 2343//2836 2330//2842 2349//2836
f 2330//2842 2350//2860 2349//2836
f 2342//2836 2351//2861 2346//2836
f 2346//2836 2351//2861 2348//2859
f 2349//2836 2350//2860 2351//2861
f 2351//2861 2352//2862 2348//2859
f 2351//2861 2350//2860 2352//2862
f 2352//2862 2347//2858 2348//2859
f 2383//2854 2920//2844 2334//2845
f 2347//2858 2341//2853 2340//2852
f 2351//2863 2932//2864 2349//2865
f 2787//2866 2353//2867 2337//2848
f 2353//2867 2354//2868 2337//2848
f 2337//2848 2354//2868 2339//2850
f 2336//2869 2777//2870 2338//2849
f 2777//2870 2355//2871 2338//2849
f 2328//2872 2356//2873 2333//2874
f 2356//2873 2357//2875 2333//2874
f 2346//2876 2782//2877 2345//2878
f 2782//2877 2358//2879 2345//2878
f 2345//2878 2358//2879 2348//2880
f 2359//2881 2360//2882 2335//2883
f 2335//2883 2360//2882 2336//2851
f 2336//2851 2360//2882 2340//2852
f 2360//2882 2361//2884 2340//2852
f 2387//2885 3053//2886 3072//2887
f 2919//2888 2387//2885 3072//2887
f 2918//2889 2919//2888 3072//2887
f 2918//2889 3072//2887 2347//2858
f 2352//2862 2918//2889 2347//2858
f 2363//2833 2362//2890 2574//2891
f 2363//2833 3083//2834 2362//2890
f 2362//2890 2678//2892 2574//2891
f 2387//2885 2581//2893 3053//2886
f 2387//2885 2681//2894 2581//2893
f 2587//2895 2678//2892 2364//2896
f 2587//2895 2365//2897 2678//2892
f 2387//2885 2388//2898 2681//2894
f 2365//2897 2591//2899 2678//2892
f 2584//2900 2388//2898 2585//2901
f 2388//2898 2366//2902 2585//2901
f 2591//2899 2676//2903 2678//2892
f 2388//2898 2674//2904 2366//2902
f 2676//2903 2571//2905 2678//2892
f 2367//2906 2571//2905 2676//2903
f 2388//2898 2390//2907 2674//2904
f 2390//2907 2672//2908 2674//2904
f 2367//2906 2597//2909 2571//2905
f 2600//2910 2571//2905 2597//2909
f 2600//2910 2669//2911 2571//2905
f 2672//2908 2390//2907 2671//2912
f 2390//2907 2594//2913 2671//2912
f 2663//2914 2571//2905 2669//2911
f 2663//2914 2662//2915 2571//2905
f 2594//2913 2390//2907 2668//2916
f 2668//2916 2390//2907 2667//2917
f 2662//2915 2657//2918 2571//2905
f 2657//2918 2655//2919 2571//2905
f 2667//2917 2390//2907 2665//2920
f 2665//2920 2390//2907 2659//2921
f 2390//2907 2650//2922 2659//2921
f 2655//2919 2421//2923 2571//2905
f 2655//2919 2647//2924 2421//2923
f 2421//2923 2647//2924 2368//2925
f 2647//2924 2644//2926 2368//2925
f 2390//2907 2369//2927 2650//2922
f 2369//2927 2653//2928 2650//2922
f 2644//2926 2638//2929 2368//2925
f 2638//2929 2371//2930 2368//2925
f 2370//2931 2394//2932 2641//2933
f 2653//2928 2392//2934 2370//2931
f 2369//2927 2392//2934 2653//2928
f 2370//2931 2392//2934 2394//2932
f 2371//2930 2566//2935 2368//2925
f 2394//2932 2637//2936 2641//2933
f 2637//2936 2372//2937 2373//2938
f 2373//2938 2372//2937 2371//2930
f 2394//2932 2372//2937 2637//2936
f 2371//2930 2372//2937 2566//2935
f 2584//2900 2681//2894 2388//2898
f 2648//2939 2759//2940 2644//2941
f 2648//2939 2644//2941 2647//2924
f 2629//2942 2371//2943 2638//2944
f 2768//2945 2629//2942 2638//2944
f 2744//2946 2654//2947 2655//2919
f 2744//2946 2655//2919 2657//2918
f 2620//2948 2662//2949 2663//2950
f 2374//2951 2620//2948 2663//2950
f 2670//2952 2375//2953 2669//2911
f 2670//2952 2669//2911 2600//2910
f 2376//2954 2597//2909 2367//2906
f 2718//2955 2376//2954 2367//2906
f 2675//2956 2676//2903 2591//2899
f 2712//2957 2675//2956 2591//2899
f 2696//2958 2365//2897 2587//2895
f 2695//2959 2696//2958 2587//2895
f 2607//2960 2364//2896 2678//2892
f 2679//2961 2607//2960 2678//2892
f 2362//2890 3083//2834 2635//2962
f 3083//2834 2377//2963 2635//2962
f 3083//2834 2581//2964 2377//2963
f 2581//2964 2634//2965 2377//2963
f 2378//2966 2677//2967 2585//2901
f 2378//2966 2585//2901 2366//2902
f 2618//2968 2673//2969 2674//2904
f 2618//2968 2674//2904 2672//2908
f 2379//2970 2616//2971 2671//2912
f 2379//2970 2671//2912 2594//2913
f 2380//2972 2668//2916 2667//2917
f 2736//2973 2380//2972 2667//2917
f 2680//2974 2611//2975 2681//2894
f 2680//2974 2681//2894 2584//2900
f 2381//2976 2665//2920 2659//2977
f 2381//2976 2737//2978 2665//2920
f 2652//2979 2752//2980 2650//2922
f 2652//2979 2650//2922 2653//2928
f 2626//2981 2628//2982 2637//2983
f 2626//2981 2637//2983 2373//2984
f 2363//2833 2574//2891 2382//2985
f 2383//2854 2363//2833 2382//2985
f 2383//2854 2382//2985 2920//2844
f 2393//2986 2372//2937 2954//2987
f 2372//2937 2397//2988 2954//2987
f 2372//2937 2394//2932 2397//2988
f 2368//2925 2566//2935 2384//2989
f 2951//2990 2566//2935 2953//2991
f 2952//2992 2566//2935 2951//2990
f 2384//2989 2566//2935 2952//2992
f 2918//2889 2352//2862 2386//2993
f 2386//2993 2919//2888 2918//2889
f 2387//2885 2919//2888 2386//2993
f 2388//2898 2387//2885 2386//2993
f 2389//2994 2388//2898 2386//2993
f 2390//2907 2388//2898 2389//2994
f 2369//2927 2390//2907 2389//2994
f 2385//2995 2389//2994 2391//2996
f 2396//2997 2389//2994 2385//2995
f 2396//2997 2369//2927 2389//2994
f 2392//2934 2369//2927 2396//2997
f 2410//2998 2393//2986 2954//2987
f 2410//2998 2395//2999 2393//2986
f 2410//2998 2411//3000 2395//2999
f 2397//2988 2394//2932 2392//2934
f 2397//2988 2392//2934 2396//2997
f 2396//2997 2385//2995 2398//3001
f 2399//3002 2954//2987 2397//2988
f 2399//3002 2398//3001 2410//2998
f 2399//3002 2410//2998 2954//2987
f 2398//3001 2399//3002 2396//2997
f 2397//2988 2396//2997 2399//3002
f 2385//2995 2400//3003 2398//3001
f 2400//3003 2401//3004 2398//3001
f 2403//3005 2402//3006 2400//3007
f 2870//3008 2402//3008 2403//3008
f 2404//3009 2870//3010 2403//3011
f 2406//3012 2405//3013 2403//3011
f 2698//3014 2405//3014 2406//3014
f 2401//3004 2408//3015 2398//3001
f 2398//3001 2409//3016 2410//2998
f 2408//3015 2409//3016 2398//3001
f 2410//2998 2409//3016 2411//3000
f 2409//3016 3036//3017 2411//3000
f 2411//3000 3036//3017 2946//3018
f 2946//3018 3036//3017 2412//3019
f 3036//3017 2962//3020 2412//3019
f 2400//3003 2413//3021 2401//3004
f 2416//3022 2413//3021 2420//3023
f 2415//3024 2413//3021 2416//3022
f 2415//3024 2414//3025 2413//3021
f 2415//3024 2416//3022 2419//3026
f 2417//3027 2415//3024 2419//3026
f 2945//3028 2419//3026 2950//3029
f 2945//3028 2417//3027 2419//3026
f 2420//3023 2413//3021 2418//3030
f 2953//2991 2416//3022 2951//2990
f 2951//2990 2416//3022 2952//2992
f 2416//3022 2422//3031 2952//2992
f 2422//3031 2423//3032 2368//2925
f 2423//3032 2421//2923 2368//2925
f 2420//3023 2422//3031 2416//3022
f 2422//3031 2420//3023 2423//3032
f 2421//3033 2420//3023 2418//3030
f 2421//2923 2423//3032 2420//3023
f 2424//3034 2500//3035 2413//3021
f 2414//3025 2424//3034 2413//3021
f 2424//3034 2414//3025 2425//3036
f 3040//3037 3042//3038 2414//3025
f 2414//3025 3042//3038 2425//3036
f 2501//3039 2426//3040 2500//3035
f 2500//3035 2426//3040 2413//3021
f 2425//3036 2426//3040 2501//3039
f 3042//3038 2426//3040 2425//3036
f 3042//3038 2427//3041 2426//3040
f 2428//3042 2427//3041 3042//3038
f 2429//3043 2430//3044 2428//3042
f 2428//3042 2430//3044 2427//3041
f 2426//3040 2401//3004 2413//3021
f 2431//3045 2401//3004 2426//3040
f 2432//3046 2526//3047 2431//3045
f 2431//3045 2526//3047 2401//3004
f 2428//3042 2433//3048 2429//3043
f 2431//3045 2435//3049 2432//3046
f 2526//3047 2527//3050 2401//3004
f 2430//3044 2473//3051 2427//3041
f 2428//3042 2434//3052 2433//3048
f 2433//3048 2434//3052 2473//3051
f 2473//3051 2434//3052 2427//3041
f 2436//3053 2408//3054 2435//3049
f 2431//3045 2436//3053 2435//3049
f 2435//3049 2408//3054 2527//3050
f 2527//3050 2408//3054 2401//3004
f 2437//3055 2436//3053 2431//3045
f 2437//3055 2439//3056 2438//3057
f 2438//3057 2441//3058 2437//3055
f 2437//3055 2440//3059 2436//3053
f 2441//3058 2440//3059 2437//3055
f 2427//3041 2434//3052 2437//3055
f 2437//3055 2434//3052 2439//3056
f 2442//3060 2440//3059 2441//3058
f 2439//3056 2434//3052 2442//3060
f 2434//3052 2440//3059 2442//3060
f 2438//3057 2439//3056 2445//3061
f 2468//3062 2469//3063 2557//3064
f 2557//3064 2469//3063 2470//3065
f 2555//3066 2496//3067 2497//3068
f 2496//3067 2492//3069 2497//3068
f 2492//3069 2498//3070 2497//3068
f 2497//3068 2498//3070 2499//3071
f 2550//3072 2551//3073 2548//3074
f 2550//3072 2548//3074 2553//3075
f 2554//3076 2525//3077 2523//3078
f 2524//3079 2525//3077 2554//3076
f 2498//3070 2494//3080 2499//3071
f 2499//3081 2494//3080 2555//3066
f 2494//3080 2495//3082 2555//3066
f 2495//3082 2496//3067 2555//3066
f 2469//3063 2471//3083 2470//3065
f 2470//3065 2471//3083 2556//3084
f 2471//3083 2467//3085 2556//3084
f 2556//3084 2467//3085 2557//3064
f 2467//3085 2468//3062 2557//3064
f 2434//3086 3023//3087 3046//3088
f 2877//3089 2413//3090 2558//3091
f 2559//3092 2413//3092 2877//3092
f 2560//3093 2559//3094 2877//3095
f 2561//3096 2559//3094 2560//3093
f 2562//3097 2559//3098 2561//3096
f 2563//3099 2564//3099 2559//3099
f 2565//3100 2564//3101 2563//3102
f 2942//3103 2941//3104 2566//2935
f 2953//2991 2950//3029 2419//3026
f 2942//3103 2372//2937 2956//3105
f 2566//2935 2372//2937 2942//3103
f 2372//2937 2955//3106 2956//3105
f 2372//2937 2939//3107 2955//3106
f 2953//2991 2943//3108 2950//3029
f 2393//2986 2395//2999 2567//3109
f 2395//2999 2947//3110 2567//3109
f 2567//3109 2939//3107 2393//2986
f 2372//2937 2393//2986 2939//3107
f 2953//2991 2566//2935 2941//3104
f 2941//3104 2943//3108 2953//2991
f 2352//2862 2568//3111 2386//2993
f 2568//3111 2406//3112 2386//2993
f 2386//2993 2406//3112 2389//2994
f 2406//3113 2403//3113 2389//3113
f 2389//3114 2569//3115 2391//3116
f 2403//3005 2400//3007 2389//3114
f 2389//3114 2400//3007 2569//3115
f 2570//3117 2421//3033 2418//3030
f 2571//2905 2421//2923 2570//3117
f 2572//3118 2571//2905 2570//3117
f 2573//3119 2571//2905 2572//3118
f 2574//2891 2571//2905 2573//3119
f 2574//2891 2678//2892 2571//2905
f 2382//2985 2573//3119 2920//2844
f 2382//2985 2574//2891 2573//3119
f 2377//3120 2915//3121 2853//3122
f 2576//3123 2577//3124 2377//3120
f 2915//3121 2577//3124 2575//3125
f 2377//3120 2577//3124 2915//3121
f 2576//3123 2839//3126 2577//3124
f 2844//3127 2377//3120 2578//3128
f 2578//3128 2377//3120 2854//3129
f 2840//3130 2579//3131 2844//3127
f 2844//3127 2579//3131 2377//3120
f 2580//3132 2370//3133 2641//3134
f 2580//3132 2761//3135 2370//3133
f 2681//2894 2582//3136 2581//2893
f 2582//3137 2579//3131 2581//3138
f 2579//3131 2576//3123 2377//3120
f 2362//2890 2583//3139 2678//2892
f 2576//3123 2583//3140 2362//3141
f 2579//3131 2583//3140 2576//3123
f 2582//3137 2583//3140 2579//3131
f 2584//2900 2585//2901 2582//3142
f 2585//3143 2601//3144 2582//3137
f 2586//3145 2587//3146 2583//3147
f 2587//2895 2364//2896 2583//3148
f 2366//2902 2674//2904 2588//3149
f 2674//2904 2589//3150 2588//3149
f 2590//3151 2591//2899 2602//3152
f 2602//3152 2591//2899 2365//2897
f 2671//2912 2592//3153 2672//2908
f 2672//2908 2592//3153 2589//3154
f 2590//3155 2593//3156 2676//2903
f 2593//3156 2367//2906 2676//2903
f 2668//2916 2595//3157 2594//2913
f 2668//3158 2596//3159 2595//3160
f 2599//3161 2600//2910 2598//3162
f 2598//3162 2600//2910 2597//2909
f 2582//3137 2601//3144 2583//3140
f 2583//3147 2601//3163 2586//3145
f 2601//3163 2590//3164 2586//3145
f 2586//3165 2590//3151 2602//3152
f 2588//3149 2590//3155 2601//3166
f 2589//3150 2590//3155 2588//3149
f 2590//3155 2589//3150 2593//3156
f 2589//3150 2598//3167 2593//3156
f 2592//3153 2598//3162 2589//3154
f 2595//3160 2598//3162 2592//3153
f 2595//3160 2596//3159 2598//3162
f 2820//3168 2822//3169 2598//3167
f 2893//3170 2593//3156 2892//3171
f 2899//3172 2830//3173 2602//3174
f 2834//3175 2586//3176 2603//3177
f 2599//3178 2819//3179 2883//3180
f 2583//3181 2835//3182 2905//3183
f 2602//3174 2830//3173 2586//3176
f 2586//3176 2830//3173 2603//3177
f 2590//3184 2824//3185 2894//3186
f 2888//3187 2596//3188 2889//3189
f 2826//3190 2891//3191 2592//3192
f 2891//3191 2595//3193 2592//3192
f 2825//3194 2589//3195 2832//3196
f 2902//3197 2900//3198 2601//3199
f 2900//3198 2588//3200 2601//3199
f 2912//3201 2582//3202 2911//3203
f 2598//3167 2822//3169 2593//3156
f 2593//3156 2822//3169 2892//3171
f 2697//3204 2696//2958 2695//2959
f 2695//2959 2633//3205 2697//3204
f 2563//3206 2697//3204 2633//3205
f 2898//3207 2563//3206 2633//3205
f 2604//3208 2631//3209 2632//3210
f 2677//2967 2378//2966 2604//3208
f 2604//3208 2378//2966 2631//3209
f 2837//3211 2903//3212 2632//3210
f 2837//3211 2632//3210 2631//3209
f 2693//3213 2608//3214 2605//3215
f 2606//3216 2608//3214 2693//3213
f 2606//3216 2691//3217 2608//3214
f 2606//3216 2607//2960 2691//3217
f 2679//2961 2691//3217 2607//2960
f 2828//3218 2693//3213 2605//3215
f 2833//3219 2828//3218 2605//3215
f 2565//3220 2833//3219 2605//3215
f 2842//3221 2565//3222 2605//3215
f 2610//3223 2680//2974 2689//3224
f 2680//2974 2610//3223 2611//2975
f 2609//3225 2689//3224 2612//3226
f 2610//3223 2689//3224 2609//3225
f 2407//3227 2906//3228 2609//3225
f 2907//3229 2609//3225 2612//3226
f 2907//3229 2407//3227 2609//3225
f 2908//3230 2907//3229 2612//3226
f 2717//3231 2719//3232 2613//3233
f 2717//3231 2376//2954 2718//2955
f 2717//3231 2718//2955 2719//3232
f 2562//3097 2613//3233 2719//3232
f 2614//3234 2562//3097 2719//3232
f 2615//3235 2720//3236 2630//3237
f 2616//2971 2720//3236 2615//3235
f 2379//2970 2720//3236 2616//2971
f 2403//3011 2405//3013 2615//3235
f 2403//3011 2615//3235 2630//3237
f 2617//3238 2710//3239 2716//3240
f 2716//3240 2709//3241 2715//3242
f 2675//2956 2712//2957 2617//3238
f 2716//3240 2710//3239 2709//3241
f 2617//3238 2712//2957 2710//3239
f 2559//3243 2715//3242 2709//3241
f 2559//3244 2895//3245 2715//3242
f 2823//3246 2559//3243 2709//3241
f 2700//3247 2673//2969 2706//3248
f 2700//3247 2702//3249 2699//3250
f 2700//3247 2706//3248 2702//3249
f 2673//2969 2618//2968 2706//3248
f 2896//3251 2698//3252 2699//3250
f 2704//3253 2699//3250 2702//3249
f 2704//3253 2896//3251 2699//3250
f 2620//2948 2374//2951 2619//3254
f 2619//3254 2374//2951 2739//3255
f 2879//3256 2560//3093 2619//3254
f 2879//3256 2619//3254 2739//3255
f 2621//3257 2737//2978 2738//3258
f 2737//2978 2381//2976 2738//3258
f 2821//3259 2621//3257 2738//3258
f 2818//3260 2821//3259 2738//3258
f 2726//3261 2728//3262 2622//3263
f 2726//3261 2622//3263 2722//3264
f 2375//2953 2670//2952 2622//3263
f 2375//2953 2622//3263 2728//3262
f 2561//3096 2726//3261 2722//3264
f 2884//3265 2561//3096 2722//3264
f 2730//3266 2735//3267 2729//3268
f 2729//3268 2735//3267 2733//3269
f 2380//2972 2734//3270 2730//3266
f 2736//2973 2734//3270 2380//2972
f 2730//3266 2734//3270 2735//3267
f 2404//3009 2886//3271 2729//3268
f 2404//3009 2729//3268 2733//3269
f 2758//3272 2648//2939 2757//3273
f 2759//2940 2648//2939 2758//3272
f 2865//3274 2558//3091 2758//3272
f 2865//3274 2758//3272 2757//3273
f 2760//3275 2761//3135 2580//3132
f 2760//3275 2580//3132 2623//3276
f 2402//3277 2760//3275 2623//3276
f 2810//3278 2402//3277 2623//3276
f 2747//3279 2624//3280 2746//3281
f 2744//2946 2747//3279 2654//2947
f 2746//3281 2624//3280 2742//3282
f 2747//3279 2744//2946 2624//3280
f 2877//3089 2746//3281 2742//3282
f 2878//3283 2877//3089 2742//3282
f 2751//3284 2756//3285 2750//3286
f 2751//3284 2755//3287 2756//3285
f 2751//3284 2752//2980 2755//3287
f 2750//3286 2756//3285 2753//3288
f 2752//2980 2652//2979 2755//3287
f 2870//3289 2750//3286 2753//3288
f 2870//3290 2872//3291 2750//3286
f 2869//3292 2870//3289 2753//3288
f 2629//2942 2640//3293 2371//2943
f 2770//3294 2862//3295 2629//2942
f 2640//3293 2625//3296 2371//2943
f 2862//3295 2800//3297 2629//2942
f 2629//2942 2800//3297 2640//3293
f 2625//3296 2373//2984 2371//2943
f 2625//3296 2626//2981 2373//2984
f 2625//3296 2799//3298 2626//2981
f 2626//2981 2627//3299 2765//3300
f 2626//2981 2860//3301 2627//3299
f 2799//3298 2860//3301 2626//2981
f 2418//3030 2559//3302 2570//3117
f 2413//3021 2559//3302 2418//3030
f 2570//3117 2559//3302 2572//3118
f 2572//3118 2564//3303 2573//3119
f 2559//3302 2564//3303 2572//3118
f 2573//3119 2564//3303 2920//2844
f 2763//3304 2627//3299 2762//3305
f 2628//2982 2765//3300 2763//3304
f 2763//3304 2765//3300 2627//3299
f 2628//2982 2626//2981 2765//3300
f 2807//3306 2762//3305 2627//3299
f 2804//3307 2807//3306 2627//3299
f 2629//2942 2767//3308 2769//3309
f 2769//3309 2767//3308 2766//3310
f 2629//2942 2768//2945 2767//3308
f 2797//3311 2769//3309 2766//3310
f 2797//3311 2862//3295 2769//3309
f 2379//2970 2630//3237 2720//3236
f 2595//3193 2379//2970 2594//2913
f 2403//3011 2630//3237 2379//2970
f 2890//3312 2379//2970 2595//3193
f 2890//3312 2403//3011 2379//2970
f 2889//3189 2596//3188 2380//2972
f 2887//3313 2380//2972 2731//3314
f 2887//3313 2889//3189 2380//2972
f 2668//2916 2380//2972 2596//3188
f 2376//2954 2598//3167 2597//2909
f 2820//3168 2598//3167 2376//2954
f 2613//3233 2376//2954 2717//3231
f 2562//3097 2376//2954 2613//3233
f 2562//3097 2820//3168 2376//2954
f 2670//2952 2721//3315 2723//3316
f 2599//3178 2670//2952 2600//2910
f 2817//3317 2721//3315 2670//2952
f 2883//3180 2817//3317 2670//2952
f 2883//3180 2670//2952 2599//3178
f 2616//2971 2592//3192 2671//2912
f 2827//3318 2592//3192 2616//2971
f 2405//3013 2616//2971 2615//3235
f 2405//3013 2827//3318 2616//2971
f 2618//2968 2703//3319 2705//3320
f 2589//3195 2618//2968 2672//2908
f 2829//3321 2703//3319 2618//2968
f 2825//3194 2829//3321 2618//2968
f 2825//3194 2618//2968 2589//3195
f 2614//3234 2719//3232 2718//2955
f 2893//3170 2614//3234 2718//2955
f 2893//3170 2718//2955 2593//3156
f 2718//2955 2367//2906 2593//3156
f 2824//3185 2590//3184 2675//2956
f 2713//3322 2675//2956 2617//3238
f 2714//3323 2824//3185 2675//2956
f 2714//3323 2675//2956 2713//3322
f 2676//2903 2675//2956 2590//3184
f 2837//3211 2631//3209 2378//2966
f 2588//3200 2378//2966 2366//2902
f 2901//3324 2837//3211 2378//2966
f 2901//3324 2378//2966 2588//3200
f 2673//2969 2589//3195 2674//2904
f 2832//3196 2589//3195 2673//2969
f 2897//3325 2673//2969 2701//3326
f 2897//3325 2832//3196 2673//2969
f 2696//2958 2602//3174 2365//2897
f 2899//3172 2602//3174 2696//2958
f 2563//3206 2696//2958 2697//3204
f 2563//3206 2899//3172 2696//2958
f 2712//2957 2708//3327 2711//3328
f 2707//3329 2708//3327 2712//2957
f 2590//3184 2712//2957 2591//2899
f 2894//3186 2707//3329 2712//2957
f 2894//3186 2712//2957 2590//3184
f 2836//3330 2601//3199 2585//2901
f 2836//3330 2585//2901 2677//2967
f 2632//3210 2677//2967 2604//3208
f 2903//3212 2677//2967 2632//3210
f 2903//3212 2836//3330 2677//2967
f 2680//2974 2688//3331 2689//3224
f 2909//3332 2688//3331 2680//2974
f 2912//3201 2909//3332 2680//2974
f 2912//3201 2680//2974 2582//3202
f 2680//2974 2584//2900 2582//3202
f 2898//3207 2633//3205 2695//2959
f 2834//3175 2587//2895 2586//3176
f 2834//3175 2898//3207 2695//2959
f 2834//3175 2695//2959 2587//2895
f 2835//3182 2583//3181 2607//2960
f 2831//3333 2607//2960 2694//3334
f 2831//3333 2835//3182 2607//2960
f 2364//2896 2607//2960 2583//3181
f 2634//2965 2684//3335 2685//3336
f 2778//3337 2684//3335 2634//2965
f 2845//3338 2778//3337 2634//2965
f 2845//3338 2634//2965 2581//2964
f 2845//3338 2581//2964 2579//3131
f 2916//3339 2845//3338 2579//3131
f 2611//2975 2582//3202 2681//2894
f 2611//2975 2911//3203 2582//3202
f 2910//3340 2911//3203 2611//2975
f 2910//3340 2611//2975 2687//3341
f 2910//3340 2687//3341 2686//3342
f 2841//3343 2910//3340 2686//3342
f 2913//3344 2838//3345 2576//3123
f 2913//3344 2576//3123 2362//2890
f 2913//3344 2362//2890 2635//2962
f 2914//3346 2913//3344 2635//2962
f 2914//3346 2635//2962 2682//3347
f 2679//2961 2678//2892 2583//3181
f 2904//3348 2843//3349 2690//3350
f 2904//3348 2690//3350 2691//3217
f 2904//3348 2691//3217 2679//2961
f 2905//3183 2679//2961 2583//3181
f 2905//3183 2904//3348 2679//2961
f 2628//2982 2636//3351 2637//2983
f 2801//3352 2625//3296 2636//3351
f 2809//3353 2636//3351 2764//3354
f 2809//3353 2801//3352 2636//3351
f 2637//2983 2636//3351 2625//3296
f 2798//3355 2639//3356 2768//2945
f 2861//3357 2798//3355 2768//2945
f 2861//3357 2768//2945 2640//3293
f 2768//2945 2638//2944 2640//3293
f 2810//3278 2623//3276 2580//3132
f 2868//3358 2641//3134 2642//3359
f 2868//3358 2810//3278 2580//3132
f 2868//3358 2580//3132 2641//3134
f 2808//3360 2643//3361 2370//3133
f 2808//3360 2370//3133 2761//3135
f 2402//3277 2761//3135 2760//3275
f 2402//3277 2808//3360 2761//3135
f 2645//3362 2646//3363 2644//2941
f 2645//3362 2644//2941 2759//2940
f 2863//3364 2759//2940 2758//3272
f 2863//3364 2645//3362 2759//2940
f 2648//2939 2647//2924 2649//3365
f 2865//3274 2757//3273 2648//2939
f 2867//3366 2865//3274 2648//2939
f 2867//3366 2648//2939 2649//3365
f 2873//3367 2651//3368 2752//2980
f 2749//3369 2752//2980 2751//3284
f 2871//3370 2873//3367 2752//2980
f 2871//3370 2752//2980 2749//3369
f 2650//2922 2752//2980 2651//3368
f 2652//2979 2754//3371 2755//3287
f 2812//3372 2754//3371 2652//2979
f 2874//3373 2812//3372 2652//2979
f 2874//3373 2652//2979 2651//3368
f 2652//2979 2653//2928 2651//3368
f 2654//2947 2658//3374 2655//2919
f 2875//3375 2658//3374 2654//2947
f 2745//3376 2654//2947 2748//3377
f 2802//3378 2654//2947 2745//3376
f 2802//3378 2875//3375 2654//2947
f 2744//2946 2657//2918 2656//3379
f 2741//3380 2743//3381 2744//2946
f 2876//3382 2741//3380 2744//2946
f 2876//3382 2744//2946 2658//3374
f 2744//2946 2656//3379 2658//3374
f 2818//3260 2738//3258 2381//2976
f 2660//3383 2381//2976 2659//2977
f 2813//3384 2818//3260 2381//2976
f 2813//3384 2381//2976 2660//3383
f 2620//2948 2661//3385 2662//2949
f 2811//3386 2661//3385 2620//2948
f 2740//3387 2811//3386 2620//2948
f 2740//3387 2620//2948 2619//3254
f 2664//3388 2374//2951 2663//2950
f 2879//3256 2739//3255 2374//2951
f 2816//3389 2879//3256 2374//2951
f 2816//3389 2374//2951 2664//3388
f 2737//2978 2666//3390 2665//2920
f 2882//3391 2666//3390 2737//2978
f 2821//3259 2737//2978 2621//3257
f 2821//3259 2882//3391 2737//2978
f 2736//2973 2732//3392 2734//3270
f 2885//3393 2732//3392 2736//2973
f 2888//3187 2885//3393 2736//2973
f 2888//3187 2736//2973 2596//3188
f 2736//2973 2667//2917 2596//3188
f 2819//3179 2599//3178 2375//2953
f 2727//3394 2375//2953 2728//3262
f 2724//3395 2375//2953 2727//3394
f 2724//3395 2819//3179 2375//2953
f 2669//2911 2375//2953 2599//3178
f 2794//3396 2914//3346 2682//3347
f 2794//3396 2682//3347 2852//3397
f 2682//3347 2683//3398 2852//3397
f 2683//3398 2849//3399 2852//3397
f 2635//2962 2683//3398 2682//3347
f 2778//3337 2779//3400 2856//3401
f 2778//3337 2856//3401 2684//3335
f 2857//3402 2684//3335 2856//3401
f 2857//3402 2685//3336 2684//3335
f 2686//3342 2609//3225 2906//3228
f 2906//3228 2841//3343 2686//3342
f 2686//3342 2687//3341 2609//3225
f 2609//3225 2687//3341 2610//3223
f 2610//3223 2687//3341 2611//2975
f 2688//3331 2908//3230 2612//3226
f 2688//3331 2909//3332 2908//3230
f 2612//3226 2689//3224 2688//3331
f 2690//3350 2843//3349 2842//3221
f 2605//3215 2690//3350 2842//3221
f 2690//3350 2605//3215 2608//3214
f 2608//3214 2691//3217 2690//3350
f 2694//3334 2692//3403 2831//3333
f 2828//3218 2692//3403 2693//3213
f 2692//3403 2694//3334 2693//3213
f 2693//3213 2694//3334 2606//3216
f 2694//3334 2607//2960 2606//3216
f 2698//3252 2897//3325 2699//3250
f 2699//3250 2897//3325 2701//3326
f 2700//3247 2699//3250 2701//3326
f 2700//3247 2701//3326 2673//2969
f 2702//3249 2703//3319 2704//3253
f 2703//3319 2829//3321 2704//3253
f 2702//3249 2706//3248 2703//3319
f 2706//3248 2705//3320 2703//3319
f 2618//2968 2705//3320 2706//3248
f 2823//3246 2708//3327 2707//3329
f 2823//3246 2709//3241 2708//3327
f 2711//3328 2708//3327 2709//3241
f 2709//3241 2710//3239 2711//3328
f 2710//3239 2712//2957 2711//3328
f 2715//3242 2895//3245 2714//3323
f 2715//3242 2714//3323 2713//3322
f 2713//3322 2716//3240 2715//3242
f 2716//3240 2713//3322 2617//3238
f 2722//3264 2721//3315 2884//3265
f 2721//3315 2817//3317 2884//3265
f 2721//3315 2722//3264 2622//3263
f 2721//3315 2622//3263 2723//3316
f 2622//3263 2670//2952 2723//3316
f 2561//3096 2725//3404 2726//3261
f 2726//3261 2725//3404 2727//3394
f 2727//3394 2725//3404 2724//3395
f 2727//3394 2728//3262 2726//3261
f 2729//3268 2887//3313 2731//3314
f 2886//3271 2887//3313 2729//3268
f 2731//3314 2730//3266 2729//3268
f 2380//2972 2730//3266 2731//3314
f 2404//3009 2733//3269 2885//3393
f 2732//3392 2885//3393 2733//3269
f 2735//3267 2734//3270 2732//3392
f 2735//3267 2732//3392 2733//3269
f 2560//3093 2740//3387 2619//3254
f 2878//3283 2742//3282 2741//3380
f 2743//3381 2741//3380 2742//3282
f 2624//3280 2744//2946 2743//3381
f 2624//3280 2743//3381 2742//3282
f 2746//3281 2802//3378 2745//3376
f 2746//3281 2877//3089 2802//3378
f 2747//3279 2746//3281 2745//3376
f 2745//3376 2748//3377 2747//3279
f 2747//3279 2748//3377 2654//2947
f 2750//3286 2872//3291 2871//3370
f 2750//3286 2871//3370 2749//3369
f 2749//3369 2751//3284 2750//3286
f 2869//3292 2754//3371 2812//3372
f 2869//3292 2753//3288 2754//3371
f 2753//3288 2756//3285 2754//3371
f 2756//3285 2755//3287 2754//3371
f 2758//3272 2558//3091 2863//3364
f 2762//3305 2809//3353 2764//3354
f 2809//3353 2762//3305 2807//3306
f 2764//3354 2763//3304 2762//3305
f 2763//3304 2764//3354 2628//2982
f 2636//3351 2628//2982 2764//3354
f 2860//3301 2804//3307 2627//3299
f 2639//3356 2798//3355 2766//3310
f 2798//3355 2797//3311 2766//3310
f 2766//3310 2767//3308 2639//3356
f 2767//3308 2768//2945 2639//3356
f 2769//3309 2862//3295 2770//3294
f 2769//3309 2770//3294 2629//2942
f 2839//3126 2576//3123 2838//3345
f 2840//3130 2916//3339 2579//3131
f 2836//3330 2902//3197 2601//3199
f 2901//3324 2588//3200 2900//3198
f 2827//3318 2826//3190 2592//3192
f 2890//3312 2595//3193 2891//3191
f 2882//3391 2815//3405 2666//3390
f 2881//3406 2660//3383 2815//3405
f 2815//3405 2660//3383 2666//3390
f 2813//3384 2660//3383 2881//3406
f 2816//3389 2664//3388 2814//3407
f 2664//3388 2661//3385 2814//3407
f 2661//3385 2880//3408 2814//3407
f 2811//3386 2880//3408 2661//3385
f 2874//3373 2651//3368 2873//3367
f 2658//3374 2875//3375 2876//3382
f 2645//3362 2864//3409 2646//3363
f 2649//3365 2646//3363 2866//3410
f 2646//3363 2864//3409 2866//3410
f 2805//3411 2649//3365 2866//3410
f 2867//3366 2649//3365 2805//3411
f 2808//3360 2806//3412 2643//3361
f 2803//3413 2642//3359 2806//3412
f 2806//3412 2642//3359 2643//3361
f 2868//3358 2642//3359 2803//3413
f 2801//3352 2799//3298 2625//3296
f 2640//3293 2800//3297 2861//3357
f 2640//3293 2644//3414 2646//3415
f 2638//2929 2644//2926 2640//3416
f 2642//3417 2641//3418 2625//3296
f 2641//2933 2637//2936 2625//3419
f 2647//2924 2655//2919 2649//3365
f 2655//2919 2658//3420 2649//3365
f 2643//3421 2651//3422 2370//3423
f 2651//3424 2653//2928 2370//2931
f 2662//2915 2661//3425 2656//3379
f 2656//3426 2661//3427 2658//3428
f 2651//3429 2659//2921 2650//2922
f 2660//3430 2659//3431 2651//3422
f 2669//2911 2599//3161 2664//3432
f 2596//3433 2667//2917 2666//3390
f 2666//3390 2667//2917 2665//2920
f 2646//3415 2625//3296 2640//3293
f 2642//3417 2625//3296 2646//3415
f 2649//3365 2643//3421 2646//3434
f 2646//3415 2643//3435 2642//3417
f 2658//3420 2643//3421 2649//3365
f 2643//3421 2658//3420 2651//3422
f 2651//3422 2658//3420 2660//3430
f 2661//3427 2596//3159 2658//3428
f 2660//3430 2596//3433 2666//3390
f 2664//3432 2596//3159 2661//3427
f 2658//3420 2596//3433 2660//3430
f 2664//3432 2663//2914 2669//2911
f 2598//3162 2596//3159 2599//3161
f 2664//3432 2599//3161 2596//3159
f 2794//3396 2772//3436 2914//3346
f 2795//3437 2772//3436 2794//3396
f 2771//3438 2928//3439 2795//3437
f 2928//3439 2927//3440 2795//3437
f 2915//3121 2575//3125 2771//3438
f 2771//3438 2575//3125 2928//3439
f 2795//3437 2921//3441 2772//3436
f 2927//3440 2921//3441 2795//3437
f 2917//3442 2575//3125 2578//3128
f 2927//3440 2355//3443 2921//3441
f 2355//3443 2777//3444 2921//3441
f 2917//3442 2773//3445 2575//3125
f 2774//3446 2775//3447 2772//3436
f 2927//3440 2776//3448 2355//3443
f 2355//3443 2776//3448 2361//2884
f 2777//3444 2360//2882 2921//3441
f 2773//3445 2917//3442 2923//3449
f 2361//2884 2360//2882 2777//3444
f 2922//3450 2775//3447 2774//3446
f 2360//2882 2357//3451 2922//3450
f 2923//3449 2358//3452 2776//3448
f 2917//3442 2793//3453 2923//3449
f 2357//3451 2356//3454 2922//3450
f 2358//3452 2782//3455 2776//3448
f 2356//3454 2775//3447 2922//3450
f 2360//2882 2359//3456 2357//3451
f 2782//3455 2780//3457 2776//3448
f 2357//3451 2359//3456 2783//3458
f 2785//3459 2929//3460 2782//3455
f 2781//3461 2929//3460 2785//3459
f 2783//3458 2934//3462 2356//3454
f 2784//3463 2934//3462 2783//3458
f 2782//3455 2929//3460 2780//3457
f 2359//3456 2784//3463 2783//3458
f 2358//3452 2781//3461 2785//3459
f 2356//3454 2934//3462 2775//3447
f 2923//3449 2781//3461 2358//3452
f 2793//3453 2781//3461 2923//3449
f 2775//3447 2934//3462 2786//3464
f 2779//3400 2781//3461 2793//3453
f 2779//3400 2932//2864 2781//3461
f 2354//3465 2353//3466 2359//3456
f 2780//3457 2929//3460 2359//3456
f 2929//3460 2354//3465 2359//3456
f 2359//3456 2353//3466 2784//3463
f 2929//3460 2787//3467 2354//3465
f 2929//3460 2931//3468 2787//3467
f 2787//3467 2790//3469 2353//3466
f 2353//3466 2790//3469 2784//3463
f 2931//3468 2790//3469 2787//3467
f 2779//3400 2846//3470 2930//3471
f 2790//3469 2789//3472 2788//3473
f 2930//3471 2789//3472 2931//3468
f 2846//3470 2789//3472 2930//3471
f 2931//3468 2789//3472 2790//3469
f 2575//3125 2773//3445 2925//3474
f 2925//3474 2773//3445 2792//3475
f 2772//3436 2775//3476 2564//3101
f 2786//3477 2796//3477 2775//3477
f 2796//3478 2786//3464 2788//3479
f 2847//3480 2796//3481 2788//3473
f 2798//3355 2558//3091 2797//3311
f 2797//3311 2558//3091 2413//3482
f 2413//3482 2800//3297 2862//3295
f 2798//3355 2863//3364 2558//3091
f 2799//3298 2801//3352 2800//3297
f 2800//3297 2801//3352 2861//3357
f 2861//3357 2864//3409 2645//3362
f 2865//3274 2802//3378 2877//3089
f 2865//3274 2877//3089 2558//3091
f 2801//3352 2803//3413 2861//3357
f 2861//3357 2803//3413 2864//3409
f 2801//3352 2868//3358 2803//3413
f 2413//3482 2400//3007 2800//3297
f 2800//3297 2400//3007 2799//3298
f 2400//3007 2860//3301 2799//3298
f 2400//3007 2804//3307 2860//3301
f 2803//3413 2866//3410 2864//3409
f 2803//3413 2806//3412 2866//3410
f 2878//3283 2560//3483 2877//3089
f 2805//3411 2875//3375 2867//3366
f 2866//3410 2806//3412 2805//3411
f 2400//3007 2402//3006 2804//3307
f 2741//3380 2560//3483 2878//3283
f 2805//3411 2874//3373 2875//3375
f 2806//3412 2874//3373 2805//3411
f 2808//3360 2874//3373 2806//3412
f 2807//3306 2810//3278 2809//3353
f 2402//3277 2810//3278 2807//3306
f 2876//3382 2880//3408 2811//3386
f 2875//3375 2873//3367 2876//3382
f 2874//3373 2873//3367 2875//3375
f 2725//3404 2561//3096 2879//3256
f 2879//3256 2561//3096 2560//3093
f 2402//3277 2869//3292 2812//3372
f 2879//3256 2724//3395 2725//3404
f 2873//3367 2881//3406 2876//3382
f 2876//3382 2881//3406 2880//3408
f 2873//3367 2813//3384 2881//3406
f 2402//3277 2870//3289 2869//3292
f 2881//3406 2815//3405 2880//3408
f 2880//3408 2815//3405 2814//3407
f 2814//3407 2819//3179 2816//3389
f 2884//3265 2562//3097 2561//3096
f 2817//3317 2562//3097 2884//3265
f 2872//3291 2818//3260 2871//3370
f 2814//3407 2888//3187 2819//3179
f 2815//3405 2888//3187 2814//3407
f 2882//3391 2888//3187 2815//3405
f 2870//3290 2818//3260 2872//3291
f 2883//3180 2822//3169 2820//3168
f 2819//3179 2889//3189 2883//3180
f 2888//3187 2889//3189 2819//3179
f 2614//3234 2714//3323 2895//3245
f 2614//3234 2895//3245 2562//3097
f 2818//3260 2404//3009 2821//3259
f 2870//3290 2404//3009 2818//3260
f 2821//3259 2404//3009 2885//3393
f 2883//3180 2891//3191 2822//3169
f 2889//3189 2891//3191 2883//3180
f 2895//3245 2559//3244 2562//3097
f 2889//3189 2890//3312 2891//3191
f 2891//3191 2826//3190 2822//3169
f 2822//3169 2826//3190 2892//3171
f 2892//3171 2824//3185 2893//3170
f 2707//3329 2563//3206 2823//3246
f 2823//3246 2563//3206 2559//3243
f 2886//3271 2403//3011 2887//3313
f 2892//3171 2825//3194 2824//3185
f 2826//3190 2825//3194 2892//3171
f 2827//3318 2825//3194 2826//3190
f 2898//3207 2828//3218 2563//3206
f 2898//3207 2692//3403 2828//3218
f 2894//3186 2830//3173 2899//3172
f 2405//3013 2704//3253 2829//3321
f 2898//3207 2831//3333 2692//3403
f 2825//3194 2832//3196 2824//3185
f 2824//3185 2832//3196 2894//3186
f 2828//3218 2565//3220 2563//3206
f 2894//3186 2900//3198 2830//3173
f 2832//3196 2900//3198 2894//3186
f 2832//3196 2901//3324 2900//3198
f 2405//3013 2896//3251 2704//3253
f 2405//3484 2698//3252 2896//3251
f 2900//3198 2902//3197 2830//3173
f 2830//3173 2902//3197 2603//3177
f 2603//3177 2835//3182 2834//3175
f 2902//3197 2836//3330 2603//3177
f 2836//3330 2912//3201 2603//3177
f 2603//3177 2912//3201 2835//3182
f 2698//3252 2837//3211 2897//3325
f 2912//3201 2905//3183 2835//3182
f 2904//3348 2838//3345 2913//3344
f 2905//3183 2839//3126 2838//3345
f 2912//3201 2911//3203 2905//3183
f 2406//3485 2908//3230 2909//3332
f 2698//3252 2406//3486 2837//3211
f 2837//3211 2406//3486 2903//3212
f 2905//3183 2840//3130 2839//3126
f 2911//3203 2840//3130 2905//3183
f 2911//3203 2916//3339 2840//3130
f 2839//3126 2844//3127 2577//3124
f 2840//3130 2844//3127 2839//3126
f 2406//3485 2407//3227 2908//3230
f 2908//3230 2407//3227 2907//3229
f 2916//3339 2910//3340 2845//3338
f 2911//3203 2910//3340 2916//3339
f 2909//3332 2912//3201 2836//3330
f 2828//3218 2833//3219 2565//3220
f 2835//3182 2831//3333 2834//3175
f 2904//3348 2905//3183 2838//3345
f 2807//3306 2804//3307 2402//3277
f 2801//3352 2809//3353 2868//3358
f 2798//3355 2861//3357 2645//3362
f 2862//3295 2797//3311 2413//3482
f 2645//3362 2863//3364 2798//3355
f 2865//3274 2867//3366 2802//3378
f 2810//3278 2868//3358 2809//3353
f 2808//3360 2402//3277 2812//3372
f 2812//3372 2874//3373 2808//3360
f 2873//3367 2871//3370 2813//3384
f 2875//3375 2802//3378 2867//3366
f 2741//3380 2876//3382 2811//3386
f 2879//3256 2816//3389 2724//3395
f 2811//3386 2560//3483 2741//3380
f 2818//3260 2813//3384 2871//3370
f 2882//3391 2821//3259 2885//3393
f 2819//3179 2724//3395 2816//3389
f 2817//3317 2883//3180 2820//3168
f 2885//3393 2888//3187 2882//3391
f 2886//3271 2404//3009 2403//3011
f 2889//3189 2887//3313 2890//3312
f 2403//3011 2890//3312 2887//3313
f 2827//3318 2405//3013 2829//3321
f 2820//3168 2562//3097 2817//3317
f 2614//3234 2893//3170 2714//3323
f 2824//3185 2714//3323 2893//3170
f 2707//3329 2894//3186 2899//3172
f 2829//3321 2825//3194 2827//3318
f 2832//3196 2897//3325 2901//3324
f 2898//3207 2834//3175 2831//3333
f 2899//3172 2563//3206 2707//3329
f 2837//3211 2901//3324 2897//3325
f 2836//3330 2406//3485 2909//3332
f 2910//3340 2841//3343 2845//3338
f 2906//3228 2778//3337 2841//3343
f 2841//3343 2778//3337 2845//3338
f 2407//3227 2778//3337 2906//3228
f 2844//3127 2575//3125 2577//3124
f 2844//3127 2578//3128 2575//3125
f 2904//3348 2913//3344 2843//3349
f 2843//3349 2914//3346 2842//3221
f 2842//3221 2914//3346 2565//3222
f 2913//3344 2914//3346 2843//3349
f 2377//3120 2855//3487 2854//3129
f 2634//2965 2857//3402 2855//3487
f 2634//2965 2855//3487 2377//3120
f 2634//2965 2685//3336 2857//3402
f 2683//3398 2850//3488 2849//3399
f 2635//2962 2850//3488 2683//3398
f 2377//3120 2853//3122 2850//3488
f 2377//3120 2850//3488 2635//2962
f 2568//3111 2350//2860 2330//2842
f 2846//3489 2568//3111 2330//2842
f 2847//3490 2846//3489 2330//2842
f 2847//3490 2330//2842 2329//2841
f 2847//3490 2329//2841 2323//3491
f 2796//3492 2323//2828 2326//2835
f 2796//3493 2847//3490 2323//3491
f 2775//3494 2796//3492 2326//2835
f 2775//3494 2326//2835 2324//3495
f 2564//3303 2775//3494 2324//3495
f 2564//3303 2324//3495 2920//2844
f 2329//2841 3085//2843 2323//3491
f 3085//2843 2848//3496 2323//3497
f 2323//2828 2848//3496 2321//2823
f 2352//2862 2350//2860 2568//3111
f 2564//3101 2565//3100 2914//3346
f 2914//3346 2772//3436 2564//3101
f 2789//3472 2847//3480 2788//3473
f 2789//3498 2846//3498 2847//3498
f 2568//3499 2846//3470 2779//3400
f 2779//3400 2778//3337 2568//3499
f 2407//3227 2568//3499 2778//3337
f 2407//3227 2406//3485 2568//3499
f 2794//3396 2852//3397 2795//3437
f 2852//3397 2851//3500 2795//3437
f 2795//3437 2851//3500 2850//3488
f 2771//3438 2795//3437 2850//3488
f 2771//3438 2850//3488 2853//3122
f 2915//3121 2771//3438 2853//3122
f 2851//3500 2849//3399 2850//3488
f 2852//3397 2849//3399 2851//3500
f 2779//3400 2793//3453 2856//3401
f 2856//3401 2793//3453 2859//3501
f 2917//3442 2578//3128 2854//3129
f 2917//3442 2854//3129 2855//3487
f 2917//3442 2855//3487 2858//3502
f 2917//3442 2858//3502 2859//3501
f 2793//3453 2917//3442 2859//3501
f 2859//3501 2857//3402 2856//3401
f 2858//3502 2857//3402 2859//3501
f 2858//3502 2855//3487 2857//3402
f 2740//3387 2560//3093 2811//3386
f 2903//3212 2406//3486 2836//3330
f 2361//2884 2776//3448 2340//2852
f 2776//3448 2780//3503 2340//2852
f 2340//3504 2780//3505 2342//2855
f 2342//2855 2780//3505 2339//2856
f 2780//3506 2359//2881 2339//3507
f 2339//3507 2359//2881 2335//2883
f 2358//2879 2785//3508 2348//2880
f 2348//2880 2785//3508 2346//2876
f 2785//3508 2782//2877 2346//2876
f 2333//2874 2357//2875 2331//3509
f 2357//2875 2783//3510 2331//3509
f 2331//3509 2783//3510 2328//2872
f 2783//3510 2356//2873 2328//2872
f 2338//2849 2355//2871 2341//2853
f 2355//2871 2361//3511 2341//2853
f 2341//2853 2361//3511 2336//2869
f 2361//3511 2777//2870 2336//2869
f 2339//2850 2354//2868 2344//3512
f 2354//2868 2787//2866 2344//3512
f 2344//3512 2787//2866 2337//2848
f 2334//3513 2360//2882 2332//3514
f 2921//3441 2360//2882 2334//3513
f 2327//3515 2772//3436 2334//3513
f 2772//3436 2921//3441 2334//3513
f 2325//3516 2774//3446 2327//3515
f 2774//3446 2772//3436 2327//3515
f 2922//3450 2774//3446 2325//3516
f 2332//3514 2922//3450 2325//3516
f 2360//2882 2922//3450 2332//3514
f 2773//3445 2923//3449 2792//3475
f 2923//3449 2924//3517 2792//3475
f 2923//3449 2776//3448 2924//3517
f 2928//3518 2575//3125 2925//3474
f 2926//3519 2927//3440 2925//3474
f 2927//3440 2928//3518 2925//3474
f 2924//3517 2927//3440 2926//3519
f 2776//3448 2927//3440 2924//3517
f 2925//3474 2924//3520 2926//3519
f 2925//3474 2792//3475 2924//3520
f 2343//3521 2929//3460 2342//3522
f 2931//3468 2929//3460 2343//3521
f 2930//3471 2931//3468 2343//3521
f 2932//2864 2930//3471 2349//2865
f 2349//2865 2930//3471 2343//3521
f 2781//3461 2932//2864 2351//2863
f 2342//3522 2781//3461 2351//2863
f 2929//3460 2781//3461 2342//3522
f 2933//3523 2784//3463 2791//3524
f 2934//3462 2784//3463 2933//3523
f 2786//3464 2934//3462 2933//3523
f 2935//3525 2788//3479 2933//3523
f 2788//3479 2786//3464 2933//3523
f 2936//3526 2790//3469 2935//3525
f 2790//3469 2788//3479 2935//3525
f 2791//3524 2790//3469 2936//3526
f 2784//3463 2790//3469 2791//3524
f 2791//3520 2935//3525 2933//3523
f 2936//3526 2935//3525 2791//3520
f 2932//2864 2779//3400 2930//3471
f 2400//3003 2385//2995 2569//3527
f 2422//3528 2368//2925 2937//3529
f 2953//2991 2419//3026 2416//3022
f 2938//3530 2958//3531 2567//3109
f 2567//3109 2958//3531 2939//3107
f 2958//3531 2940//3532 2939//3107
f 3029//3533 3026//3534 2431//3535
f 3026//3534 2437//3536 2431//3535
f 2431//3535 2940//3532 2958//3531
f 2431//3535 2958//3531 3029//3533
f 2956//3105 2955//3106 2959//3537
f 2959//3537 2955//3106 2940//3532
f 2955//3106 2939//3107 2940//3532
f 2956//3105 2959//3537 2942//3103
f 2942//3103 2959//3537 2957//3538
f 2941//3104 2942//3103 2960//3539
f 2960//3539 2942//3103 2957//3538
f 2427//3540 3038//3541 2426//3542
f 3027//3543 3030//3544 2426//3542
f 3038//3541 3027//3543 2426//3542
f 3032//3545 3035//3546 2960//3539
f 2960//3539 3035//3546 2941//3104
f 3035//3546 2943//3108 2941//3104
f 3035//3546 2944//3547 2943//3108
f 2960//3539 2426//3542 3032//3545
f 3032//3545 2426//3542 3030//3544
f 3035//3546 2417//3027 2945//3028
f 3035//3546 2945//3028 2944//3547
f 2949//3548 2947//3110 2412//3019
f 2946//3018 2412//3019 2395//2999
f 2948//3549 2412//3019 2962//3020
f 2949//3548 2412//3019 2948//3549
f 2947//3110 2395//2999 2412//3019
f 2368//2925 2384//2989 2937//3529
f 2384//2989 2952//2992 2422//3031
f 2426//3542 2957//3538 2959//3537
f 2431//3535 2426//3542 2959//3537
f 2958//3531 2938//3530 2962//3020
f 3036//3017 2958//3531 2962//3020
f 2940//3532 2431//3535 2959//3537
f 2960//3539 2957//3538 2426//3542
f 2961//3550 2938//3530 2964//3551
f 2962//3020 2938//3530 2961//3550
f 2567//3109 2967//3552 2964//3551
f 2567//3109 2964//3551 2938//3530
f 2963//3553 2962//3020 2961//3550
f 2567//3109 2963//3553 2967//3552
f 2947//3110 2963//3553 2567//3109
f 2947//3110 2962//3020 2963//3553
f 2990//3554 2991//3555 3052//3556
f 2990//3554 3052//3556 2988//3557
f 2995//3558 2994//3559 2945//3028
f 2944//3547 2945//3028 2994//3559
f 2993//3560 2944//3547 2994//3559
f 2950//3029 2995//3558 2945//3028
f 2992//3561 2995//3558 2950//3029
f 2943//3108 2944//3547 2993//3560
f 2943//3108 2993//3560 2992//3561
f 2943//3108 2992//3561 2950//3029
f 3022//3562 3021//3563 3018//3564
f 3021//3563 3022//3562 3020//3565
f 3046//3088 3023//3087 3047//3566
f 3047//3566 2556//3567 3048//3568
f 2556//3567 2557//3569 3048//3568
f 3023//3087 2555//3570 3047//3566
f 3047//3566 2555//3570 2556//3567
f 3045//3571 2555//3570 3023//3087
f 3048//3568 2557//3569 3050//3572
f 2555//3570 3045//3571 2499//3573
f 2556//3567 2555//3570 2470//3574
f 3045//3571 3024//3575 2499//3573
f 2557//3569 2470//3576 3050//3572
f 2555//3570 2497//3577 2470//3574
f 2499//3573 3024//3575 2497//3577
f 2470//3576 3037//3578 3050//3572
f 2497//3577 3025//3579 2470//3574
f 2497//3577 3024//3575 3025//3579
f 3037//3578 3026//3534 3050//3572
f 3024//3580 3027//3543 3025//3579
f 3026//3534 3029//3533 3050//3581
f 3029//3582 3028//3583 3050//3572
f 3024//3575 3044//3584 3027//3543
f 3029//3533 3049//3585 3028//3583
f 3027//3543 3034//3586 3030//3544
f 3044//3584 3034//3586 3027//3543
f 3029//3533 3031//3587 3049//3585
f 3031//3587 3033//3588 3049//3585
f 3034//3586 3032//3545 3030//3544
f 3033//3588 3031//3587 3051//3589
f 3034//3586 3041//3590 3032//3545
f 3031//3587 2958//3531 3051//3591
f 3041//3590 3035//3546 3032//3545
f 3041//3590 2415//3024 3035//3546
f 3051//3591 2958//3531 3036//3017
f 2415//3024 2417//3027 3035//3546
f 3027//3543 3038//3541 3025//3579
f 3029//3533 2958//3531 3031//3587
f 3037//3578 3025//3579 2427//3540
f 2437//3536 3037//3578 2427//3540
f 3025//3579 3037//3578 2470//3574
f 3037//3578 2437//3536 3026//3534
f 3025//3579 3038//3541 2427//3540
f 3040//3037 3039//3592 2415//3024
f 2415//3024 3039//3592 2414//3025
f 3039//3592 3040//3037 2414//3025
f 3042//3038 3041//3590 3034//3586
f 3041//3590 3042//3038 3040//3037
f 2415//3024 3041//3590 3040//3593
f 3044//3584 3042//3038 3034//3586
f 3024//3575 3042//3038 3044//3584
f 3024//3575 2428//3594 3042//3038
f 2434//3086 2428//3594 3023//3087
f 3023//3087 2428//3594 3045//3571
f 3045//3571 2428//3594 3024//3575
f 3051//3591 3036//3017 2409//3016
f 2408//3595 3043//3596 2409//3016
f 3051//3597 3043//3596 2408//3595
f 3051//3591 2409//3016 3043//3596
f 3048//3568 2440//3598 3047//3566
f 2440//3598 2434//3086 3047//3566
f 3047//3566 2434//3086 3046//3088
f 3028//3583 3049//3585 2436//3599
f 2436//3599 3050//3572 3028//3583
f 2440//3598 3050//3572 2436//3599
f 2440//3598 3048//3568 3050//3572
f 2408//3600 3033//3588 3051//3589
f 2436//3599 3033//3588 2408//3600
f 2436//3599 3049//3585 3033//3588
f 2443//3601 2447//3602 2441//3058
f 2446//3603 2439//3056 2447//3602
f 2446//3603 2445//3061 2439//3056
f 2444//3604 2443//3601 2445//3061
f 2449//3605 2446//3603 2447//3602
f 2448//3606 2446//3603 2449//3605
f 2452//3607 2444//3604 2450//3608
f 2452//3607 2449//3605 2444//3604
f 2454//3609 2448//3606 2449//3605
f 2454//3609 2450//3608 2448//3606
f 2451//3610 2452//3607 2453//3611
f 2456//3612 2453//3611 2457//3613
f 2456//3612 2451//3610 2453//3611
f 2455//3614 2451//3610 2456//3612
f 2458//3615 2457//3613 2454//3609
f 2460//3616 2456//3612 2457//3613
f 2459//3617 2456//3612 2460//3616
f 2462//3618 2455//3614 2459//3617
f 2462//3618 2458//3615 2455//3614
f 2460//3616 2457//3613 2458//3615
f 2461//3619 2462//3618 2463//3620
f 2469//3063 2461//3619 2466//3621
f 2469//3063 2468//3062 2461//3619
f 2467//3085 2464//3622 2465//3623
f 2466//3621 2464//3622 2467//3085
f 2467//3085 2465//3623 2468//3062
f 2443//3601 2438//3057 2445//3061
f 2443//3601 2441//3058 2438//3057
f 2447//3602 2442//3060 2441//3058
f 2439//3056 2442//3060 2447//3602
f 2444//3604 2447//3602 2443//3601
f 2448//3606 2445//3061 2446//3603
f 2450//3608 2445//3061 2448//3606
f 2450//3608 2444//3604 2445//3061
f 2449//3605 2447//3602 2444//3604
f 2453//3611 2452//3607 2450//3608
f 2451//3610 2449//3605 2452//3607
f 2451//3610 2454//3609 2449//3605
f 2457//3613 2450//3608 2454//3609
f 2457//3613 2453//3611 2450//3608
f 2455//3614 2454//3609 2451//3610
f 2459//3617 2455//3614 2456//3612
f 2455//3614 2458//3615 2454//3609
f 2463//3620 2462//3618 2459//3617
f 2461//3619 2458//3615 2462//3618
f 2461//3619 2460//3616 2458//3615
f 2465//3623 2460//3616 2461//3619
f 2465//3623 2459//3617 2460//3616
f 2464//3622 2459//3617 2465//3623
f 2463//3620 2459//3617 2464//3622
f 2466//3621 2461//3619 2463//3620
f 2468//3062 2465//3623 2461//3619
f 2466//3621 2463//3620 2464//3622
f 2471//3083 2466//3621 2467//3085
f 2469//3063 2466//3621 2471//3083
f 2473//3051 2430//3044 2429//3043
f 2476//3624 2473//3051 2472//3625
f 2476//3624 2433//3048 2473//3051
f 2475//3626 2433//3048 2476//3624
f 2475//3626 2477//3627 2433//3048
f 2474//3628 2472//3625 2477//3627
f 2479//3629 2477//3627 2475//3626
f 2479//3629 2474//3628 2477//3627
f 2482//3630 2474//3628 2479//3629
f 2478//3631 2474//3628 2482//3630
f 2483//3632 2478//3631 2482//3630
f 2483//3632 2481//3633 2478//3631
f 2482//3630 2479//3629 2480//3634
f 2484//3635 2483//3632 2482//3630
f 2487//3636 2483//3632 2484//3635
f 2489//3637 2486//3638 2487//3636
f 2488//3639 2485//3640 2489//3637
f 2489//3637 2485//3640 2486//3638
f 2488//3639 2491//3641 2485//3640
f 2490//3642 2487//3636 2493//3643
f 2494//3080 2493//3643 2496//3067
f 2472//3625 2473//3051 2429//3043
f 2477//3627 2429//3043 2433//3048
f 2472//3625 2429//3043 2477//3627
f 2474//3628 2476//3624 2472//3625
f 2478//3631 2476//3624 2474//3628
f 2478//3631 2475//3626 2476//3624
f 2481//3633 2475//3626 2478//3631
f 2479//3629 2475//3626 2481//3633
f 2480//3634 2479//3629 2481//3633
f 2487//3636 2481//3633 2483//3632
f 2487//3636 2480//3634 2481//3633
f 2486//3638 2480//3634 2487//3636
f 2485//3640 2480//3634 2486//3638
f 2485//3640 2482//3630 2480//3634
f 2485//3640 2484//3635 2482//3630
f 2491//3641 2484//3635 2485//3640
f 2493//3643 2484//3635 2491//3641
f 2493//3643 2487//3636 2484//3635
f 2490//3642 2489//3637 2487//3636
f 2492//3069 2488//3639 2489//3637
f 2492//3069 2491//3641 2488//3639
f 2496//3067 2491//3641 2492//3069
f 2496//3067 2493//3643 2491//3641
f 2494//3080 2490//3642 2493//3643
f 2494//3080 2489//3637 2490//3642
f 2498//3070 2489//3637 2494//3080
f 2498//3070 2492//3069 2489//3637
f 2495//3082 2494//3080 2496//3067
f 2502//3644 2501//3039 2500//3035
f 2504//3645 2501//3039 2502//3644
f 2504//3645 2425//3036 2501//3039
f 2503//3646 2425//3036 2504//3645
f 2506//3647 2424//3034 2503//3646
f 2506//3647 2500//3035 2424//3034
f 2502//3644 2500//3035 2506//3647
f 2509//3648 2507//3649 2505//3650
f 2509//3648 2504//3645 2507//3649
f 2508//3651 2504//3645 2509//3648
f 2508//3651 2503//3646 2504//3645
f 2511//3652 2503//3646 2508//3651
f 2511//3652 2506//3647 2503//3646
f 2511//3652 2505//3650 2506//3647
f 2510//3653 2505//3650 2511//3652
f 2513//3654 2511//3652 2514//3655
f 2512//3656 2511//3652 2513//3654
f 2512//3656 2510//3653 2511//3652
f 2516//3657 2510//3653 2512//3656
f 2521//3658 2513//3654 2518//3659
f 2521//3658 2512//3656 2513//3654
f 2520//3660 2512//3656 2521//3658
f 2522//3661 2518//3659 2519//3662
f 2522//3661 2521//3658 2518//3659
f 2525//3077 2520//3660 2521//3658
f 2525//3077 2517//3663 2520//3660
f 2524//3079 2517//3663 2525//3077
f 2524//3079 2519//3662 2517//3663
f 2554//3076 2519//3662 2524//3079
f 2503//3646 2424//3034 2425//3036
f 2507//3649 2504//3645 2502//3644
f 2505//3650 2502//3644 2506//3647
f 2505//3650 2507//3649 2502//3644
f 2510//3653 2509//3648 2505//3650
f 2514//3655 2511//3652 2508//3651
f 2516//3657 2509//3648 2510//3653
f 2515//3664 2509//3648 2516//3657
f 2515//3664 2508//3651 2509//3648
f 2515//3664 2514//3655 2508//3651
f 2518//3659 2514//3655 2515//3664
f 2513//3654 2514//3655 2518//3659
f 2520//3660 2516//3657 2512//3656
f 2517//3663 2516//3657 2520//3660
f 2517//3663 2515//3664 2516//3657
f 2519//3662 2515//3664 2517//3663
f 2518//3659 2515//3664 2519//3662
f 2554//3076 2522//3661 2519//3662
f 2523//3078 2522//3661 2554//3076
f 2523//3078 2521//3658 2522//3661
f 2525//3077 2521//3658 2523//3078
f 2531//3665 2432//3046 2435//3049
f 2526//3047 2432//3046 2531//3665
f 2529//3666 2435//3049 2527//3050
f 2531//3665 2435//3049 2529//3666
f 2532//3667 2531//3665 2529//3666
f 2534//3668 2530//3669 2535//3670
f 2534//3668 2529//3666 2530//3669
f 2537//3671 2529//3666 2534//3668
f 2538//3672 2534//3668 2535//3670
f 2538//3672 2533//3673 2534//3668
f 2536//3674 2537//3671 2533//3673
f 2540//3675 2535//3670 2536//3674
f 2540//3675 2538//3672 2535//3670
f 2539//3676 2542//3677 2538//3672
f 2545//3678 2540//3675 2546//3679
f 2545//3678 2543//3680 2540//3675
f 2544//3681 2543//3680 2545//3678
f 2552//3682 2546//3679 2547//3683
f 2545//3678 2546//3679 2552//3682
f 2549//3684 2544//3681 2545//3678
f 2547//3683 2544//3681 2549//3684
f 2550//3072 2545//3678 2552//3682
f 2553//3075 2547//3683 2549//3684
f 2553//3075 2548//3074 2547//3683
f 2551//3073 2552//3682 2548//3074
f 2528//3685 2527//3050 2526//3047
f 2528//3685 2526//3047 2531//3665
f 2530//3669 2527//3050 2528//3685
f 2530//3669 2529//3666 2527//3050
f 2532//3667 2528//3685 2531//3665
f 2535//3670 2528//3685 2532//3667
f 2535//3670 2530//3669 2528//3685
f 2537//3671 2532//3667 2529//3666
f 2533//3673 2537//3671 2534//3668
f 2536//3674 2532//3667 2537//3671
f 2536//3674 2535//3670 2532//3667
f 2542//3677 2533//3673 2538//3672
f 2542//3677 2536//3674 2533//3673
f 2541//3686 2536//3674 2542//3677
f 2540//3675 2536//3674 2541//3686
f 2543//3680 2538//3672 2540//3675
f 2539//3676 2538//3672 2543//3680
f 2546//3679 2540//3675 2541//3686
f 2544//3681 2539//3676 2543//3680
f 2544//3681 2542//3677 2539//3676
f 2547//3683 2542//3677 2544//3681
f 2547//3683 2541//3686 2542//3677
f 2546//3679 2541//3686 2547//3683
f 2550//3072 2549//3684 2545//3678
f 2548//3074 2552//3682 2547//3683
f 2551//3073 2550//3072 2552//3682
f 2553//3075 2549//3684 2550//3072
f 2966//3687 2964//3551 2967//3552
f 2968//3688 2963//3553 2965//3689
f 2972//3690 2963//3553 2968//3688
f 2972//3690 2967//3552 2963//3553
f 2969//3691 2967//3552 2972//3690
f 2973//3692 2968//3688 2965//3689
f 2972//3690 2968//3688 2973//3692
f 2975//3693 2971//3694 2969//3691
f 2975//3693 2970//3695 2971//3694
f 2976//3696 2972//3690 2973//3692
f 2977//3697 2970//3695 2975//3693
f 2977//3697 2974//3698 2970//3695
f 2978//3699 2975//3693 2976//3696
f 2977//3697 2975//3693 2978//3699
f 2981//3700 2974//3698 2977//3697
f 2981//3700 2979//3701 2974//3698
f 2983//3702 2977//3697 2978//3699
f 2982//3703 2977//3697 2983//3702
f 2982//3703 2981//3700 2977//3697
f 2985//3704 2981//3700 2982//3703
f 2985//3704 2980//3705 2981//3700
f 2984//3706 2980//3705 2985//3704
f 2984//3706 2978//3699 2980//3705
f 2986//3707 2978//3699 2984//3706
f 2986//3707 2983//3702 2978//3699
f 2985//3704 2982//3703 2983//3702
f 2988//3557 2985//3704 2989//3708
f 2988//3557 2987//3709 2985//3704
f 2988//3557 2989//3708 2990//3554
f 3052//3556 2987//3709 2988//3557
f 3052//3556 2991//3555 2987//3709
f 2966//3687 2961//3550 2964//3551
f 2965//3689 2961//3550 2966//3687
f 2965//3689 2963//3553 2961//3550
f 2969//3691 2966//3687 2967//3552
f 2971//3694 2966//3687 2969//3691
f 2971//3694 2965//3689 2966//3687
f 2970//3695 2965//3689 2971//3694
f 2970//3695 2973//3692 2965//3689
f 2976//3696 2969//3691 2972//3690
f 2975//3693 2969//3691 2976//3696
f 2974//3698 2973//3692 2970//3695
f 2979//3701 2973//3692 2974//3698
f 2979//3701 2976//3696 2973//3692
f 2980//3705 2976//3696 2979//3701
f 2978//3699 2976//3696 2980//3705
f 2980//3705 2979//3701 2981//3700
f 2989//3708 2985//3704 2983//3702
f 2987//3709 2984//3706 2985//3704
f 2987//3709 2986//3707 2984//3706
f 2991//3555 2986//3707 2987//3709
f 2991//3555 2983//3702 2986//3707
f 2990//3554 2983//3702 2991//3555
f 2990//3554 2989//3708 2983//3702
f 2997//3710 2993//3560 2994//3559
f 2996//3711 2993//3560 2997//3710
f 2996//3711 2992//3561 2993//3560
f 2999//3712 2995//3558 2992//3561
f 2999//3712 2994//3559 2995//3558
f 2997//3710 2994//3559 2999//3712
f 3000//3713 2992//3561 2996//3711
f 3000//3713 2999//3712 2992//3561
f 3001//3714 2997//3710 2999//3712
f 3001//3714 2998//3715 2997//3710
f 3002//3716 3000//3713 2998//3715
f 3006//3717 2999//3712 3000//3713
f 3001//3714 2999//3712 3006//3717
f 3002//3716 2998//3715 3001//3714
f 3005//3718 3001//3714 3006//3717
f 3005//3718 3002//3716 3001//3714
f 3009//3719 3002//3716 3005//3718
f 3008//3720 3004//3721 3009//3719
f 3008//3720 3003//3722 3004//3721
f 3006//3717 3003//3722 3008//3720
f 3010//3723 3005//3718 3011//3724
f 3013//3725 3008//3720 3010//3723
f 3012//3726 3008//3720 3013//3725
f 3012//3726 3007//3727 3008//3720
f 3011//3724 3007//3727 3012//3726
f 3016//3728 3013//3725 3010//3723
f 3016//3728 3012//3726 3013//3725
f 3019//3729 3014//3730 3017//3731
f 3019//3729 3016//3728 3014//3730
f 3018//3564 3016//3728 3019//3729
f 3018//3564 3015//3732 3016//3728
f 3021//3563 3017//3731 3015//3732
f 3021//3563 3020//3565 3017//3731
f 3022//3562 3019//3729 3020//3565
f 3022//3562 3018//3564 3019//3729
f 3021//3563 3015//3732 3018//3564
f 2998//3715 2996//3711 2997//3710
f 3000//3713 2996//3711 2998//3715
f 3004//3721 3000//3713 3002//3716
f 3003//3722 3000//3713 3004//3721
f 3006//3717 3000//3713 3003//3722
f 3009//3719 3004//3721 3002//3716
f 3007//3727 3006//3717 3008//3720
f 3011//3724 3006//3717 3007//3727
f 3011//3724 3005//3718 3006//3717
f 3010//3723 3009//3719 3005//3718
f 3008//3720 3009//3719 3010//3723
f 3014//3730 3010//3723 3011//3724
f 3017//3731 3011//3724 3012//3726
f 3017//3731 3014//3730 3011//3724
f 3016//3728 3010//3723 3014//3730
f 3015//3732 3012//3726 3016//3728
f 3015//3732 3017//3731 3012//3726
f 3020//3565 3019//3729 3017//3731
f 2341//2853 2347//2858 2383//2854
f 2347//2858 3072//2887 2383//2854
f 2383//2854 3072//2887 3071//3733
f 3072//2887 3053//2886 3071//3733
f 3071//2832 3053//3734 2322//2831
f 3053//2886 3054//3735 2322//2831
f 3054//3735 3059//3736 2322//2831
f 2322//2831 3059//3736 2316//2829
f 2316//2829 3059//3736 2317//2827
f 3059//3736 3082//3737 2317//2827
f 2317//2827 3082//3737 2318//2824
f 3082//3737 3055//3738 2318//2824
f 2318//2824 3055//3738 3079//2820
f 3055//3738 3081//2847 3079//2820
f 3079//2820 3081//2847 3080//2826
f 2848//3496 3086//3739 2319//2813
f 2848//3496 2319//2813 2321//2823
f 3086//3739 3087//3740 3056//2811
f 3086//3739 3056//2811 2319//2813
f 3087//3740 3060//3741 2320//2814
f 3087//3740 2320//2814 3056//2811
f 3088//3742 3084//2817 2320//2814
f 3060//3741 3088//3742 2320//2814
f 3089//3743 3057//2830 3084//2817
f 3089//3743 3084//2817 3088//3742
f 3057//2830 3089//3743 3083//2834
f 3089//3743 3058//3744 3083//2834
f 3058//3744 2581//2964 3083//2834
f 3085//2843 3081//2847 2848//3496
f 3081//2847 3055//3738 2848//3496
f 3058//3744 3089//3743 3053//2886
f 3053//2886 3089//3743 3054//3735
f 3055//3738 3061//3745 3063//3746
f 3063//3746 3075//3747 3055//3738
f 3055//3738 3082//3737 3061//3745
f 3089//3743 3059//3736 3054//3735
f 3082//3737 3076//3748 3061//3745
f 3059//3736 3076//3748 3082//3737
f 3059//3736 3070//3749 3076//3748
f 3089//3743 3070//3749 3059//3736
f 3075//3747 3086//3739 3055//3738
f 3055//3738 3086//3739 2848//3496
f 3075//3747 3073//3750 3086//3739
f 3073//3750 3087//3740 3086//3739
f 3073//3750 3074//3751 3087//3740
f 3070//3749 3088//3742 3067//3752
f 3067//3752 3060//3741 3074//3751
f 3074//3751 3060//3741 3087//3740
f 3067//3752 3088//3742 3060//3741
f 3089//3743 3088//3742 3070//3749
f 3064//2818 3075//3747 3062//2819
f 3075//3747 3063//3746 3062//2819
f 3062//2819 3063//3746 3078//2821
f 3063//3746 3061//3745 3078//2821
f 3073//3750 3064//2818 3065//2812
f 3073//3750 3075//3747 3064//2818
f 3068//2815 3073//3750 3065//2812
f 3074//3751 3073//3750 3068//2815
f 3066//2816 3067//3752 3068//2815
f 3067//3752 3074//3751 3068//2815
f 3061//3745 3076//3748 3077//2825
f 3061//3745 3077//2825 3078//2821
f 3077//2825 3076//3748 3069//2822
f 3076//3748 3070//3749 3069//2822
f 3066//2816 3069//2822 3067//3752
f 3069//2822 3070//3749 3067//3752
f 3071//2832 2363//2833 2383//3753
f 2581//2893 3058//3744 3053//2886
f 2662//2915 2656//3379 2657//2918
l 2947 2948
o dronebody
v 32.562267 -20.199474 -24.475588
v 21.955666 -20.199448 -35.082195
v -21.955666 -20.199451 -35.082195
v -32.562267 -20.199472 -24.475588
v -31.148056 -20.199486 18.021532
v 20.541454 -20.199499 28.628134
v -20.541454 -20.199499 28.628134
v 31.148056 -20.199484 18.021532
v 33.593491 -21.800713 49.232311
v 34.728516 -21.800774 47.795628
v 34.451782 -21.800797 45.163620
v 32.203938 -21.800798 43.590469
v 48.596619 -21.800779 34.111538
v 49.591228 -21.800720 31.725393
v 48.860695 -21.800810 30.443724
v 46.539742 -21.800829 29.129728
v 48.004990 -21.800671 -29.319059
v 49.660702 -21.800745 -31.718424
v 48.802727 -21.800817 -33.978222
v 32.805676 -21.800720 -43.488968
v 35.278618 -21.800682 -46.284325
v 34.303818 -21.800556 -49.182209
v -28.859270 -21.800720 -46.685970
v -30.617769 -21.800716 -49.286064
v -45.931259 -21.800840 -29.322557
v -44.169128 -21.800886 -30.623959
v -43.943787 -21.800859 -33.224556
v -44.636925 -21.800669 -34.661739
v -46.434246 -21.800791 34.858158
v -44.151466 -21.800755 33.674332
v -43.814270 -21.800837 33.101086
v -44.106136 -21.800852 30.462549
v -46.301865 -21.800838 29.212360
v -31.740513 -21.800817 49.448742
v -29.802912 -21.800863 48.177643
v -28.859272 -21.800690 46.369286
v -29.878914 -21.800835 44.568241
v 32.323433 -20.199150 43.676029
v 34.454891 -20.199200 45.169891
v 34.617062 -20.199196 47.781742
v 34.287815 -20.199163 48.399242
v 29.488861 -21.800795 44.966297
v 29.699923 -20.199110 45.050079
v 29.861479 -21.800993 47.439762
v 30.031460 -20.198994 47.302330
v 31.964418 -21.800993 48.294415
v 31.855452 -20.198994 48.563721
v 32.227276 -21.800993 48.574005
v 33.584759 -21.800993 47.505180
v 33.737373 -20.198994 47.483894
v 34.225487 -21.800993 47.485592
v 33.683201 -21.800993 45.337368
v 33.526352 -20.198994 45.430817
v 31.801939 -21.800993 44.120815
v 31.966825 -20.199173 43.596436
v 48.609119 -20.199238 30.173740
v 49.762524 -20.199251 32.193382
v 47.380432 -20.199333 35.062973
v 43.924145 -20.199150 33.244518
v 44.472183 -20.198997 32.863266
v 44.912548 -21.800997 32.660950
v 43.848213 -21.800789 30.539631
v 43.914551 -20.199198 30.634851
v 46.406693 -20.198997 30.188135
v 46.212986 -21.800997 29.753098
v 46.488129 -20.199141 29.225353
v 48.118919 -20.198997 30.935551
v 48.194263 -21.800997 30.873989
v 48.173641 -20.198997 33.119022
v 48.457706 -21.800997 32.839695
v 48.338116 -20.198997 32.622890
v 46.291245 -20.198997 34.473682
v 46.280994 -21.800777 34.877941
v 46.532265 -20.198997 33.837730
v 46.555946 -21.800997 33.998951
v 48.862942 -20.199133 -33.553028
v 49.256855 -20.199179 -31.101006
v 47.745613 -20.199318 -29.142534
v 43.853363 -20.199177 -30.809183
v 44.480267 -21.801004 -31.193102
v 44.475506 -20.199005 -32.856983
v 44.076439 -20.199192 -33.484921
v 44.529388 -21.801004 -33.438694
v 46.241238 -20.199005 -34.144627
v 46.259388 -21.801004 -34.428017
v 48.082314 -20.199005 -33.059711
v 48.215244 -21.801004 -33.331684
v 48.263927 -20.199005 -30.709991
v 48.178757 -21.801004 -30.815189
v 48.460884 -20.199005 -31.213537
v 48.172306 -21.801004 -31.342541
v 46.377754 -20.199005 -30.173763
v 46.451778 -21.801004 -30.069777
v 33.381824 -20.199286 -49.330685
v 35.185482 -20.199333 -46.763954
v 34.209393 -20.199154 -44.939896
v 32.075821 -20.199171 -43.655422
v 29.841618 -20.199009 -45.585758
v 29.901928 -21.801008 -45.642178
v 29.835934 -20.199173 -48.429447
v 29.460146 -21.800831 -47.852726
v 31.813511 -21.801008 -48.609303
v 31.733803 -20.199009 -48.750298
v 31.806286 -21.800867 -49.349163
v 32.194557 -20.199009 -49.024879
v 33.659069 -21.801008 -47.525539
v 33.535278 -20.199009 -47.397453
v 34.053234 -21.801008 -47.938290
v 34.114460 -20.199009 -47.908672
v 33.702450 -21.801008 -45.365437
v 33.655571 -20.199009 -45.726673
v 34.053234 -21.801008 -45.688290
v 34.114460 -20.199009 -45.658672
v 31.813511 -21.801008 -44.109303
v 31.744461 -20.199009 -44.470043
v 31.993460 -21.801008 -44.584667
v 32.095665 -20.199009 -44.711212
v -30.323608 -20.199293 -49.172630
v -29.377462 -20.199213 -47.769581
v -29.714209 -20.199123 -45.039295
v -31.407022 -20.199192 -43.545338
v -34.271133 -20.199009 -45.461384
v -33.836742 -21.801008 -45.796574
v -33.745544 -20.199009 -45.589996
v -34.271133 -20.199009 -47.711384
v -34.109509 -21.801008 -47.938553
v -33.745544 -20.199009 -47.839996
v -32.149948 -20.199009 -44.662155
v -32.126247 -21.801008 -44.550777
v -30.230831 -20.199009 -45.684444
v -30.239756 -21.801008 -45.929882
v -30.230831 -20.199009 -47.934444
v -30.029140 -21.801008 -47.920940
v -32.230366 -20.199009 -49.006275
v -32.560890 -21.800837 -49.337475
v -44.054615 -20.199217 -33.675377
v -43.926773 -20.199158 -30.963030
v -45.114998 -20.199265 -29.098576
v -48.887741 -20.199186 -30.394281
v -49.315315 -21.800821 -31.258778
v -48.570492 -21.801004 -31.180084
v -48.090553 -20.199005 -31.208960
v -48.160458 -21.801004 -32.432663
v -48.847954 -20.199150 -33.719963
v -48.871658 -21.800854 -33.558895
v -48.165447 -21.801004 -33.151772
v -46.512932 -21.801004 -33.987526
v -46.777061 -20.199005 -34.164356
v -46.785427 -21.800869 -34.765007
v -46.404530 -20.199202 -34.852612
v -44.586262 -21.801004 -33.445244
v -44.537640 -20.199005 -33.448204
v -44.843128 -20.199005 -30.754480
v -44.765076 -21.801004 -31.340872
v -44.576740 -20.199005 -31.187447
v -46.810471 -20.199005 -29.709915
v -46.817200 -21.801004 -29.855671
v -46.274078 -20.199005 -30.227421
v -44.028145 -20.199114 30.832455
v -44.037609 -20.199219 33.549267
v -46.218430 -20.199186 34.781906
v -49.237156 -21.800810 30.658382
v -49.199314 -20.199163 30.972359
v -48.826885 -21.800802 30.373827
v -48.792728 -21.800997 33.167465
v -48.875961 -20.199131 33.508690
v -48.536690 -20.198997 32.881332
v -48.245617 -21.800997 32.802750
v -46.691906 -20.199184 35.015930
v -46.655334 -21.800997 33.883202
v -46.602676 -20.198997 34.006443
v -44.815536 -20.198997 33.365623
v -44.933075 -21.800997 33.020363
v -44.562565 -20.198997 32.873581
v -44.814285 -20.198997 31.271154
v -44.641178 -21.800997 30.612339
v -44.571537 -20.198997 30.604843
v -46.975342 -20.199177 29.237719
v -46.760139 -21.800997 29.631769
v -29.247604 -20.199190 45.578217
v -29.479868 -20.199171 47.946869
v -31.692299 -20.199148 49.333572
v -34.126572 -20.198994 45.632965
v -34.249187 -21.800993 45.523865
v -34.892719 -20.199230 45.623905
v -33.987514 -21.800993 45.121098
v -33.971371 -20.199188 48.601086
v -34.321808 -21.800812 48.377441
v -34.180996 -20.198994 47.436539
v -33.672798 -21.800993 47.341637
v -32.298729 -20.198994 48.777626
v -32.291775 -21.800993 48.652500
v -31.718868 -21.800993 48.722424
v -30.373745 -20.198994 47.570930
v -30.394981 -21.800993 47.458733
v -29.829224 -21.800993 47.494400
v -30.047646 -20.198994 47.080040
v -30.373745 -20.198994 45.320930
v -29.829224 -21.800993 45.244400
v -29.817989 -20.198994 45.258102
v -32.022835 -20.199211 43.291286
v -32.282505 -21.800808 43.587215
v -31.861994 -20.198994 44.009636
v -31.718868 -21.800993 44.222424
v 44.930756 -21.801004 -32.928791
v 44.945827 -20.199005 -31.153040
v 46.043514 -21.801004 -30.462465
v 31.302155 -21.801008 -47.922577
v 30.475842 -20.199009 -47.560490
v 30.400272 -21.801008 -45.717110
v 32.729870 -21.801008 -45.078354
v -33.598915 -21.800993 45.593853
v -33.433605 -20.198994 45.749191
v -32.070667 -20.198994 48.422287
v -33.665611 -21.800993 47.816010
v -48.038685 -20.198997 30.895847
v -48.388378 -20.198997 31.600935
v -46.140236 -20.198997 33.553310
v 30.396040 -20.198994 45.458191
v 32.011333 -21.800993 44.685581
v 30.376671 -21.800993 45.739700
v 30.506592 -20.198994 47.561005
v 30.865070 -21.800993 47.574677
v 44.875549 -21.800997 30.780741
v 44.652115 -20.198997 31.393253
v 44.940220 -21.800997 33.197289
v -48.064240 -20.199005 -32.907623
v -46.918365 -21.801004 -30.497408
v -33.678600 -20.199009 -47.354721
v -33.640766 -21.801008 -45.321507
v -36.451355 -20.199993 42.985897
v -36.451355 -21.799992 42.979153
v -85.001663 -20.200005 -17.782793
v -90.078568 -20.199879 -22.844122
v -59.172157 -20.199635 -26.814989
v -34.303818 -20.199461 -49.182209
v -35.278618 -20.199335 -46.284325
v -42.985897 -20.200005 -36.451355
v -36.451355 -20.200008 -42.979153
v -84.765289 -20.199997 16.009418
v -84.050453 -20.200005 -14.749354
v -56.111469 -20.200005 -14.758214
v -15.328172 -20.200008 -51.181347
v -23.228348 -20.199663 -57.586758
v -90.193748 -20.199875 23.440262
v -84.313004 -20.199997 19.137119
v -51.328171 -20.200005 -14.925644
v -55.235252 -20.200005 -17.807102
v -24.784092 -20.199953 -37.512016
v -36.451359 -20.199734 -26.551857
v -27.081284 -20.199982 -34.059002
v -33.608669 -20.200005 -27.091824
v -36.451355 -20.199858 -24.854799
v -15.362747 -20.200008 -40.490429
v -40.637253 -20.200005 -14.891068
v -24.475592 -20.199474 -32.562267
v -35.082195 -20.199459 -21.955662
v -18.021528 -20.199522 -31.148052
v -31.148056 -20.199495 -18.021524
v -28.628130 -20.199514 -20.541451
v -20.541454 -20.199503 -28.628126
v -9.781856 -20.199520 -33.786743
v 23.228348 -20.199661 -57.586758
v -2.000000 -20.199938 -36.568600
v -6.218145 -20.199438 -33.786743
v 15.362749 -20.200008 -51.146770
v -51.362747 -20.199997 15.765275
v -55.235252 -20.199997 16.192900
v -58.301559 -20.199640 27.697905
v -56.111469 -20.199997 19.241787
v 6.218145 -20.199438 -33.786743
v 15.328171 -20.200008 -40.455849
v 13.500000 -20.199883 -37.318600
v 12.375000 -20.199694 -36.193600
v 9.781856 -20.199467 -33.786743
v -14.005333 -20.200001 -9.720139
v -19.053185 -20.200001 -0.678925
v -13.279178 -20.200001 -7.451190
v 33.525269 -20.199833 -51.452293
v -45.275875 -20.199257 29.062428
v -35.082195 -20.199448 21.955669
v -40.671829 -20.199997 15.799852
v 18.021528 -20.199457 -31.148052
v -37.512016 -20.199945 24.784096
v 24.854803 -20.199858 -36.451355
v 24.475592 -20.199469 -32.562267
v -34.037865 -20.199974 27.076344
v -32.562267 -20.199461 24.475595
v 26.551861 -20.199734 -36.451359
v 35.581314 -20.200008 -42.592758
v -42.982456 -20.199997 36.437096
v 27.091829 -20.200005 -33.637196
v 36.977497 -20.200008 -42.798721
v -14.056794 -20.200001 8.334791
v -18.225834 -20.200001 1.563670
v -28.628130 -20.199505 20.541458
v -13.225830 -20.200001 10.563672
v 13.647213 -20.200001 -10.010327
v 28.628130 -20.199512 -20.541451
v 20.541454 -20.199505 -28.628126
v -24.475592 -20.199467 32.562267
v -27.095133 -20.199997 33.622932
v 34.040020 -20.199982 -27.075705
v -26.551861 -20.199726 36.451359
v -34.253597 -20.199345 44.466217
v 42.979153 -20.200005 -36.451355
v 46.454235 -20.199259 -35.056484
v -21.955666 -20.199450 35.082195
v -24.854803 -20.199825 36.451355
v 37.512016 -20.199953 -24.784088
v 18.654074 -20.200001 -0.999662
v 13.665984 -20.200001 -7.644954
v 31.148056 -20.199497 -18.021524
v -17.722780 -20.199480 36.434353
v -14.629737 -20.199593 33.799015
v -18.021528 -20.199465 31.148060
v 13.925518 -20.200001 8.194805
v 18.659203 -20.200001 1.365815
v -29.352688 -20.199863 56.377239
v 13.365908 -20.200001 10.515205
v 59.172157 -20.199640 -26.814989
v 40.671829 -20.200005 -14.925644
v 35.082195 -20.199455 -21.955662
v -17.642588 -20.199476 47.175354
v -14.383481 -20.199409 49.611969
v 51.362751 -20.200005 -14.891068
v 55.913811 -20.200005 -18.282909
v 55.412083 -20.200005 -15.163338
v 15.247050 -20.199553 33.958626
v 28.628130 -20.199505 20.541458
v 18.021528 -20.199467 31.148060
v 40.637253 -20.199997 15.765275
v 21.955666 -20.199448 35.082195
v 17.882389 -20.199509 37.051670
v 35.082195 -20.199451 21.955669
v 32.562267 -20.199465 24.475595
v 27.076340 -20.199974 34.037865
v 36.451355 -20.199863 24.854807
v 36.451359 -20.199715 26.551865
v 33.637196 -20.199997 27.091833
v 24.784092 -20.199934 37.512016
v 24.475592 -20.199461 32.562267
v 17.642588 -20.199482 47.175354
v 85.751480 -20.641245 -27.462898
v 90.193748 -20.199883 -22.566057
v 84.907036 -20.200005 -17.861212
v 55.913811 -20.199997 15.717092
v 51.328171 -20.199997 15.799852
v 55.412083 -20.199997 18.836664
v 42.982456 -20.199997 36.465618
v 36.437096 -20.199993 42.982456
v 29.155628 -20.199863 56.510578
v 31.819838 -20.199123 49.335442
v 14.383481 -20.199387 49.611969
v 58.301559 -20.199640 27.697905
v 83.918152 -20.199997 15.577743
v 84.154549 -20.200005 -14.784498
v 85.111145 -20.199997 18.538736
v 90.078568 -20.199871 23.718328
v 9.781857 -20.199423 -39.350456
v 6.218143 -20.199467 -39.350456
v -6.218143 -20.199436 -39.350456
v -9.781857 -20.199413 -39.350456
v -15.480484 -21.800329 36.210152
v -15.471251 -21.800327 47.161888
v 15.471254 -21.800327 36.200920
v 15.480481 -21.800325 47.152657
v -90.193748 -21.800129 -22.566057
v -84.993088 -21.800003 -17.779137
v -85.643784 -21.000004 -27.202898
v -33.525269 -21.800196 -51.452293
v -42.979153 -21.800003 -36.451355
v -37.223145 -21.800007 -42.661011
v -35.805889 -21.800007 -42.736290
v -33.951599 -21.800665 -44.120441
v -30.860394 -21.800743 -43.542583
v -59.172157 -21.800369 -26.814989
v -55.559155 -21.800003 -18.080532
v -84.055382 -21.800003 -14.745708
v -84.993088 -21.799995 16.220865
v -15.362749 -21.800007 -51.146770
v -23.228348 -21.800352 -57.586758
v -90.078568 -21.800117 23.718328
v -84.055382 -21.799995 19.254293
v -51.362751 -21.800003 -14.891068
v -55.757324 -21.800003 -14.931385
v -33.637196 -21.800003 -27.091825
v -27.091829 -21.800003 -33.608669
v -15.328171 -21.800007 -40.455849
v -40.671829 -21.800003 -14.925644
v -85.643784 -20.999996 28.077105
v 23.228348 -21.800350 -57.586758
v 15.328172 -21.800007 -51.181347
v -51.328171 -21.799995 15.799852
v -55.088863 -21.799995 16.335470
v -58.301559 -21.800352 27.697905
v -56.281860 -21.799995 19.296469
v -13.611053 -21.799999 -10.031740
v -18.225834 -21.799999 -1.200861
v -13.701592 -21.799999 -7.667884
v -19.053185 -21.799999 1.041734
v -40.637253 -21.799995 15.765275
v 15.362747 -21.800007 -40.490429
v 36.437096 -21.800007 -42.982456
v 27.091827 -21.800003 -33.608669
v -33.637196 -21.799995 27.091833
v -42.982456 -21.799995 36.465618
v -13.969188 -21.799999 8.235085
v -13.316398 -21.799999 10.534917
v 33.622932 -21.800003 -27.095129
v 13.863586 -21.799999 -9.849922
v -35.229488 -21.800642 46.126926
v 42.985897 -21.800003 -36.451355
v 45.167130 -21.800634 -34.857037
v 43.324902 -21.800749 -31.872093
v 45.319138 -21.800709 -29.165073
v 13.440001 -21.799999 -7.517076
v 18.936529 -21.799999 -0.795301
v -27.088388 -21.799995 33.622932
v -17.598841 -21.800451 36.064121
v -14.260655 -21.800482 33.729988
v 18.361973 -21.799999 1.512269
v 13.435799 -21.799999 7.882986
v -29.375301 -21.800121 56.463848
v 59.172157 -21.800369 -26.814989
v 40.637253 -21.800003 -14.891068
v -17.855003 -21.800467 46.434471
v -15.123519 -21.800581 49.440708
v 51.328171 -21.800003 -14.925644
v 55.071377 -21.800003 -17.630468
v 56.310211 -21.800003 -14.690170
v 14.629737 -21.800474 33.799015
v 13.874829 -21.799999 10.203420
v 40.671829 -21.799995 15.799852
v 33.608669 -21.799995 27.091833
v 27.091829 -21.799995 33.637196
v 17.722780 -21.800453 36.434353
v 89.266457 -21.800165 -24.267975
v 85.111145 -21.800003 -17.664528
v 51.362747 -21.799995 15.765275
v 55.709141 -21.799995 15.833381
v 55.606598 -21.799995 18.986147
v 17.970140 -21.800434 45.819492
v 29.939161 -21.800716 49.021698
v 42.982456 -21.799995 36.437096
v 36.465618 -21.799992 42.982456
v 29.573006 -21.800121 56.326839
v 15.740459 -21.800583 49.234016
v 58.301559 -21.800354 27.697905
v 85.111145 -21.799995 16.335472
v 83.918144 -21.800003 -14.703533
v 83.918144 -21.799995 19.296469
v 85.643784 -20.999996 28.077105
v 90.193748 -21.800121 23.440262
v -59.837582 -21.800341 -28.468561
v -33.507004 -21.800304 -53.773277
v -22.743076 -21.800350 -59.445984
v 20.264116 -21.800337 -59.821281
v -59.000641 -21.800333 29.337534
v 31.940125 -21.800344 -55.046825
v 59.837582 -21.800341 -28.468561
v 58.984615 -21.800333 29.346960
v -15.471254 -20.199667 36.200920
v -15.480481 -20.199657 47.152657
v 15.480484 -20.199663 36.210152
v 15.471251 -20.199659 47.161888
v -58.966621 -20.199659 29.351625
v -59.870876 -20.199671 -28.454769
v -19.857325 -20.199675 -59.867859
v -31.786198 -20.199667 -55.183910
v 33.261375 -20.199694 -53.993523
v 22.043848 -20.199671 -59.562820
v 59.870876 -20.199667 -28.454769
v 58.982624 -20.199659 29.342146
v -31.815964 -21.801008 -44.654858
v -30.362938 -20.199009 -47.328773
v -32.054981 -20.199009 -48.365032
v -32.498524 -21.801008 -48.134686
v -44.915035 -20.199005 -32.871075
v -46.527630 -21.801004 -33.662659
v -46.494038 -20.199005 -33.828167
v 47.607430 -21.800997 30.745081
v 32.299240 -20.198994 48.448841
v 33.617645 -21.800993 45.765163
v -44.927299 -21.800997 31.749758
v -46.575581 -21.800997 30.218212
v -30.310633 -21.800993 45.735729
v -31.781569 -21.800993 44.783173
v -32.031937 -20.198994 44.984867
v 33.836514 -21.801008 -47.253075
v 32.060932 -20.199009 -48.341911
v 46.723583 -20.199005 -30.148180
v 46.610851 -21.801004 -33.900833
v -32.010300 -20.198994 44.566368
v -33.671455 -20.198994 47.675785
v -33.671455 -20.198994 45.425785
v -46.230297 -20.198997 29.811695
v -46.658230 -20.198997 30.026577
v -44.751808 -21.800997 31.151466
v -46.222187 -21.800997 34.264145
v -48.198921 -20.198997 33.302002
v -48.748013 -21.800821 33.895580
v -48.205215 -21.800997 31.069448
v -46.230343 -20.199005 -29.670925
v -47.440475 -21.800777 -29.251936
v -44.751808 -21.801004 -30.662409
v -44.813850 -21.801004 -32.959942
v -46.274426 -21.801004 -34.406471
v -49.343616 -20.199163 -32.863796
v -48.202026 -21.801004 -30.751675
v -48.213387 -20.199005 -30.790976
v -31.768919 -20.199009 -48.858761
v -31.762577 -21.801008 -48.820515
v -32.158718 -21.801008 -48.490307
v -29.813786 -21.801008 -47.562050
v -30.369183 -21.801008 -47.517906
v -29.813786 -21.801008 -45.312050
v -30.137310 -20.199009 -45.123955
v -30.369183 -21.801008 -45.267906
v -32.345417 -20.199169 -43.710205
v -32.158718 -21.801008 -43.990307
v -33.710899 -21.801008 -47.562050
v -34.940590 -21.800776 -47.577694
v -33.922630 -20.199009 -45.128139
v -34.115135 -21.801008 -45.160191
v 32.264599 -21.801008 -44.101395
v 34.156895 -21.801008 -45.157265
v 34.035568 -20.199009 -47.340302
v 32.264599 -21.801008 -48.601395
v 30.351112 -21.801008 -47.720798
v 30.036036 -21.801008 -47.355293
v 29.013004 -20.199211 -47.290283
v 30.369633 -20.199009 -45.467964
v 29.640713 -21.800831 -44.857552
v 29.625275 -20.199167 -44.886143
v 46.793247 -21.801004 -29.801838
v 46.302227 -20.199135 -29.237919
v 46.413025 -21.801004 -29.489933
v 48.718582 -21.801004 -30.756029
v 48.613289 -20.199005 -32.905178
v 48.464909 -21.801004 -32.885864
v 46.769394 -21.801004 -34.424210
v 46.625950 -20.199005 -34.004658
v 44.837635 -20.199005 -33.234352
v 44.379868 -21.801004 -32.919537
v 44.856350 -21.801004 -30.838776
v 44.617050 -20.199005 -30.603870
v 44.412338 -21.801004 -30.670914
v 46.811573 -20.198997 34.344269
v 46.771626 -21.800997 34.457363
v 48.592007 -20.198997 33.413635
v 47.953571 -21.800997 33.139782
v 48.703926 -20.198997 31.088558
v 48.610519 -21.800997 31.180065
v 46.827007 -20.198997 29.845057
v 46.659355 -21.800997 30.019127
v 44.894669 -20.198997 30.883293
v 44.806461 -21.800997 31.104277
v 44.513271 -20.199232 34.028660
v 44.207787 -21.800846 33.580647
v 31.947405 -20.198994 44.578072
v 33.980499 -20.198994 45.697407
v 32.055431 -21.800993 49.091152
v 30.360500 -21.800993 47.596611
v 30.054840 -21.800993 47.937874
v 29.287907 -20.199205 47.791340
v 30.360500 -21.800993 45.346611
v 29.991529 -20.198994 45.676003
v -30.067350 18.174210 -45.607616
v -28.623234 18.174154 -47.985882
v -29.577642 18.174143 -50.160183
v -18.429321 18.174164 -29.260689
v -17.325712 18.174183 -31.732407
v -18.760496 18.174179 -33.914352
v -30.155453 18.174162 -17.844217
v -28.735952 18.174213 -19.747988
v -29.412592 18.174244 -22.385607
v -45.243332 18.174326 -30.010309
v -45.798649 18.174347 -33.694603
v 34.196121 18.174286 -46.345821
v 33.696037 18.174213 -49.923340
v 22.577271 18.174343 -29.359179
v 22.768269 18.174192 -32.779011
v 20.717770 18.174219 -34.433807
v 50.677681 18.174171 -30.225965
v 50.718754 18.174200 -32.607925
v 48.347675 18.174156 -34.226936
v 31.818111 18.174215 -17.232473
v 34.409714 18.174234 -19.191549
v 33.622646 18.174231 -22.196224
v 49.194839 18.174173 34.024334
v 50.848537 18.174343 32.972137
v 51.135887 18.174196 30.951382
v 49.338116 18.174156 28.865017
v 34.354111 18.174353 21.581642
v 34.373760 18.174206 19.824457
v 32.901260 18.174147 17.842619
v 21.595465 18.174189 33.980839
v 23.136101 18.174368 32.517841
v 23.281443 18.174252 31.543051
v 21.437752 18.174231 28.741905
v 32.665600 18.174213 50.600857
v 34.450840 18.174314 49.341373
v 33.281582 18.174381 45.420658
v -31.171968 18.174248 23.245951
v -29.087042 18.174187 21.637222
v -28.936131 18.174238 18.875025
v -31.114170 18.174192 17.426714
v -17.532187 18.174257 33.013962
v -17.834047 18.174114 30.181173
v -29.098478 18.174448 50.228500
v -28.923782 18.174164 46.758846
v -30.963737 18.174191 45.440247
v -47.698242 18.174208 34.300148
v -45.293129 18.174248 32.657730
v -45.633354 18.174183 29.978411
v -17.911608 18.174812 -48.048553
v 11.283113 18.174759 -46.615162
v 32.351601 18.174545 52.104973
v -32.787231 18.174679 54.039761
v 32.806042 18.174671 54.041687
v 8.861849 18.174650 -48.114605
v -30.033512 19.825861 -50.449921
v -28.542179 19.825798 -48.507248
v -29.882315 19.825783 -45.658485
v -30.597969 19.825993 -45.962788
v -30.570385 18.173992 -45.992065
v -30.336000 18.173992 -46.450623
v -30.539509 19.825993 -46.531296
v -29.337254 19.825993 -48.377110
v -29.154291 18.173992 -48.365513
v -30.562075 18.173992 -49.544170
v -30.568760 19.825993 -50.178764
v -30.328745 18.173992 -50.332638
v -32.884628 18.173992 -49.930531
v -32.774693 19.825762 -50.778671
v -32.467300 18.173992 -50.294781
v -34.004738 19.825993 -47.970043
v -34.314846 18.174181 -48.255077
v -34.404110 19.825775 -48.510303
v -32.958645 19.825724 -45.464222
v -33.197098 18.174213 -45.553932
v -32.535618 19.825993 -46.435566
v -19.440943 19.825796 -34.368755
v -17.716637 19.825682 -33.441502
v -17.490328 19.825726 -29.868200
v -19.099447 19.825836 -28.803238
v -18.386274 19.825996 -31.728771
v -18.224800 18.173996 -31.649826
v -19.515003 18.173996 -33.304188
v -19.396624 19.825996 -33.528320
v -21.611322 18.173996 -33.327148
v -21.646624 19.825996 -33.528320
v -21.547125 18.174229 -34.146458
v -21.182987 19.825996 -33.719296
v -23.202497 18.174252 -31.554850
v -23.025633 19.825796 -31.218275
v -22.301487 19.825996 -31.783838
v -21.577589 18.173996 -29.797974
v -21.330954 19.825996 -30.047239
v -19.381523 18.173996 -29.741182
v -19.326492 19.825996 -29.981298
v -29.994295 19.825743 -22.812876
v -28.763731 19.825808 -20.240108
v -29.912268 19.825783 -17.792578
v -30.712523 18.173996 -18.335548
v -30.607964 19.825996 -18.673130
v -30.198929 18.173996 -18.472193
v -29.347322 18.173996 -20.508701
v -29.781147 19.825996 -20.631807
v -30.751760 18.173996 -21.870865
v -30.707350 19.825996 -22.131123
v -30.266104 18.173996 -22.438578
v -33.058674 19.825809 -22.595869
v -32.679607 18.174229 -22.994705
v -32.441162 18.173996 -22.353882
v -34.482319 19.825769 -20.497412
v -34.317368 18.174240 -20.971910
v -33.779743 19.825996 -20.543745
v -33.117214 19.825716 -17.499983
v -32.935188 18.173996 -18.275793
v -32.486389 19.825996 -18.526871
v -46.967506 19.825777 -34.145073
v -45.108036 19.825752 -31.509022
v -46.806938 19.825813 -28.829378
v -49.703053 19.825853 -29.151161
v -49.428852 18.173996 -30.038717
v -49.115303 19.825996 -29.773094
v -50.858536 19.825853 -31.408722
v -50.556015 18.173996 -31.634981
v -50.070839 18.173996 -31.609167
v -49.017719 18.173996 -32.905087
v -49.816757 19.825794 -33.813553
v -49.318382 18.174162 -34.010479
v -47.163448 18.173996 -33.014660
v -47.054131 18.173996 -33.716675
v -46.315582 18.173996 -31.325153
v -46.057339 19.825996 -31.621771
v -45.570839 18.173996 -31.609167
v -47.307159 19.825996 -29.602926
v -47.020370 18.173996 -29.812302
v -46.971825 19.825996 -29.987385
v 31.701122 19.825726 -51.147575
v 34.222801 19.825777 -49.314617
v 33.786259 19.825857 -46.657558
v 33.272758 19.825771 -45.953213
v 33.140549 18.173992 -47.241283
v 33.503498 19.825993 -47.229675
v 33.128223 19.825993 -49.201118
v 33.039360 18.173992 -49.291214
v 31.149515 18.173992 -50.362301
v 31.279129 19.825993 -50.580299
v 29.208996 19.825993 -49.195427
v 29.686045 18.173992 -49.442421
v 29.174232 19.825819 -49.960709
v 28.898205 19.825832 -46.843941
v 29.686045 18.173992 -47.192421
v 30.018106 19.825993 -46.892796
v 31.149515 18.173992 -45.862301
v 31.279129 19.825993 -46.080299
v 22.477331 19.825804 -33.262337
v 22.839407 19.825804 -32.587524
v 22.664381 19.825790 -30.050577
v 20.668835 19.825766 -28.644773
v 19.822689 18.174133 -34.220604
v 17.803219 19.825798 -33.016991
v 17.762562 18.174187 -32.913181
v 18.488216 18.173996 -32.863598
v 17.698196 18.174120 -30.412815
v 17.640060 19.825813 -30.100336
v 18.485279 19.825996 -30.607595
v 21.896345 18.173996 -32.531029
v 22.202702 18.173996 -32.940708
v 21.800907 18.173996 -30.675314
v 22.061800 19.825996 -30.690542
v 22.378086 18.173996 -30.637695
v 19.956892 19.825996 -29.431400
v 20.033850 18.173996 -29.811707
v 20.350538 18.173996 -29.553253
v 48.545959 19.825768 -34.406040
v 51.167671 19.825624 -31.774897
v 50.430676 19.825825 -29.672567
v 48.137882 19.825867 -28.700523
v 45.631382 18.174194 -32.796051
v 45.643757 19.825775 -32.916115
v 46.366055 19.825996 -32.809525
v 46.412121 18.173996 -32.745331
v 47.661285 19.825806 -34.279095
v 47.829693 18.174236 -34.492939
v 49.922653 19.825996 -32.869411
v 50.136398 18.173996 -32.886181
v 49.954025 18.173996 -31.490870
v 49.922649 19.825996 -30.619413
v 45.929459 19.825996 -30.522385
v 45.492176 18.174166 -30.532267
v 46.411095 19.825996 -30.468744
v 48.039604 18.174156 -28.529297
v 47.783478 19.825996 -29.491028
v 48.088181 18.173996 -29.512152
v 48.399529 19.825996 -29.602076
v 33.754402 19.825788 -22.045635
v 34.689014 19.825661 -20.226587
v 33.222084 19.825640 -17.622665
v 31.453646 19.825996 -21.958683
v 31.173948 18.174208 -23.115347
v 31.339468 19.825798 -23.121124
v 31.781330 18.173996 -22.672108
v 33.294674 19.825996 -21.155785
v 33.348465 18.173996 -20.996475
v 33.076401 18.173996 -21.203770
v 33.294674 19.825996 -18.905785
v 33.559410 18.173996 -18.803875
v 33.183464 18.173996 -19.348518
v 33.372120 19.825996 -19.378506
v 31.141323 18.174185 -17.416613
v 31.243063 19.825996 -17.919067
v 31.530216 18.173996 -18.412067
v 31.697611 19.825996 -18.229288
v 29.096516 19.825865 -19.020361
v 29.150444 18.174187 -18.847990
v 29.497301 18.173996 -19.382664
v 29.673559 19.825996 -19.410114
v 29.062119 19.825781 -21.566383
v 28.779819 18.174242 -21.355648
v 29.660862 19.825996 -21.613943
v 50.684856 19.825726 29.692513
v 50.732773 19.825676 33.272659
v 48.954987 19.826004 33.276886
v 49.010464 18.174004 33.124443
v 49.466549 19.826004 33.265690
v 49.867172 19.826004 31.623234
v 50.054081 18.174004 31.547306
v 50.227058 19.826004 31.166735
v 48.909668 18.174004 29.428299
v 48.719467 19.826004 29.777981
v 49.464260 19.826004 29.372717
v 46.506107 18.174171 29.105909
v 47.130756 19.825830 28.617319
v 47.214260 19.826004 29.372717
v 44.784729 19.825710 30.965446
v 45.281605 18.174191 31.332109
v 45.727058 19.826004 31.166735
v 46.704987 19.826004 33.276886
v 46.836308 18.174004 33.144535
v 34.526196 19.825760 19.638525
v 33.294239 19.825785 22.596004
v 32.456226 19.825806 22.872553
v 32.612675 18.174004 22.435398
v 32.443172 18.174004 21.947409
v 32.340946 19.826004 21.806055
v 33.544403 19.826004 20.391253
v 33.748074 18.174004 20.506697
v 33.376541 18.174004 20.293587
v 32.252728 18.174004 18.497448
v 32.830673 19.826004 18.012377
v 30.154196 18.174004 18.109390
v 29.795996 19.825775 17.876600
v 30.573408 19.826004 18.050200
v 28.660557 18.174219 20.134882
v 28.564199 19.825764 20.527737
v 29.515320 19.826004 20.047127
v 30.000275 19.825817 22.666105
v 29.663408 18.174213 22.435047
v 21.611515 19.825813 29.115095
v 23.197062 19.825760 31.552902
v 21.447847 19.825808 34.154621
v 17.412571 19.825829 31.765308
v 17.290617 18.174229 31.826889
v 17.862671 19.826004 31.282135
v 18.192354 18.174004 31.315359
v 18.816616 19.826004 29.591732
v 18.702131 18.174152 29.196154
v 18.947405 19.825832 28.984222
v 21.113134 19.826004 29.459305
v 22.265665 19.826004 31.732756
v 22.025644 18.174004 31.520807
v 22.344473 19.826004 31.292822
v 21.146339 18.174004 33.682484
v 20.721704 19.826004 33.453373
v 21.328259 18.174004 33.177612
v 21.571142 19.826004 33.298309
v 18.830097 18.174004 33.384892
v 18.914356 19.826004 33.261917
v 19.567934 18.174004 33.292393
v 32.557178 19.825779 45.421856
v 33.598289 19.825762 45.871201
v 34.257751 19.825823 48.331375
v 32.841721 19.825857 50.595211
v 32.325310 18.174007 49.937515
v 32.417427 19.826008 49.617844
v 32.776264 18.174007 49.807579
v 33.349743 18.174007 48.219357
v 33.475964 18.174007 47.913517
v 33.127850 19.826008 47.782333
v 32.450199 18.174007 46.369888
v 32.196507 19.826008 46.343494
v 32.390751 18.174007 45.918617
v 30.228268 18.174007 46.429775
v 30.020966 19.825762 45.481579
v 30.125486 18.174200 45.634018
v 30.587515 19.826008 45.941643
v 28.752216 18.174168 48.521358
v 28.563217 18.174185 47.710018
v 29.225742 19.826008 47.797886
v 30.061895 19.826008 50.071560
v 30.179182 18.174007 49.766602
v 30.543940 19.826008 49.651516
v -28.914539 19.825800 18.972141
v -29.359629 19.825657 22.462303
v -33.989067 18.174141 21.465675
v -33.612804 19.826004 21.088623
v -33.373920 18.174004 21.096869
v -34.070660 18.174200 18.970844
v -33.798176 19.825785 18.475536
v -33.373920 18.174004 18.846869
v -31.756063 19.826004 17.751652
v -31.934845 18.174234 17.420380
v -29.782701 18.174004 19.329166
v -29.878960 19.826004 19.043514
v -29.659983 18.174004 18.813620
v -29.974733 18.174004 21.164177
v -29.878960 19.826004 21.293514
v -29.305931 19.826004 21.216860
v -31.823166 19.826004 22.409540
v -31.586006 18.174004 22.189487
v -31.514526 19.826004 22.006807
v -20.092926 19.825804 28.469301
v -17.234516 19.825792 30.753416
v -17.994898 19.825811 33.284771
v -22.751577 19.825832 32.562168
v -22.392084 18.174004 32.477020
v -22.397604 18.174004 30.605127
v -22.409332 19.826004 30.563807
v -22.682051 19.825752 29.856209
v -22.279186 18.174004 30.156519
v -20.560055 19.826004 29.462738
v -20.243486 18.174004 29.000071
v -18.577326 19.826004 30.359945
v -18.542133 18.174004 30.274296
v -18.529524 18.174004 32.796875
v -18.590134 19.826004 31.977776
v -18.244558 19.826004 32.356735
v -18.203335 18.174004 32.361416
v -20.456873 18.174004 33.986813
v -20.185635 19.826004 33.518620
v -31.019901 19.825813 45.320934
v -28.976791 19.825842 46.558548
v -29.081148 19.825838 49.773014
v -33.483852 18.174007 48.916946
v -33.165394 19.826008 48.750252
v -33.483852 18.174007 46.666946
v -33.622143 19.825758 46.190212
v -31.454336 18.174007 46.381618
v -31.618061 18.174007 45.589409
v -31.627174 19.826008 45.605465
v -29.934669 18.174007 47.274807
v -29.746819 19.826008 47.111710
v -29.794952 18.174007 46.887665
v -29.531496 18.174007 49.484711
v -30.003119 19.826008 49.018665
v -29.794952 18.174007 49.137665
v -29.581888 19.826008 48.915840
v -29.253433 18.174007 49.040676
v -31.676960 18.174007 50.504177
v -31.496601 18.174007 49.874298
v -31.627174 19.826008 50.105465
v -47.494045 19.825830 28.617382
v -45.561890 19.825779 30.028961
v -45.600620 19.825827 32.723671
v -47.678265 19.825802 34.294586
v -50.531689 18.174225 32.939438
v -50.413876 19.825796 33.503349
v -49.920361 18.174004 32.300175
v -49.817253 19.826004 32.218910
v -50.254005 18.174004 30.561594
v -50.329117 19.826004 30.406511
v -50.094719 18.174004 30.075844
v -50.469177 19.825829 29.550539
v -48.282761 19.826004 29.427702
v -48.754490 18.174191 28.469351
v -48.126122 19.826004 28.914907
v -47.948925 18.174004 28.931255
v -46.333012 18.174004 30.558565
v -46.274590 19.826004 30.062712
v -46.735535 18.174004 30.433048
v -46.531029 18.174004 32.395039
v -46.353664 19.826004 32.394760
v -48.353065 19.826004 33.804413
v -48.377338 18.174004 33.651699
v -47.941544 18.174004 33.484337
v 32.812946 19.825317 -54.038853
v -11.283113 19.825249 46.615162
v 32.351601 19.825451 -52.104973
v 8.864953 19.825350 48.083183
v 32.788456 19.825342 54.043320
v -32.803291 19.825317 -54.036674
v 19.394859 19.826004 29.933676
v 18.407974 19.826004 31.582087
v 29.801926 18.174004 19.927620
v 30.494747 19.826004 21.746441
v 29.635284 18.174004 20.297014
v 31.422478 18.174004 21.798735
v 29.666159 18.173996 -20.705620
v 30.067335 19.825996 -19.159138
v 32.436508 19.825996 -18.813383
v 18.810244 19.825996 -32.747860
v 18.639385 18.173996 -30.589809
v 18.582495 19.825996 -30.223938
v -48.886337 19.825996 -32.999798
v -49.777725 19.825996 -31.553484
v -50.011013 19.825996 -31.352552
v -48.872887 18.173996 -29.869291
v -32.605179 19.825996 -21.746426
v -33.475449 18.173996 -20.430153
v -32.567448 18.173996 -18.670908
v -33.397507 19.825996 -20.153582
v -32.273289 19.825996 -18.287617
v -33.193752 18.174004 19.325651
v -33.140873 19.826004 21.043926
v -32.227329 18.174004 21.684004
v -22.084450 19.825996 -31.532110
v -21.922150 18.173996 -31.792068
v -21.236296 18.173996 -30.252388
v -33.058952 18.174007 47.210968
v -32.990795 18.174007 48.983208
v -31.763788 19.826008 49.692516
v -21.765154 18.174004 30.584806
v -21.795132 19.826004 32.395050
v -20.393030 18.174004 33.412773
v -20.149694 19.826004 33.081135
v 46.777203 19.826004 30.527258
v 46.189682 18.174004 31.176727
v 46.241623 18.174004 31.608538
v 47.125729 19.826004 33.034405
v -32.414585 18.173992 -49.594471
v -32.954880 19.825993 -48.475372
v -33.261089 18.173992 -48.116302
v -32.632317 19.825993 -47.001312
v -32.336342 18.173992 -46.490841
v 30.345621 19.826008 46.578251
v 29.611643 18.174007 48.262394
v 30.887127 18.174007 49.595592
v 29.913336 18.173992 -49.018230
v 31.343004 18.173992 -46.287403
v 46.476994 19.825996 -32.310406
v 46.338970 18.173996 -30.970737
v -47.985413 19.826004 29.785961
v -49.655964 18.174004 30.466591
v -49.490891 18.174004 32.680546
v -48.111980 19.826004 33.294064
v 38.026237 18.175003 14.215644
v 40.662712 19.825005 12.721381
v 40.815197 18.174999 12.313759
v 22.929562 19.825005 14.258887
v 26.390726 18.174999 12.349034
v 26.727114 19.825001 11.423562
v -35.630974 19.825005 13.296741
v -36.049526 18.175003 13.875743
v -18.575926 19.825001 12.276180
v -18.406031 18.174999 11.826705
v 19.783440 19.825350 -50.365891
v -33.001850 19.825338 53.919415
v -10.638096 18.174685 -34.839764
v -12.977608 18.174629 -32.179939
v -12.715382 18.174633 -19.988771
v -9.806793 18.174711 -17.957890
v 10.907421 18.174631 -34.758366
v 13.011548 18.174711 -31.962769
v 12.836807 18.174646 -20.333126
v 9.977108 18.174685 -17.984179
v -31.658327 18.174557 -52.425705
v -32.186981 18.174324 -51.240978
v -52.105125 18.174530 -32.351288
v -50.644447 18.174341 -33.212440
v -50.984730 18.174299 -30.243183
v -46.615162 18.174770 -11.283113
v -48.318565 18.174263 -28.326342
v -40.707024 18.174995 -12.632799
v -36.133694 18.174995 -13.947124
v -34.086224 18.174345 -18.396193
v -11.254273 18.174461 -36.672958
v -14.797082 18.174591 -32.773792
v -26.454193 18.174999 -12.208993
v -22.115673 18.174995 -14.117481
v -14.521570 18.174566 -19.265263
v -18.397783 18.174999 -11.837530
v -40.662712 18.175003 12.721383
v -48.048553 18.174835 17.911604
v -10.294416 18.174503 -16.104914
v 11.254273 18.174461 -36.672958
v 30.998812 18.174238 -51.151085
v -51.546333 18.174398 31.432758
v 32.351288 18.174530 -52.105125
v -51.504013 18.174448 33.527660
v -26.840368 18.174999 10.983386
v 30.237869 18.174334 -45.169197
v 14.797082 18.174591 -32.773792
v -23.411455 18.175003 14.286025
v 18.920082 18.174263 -28.644794
v -11.734742 18.174503 16.478426
v -14.895091 18.174623 20.705582
v 14.717299 18.174583 -19.905941
v 18.881624 18.174995 -12.869345
v 10.933887 18.174484 -16.241344
v -23.424133 18.174343 31.139585
v -20.226583 18.174322 28.249361
v 25.975317 18.174995 -13.069298
v -33.160675 18.174368 45.459774
v -34.637150 18.174322 48.561192
v -21.466236 18.174322 34.481083
v -14.946418 18.174618 31.976135
v 52.105125 18.174538 -32.351288
v -32.351601 18.174545 52.104973
v -32.312111 18.174366 51.089634
v -12.054460 18.174484 36.404873
v 36.133694 18.174995 -13.947124
v 48.048553 18.174828 -17.911612
v 11.254281 18.174503 16.327044
v 19.385286 18.175003 13.565063
v 40.691795 18.174995 -12.649879
v 14.797081 18.174601 20.226204
v 46.615162 18.174770 11.283111
v 11.283113 18.174774 46.615162
v 35.192081 18.174999 12.338091
v 11.894688 18.174488 36.464836
v 14.922132 18.174616 32.135101
v 31.619486 18.174347 23.402208
v 52.105125 18.174541 32.351288
v -10.908640 18.174633 18.245335
v -13.018497 18.174721 21.068213
v -12.868448 18.174662 32.559753
v -10.040213 18.174685 35.003834
v 10.290877 18.174639 18.048672
v 12.860308 18.174698 20.432976
v 10.633764 18.174688 34.842869
v 12.977608 18.174637 32.179939
v -32.791035 18.174658 -54.048397
v -54.049339 18.174665 -32.769920
v -48.099453 18.174650 -4.682348
v -50.176609 18.174696 18.624258
v -54.048397 18.174667 32.791035
v 32.775768 18.174662 -54.048889
v 54.057804 18.174664 -32.770481
v 48.917637 18.174646 -12.963509
v -4.186009 18.174658 48.072987
v 49.368782 18.174669 15.225055
v 20.062550 18.174707 50.505028
v 54.048889 18.174669 32.775768
v -12.796726 19.825354 -32.782505
v -9.894646 19.825293 -35.030891
v -13.073053 19.825302 -21.326017
v -10.891075 19.825346 -18.241859
v 10.022845 19.825344 -35.008823
v 12.848165 19.825321 -32.628780
v 13.013061 19.825268 -21.057379
v 11.023005 19.825367 -18.282631
v -32.351601 19.825451 -52.104973
v -52.105125 19.825459 -32.351288
v -48.048553 19.825165 -17.911612
v -17.911608 19.825172 -48.048553
v -22.965292 19.825649 -33.121487
v -40.550018 19.824997 -12.969513
v -35.858475 19.824997 -13.647939
v -14.672954 19.825409 -33.254284
v -10.773791 19.825552 -36.797085
v 11.283113 19.825233 -46.615162
v -25.975317 19.824997 -13.069300
v -14.832601 19.825403 -20.386187
v -18.912994 19.824997 -12.890392
v -11.414492 19.825493 -16.374422
v -40.361012 19.825005 13.330425
v -46.615162 19.825222 11.283109
v 11.254273 19.825531 -36.672958
v -52.105125 19.825466 32.351288
v -51.231983 19.825663 31.466248
v -25.596647 19.825005 13.616195
v 14.797082 19.825401 -32.773792
v 19.814299 19.825794 -34.367695
v -34.689014 19.825666 20.226580
v -31.128099 19.825787 17.328398
v 31.174374 19.825787 -45.238586
v -32.711838 19.825663 23.211624
v -14.575137 19.825428 19.425337
v -10.454006 19.825510 16.134739
v 18.304777 19.825001 -11.528834
v 12.214005 19.825493 -16.658375
v 21.876606 19.824997 -14.161808
v 14.967978 19.825361 -21.182369
v 29.936934 19.825670 -17.449495
v 26.501394 19.825001 -12.097728
v -21.466236 19.825686 34.481083
v -14.986850 19.825363 31.659702
v 52.105125 19.825462 -32.351288
v -32.351288 19.825470 52.105125
v -32.312111 19.825649 51.089634
v -12.373259 19.825514 36.275059
v 35.707668 19.824997 -13.437639
v 46.615162 19.825222 -11.283116
v 18.384935 19.825001 11.800955
v 10.294416 19.825512 16.104906
v 14.521570 19.825424 19.265255
v 40.453884 19.824997 -13.173638
v 36.075047 19.825005 13.884905
v 11.254273 19.825539 36.672958
v 17.490328 19.825733 29.868193
v 14.797082 19.825415 32.773792
v 32.322323 19.825773 17.444962
v 48.048553 19.825172 17.911604
v 17.911608 19.825176 48.048553
v 30.745527 19.825682 51.240978
v 47.222904 19.825653 34.524139
v 32.351288 19.825466 52.105125
v 52.105125 19.825470 32.351288
v -10.824603 19.825329 18.215780
v -13.054965 19.825348 21.210299
v -12.977608 19.825378 32.179939
v -10.633764 19.825314 34.842869
v 10.181239 19.825371 18.023008
v 12.842868 19.825319 20.366234
v 10.681116 19.825359 34.831337
v 13.000138 19.825304 32.040539
v -54.048397 19.825331 -32.791035
v -9.901584 19.825363 -48.205505
v -48.078545 19.825335 -8.653599
v -53.919243 19.825340 32.989117
v 54.043446 19.825327 -32.788094
v 49.013313 19.825357 -13.671069
v 49.180500 19.825319 14.431150
v 54.042908 19.825335 32.803356
v -46.350079 19.826004 30.705605
v -48.200161 18.174004 29.703262
v 49.374058 19.825996 -32.531235
v 48.074276 18.173996 -33.271076
v 33.370167 19.825993 -48.699165
v 31.424034 19.825993 -49.927258
v 30.701674 18.174007 46.520370
v -30.082186 19.825993 -48.882351
v -31.979753 19.825993 -49.785950
v 49.309185 18.174004 32.699249
v 49.015812 18.174004 29.949142
v 47.068794 18.174004 29.858852
v -18.585720 18.174004 30.781963
v -20.049089 18.174004 29.809174
v -30.077812 18.174007 48.869614
v -30.218969 19.826008 47.186527
v -31.833742 19.826008 46.473179
v -19.086269 18.173996 -30.390421
v -19.028524 18.173996 -33.128086
v -21.143808 19.825996 -33.237617
v -30.189095 19.826004 21.021664
v -30.036095 18.174004 19.679098
v -30.074465 19.826004 19.368258
v -32.065914 19.826004 18.337355
v -31.951653 18.174004 18.611080
v -47.073261 19.825996 -32.711452
v 22.056448 19.825996 -31.811552
v 21.559757 18.173996 -32.417088
v 20.077202 18.173996 -33.336067
v 32.966206 19.825996 -20.942757
v 29.963612 18.173996 -21.369188
v 32.785225 19.826004 18.762831
v 30.603624 19.826004 18.653008
v 21.497768 19.826004 30.437096
v 21.151068 18.174004 29.939960
v 19.008915 18.174004 30.205887
v -45.998993 18.174004 32.867176
v -46.220615 19.826004 32.861782
v -49.800171 19.826004 30.519762
v -49.857700 19.826004 32.851257
v -31.159439 19.826008 50.312832
v -31.163563 18.174007 50.423882
v -31.643702 19.826008 50.563530
v -29.260687 19.826008 47.118267
v -31.643702 19.826008 46.063530
v -33.112076 19.826008 46.960777
v -33.598961 18.174007 47.189186
v -33.605778 19.826008 47.182053
v -33.112076 19.826008 49.210777
v -33.598961 18.174007 49.439186
v -34.314316 19.825787 49.081783
v -19.954443 19.826004 33.876713
v -19.956781 18.174004 33.878452
v -20.506662 19.826004 33.933880
v -18.126713 19.826004 30.667589
v -20.115891 19.826004 29.559097
v -20.444916 18.174004 29.506811
v -21.884811 19.826004 30.532028
v -21.967661 18.174004 32.488243
v -22.141165 18.174004 32.978523
v -22.192039 19.826004 32.955513
v -31.425653 19.826004 22.754980
v -31.708481 18.174004 22.741796
v -29.349337 18.174004 21.200674
v -29.611668 19.826004 21.617624
v -31.745459 18.174004 18.201414
v -33.233593 19.826004 19.018169
v -33.561718 19.826004 19.409027
v -33.704250 18.174223 22.174299
v -33.561718 19.826004 21.659027
v 30.623711 18.174007 50.084045
v 30.567966 19.826008 50.245712
v 30.015789 18.174168 50.506260
v 29.485167 19.826008 48.119228
v 28.629436 19.825863 48.346489
v 32.899349 18.174007 46.150085
v 34.012424 18.174007 48.013069
v 33.433220 19.826008 48.225407
v 32.365437 19.826008 50.248444
v 19.384260 19.826004 33.431705
v 19.060406 18.174191 34.189926
v 18.825689 19.825844 33.942474
v 22.697508 18.174004 31.725664
v 21.633448 18.174004 29.489141
v 21.364584 19.826004 29.904381
v 19.325661 18.174004 29.436218
v 19.104202 18.174004 29.906790
v 17.993284 18.174004 31.827047
v 30.683826 18.174004 22.059303
v 30.533468 19.826004 22.462126
v 30.320261 18.174004 22.465965
v 29.240747 19.826004 20.537729
v 30.452433 18.174236 17.472664
v 30.417593 18.174004 18.555328
v 32.725258 18.174004 18.562481
v 34.089672 19.826004 20.289694
v 32.947754 18.174004 22.227360
v 47.216801 18.174004 33.348976
v 47.081371 19.826004 33.706867
v 46.425694 18.174227 33.911663
v 46.073254 19.826004 31.624090
v 47.210888 18.174004 29.377388
v 46.918568 19.826004 29.814432
v 49.168568 19.826004 29.814432
v 50.611366 18.174004 31.608824
v 50.573254 19.826004 31.624090
v 49.191357 19.826004 33.705029
v 29.781502 19.825996 -21.096685
v 29.847286 18.173996 -18.917860
v 31.705896 19.825996 -17.754148
v 33.769634 19.825996 -18.991383
v 33.769634 19.825996 -21.241383
v 31.716459 19.825996 -22.251877
v 31.567955 18.173996 -22.200127
v 48.320641 18.173996 -29.039534
v 45.788219 18.174154 -29.834309
v 45.587757 19.825766 -29.829210
v 49.829632 18.173996 -30.125465
v 49.907082 19.825996 -30.064802
v 50.307571 19.825996 -32.593540
v 49.907078 19.825996 -32.314800
v 48.191525 19.825996 -33.433529
v 46.096493 18.173996 -32.322647
v 20.508205 19.825996 -29.384916
v 20.321301 18.173996 -28.992054
v 22.199993 18.173996 -30.116945
v 22.050402 19.825996 -30.138842
v 18.479088 18.173996 -30.212555
v 18.320766 19.825996 -32.273670
v 18.288294 18.173996 -32.356499
v 20.516882 19.825996 -33.739101
v 19.964476 19.825996 -33.624077
v 31.725630 19.825993 -45.899311
v 31.671083 18.173992 -45.636768
v 29.723816 18.173992 -46.788200
v 29.665379 19.825993 -46.725384
v 28.926983 18.174118 -46.833000
v 29.665379 19.825993 -48.975384
v 28.996651 18.174093 -49.232529
v 31.671083 18.173992 -50.136768
v 33.483852 18.173992 -48.916946
v 33.483852 18.173992 -46.666946
v -46.690315 18.173996 -29.499846
v -47.096924 18.173996 -29.241598
v -45.897457 18.173996 -31.173834
v -45.927696 19.825996 -31.185179
v -46.682514 19.825996 -33.417103
v -46.709343 18.173996 -33.281921
v -47.030140 19.825996 -33.132526
v -48.959343 18.173996 -33.281921
v -49.280140 19.825996 -33.132526
v -50.397457 18.173996 -31.173834
v -48.968025 19.825996 -29.341934
v -49.346924 18.173996 -29.241598
v -32.618881 18.174177 -17.654779
v -33.750595 18.173996 -19.929846
v -32.428391 19.825996 -22.325380
v -32.625599 18.173996 -21.878403
v -30.305176 19.825996 -21.925608
v -29.685909 18.173996 -20.009979
v -29.560131 19.825996 -20.061693
v -30.594055 19.825996 -18.033699
v -18.822189 18.173996 -29.650639
v -18.825468 19.825996 -29.441374
v -20.906620 18.174141 -28.803661
v -21.081390 19.825996 -29.632463
v -21.605927 19.825813 -29.108946
v -21.677324 18.174191 -29.127497
v -22.197111 18.173996 -31.408560
v -21.068941 18.173996 -33.409328
v -18.963034 19.825996 -33.229321
v -17.705719 19.825996 -31.599758
v -17.993486 19.825996 -31.250078
v -18.039291 18.173996 -31.254646
v -32.379097 19.825993 -45.953663
v -32.622086 18.174179 -45.541214
v -33.456947 19.825993 -47.955727
v -33.652664 18.173992 -47.814934
v -32.453938 19.825993 -49.758404
v -30.336000 19.825993 -49.715900
v -29.302164 19.825993 -47.812737
v -29.620188 18.173992 -47.890568
vn -0.1726 -0.9288 -0.3280
vn 0.0823 -0.9950 0.0566
vn 0.1517 0.8920 -0.4258
vn 0.1262 0.9814 0.1445
vn 0.0541 0.2218 -0.9736
vn 0.5918 0.3889 0.7060
vn 0.1186 0.9921 -0.0399
vn 0.2985 0.8517 0.4307
vn 0.0390 0.2956 -0.9545
vn 0.1534 -0.8520 -0.5005
vn 0.0349 0.9933 -0.1101
vn 0.3673 0.8810 0.2981
vn -0.4919 -0.8598 0.1372
vn -0.0676 -0.9976 -0.0113
vn 0.5655 -0.8110 0.1496
vn -0.0263 0.9732 -0.2283
vn 0.7628 -0.2054 0.6131
vn -0.2126 -0.8290 0.5172
vn -0.4824 -0.8737 0.0625
vn 0.3552 -0.8861 0.2977
vn -0.0580 0.8914 -0.4496
vn 0.2485 0.9683 0.0242
vn -0.1047 -0.9931 0.0527
vn 0.0274 -0.9419 0.3347
vn 0.5665 -0.8214 0.0653
vn 0.0251 0.9917 -0.1262
vn 0.2406 0.9172 0.3177
vn -0.0680 -0.9862 0.1507
vn 0.3422 0.9362 0.0800
vn 0.1751 -0.9767 -0.1244
vn -0.0755 0.9619 0.2628
vn 0.6941 -0.6515 0.3062
vn -0.1812 -0.9194 -0.3492
vn 0.0911 -0.9948 0.0455
vn -0.0659 0.9011 -0.4286
vn 0.1375 0.9876 0.0751
vn -0.4777 -0.8188 0.3184
vn -0.5493 0.2519 -0.7968
vn 0.4549 -0.8847 -0.1019
vn 0.1682 0.9200 -0.3540
vn 0.0349 0.9805 0.1932
vn -0.0257 -0.9825 0.1846
vn -0.6302 -0.1299 -0.7654
vn -0.3050 0.0533 -0.9509
vn 0.6437 0.7408 -0.1920
vn 0.3428 -0.9392 0.0176
vn -0.1163 -0.9819 0.1494
vn -0.6558 -0.0087 -0.7549
vn 0.4558 -0.8864 0.0811
vn 0.4773 0.8698 -0.1252
vn -0.1296 -0.9572 0.2588
vn -0.0020 0.7557 0.6550
vn -0.4424 -0.8875 -0.1286
vn 0.0615 -0.9925 -0.1052
vn 0.2033 0.9655 -0.1626
vn 0.0246 0.9557 0.2933
vn 0.0702 0.1252 0.9896
vn -0.1785 0.8668 -0.4656
vn 0.5073 0.3137 -0.8026
vn 0.1636 0.9865 -0.0091
vn 0.2639 0.3121 0.9127
vn 0.0594 0.9137 -0.4020
vn 0.3067 -0.9107 -0.2768
vn 0.1569 0.9804 0.1195
vn 0.0369 -0.9431 0.3305
vn -0.2066 0.9429 -0.2612
vn -0.1004 -0.8382 -0.5360
vn 0.5461 0.7865 -0.2886
vn 0.8716 0.3400 0.3533
vn -0.2086 0.9040 -0.3732
vn -0.1259 0.2200 -0.9673
vn 0.3565 0.9325 -0.0582
vn 0.4766 -0.8723 0.1091
vn -0.1155 0.9860 0.1203
vn 0.6996 -0.1375 -0.7012
vn 0.3370 -0.9035 -0.2649
vn 0.8208 -0.0805 0.5655
vn 0.2657 -0.7939 0.5469
vn 0.0322 0.9946 -0.0982
vn 0.4600 0.1623 -0.8729
vn 0.6192 0.7124 -0.3301
vn 0.4300 0.1831 0.8841
vn 0.0947 0.9864 -0.1343
vn 0.0644 -0.9922 -0.1072
vn 0.5176 -0.0160 0.8555
vn 0.3056 -0.8613 0.4059
vn 0.1167 0.9915 -0.0572
vn 0.0156 -0.9165 -0.3998
vn 0.0039 0.9825 0.1862
vn 0.0625 -0.9977 0.0277
vn -0.8643 0.1870 -0.4670
vn 0.3516 -0.8786 -0.3232
vn -0.1147 0.9342 0.3377
vn 0.4510 0.8917 0.0379
vn 0.0491 -0.9859 0.1597
vn -0.6110 -0.2924 0.7357
vn -0.9641 -0.1469 -0.2210
vn 0.1556 -0.8434 0.5143
vn -0.2411 0.9213 -0.3051
vn 0.6032 0.7681 -0.2148
vn -0.0638 -0.9917 0.1113
vn -0.5102 0.0887 0.8555
vn -0.6332 0.1463 -0.7601
vn 0.9686 0.1678 -0.1837
vn -0.0568 0.9898 -0.1309
vn 0.3143 0.9264 0.2075
vn -0.3562 0.1760 0.9177
vn -0.3529 0.8711 0.3416
vn -0.8689 0.2303 -0.4382
vn 0.8333 0.2414 -0.4973
vn -0.0210 0.9912 -0.1303
vn 0.4967 0.8621 -0.1002
vn 0.0643 0.2139 0.9747
vn -0.3742 0.8617 -0.3427
vn -0.2001 -0.1317 -0.9709
vn 0.6954 0.1998 -0.6903
vn 0.9645 -0.1191 0.2358
vn 0.8980 -0.2647 0.3514
vn -0.7360 -0.2239 0.6389
vn -0.5190 0.5333 -0.6680
vn 0.1057 -0.9943 -0.0164
vn 0.8783 -0.4310 0.2070
vn -0.0578 -0.8549 0.5155
vn -0.2492 0.9073 0.3386
vn 0.2067 0.9616 -0.1807
vn 0.2476 0.0403 -0.9680
vn 0.0490 0.9711 0.2338
vn 0.6245 -0.3486 0.6989
vn 0.3281 0.8653 -0.3790
vn 0.2843 -0.9302 -0.2319
vn 0.0671 0.9848 0.1602
vn 0.1504 -0.6152 0.7739
vn 0.2214 0.9351 -0.2768
vn 0.8724 0.2141 -0.4393
vn 0.2004 0.9161 0.3473
vn -0.1443 -0.0098 0.9895
vn 0.0417 0.9379 -0.3445
vn 0.1000 -0.9319 -0.3486
vn 0.2254 0.9493 0.2192
vn 0.0887 -0.9915 0.0951
vn -0.7024 0.5345 -0.4700
vn 0.0533 -0.9982 0.0258
vn 0.0759 0.9946 -0.0707
vn -0.1367 -0.8492 0.5101
vn -0.3572 0.7731 0.5241
vn -0.4053 -0.9047 0.1312
vn -0.0137 -0.9985 -0.0537
vn 0.1109 0.9922 -0.0562
vn 0.0664 0.9739 0.2173
vn 0.1015 -0.9910 0.0875
vn -0.0888 0.9310 0.3539
vn 0.0676 0.1887 -0.9797
vn 0.5214 0.8483 -0.0926
vn 0.6051 0.2487 0.7563
vn -0.0648 0.9903 0.1230
vn 0.1841 -0.9699 -0.1592
vn 0.3844 0.0201 0.9230
vn 0.6480 -0.3867 -0.6562
vn 0.3431 0.8089 0.4774
vn 0.2760 -0.9099 -0.3097
vn 0.1239 -0.9528 0.2771
vn 0.7836 -0.1871 -0.5924
vn 0.1599 0.8519 0.4987
vn -0.3689 0.8682 -0.3317
vn 0.1261 -0.9902 -0.0597
vn 0.3033 0.9503 -0.0701
vn 0.1386 -0.8419 0.5215
vn -0.1202 0.9317 0.3427
vn -0.1587 -0.9847 -0.0726
vn -0.1975 -0.9740 -0.1110
vn 0.2932 -0.9559 0.0143
vn 0.4338 0.8221 -0.3688
vn 0.2348 0.9717 0.0275
vn -0.0130 -0.9055 0.4241
vn -0.0073 0.1074 0.9942
vn 0.0268 -0.9957 -0.0884
vn 0.4566 -0.8749 0.1618
vn -0.3013 0.9450 -0.1272
vn 0.1336 0.9832 -0.1247
vn 0.0486 0.9291 0.3666
vn -0.1616 -0.9658 0.2026
vn -0.4155 0.8947 -0.1636
vn 0.0063 -0.9772 -0.2122
vn 0.1531 0.9613 -0.2292
vn 0.1934 -0.9054 0.3779
vn 0.2143 -0.2506 0.9441
vn -0.0805 -0.9131 -0.3997
vn -0.2511 -0.9420 -0.2225
vn 0.3677 0.9120 -0.1817
vn 0.0506 0.9185 0.3922
vn -0.2849 -0.9481 0.1415
vn -0.2714 0.9624 -0.0071
vn 0.4943 0.2592 -0.8297
vn 0.1494 0.9714 -0.1846
vn 0.3888 -0.8445 0.3683
vn 0.2072 0.8864 0.4139
vn 0.3938 -0.0891 -0.9149
vn 0.0029 -0.9688 -0.2479
vn 0.6626 -0.2008 0.7216
vn 0.5820 -0.8057 0.1105
vn -0.1239 -0.9753 0.1829
vn 0.2609 -0.9421 0.2106
vn 0.8107 0.3225 -0.4886
vn -0.0989 0.7580 -0.6447
vn 0.0616 0.9980 -0.0102
vn -0.0099 -0.9205 0.3905
vn -0.3823 -0.8068 -0.4505
vn 0.1080 -0.9870 -0.1188
vn 0.0009 0.9862 -0.1657
vn 0.6079 -0.1631 0.7771
vn 0.4908 -0.8638 0.1135
vn -0.0858 0.9881 -0.1273
vn -0.0528 -0.9830 -0.1756
vn 0.4826 0.8739 -0.0585
vn 0.2399 -0.9617 0.1323
vn -0.0231 0.9182 0.3954
vn -0.3760 -0.8781 0.2959
vn -0.1259 0.9889 -0.0791
vn -0.0619 -0.9867 -0.1500
vn 0.3578 0.9321 -0.0563
vn 0.4231 -0.8755 0.2334
vn -0.7267 -0.1029 0.6792
vn 0.0007 0.9557 0.2944
vn -0.0456 0.9989 -0.0117
vn 0.4994 0.2000 -0.8430
vn 0.8849 -0.4493 0.1226
vn -0.0174 -0.9971 0.0736
vn -0.4947 -0.8600 -0.1253
vn -0.1681 0.8463 0.5055
vn 0.2026 0.0677 -0.9769
vn -0.1098 -0.9150 0.3882
vn 0.0018 1.0000 0.0097
vn 0.0287 -0.9987 0.0431
vn -0.6291 0.7757 0.0495
vn -0.5375 -0.8318 0.1385
vn 0.0168 -0.8259 0.5636
vn -0.9189 -0.0713 0.3880
vn -0.2603 -0.9639 -0.0551
vn -0.3468 0.7303 0.5885
vn 0.0408 0.5827 0.8117
vn 0.9386 0.1007 0.3301
vn 0.9228 0.0893 -0.3749
vn 0.3349 0.3199 -0.8863
vn 0.1910 0.9656 0.1766
vn 0.4498 0.2927 0.8438
vn 0.8993 -0.0088 -0.4373
vn -0.3993 0.2470 -0.8829
vn -0.1245 -0.1705 0.9774
vn 0.8724 -0.2912 0.3927
vn 0.1073 0.0210 -0.9940
vn 0.0378 -0.0264 0.9989
vn 0.8654 -0.2354 -0.4422
vn 0.1462 -0.6324 -0.7607
vn -0.1377 -0.3738 -0.9172
vn -0.7879 -0.2676 0.5547
vn 0.5697 0.7188 0.3984
vn 0.7656 -0.4034 0.5011
vn 0.1835 0.8234 -0.5369
vn 0.5282 -0.7445 -0.4084
vn -0.6291 0.2671 0.7300
vn 0.1482 0.1762 0.9731
vn 0.7286 -0.5410 0.4200
vn 0.8421 0.3712 0.3912
vn -0.1899 -0.7751 -0.6027
vn 0.0617 0.0083 -0.9981
vn 0.8370 0.0697 0.5428
vn -0.0554 0.2578 0.9646
vn 0.9536 0.2147 0.2113
vn 0.8531 0.1237 -0.5069
vn 0.2955 0.2341 -0.9262
vn -0.2024 -0.0436 -0.9783
vn -0.1506 0.2685 0.9514
vn 0.9258 -0.0025 0.3779
vn 0.1258 0.3025 0.9448
vn -0.0581 -0.3030 -0.9512
vn -0.0343 -0.8452 -0.5334
vn 0.0055 0.9994 -0.0345
vn -0.1899 -0.0012 -0.9818
vn -0.6700 0.6498 -0.3589
vn -0.0072 1.0000 -0.0022
vn -0.0000 1.0000 -0.0001
vn -0.0000 1.0000 -0.0000
vn -0.0001 1.0000 -0.0001
vn 0.0002 1.0000 -0.0000
vn 0.0022 0.8741 0.4857
vn -0.0068 1.0000 -0.0022
vn -0.0540 0.9973 0.0501
vn -0.1295 0.9914 0.0210
vn -0.1661 0.9861 -0.0066
vn -0.0873 0.9938 -0.0689
vn -0.7050 0.6468 0.2909
vn 0.0041 0.9990 0.0435
vn -0.0000 1.0000 0.0001
vn 0.0001 1.0000 -0.0000
vn -0.1384 0.9857 -0.0959
vn -0.4241 0.9041 0.0532
vn -0.1780 0.0020 0.9840
vn -0.0001 1.0000 -0.0000
vn -0.0000 1.0000 -0.0002
vn -0.0070 1.0000 0.0023
vn 0.0001 1.0000 -0.0001
vn 0.0002 1.0000 -0.0002
vn 0.0015 1.0000 -0.0006
vn 0.0503 0.9120 0.4070
vn -0.0001 1.0000 0.0001
vn -0.2082 0.9654 -0.1570
vn 0.0001 1.0000 0.0003
vn 0.4276 0.9040 0.0029
vn -0.4407 0.8976 -0.0009
vn 0.0003 1.0000 -0.0004
vn -0.0478 0.9098 -0.4122
vn -0.0002 1.0000 -0.0002
vn -0.0003 0.9922 0.1245
vn -0.2750 0.6549 0.7039
vn 0.0040 1.0000 -0.0012
vn -0.1014 0.9946 0.0200
vn 0.0001 1.0000 0.0001
vn 0.4071 0.9120 -0.0504
vn -0.0026 0.9998 -0.0196
vn 0.2499 0.1742 -0.9525
vn 0.8369 0.5132 -0.1902
vn -0.0216 0.9866 0.1617
vn -0.0002 1.0000 -0.0000
vn 0.0032 0.9039 -0.4277
vn -0.3507 0.9184 0.1829
vn -0.0497 0.9797 -0.1941
vn -0.1284 0.9885 0.0794
vn -0.3210 0.9430 0.0879
vn 0.2368 0.6224 0.7460
vn 0.0070 1.0000 0.0022
vn -0.0058 0.9994 0.0333
vn 0.1812 0.0024 0.9834
vn 0.6694 0.6504 0.3590
vn 0.0051 -0.9994 -0.0352
vn -0.7021 -0.6497 -0.2914
vn -0.0073 -1.0000 -0.0023
vn -0.0000 -1.0000 -0.0001
vn -0.0000 -1.0000 -0.0000
vn 0.0003 -1.0000 -0.0000
vn -0.0000 -1.0000 0.0001
vn 0.0001 -1.0000 -0.0002
vn -0.0001 -1.0000 0.0002
vn -0.0002 -1.0000 0.0003
vn 0.0001 -1.0000 -0.0000
vn -0.0000 -1.0000 0.0002
vn -0.1707 -0.9853 -0.0034
vn -0.6743 -0.6459 0.3581
vn 0.0042 -0.9990 0.0456
vn -0.1806 -0.9750 -0.1293
vn -0.0069 -1.0000 0.0022
vn 0.0001 -1.0000 -0.0001
vn -0.1458 -0.9838 0.1039
vn 0.0001 -1.0000 0.0002
vn 0.0003 -1.0000 -0.0002
vn 0.0087 -1.0000 -0.0029
vn -0.0002 -1.0000 -0.0000
vn 0.0001 -1.0000 -0.0003
vn -0.0001 -1.0000 -0.0001
vn -0.0001 -1.0000 -0.0004
vn -0.0403 -0.9956 0.0845
vn -0.0001 -1.0000 0.0001
vn -0.2853 -0.6133 0.7366
vn 0.0001 -1.0000 0.0001
vn 0.6440 -0.5941 -0.4820
vn -0.0002 -1.0000 -0.0001
vn -0.0001 -1.0000 -0.0002
vn -0.0242 -0.9968 -0.0757
vn 0.3261 -0.6318 0.7032
vn 0.0069 -1.0000 0.0022
vn -0.0033 -0.9989 0.0476
vn 0.7062 -0.6457 0.2905
vn -0.2494 0.7948 0.5532
vn -0.2440 -0.7950 0.5554
vn -0.2490 0.7972 -0.5499
vn -0.2543 -0.7972 -0.5475
vn -0.4085 0.6015 -0.6865
vn -0.4869 -0.6645 -0.5669
vn -0.0539 0.6143 -0.7872
vn -0.2600 -0.5537 -0.7911
vn 0.2367 0.6015 -0.7630
vn 0.0732 -0.6457 -0.7601
vn 0.4726 0.6684 -0.5744
vn 0.3976 -0.6200 -0.6764
vn 0.2406 0.7980 -0.5526
vn 0.2401 -0.7964 -0.5551
vn 0.2464 0.7959 0.5530
vn 0.2474 -0.7940 0.5552
vn 0.3028 -0.9044 0.3007
vn 0.3028 0.9044 -0.3007
vn 0.3006 -0.9044 -0.3030
vn 0.3006 0.9044 0.3029
vn -0.3005 -0.9044 0.3029
vn -0.3028 0.9044 0.3007
vn -0.3028 -0.9044 -0.3007
vn -0.3006 0.9044 -0.3030
vn 0.0217 -0.0123 0.9997
vn 0.9947 -0.0247 0.0995
vn 0.0068 -0.0015 1.0000
vn -1.0000 0.0012 0.0085
vn -1.0000 -0.0018 -0.0079
vn -0.0079 0.0018 -1.0000
vn -0.1000 -0.0248 0.9947
vn 1.0000 0.0011 -0.0082
vn -0.9998 -0.0166 0.0133
vn -0.9999 -0.0042 0.0149
vn -0.0004 0.0027 -1.0000
vn -0.0005 0.0042 -1.0000
vn 0.5041 -0.0575 0.8617
vn 0.9998 -0.0134 -0.0163
vn 0.9998 0.0042 -0.0185
vn -0.4418 -0.0246 0.8968
vn -0.9931 -0.0105 -0.1164
vn -0.0093 -0.0154 -0.9998
vn 0.0087 0.0007 -1.0000
vn -0.4057 0.0211 0.9138
vn 0.5520 0.0934 0.8286
vn -0.0002 0.1131 0.9936
vn -0.9998 0.0192 -0.0013
vn 0.1137 -0.0176 -0.9934
vn 0.9997 -0.0127 -0.0217
vn 0.9999 0.0113 -0.0079
vn -0.6966 0.0006 0.7175
vn 0.6966 -0.0006 0.7175
vn 0.7162 0.0025 0.6979
vn -0.7162 -0.0025 0.6979
vn -0.7162 0.0025 -0.6979
vn -0.6966 -0.0006 -0.7175
vn 0.6966 0.0006 -0.7175
vn 0.7162 -0.0025 -0.6979
vn 0.7735 -0.0013 0.6338
vn 0.8321 -0.0280 0.5539
vn 0.5986 0.0130 -0.8010
vn 0.5524 -0.0163 -0.8334
vn -0.7923 -0.0643 0.6068
vn -0.5164 -0.0088 0.8563
vn -0.5081 0.0020 -0.8613
vn -0.7829 0.0591 -0.6193
vn 0.3930 -0.0951 0.9146
vn 0.8245 -0.0960 0.5577
vn 0.8256 0.0949 -0.5562
vn 0.3962 0.0931 -0.9134
vn -0.7981 0.0378 0.6013
vn -0.6310 -0.0123 0.7757
vn -0.5449 0.0245 -0.8381
vn -0.7068 -0.0252 -0.7070
vn 0.5951 -0.0023 0.8037
vn 0.8270 -0.0668 0.5582
vn 0.7246 0.0455 -0.6876
vn 0.5009 -0.0201 -0.8653
vn -0.6516 -0.0197 0.7583
vn -0.7800 0.0385 0.6246
vn -0.5920 0.0245 -0.8056
vn -0.7173 -0.0294 -0.6962
vn -0.6979 0.0025 0.7162
vn 0.6979 -0.0025 0.7162
vn 0.7175 0.0006 0.6966
vn -0.7175 -0.0006 0.6966
vn -0.7175 0.0006 -0.6966
vn -0.6979 -0.0025 -0.7162
vn 0.6979 0.0025 -0.7162
vn 0.7175 -0.0006 -0.6966
vn 0.8074 0.0057 0.5900
vn 0.8084 -0.0014 0.5886
vn 0.5925 0.0003 -0.8055
vn 0.5915 -0.0036 -0.8063
vn -0.6409 0.0030 0.7676
vn -0.8240 -0.0354 0.5655
vn -0.5280 -0.0275 -0.8488
vn -0.6977 0.0129 -0.7163
vn 0.6908 -0.0040 0.7231
vn 0.6634 -0.0101 -0.7482
vn 0.8251 0.0340 0.5640
vn 0.5409 0.0264 -0.8407
vn -0.8452 0.0249 0.5339
vn -0.7604 -0.0117 0.6493
vn -0.5263 0.0270 -0.8499
vn -0.6024 -0.0027 -0.7982
vn 0.5946 -0.0084 0.8040
vn 0.7738 -0.0230 -0.6331
vn 0.7005 0.0153 0.7135
vn 0.6647 0.0014 -0.7471
vn -0.8442 0.0393 0.5347
vn -0.3307 0.1911 0.9242
vn -0.3270 -0.1941 -0.9249
vn -0.8432 -0.0420 -0.5360
vn 0.4501 0.1170 0.8853
vn 0.7751 -0.0207 -0.6315
vn 0.8658 0.0463 0.4982
vn 0.3853 -0.0508 -0.9214
vn -0.8516 0.0373 0.5229
vn -0.7346 -0.0103 0.6784
vn -0.5138 0.0325 -0.8573
vn -0.6198 -0.0084 -0.7847
vn -0.2990 -0.4222 -0.8558
vn -0.8322 0.3836 0.4003
vn -0.8831 -0.3816 -0.2730
vn -0.9425 0.0032 -0.3342
vn -0.7079 0.6252 0.3288
vn -0.7509 0.2179 -0.6234
vn -0.5804 0.7941 -0.1804
vn -0.6998 0.5599 0.4435
vn -0.2294 0.1798 -0.9566
vn -0.5609 -0.7682 -0.3085
vn -0.8706 -0.1900 0.4538
vn -0.6116 -0.7602 0.2190
vn -0.7046 -0.3691 -0.6061
vn -0.9769 -0.1217 -0.1757
vn -0.3491 -0.8966 0.2726
vn -0.8781 0.0815 -0.4715
vn -0.7340 0.4716 0.4887
vn -0.8725 0.0437 -0.4866
vn -0.9343 -0.0066 -0.3565
vn -0.4718 0.8644 0.1740
vn -0.8181 -0.5367 0.2067
vn 0.0014 1.0000 -0.0011
vn -0.0014 1.0000 -0.0001
vn -0.0008 1.0000 0.0002
vn -0.9676 -0.2097 -0.1404
vn -0.4974 -0.8539 0.1534
vn -0.0001 1.0000 -0.0002
vn -0.9790 0.1004 0.1775
vn -0.2916 0.9463 -0.1394
vn -0.4806 0.7941 -0.3720
vn -0.3760 0.9174 0.1302
vn -0.9933 0.0765 0.0861
vn -0.9140 0.0616 -0.4010
vn -0.9269 0.0293 -0.3741
vn -0.4434 -0.7988 0.4065
vn -0.8982 0.2589 -0.3552
vn -0.0004 1.0000 -0.0002
vn -0.0013 1.0000 0.0013
vn -0.0040 1.0000 0.0046
vn -0.9106 0.0297 0.4121
vn -0.2465 0.9677 0.0525
vn -0.1957 -0.9727 0.1249
vn -0.0085 0.9994 -0.0343
vn 0.0006 1.0000 -0.0004
vn -0.9949 0.0994 -0.0146
vn -0.0372 0.9638 0.2640
vn -0.1086 0.1023 -0.9888
vn -0.7296 0.0767 0.6796
vn -0.3701 -0.9079 0.1970
vn -0.3432 0.9339 0.1002
vn -0.2603 0.9451 0.1975
vn -0.9557 0.1882 -0.2262
vn 0.0001 1.0000 0.0002
vn -0.3375 0.9315 -0.1357
vn -0.4688 0.8780 -0.0963
vn -0.3570 0.9202 0.1605
vn 0.0003 1.0000 -0.0001
vn 0.0010 1.0000 0.0009
vn -0.7640 0.0291 0.6446
vn -0.9601 0.1393 0.2425
vn -0.4379 -0.8464 0.3031
vn -0.9859 -0.1663 0.0170
vn 0.0003 -1.0000 0.0001
vn -0.0004 -1.0000 -0.0002
vn 0.0002 -1.0000 -0.0003
vn 0.0004 -1.0000 -0.0001
vn 0.0004 -1.0000 -0.0004
vn -0.0016 -1.0000 0.0001
vn 0.0021 -1.0000 0.0013
vn -0.0001 -1.0000 -0.0000
vn -0.0001 -1.0000 0.0008
vn -0.0012 -1.0000 0.0005
vn 0.0002 -1.0000 -0.0000
vn 0.0015 -1.0000 0.0013
vn 0.0001 -1.0000 0.0003
vn -0.0003 -1.0000 0.0008
vn -0.0001 -1.0000 -0.0005
vn 0.0006 -1.0000 0.0004
vn 0.0004 -1.0000 -0.0002
vn -0.0000 -1.0000 0.0006
vn -0.0008 -1.0000 0.0006
vn -0.0005 -1.0000 0.0013
vn -0.0002 -1.0000 0.0028
vn -0.0015 -1.0000 0.0002
vn -0.0002 -1.0000 0.0002
vn -0.1043 -0.9816 -0.1599
vn 0.4655 -0.8791 -0.1025
vn 0.4311 0.8750 -0.2203
vn -0.0123 -0.9721 0.2344
vn 0.0834 0.9662 0.2438
vn 0.1202 0.9466 -0.2991
vn 0.2638 -0.9561 -0.1278
vn 0.3536 0.8777 0.3233
vn 0.0827 -0.8434 0.5309
vn -0.2197 -0.9752 0.0278
vn 0.3494 -0.7926 -0.4997
vn 0.0034 0.9424 -0.3344
vn 0.4283 0.8888 0.1633
vn 0.2459 -0.8731 0.4210
vn -0.1525 0.9656 0.2107
vn 0.8296 -0.2488 -0.4999
vn 0.3981 -0.9146 -0.0710
vn 0.0483 0.9926 0.1118
vn 0.2701 0.4083 0.8720
vn -0.2364 0.9637 -0.1242
vn -0.0234 -0.8605 -0.5089
vn 0.1494 -0.9876 0.0484
vn 0.2808 0.8042 -0.5239
vn 0.1015 0.9910 0.0873
vn -0.2977 -0.8602 -0.4141
vn 0.2279 -0.9689 -0.0966
vn 0.0984 0.9853 -0.1398
vn -0.0119 0.9689 0.2471
vn 0.3523 -0.8050 0.4773
vn 0.0133 0.9148 -0.4038
vn 0.1033 -0.9146 -0.3910
vn 0.6459 0.6740 0.3585
vn 0.8607 0.1079 0.4975
vn -0.1327 -0.9901 0.0457
vn -0.6803 -0.1208 -0.7229
vn 0.2748 -0.8470 0.4551
vn 0.4895 0.8542 -0.1755
vn -0.4939 -0.8695 0.0103
vn -0.0457 -0.9971 0.0610
vn 0.0053 0.9996 0.0265
vn -0.3399 0.7816 -0.5230
vn 0.2722 -0.9201 -0.2815
vn 0.9523 -0.3047 -0.0167
vn 0.0462 -0.9828 0.1788
vn -0.2576 0.9069 0.3334
vn -0.2009 -0.8770 -0.4364
vn 0.0396 -0.9992 -0.0006
vn 0.2493 0.9679 -0.0323
vn 0.0312 0.9994 -0.0162
vn -0.1636 -0.9809 0.1048
vn -0.0333 0.9218 0.3862
vn 0.4163 -0.8802 -0.2279
vn 0.0724 -0.9724 0.2219
vn 0.1496 0.9712 -0.1856
vn 0.3366 0.9123 -0.2334
vn -0.5802 0.8029 0.1372
vn -0.1252 -0.9905 -0.0561
vn 0.0351 0.9796 -0.1978
vn 0.7584 0.5577 0.3374
vn 0.1238 0.9629 0.2398
vn -0.1101 -0.9653 -0.2368
vn 0.3197 -0.9453 0.0642
vn 0.4198 0.8517 -0.3135
vn 0.1196 0.9415 0.3151
vn -0.2593 -0.8999 0.3508
vn 0.3384 -0.9292 -0.1482
vn 0.0021 -0.9518 0.3068
vn 0.2230 0.9071 -0.3571
vn 0.1372 0.9808 0.1386
vn -0.1454 0.8700 -0.4712
vn 0.4762 -0.8104 -0.3412
vn 0.3583 0.9332 -0.0281
vn -0.1527 -0.9882 0.0139
vn 0.2750 -0.7782 0.5646
vn -0.0717 0.9818 0.1756
vn 0.2376 0.9580 0.1608
vn 0.0738 0.3374 -0.9385
vn 0.1329 0.9842 0.1173
vn 0.0043 -0.9977 0.0681
vn -0.5503 -0.8336 0.0473
vn -0.8272 -0.3224 -0.4603
vn -0.0232 0.1606 -0.9868
vn 0.1774 0.9841 0.0123
vn 0.0989 -0.9867 0.1288
vn -0.2670 0.7651 0.5859
vn -0.7277 -0.6476 0.2258
vn -0.5141 0.8562 0.0508
vn -0.2756 -0.9586 -0.0719
vn -0.1467 0.9767 -0.1569
vn 0.8507 0.2973 -0.4334
vn 0.9539 -0.0349 0.2981
vn 0.9392 -0.0145 0.3430
vn -0.1202 -0.9261 0.3576
vn -0.0126 0.9587 0.2843
vn -0.3709 0.9013 -0.2237
vn 0.2219 0.3483 -0.9107
vn 0.1541 0.9822 -0.1077
vn 0.5997 -0.8002 -0.0036
vn -0.2339 -0.3213 0.9176
vn 0.0559 0.8198 -0.5699
vn 0.1192 0.2189 -0.9684
vn 0.0900 0.9959 -0.0027
vn 0.7393 0.1169 0.6631
vn 0.6574 0.4654 0.5926
vn -0.8786 0.1030 0.4663
vn 0.3283 0.8021 -0.4988
vn -0.1054 -0.8629 -0.4943
vn 0.0635 0.9967 0.0509
vn 0.0183 -0.9957 0.0905
vn 0.4430 -0.1470 -0.8844
vn -0.1528 -0.9426 0.2969
vn 0.0099 0.9949 0.1004
vn 0.0675 -0.9717 0.2263
vn -0.1124 -0.8418 -0.5279
vn 0.3811 -0.9245 0.0090
vn 0.1708 0.8934 -0.4156
vn 0.6796 0.0254 0.7331
vn -0.1005 0.9948 0.0177
vn -0.6908 0.1507 0.7072
vn -0.0426 0.9909 -0.1280
vn 0.5513 0.3611 -0.7521
vn 0.4007 0.8520 -0.3370
vn 0.3052 0.2309 0.9239
vn -0.9432 0.3244 -0.0723
vn -0.5299 0.8428 -0.0946
vn 0.3858 -0.7298 -0.5644
vn 0.0364 0.9929 -0.1130
vn -0.2020 -0.9779 -0.0542
vn 0.0221 0.9721 0.2335
vn 0.0548 0.9443 -0.3246
vn -0.0987 -0.9569 -0.2731
vn 0.2914 0.9460 0.1421
vn 0.5006 -0.8645 0.0449
vn -0.0674 0.9975 0.0205
vn -0.1837 -0.9681 -0.1704
vn 0.4702 -0.8248 -0.3141
vn 0.0020 0.9778 -0.2094
vn 0.6578 0.7481 0.0873
vn -0.6661 -0.2014 -0.7182
vn 0.1387 -0.9903 0.0003
vn 0.4300 0.8736 -0.2278
vn -0.1790 -0.8981 0.4017
vn 0.0284 0.9966 0.0772
vn -0.0939 0.7838 -0.6139
vn 0.1401 -0.9898 -0.0261
vn 0.0823 0.9966 -0.0012
vn -0.1620 -0.9307 0.3279
vn -0.1504 0.9883 0.0252
vn -0.7353 0.3601 -0.5741
vn 0.4680 -0.8758 -0.1178
vn 0.0693 0.9851 -0.1576
vn 0.2121 0.9154 0.3420
vn 0.0864 -0.9794 0.1824
vn 0.3829 -0.8993 0.2113
vn 0.2794 0.8845 -0.3737
vn 0.1502 0.9691 0.1957
vn -0.1920 -0.9706 0.1449
vn 0.3700 0.8982 -0.2372
vn -0.0496 -0.9514 -0.3040
vn 0.1413 0.9846 0.1029
vn 0.1648 -0.9833 0.0767
vn 0.0011 0.8813 0.4726
vn -0.2857 -0.9385 0.1939
vn -0.4601 -0.0619 -0.8857
vn 0.1173 -0.9931 0.0036
vn -0.3687 0.8903 -0.2671
vn 0.0908 0.9950 -0.0416
vn -0.4375 -0.0440 0.8981
vn -0.4077 0.9068 -0.1076
vn 0.8554 0.1347 -0.5002
vn 0.0455 0.9932 -0.1070
vn 0.0104 0.9687 0.2479
vn 0.2197 -0.8334 0.5072
vn -0.0223 -0.9425 -0.3335
vn 0.3285 -0.9255 0.1886
vn 0.3532 0.8751 -0.3307
vn 0.0927 0.9629 0.2533
vn -0.3221 -0.9110 0.2577
vn -0.0553 0.9937 -0.0971
vn -0.1283 0.3903 -0.9117
vn 0.2043 0.9744 0.0938
vn 0.2563 -0.8583 0.4445
vn -0.4710 -0.8415 0.2648
vn 0.0160 -0.9217 -0.3875
vn 0.1634 -0.9845 0.0641
vn -0.1513 0.9633 -0.2216
vn 0.1145 0.9920 0.0525
vn -0.3307 0.8657 0.3759
vn -0.2834 -0.9473 0.1492
vn -0.0428 0.9663 -0.2538
vn 0.0041 -0.9792 -0.2028
vn 0.2791 0.9489 0.1474
vn 0.1250 -0.9718 0.1999
vn -0.4081 -0.8893 0.2066
vn -0.2933 -0.9539 0.0639
vn -0.4245 -0.9021 0.0778
vn 0.5370 -0.1849 -0.8231
vn 0.4828 0.0028 0.8757
vn 0.1416 -0.9387 0.3145
vn 0.0979 -0.8581 -0.5040
vn 0.5088 0.8247 -0.2469
vn 0.3247 -0.4545 0.8294
vn -0.3017 -0.9493 -0.0888
vn 0.0758 0.9936 -0.0835
vn 0.0299 -0.9763 -0.2141
vn 0.2426 0.8713 0.4266
vn 0.3178 -0.9407 0.1185
vn -0.9574 -0.0640 0.2814
vn -0.5909 -0.8053 -0.0491
vn 0.0328 -0.9888 -0.1459
vn -0.0194 0.9752 -0.2204
vn 0.4298 0.8913 -0.1442
vn 0.1837 0.4546 0.8715
vn -0.4384 0.8696 -0.2272
vn -0.5269 0.8418 -0.1173
vn -0.0110 0.2154 -0.9765
vn 0.0861 0.9496 -0.3015
vn 0.1054 -0.9852 0.1350
vn 0.0323 0.9923 0.1198
vn -0.4767 -0.8698 0.1271
vn -0.6018 -0.7728 -0.2018
vn 0.2386 -0.7083 0.6644
vn 0.7759 -0.2306 -0.5872
vn -0.0417 0.9899 0.1352
vn -0.0219 -0.9961 0.0850
vn 0.1054 -0.8796 -0.4638
vn 0.5700 -0.7369 0.3634
vn 0.6924 -0.1180 -0.7118
vn 0.3682 -0.2761 0.8878
vn -0.1362 -0.9905 0.0180
vn -0.6294 -0.2899 -0.7210
vn 0.2904 -0.9395 -0.1816
vn 0.9456 -0.3199 -0.0587
vn -0.0156 -0.9637 0.2666
vn -0.4857 -0.1453 0.8620
vn 0.2109 0.3522 -0.9118
vn -0.2466 -0.9607 -0.1276
vn 0.1432 0.9884 -0.0500
vn 0.1960 -0.9711 -0.1361
vn 0.0148 -0.9281 0.3720
vn 0.3538 0.8470 0.3969
vn -0.1766 0.9567 -0.2312
vn 0.5064 -0.7880 -0.3501
vn 0.1865 0.9797 0.0730
vn 0.1567 -0.9871 0.0333
vn -0.2415 0.8871 0.3933
vn 0.0317 -0.1896 -0.9813
vn -0.0032 -0.9948 -0.1019
vn 0.8621 -0.1215 0.4919
vn 0.4867 -0.8002 -0.3506
vn -0.8645 -0.1337 0.4846
vn -0.2386 -0.8733 -0.4249
vn 0.9363 0.2729 -0.2210
vn 0.6325 0.7162 -0.2950
vn 0.0099 0.9345 0.3559
vn -0.0571 -0.9976 0.0394
vn 0.0684 -0.8478 -0.5258
vn 0.4963 -0.8575 0.1358
vn -0.1896 0.8701 -0.4549
vn 0.5723 0.8001 -0.1796
vn -0.7728 -0.1462 0.6175
vn -0.1468 -0.6583 -0.7383
vn 0.1257 -0.9874 0.0959
vn 0.2650 -0.4298 -0.8632
vn -0.0113 0.9984 0.0558
vn -0.5456 0.8365 -0.0504
vn 0.5673 -0.3335 -0.7530
vn 0.1049 -0.9945 0.0002
vn 0.0362 0.9993 0.0136
vn -0.2799 0.8029 0.5263
vn 0.3174 -0.8359 0.4478
vn -0.1288 0.9540 -0.2708
vn 0.0985 -0.9896 -0.1052
vn 0.4384 0.8893 0.1300
vn 0.1496 -0.8867 0.4376
vn -0.1896 0.9306 0.3132
vn 0.3209 0.2706 -0.9076
vn 0.5737 0.1201 0.8102
vn 0.1479 0.9539 -0.2613
vn 0.1299 0.9627 0.2373
vn -0.0655 -0.8722 -0.4848
vn -0.2212 -0.9722 -0.0773
vn 0.8631 -0.3165 -0.3934
vn -0.0687 0.9953 0.0686
vn -0.1018 -0.9920 0.0749
vn -0.0619 0.9096 -0.4109
vn -0.1413 -0.9451 -0.2946
vn 0.0189 0.9993 0.0330
vn 0.0029 -0.8854 0.4648
vn -0.4418 0.8714 0.2132
vn -0.0641 -0.9911 0.1164
vn -0.1869 0.0789 -0.9792
vn 0.5099 -0.8602 -0.0025
vn -0.1040 0.9687 -0.2255
vn 0.1048 0.9928 0.0576
vn -0.3540 0.8853 0.3016
vn -0.2031 0.8607 -0.4668
vn 0.0816 -0.9966 0.0091
vn 0.0850 0.9961 -0.0246
vn 0.3199 -0.8618 0.3937
vn -0.6682 -0.1973 0.7174
vn -0.4127 0.8616 -0.2955
vn -0.2462 -0.7853 -0.5680
vn 0.1570 0.9726 -0.1713
vn 0.1559 -0.9874 -0.0267
vn -0.0700 0.9609 0.2678
vn -0.2702 -0.8456 -0.4604
vn 0.1433 -0.9886 -0.0454
vn 0.1761 0.9802 -0.0910
vn 0.0878 0.8664 0.4915
vn -0.1558 -0.9695 0.1893
vn -0.1890 0.9594 -0.2093
vn 0.0007 -0.9514 -0.3078
vn 0.4889 0.8436 -0.2222
vn 0.1818 -0.9728 0.1433
vn 0.0217 0.9769 0.2127
vn -0.0322 0.9645 -0.2621
vn 0.2702 -0.8406 -0.4695
vn 0.5021 0.8594 0.0961
vn -0.0001 -0.9886 0.1504
vn -0.1601 0.9691 0.1879
vn -0.0202 -0.7727 -0.6345
vn 0.3293 -0.9432 0.0436
vn 0.2508 0.9277 -0.2765
vn 0.2031 0.9051 0.3736
vn -0.0713 0.9668 -0.2455
vn 0.5331 -0.8199 -0.2087
vn 0.1599 0.9267 -0.3400
vn -0.0190 -0.9659 0.2583
vn -0.2618 0.9277 0.2662
vn 0.0152 -0.9758 -0.2183
vn 0.3485 -0.9075 0.2344
vn 0.1239 0.9711 -0.2041
vn 0.2159 0.9163 0.3372
vn -0.2678 -0.9491 0.1658
vn -0.0297 -0.9802 -0.1958
vn 0.3974 -0.9045 0.1549
vn 0.5166 0.8243 -0.2317
vn 0.0514 0.9678 0.2465
vn -0.6691 0.1357 0.7307
vn 0.6120 -0.6375 -0.4680
vn 0.2395 -0.8779 0.4145
vn 0.3112 0.8280 -0.4665
vn 0.4741 0.8056 0.3553
vn -0.1465 0.9892 0.0066
vn 0.4304 0.1061 -0.8964
vn 0.2794 0.9263 -0.2528
vn 0.6096 0.3445 0.7139
vn 0.1057 0.9400 0.3245
vn -0.0010 0.9740 -0.2266
vn 0.2865 -0.8978 -0.3345
vn 0.0865 0.9869 0.1358
vn 0.0576 -0.9880 0.1433
vn -0.4626 0.8788 0.1172
vn -0.3043 -0.9510 -0.0544
vn 0.1783 -0.9200 -0.3490
vn 0.1753 0.9777 -0.1156
vn 0.1646 -0.9656 0.2011
vn -0.0808 0.8866 0.4555
vn -0.2541 0.9217 -0.2930
vn 0.1213 -0.9766 -0.1774
vn 0.3591 0.9322 -0.0463
vn 0.1485 -0.9313 0.3325
vn -0.1534 0.9283 0.3387
vn 0.0063 -0.9867 -0.1623
vn 0.4178 -0.9026 0.1042
vn 0.0498 0.9647 -0.2586
vn 0.3336 0.8827 0.3310
vn -0.1462 -0.9700 0.1942
vn -0.3951 -0.8358 -0.3811
vn 0.2194 -0.9756 0.0107
vn 0.1887 -0.2289 -0.9550
vn 0.0828 0.9816 0.1719
vn -0.2961 -0.8478 0.4401
vn 0.0439 0.9974 -0.0563
vn 0.0462 -0.9754 -0.2157
vn 0.4753 0.7825 0.4022
vn 0.2329 -0.9518 0.1995
vn 0.1818 0.9733 -0.1398
vn 0.1350 -0.9714 -0.1956
vn 0.3301 0.8313 0.4473
vn 0.2536 -0.8855 0.3894
vn -0.0768 0.9970 0.0104
vn 0.0702 -0.1235 -0.9899
vn 0.9333 0.1708 0.3159
vn 0.9385 -0.0807 0.3356
vn -0.1279 -0.9854 -0.1120
vn -0.7908 -0.2964 0.5355
vn -0.4424 -0.3012 -0.8447
vn 0.5057 -0.8404 -0.1950
vn 0.4519 0.8917 -0.0260
vn 0.0647 0.2640 0.9623
vn -0.1474 0.7591 0.6340
vn -0.0686 0.9014 -0.4276
vn -0.1073 0.2246 -0.9685
vn 0.1965 0.9794 0.0454
vn 0.7800 0.1383 0.6103
vn -0.2070 0.9759 -0.0687
vn 0.2837 -0.9178 -0.2777
vn 0.2757 0.8633 -0.4228
vn 0.0778 0.9911 0.1080
vn 0.1911 0.2205 0.9565
vn -0.2396 0.9200 -0.3101
vn 0.4618 -0.8733 -0.1552
vn 0.3960 0.8993 -0.1859
vn -0.0296 0.3452 0.9381
vn 0.1127 0.7917 -0.6004
vn 0.4083 -0.5791 -0.7056
vn 0.1160 0.9911 0.0649
vn 0.2679 -0.9098 0.3170
vn -0.0148 0.9999 -0.0030
vn -0.1199 -0.9918 -0.0441
vn 0.3410 -0.9342 -0.1049
vn -0.0279 0.9971 -0.0715
vn 0.0358 0.9970 0.0683
vn -0.4814 0.8118 0.3306
vn -0.0040 -0.9412 0.3378
vn 0.2307 -0.9374 -0.2609
vn 0.4441 -0.8821 0.1570
vn 0.8459 -0.1563 -0.5099
vn -0.1110 -0.0497 0.9926
vn 0.3735 0.3613 -0.8544
vn 0.2021 -0.8604 0.4679
vn 0.1152 0.9933 -0.0025
vn -0.2670 0.8918 0.3652
vn 0.2678 -0.9364 -0.2268
vn 0.0619 -0.9659 0.2512
vn 0.5568 0.0555 -0.8288
vn 0.0354 0.9927 0.1153
vn -0.1799 -0.9766 0.1177
vn 0.0312 -0.8862 -0.4622
vn 0.3895 -0.1329 -0.9114
vn 0.3880 -0.8876 0.2482
vn 0.4470 0.8455 0.2921
vn -0.2886 0.8312 -0.4751
vn -0.3744 -0.9219 0.1002
vn 0.9064 -0.3020 -0.2953
vn 0.3627 -0.8439 0.3952
vn -0.1070 0.9866 0.1227
vn -0.1209 -0.9920 0.0369
vn -0.0741 0.9930 -0.0921
vn 0.0551 0.2484 -0.9671
vn 0.3326 0.9388 0.0897
vn 0.9270 0.1543 0.3419
vn -0.1598 0.8678 0.4706
vn -0.7544 0.2779 0.5947
vn -0.3073 -0.9409 -0.1426
vn 0.7636 0.0078 -0.6456
vn 0.5679 0.0079 -0.8231
vn 0.0913 -0.7959 0.5985
vn 0.5933 -0.0654 0.8023
vn -0.3019 -0.9520 -0.0510
vn 0.0951 -0.9944 -0.0470
vn -0.5077 0.8254 -0.2469
vn 0.0177 0.9994 -0.0304
vn 0.0179 -0.9401 0.3403
vn -0.1232 0.8937 0.4314
vn -0.8151 -0.1829 -0.5497
vn 0.2387 -0.9479 -0.2111
vn 0.3818 0.8705 -0.3106
vn 0.2560 0.1867 0.9485
vn 0.0423 0.9952 0.0888
vn 0.1181 -0.9516 0.2837
vn 0.0988 -0.9890 0.1099
vn 0.3617 -0.5077 -0.7819
vn 0.4180 0.7540 0.5067
vn -0.4623 -0.8583 0.2227
vn 0.1168 0.9668 -0.2274
vn -0.0440 -0.8634 -0.5026
vn 0.3239 0.8816 0.3435
vn -0.3336 -0.8505 0.4066
vn 0.1048 -0.8256 -0.5544
vn 0.1899 -0.9766 0.1008
vn 0.2294 0.8856 -0.4039
vn 0.6455 -0.1685 0.7449
vn -0.1303 -0.9915 0.0041
vn -0.0943 0.9882 -0.1203
vn -0.5311 0.0897 -0.8426
vn 0.4646 0.8765 -0.1262
vn 0.9761 0.1400 0.1664
vn -0.0058 0.9377 0.3475
vn -0.4801 0.0892 0.8727
vn -0.7519 -0.2230 0.6205
vn 0.2942 0.0881 0.9517
vn 0.3162 -0.8879 0.3342
vn 0.2793 0.9525 -0.1213
vn 0.4068 0.1772 -0.8962
vn 0.6091 0.0048 0.7931
vn 0.6494 -0.0302 -0.7598
vn 0.2181 -0.4261 -0.8780
vn 0.0226 0.2603 -0.9653
vn 0.0820 -0.0151 0.9965
vn 0.0179 -0.1580 0.9873
vn 0.1106 0.0101 -0.9938
vn -0.5491 -0.2351 -0.8020
vn 0.5218 -0.7837 -0.3369
vn -0.0102 -0.8500 -0.5267
vn 0.6334 0.4795 -0.6074
vn 0.4412 -0.0524 0.8959
vn 0.4585 -0.6772 0.5755
vn -0.5495 0.0795 -0.8317
vn -0.3432 -0.0617 0.9372
vn 0.6815 -0.7314 0.0259
vn 0.4497 -0.5464 -0.7066
vn 0.6258 0.7752 0.0857
vn 0.3060 0.1631 -0.9380
vn -0.5367 0.2480 -0.8065
vn -0.0098 -0.7932 0.6089
vn 0.2095 -0.0216 0.9776
vn 0.7981 -0.5169 0.3096
vn 0.9181 0.0190 -0.3960
vn 0.4320 0.2359 -0.8705
vn -0.0451 0.0535 -0.9976
vn 0.3055 0.8187 0.4863
vn 0.9313 0.0345 0.3625
vn 0.5269 0.1784 -0.8310
vn -0.4542 0.1180 -0.8830
vn -0.0621 -0.0318 0.9976
vn 0.2400 -0.1922 0.9516
vn 0.8517 -0.1362 0.5059
vn 0.9429 -0.1349 -0.3045
vn 0.8394 0.0292 -0.5427
vn 0.0890 -0.0452 -0.9950
vn -0.0891 -0.1232 -0.9884
vn -0.3126 -0.0304 0.9494
vn 0.0747 -0.1017 0.9920
vn 0.9258 0.0334 0.3764
vn 0.9090 0.0562 -0.4130
vn 0.0438 0.1895 -0.9809
vn -0.1622 -0.1712 -0.9718
vn -0.3562 -0.1122 0.9277
vn 0.8013 -0.3195 0.5059
vn 0.3676 -0.6422 0.6727
vn 0.4875 -0.0568 -0.8713
vn -0.5216 -0.0304 0.8526
vn 0.2516 -0.1047 0.9622
vn 0.5392 -0.0040 0.8422
vn 0.9572 -0.1636 0.2386
vn 0.9959 -0.0901 0.0104
vn 0.7111 -0.1891 -0.6772
vn 0.3822 0.0441 -0.9230
vn -0.5147 0.0375 -0.8566
vn -0.4259 0.2756 0.8618
vn 0.6902 -0.0949 0.7174
vn 0.3121 0.2747 0.9095
vn 0.9840 -0.1512 -0.0938
vn 0.5717 -0.0879 -0.8158
vn 0.2121 0.2375 -0.9480
vn -0.5187 0.1588 -0.8401
vn -0.5508 -0.7512 0.3636
vn 0.0730 0.0653 0.9952
vn 0.8776 -0.0005 0.4795
vn 0.7187 -0.2557 -0.6466
vn 0.0101 -0.7734 -0.6339
vn 0.0457 -0.0463 0.9979
vn 0.8570 -0.1106 0.5032
vn 0.9362 0.1352 -0.3244
vn 0.1676 -0.0883 0.9819
vn 0.9633 -0.1465 -0.2249
vn 0.3941 -0.8530 0.3421
vn 0.6774 0.1864 -0.7116
vn -0.1267 0.0352 -0.9913
vn 0.5925 -0.0432 -0.8044
vn -0.8158 -0.0672 -0.5744
vn -0.1087 -0.1375 -0.9845
vn -0.9191 0.0112 -0.3938
vn 0.6050 -0.0947 -0.7906
vn -0.1247 0.3477 -0.9293
vn -0.7841 0.0170 -0.6205
vn -0.9536 0.0262 -0.3000
vn 0.6695 0.0393 -0.7417
vn -0.8293 0.0143 -0.5586
vn -0.5556 -0.0250 -0.8311
vn 0.6459 0.0579 -0.7612
vn -0.7809 -0.0236 -0.6242
vn -0.0008 -0.2521 -0.9677
vn -0.8949 0.0292 -0.4453
vn 0.0369 0.9367 -0.3482
vn -0.1388 0.8472 -0.5128
vn -0.0319 -0.9116 -0.4099
vn 0.2169 0.6113 -0.7611
vn 0.2063 -0.6113 -0.7640
vn -0.0003 -1.0000 -0.0003
vn 0.0342 -0.9988 -0.0349
vn -0.0003 -1.0000 0.0001
vn -0.2417 -0.9664 -0.0877
vn 0.0001 -1.0000 0.0004
vn -0.0002 -1.0000 0.0001
vn -0.1307 -0.9839 -0.1218
vn -0.0808 -0.9951 -0.0563
vn 0.0748 -0.9897 0.1218
vn -0.0338 -0.9971 0.0688
vn -0.0925 -0.9942 0.0541
vn -0.1688 -0.9820 0.0844
vn -0.1323 -0.9908 0.0277
vn -0.2202 -0.9754 -0.0090
vn -0.0643 -0.9969 -0.0460
vn -0.0554 -0.9943 -0.0909
vn -0.0825 -0.9957 0.0415
vn -0.1524 -0.9702 -0.1882
vn -0.0136 -0.9962 0.0862
vn -0.1043 -0.9945 0.0099
vn -0.1411 -0.9736 -0.1797
vn -0.0281 -0.9969 0.0731
vn 0.0003 -1.0000 0.0002
vn 0.0003 -1.0000 0.0003
vn -0.1577 0.9832 0.0919
vn -0.1290 0.9866 -0.0996
vn -0.1123 0.9937 -0.0007
vn -0.1379 0.9849 -0.1050
vn -0.0003 1.0000 -0.0000
vn -0.0898 0.9839 0.1547
vn -0.0800 0.9948 0.0637
vn -0.0427 0.9983 0.0387
vn -0.1639 0.9846 0.0603
vn -0.1986 0.9798 -0.0253
vn -0.1727 0.9801 -0.0977
vn -0.0212 0.9947 0.1006
vn -0.0000 1.0000 0.0002
vn -0.2014 0.9656 0.1648
vn -0.1002 0.9917 0.0809
vn -0.0001 1.0000 0.0002
vn 0.0002 1.0000 -0.0001
vn -0.0908 0.9870 -0.1325
vn -0.1421 0.9898 -0.0063
vn -0.2088 0.9765 -0.0532
vn -0.0001 1.0000 0.0004
vn -0.0949 0.9950 -0.0322
vn 0.0003 1.0000 0.0003
vn -0.1089 0.9836 -0.1437
vn 0.7624 0.6124 -0.2092
vn 0.7671 -0.6082 -0.2040
vn 0.6634 0.7408 0.1055
vn 0.6657 -0.7438 0.0602
vn 0.6503 0.7567 -0.0671
vn 0.6777 -0.7256 -0.1191
vn 0.7659 -0.6105 0.2018
vn 0.7641 0.6099 0.2102
vn 0.2088 0.6120 0.7628
vn 0.2137 -0.6107 0.7625
vn -0.0423 0.8995 0.4348
vn -0.1453 -0.8284 0.5410
vn 0.0454 -0.9328 0.3576
vn -0.2571 0.6235 0.7383
vn -0.1955 -0.5993 0.7763
vn -0.7454 0.6231 0.2368
vn -0.7882 -0.5904 0.1737
vn -0.3702 -0.9274 -0.0538
vn -0.5109 0.8553 0.0861
vn -0.6296 -0.7762 -0.0321
vn -0.7624 -0.6123 -0.2094
vn -0.7624 0.6103 -0.2152
vn -0.2115 0.6127 -0.7615
vn -0.1964 -0.6137 -0.7647
vn -0.5988 -0.7881 0.1426
vn -0.5311 0.8107 0.2463
vn -0.2695 -0.8251 0.4966
vn -0.1432 0.7977 0.5858
vn -0.5710 0.8034 -0.1687
vn -0.4484 -0.8514 -0.2722
vn -0.2843 0.8756 -0.3906
vn -0.1582 -0.8135 -0.5597
vn 0.2647 0.8204 -0.5069
vn 0.1148 -0.7938 -0.5973
vn 0.5947 0.7961 -0.1124
vn 0.4867 -0.8298 -0.2731
vn 0.5153 0.8136 0.2694
vn 0.5846 -0.7922 0.1752
vn 0.1444 0.7894 0.5966
vn 0.2517 -0.8134 0.5245
vn 0.2638 -0.8238 0.5017
vn 0.2510 0.8202 0.5141
vn 0.5811 -0.7884 0.2019
vn 0.5922 0.7849 0.1823
vn -0.2029 0.7949 0.5719
vn -0.2198 -0.8003 0.5578
vn -0.5438 -0.8060 0.2338
vn -0.5326 0.8103 0.2446
vn -0.5765 0.7927 -0.1982
vn -0.5553 -0.8027 -0.2175
vn -0.2487 0.8178 -0.5190
vn -0.2408 -0.8140 -0.5285
vn 0.2531 0.8152 -0.5209
vn 0.1634 -0.7943 -0.5851
vn 0.5811 0.7915 -0.1895
vn 0.5352 -0.8063 -0.2517
vn 0.8815 -0.4533 -0.1323
vn 0.6887 -0.0244 0.7247
vn 0.9235 -0.0854 0.3740
vn -0.9430 -0.0835 0.3222
vn -0.7120 -0.0179 0.7020
vn -0.0462 -0.3373 0.9403
vn -0.7368 0.0030 0.6761
vn 0.7393 0.0103 0.6733
vn -0.5509 0.0097 0.8345
vn 0.8486 0.0249 0.5284
vn 0.8727 0.0205 -0.4877
vn 0.9253 0.2732 -0.2630
vn 0.9583 0.1269 0.2561
vn 0.7238 -0.0027 0.6900
vn -0.9249 0.0725 0.3731
vn 0.0687 0.3390 0.9383
vn -0.6736 -0.0113 0.7390
vn -0.8672 0.0327 0.4969
vn -0.6998 0.0302 0.7137
vn 0.5208 -0.0170 0.8535
vn 0.7927 -0.0064 0.6096
vn 0.9362 -0.2409 -0.2561
vn -0.8060 -0.0463 -0.5900
vn -0.9401 -0.0943 0.3277
vn -0.7370 -0.2955 0.6079
vn -0.8889 0.3677 0.2734
vn -0.9655 0.2537 -0.0591
vn -0.9798 -0.0835 0.1819
vn -0.9817 0.0079 -0.1900
vn -0.8518 -0.2179 0.4764
vn -0.9912 -0.0249 -0.1297
vn -0.9852 -0.0080 -0.1710
vn -0.6342 0.1259 0.7629
vn -0.9735 0.0546 -0.2219
vn -0.8669 -0.2938 0.4026
vn -0.4868 -0.8148 -0.3149
vn -0.8183 0.0279 -0.5742
vn -0.7884 -0.1398 0.5991
vn -0.6790 0.2449 -0.6921
vn -0.9885 0.0065 0.1514
vn -0.6934 -0.5809 -0.4264
vn -0.8851 -0.1237 -0.4487
vn -0.4932 -0.8320 0.2539
vn -0.8390 0.0817 0.5380
vn -0.9632 0.1507 -0.2226
vn -0.9254 -0.1956 0.3246
vn -0.7939 -0.5961 -0.1203
vn -0.6885 -0.2310 0.6874
vn -0.9112 -0.3974 0.1090
vn -0.7392 -0.3003 -0.6029
vn -0.4426 -0.8166 0.3705
vn -0.6688 -0.6688 -0.3247
vn -0.9026 -0.2274 0.3656
vn -0.5611 -0.0005 -0.8277
vn -0.7143 -0.1560 0.6822
vn -0.9842 -0.0965 -0.1483
vn -0.2545 -0.7115 0.6550
vn -0.6713 -0.7115 -0.2076
vn -0.9840 -0.1781 -0.0033
vn -0.3570 0.9296 -0.0917
vn -0.2843 -0.9436 -0.1695
vn -0.2827 0.9329 -0.2233
vn -0.5601 -0.8079 0.1831
vn -0.0005 1.0000 -0.0001
vn 0.0003 1.0000 0.0002
vn 0.0003 1.0000 0.0011
vn 0.0002 1.0000 0.0005
vn -0.8380 0.0705 0.5410
vn -0.4076 -0.8295 0.3819
vn -0.2689 -0.9598 -0.0804
vn -0.3344 -0.0318 -0.9419
vn -0.3412 -0.7098 -0.6163
vn -0.4331 -0.8886 -0.1514
vn -0.7984 0.0470 0.6003
vn -0.2388 0.9581 0.1580
vn -0.0000 1.0000 0.0004
vn 0.0007 1.0000 0.0019
vn -0.2864 -0.8275 0.4829
vn -0.4722 0.8804 0.0443
vn -0.2968 0.9364 0.1872
vn 0.0142 0.9997 0.0201
vn 0.0016 1.0000 0.0002
vn -0.0003 1.0000 0.0003
vn -0.0003 1.0000 0.0005
vn -0.3881 -0.9214 -0.0187
vn -0.9559 -0.0972 -0.2772
vn -0.1809 -0.9712 -0.1547
vn -0.9254 0.3656 -0.1000
vn -0.9380 0.3189 0.1361
vn -0.3585 0.9299 0.0819
vn -0.5359 -0.8308 -0.1506
vn -0.4374 -0.8821 0.1747
vn -0.7980 0.3623 0.4816
vn -0.3472 0.7984 -0.4919
vn -0.9881 0.0950 0.1208
vn -0.9812 0.1845 0.0566
vn -0.0924 0.9921 -0.0850
vn -0.4013 -0.8945 0.1972
vn -0.8902 -0.0163 -0.4553
vn 0.0009 1.0000 -0.0026
vn 0.0013 1.0000 -0.0000
vn 0.0002 1.0000 0.0001
vn 0.0006 1.0000 0.0017
vn -0.8452 -0.3858 -0.3697
vn -0.3681 0.8901 -0.2688
vn 0.0001 1.0000 0.0010
vn 0.0009 1.0000 0.0005
vn -0.1106 -0.9832 0.1450
vn -0.9803 -0.1970 0.0107
vn 0.0001 1.0000 -0.0003
vn -0.0031 1.0000 0.0078
vn 0.0046 1.0000 -0.0044
vn -0.3435 0.8775 0.3345
vn -0.4173 -0.8536 0.3119
vn -0.3469 0.9296 -0.1244
vn 0.0311 -0.8353 0.5490
vn -0.9675 -0.1149 0.2254
vn -0.6765 0.1529 -0.7204
vn -0.2231 -0.9628 -0.1526
vn -0.9820 0.1874 -0.0253
vn -0.4707 0.8773 -0.0937
vn -0.3901 -0.9171 -0.0824
vn -0.3933 0.8671 -0.3057
vn -0.5822 -0.8106 0.0638
vn -0.0030 1.0000 -0.0003
vn -0.4095 0.8939 0.1824
vn -0.0002 1.0000 0.0001
vn -0.3231 -0.7815 0.5338
vn -0.5128 0.8579 0.0337
vn -0.3166 -0.9388 -0.1357
vn -0.9129 -0.2367 0.3325
vn -0.0007 1.0000 -0.0015
vn 0.0016 1.0000 -0.0001
vn -0.9437 -0.1241 0.3065
vn -0.4675 -0.8728 -0.1406
vn -0.3021 0.9197 -0.2509
vn -0.3557 -0.9310 0.0821
vn -0.8988 -0.3366 -0.2807
vn -0.0168 0.9578 -0.2869
vn -0.2268 -0.9738 0.0168
vn -0.1624 -0.9403 -0.2990
vn -0.0010 -1.0000 -0.0010
vn 0.0009 -1.0000 0.0001
vn -0.0009 -1.0000 0.0011
vn -0.0003 -1.0000 0.0003
vn -0.0008 -1.0000 0.0007
vn 0.0003 -1.0000 -0.0004
vn -0.0035 -1.0000 -0.0039
vn -0.0006 -1.0000 0.0003
vn -0.0009 -1.0000 0.0006
vn -0.0004 -1.0000 -0.0012
vn 0.0042 -1.0000 -0.0012
vn 0.0005 -1.0000 0.0007
vn 0.0003 -1.0000 0.0006
vn -0.0002 -1.0000 -0.0002
vn 0.0007 -1.0000 0.0023
vn 0.0004 -1.0000 0.0021
vn 0.0013 -1.0000 0.0043
vn 0.0021 -1.0000 -0.0003
vn 0.0004 -1.0000 0.0004
vn 0.0004 -1.0000 0.0007
vn 0.0025 -1.0000 -0.0011
vn -0.0007 -1.0000 -0.0001
vn -0.0006 -1.0000 0.0009
s 1
usemtl color_727980
f 3310//3754 3131//3755 3657//3756
f 3657//3756 3131//3755 3132//3757
f 3654//3758 3133//3759 3655//3760
f 3655//3760 3133//3759 3134//3761
f 3652//3762 3135//3763 3442//3764
f 3442//3764 3135//3763 3136//3765
f 3135//3763 3137//3766 3136//3765
f 3099//3767 3138//3768 3130//3769
f 3130//3769 3138//3768 3139//3770
f 3138//3768 3140//3771 3139//3770
f 3573//3772 3141//3773 3651//3774
f 3651//3774 3141//3773 3142//3775
f 3141//3773 3100//3776 3142//3775
f 3309//3777 3143//3778 3650//3779
f 3650//3779 3143//3778 3144//3780
f 3143//3778 3101//3781 3144//3780
f 3148//3782 3649//3783 3149//3784
f 3649//3783 3150//3785 3149//3784
f 3647//3786 3151//3787 3314//3788
f 3314//3788 3151//3787 3152//3789
f 3151//3787 3313//3790 3152//3789
f 3645//3791 3154//3792 3153//3793
f 3153//3793 3154//3792 3155//3794
f 3154//3792 3105//3795 3155//3794
f 3642//3796 3643//3797 3156//3798
f 3643//3797 3157//3799 3156//3798
f 3157//3799 3104//3800 3156//3798
f 3640//3801 3641//3802 3158//3803
f 3641//3802 3159//3804 3158//3803
f 3158//3803 3159//3804 3160//3805
f 3639//3806 3162//3807 3161//3808
f 3161//3808 3162//3807 3163//3809
f 3162//3807 3164//3810 3163//3809
f 3636//3811 3637//3812 3168//3813
f 3637//3812 3169//3814 3168//3813
f 3170//3815 3634//3816 3171//3817
f 3634//3816 3172//3818 3171//3817
f 3632//3819 3582//3820 3173//3821
f 3582//3820 3174//3822 3173//3821
f 3629//3823 3630//3824 3175//3825
f 3630//3824 3176//3826 3175//3825
f 3175//3825 3176//3826 3165//3827
f 3177//3828 3178//3829 3179//3830
f 3178//3829 3180//3831 3179//3830
f 3626//3832 3627//3833 3181//3834
f 3627//3833 3182//3835 3181//3834
f 3624//3836 3623//3837 3187//3838
f 3623//3837 3188//3839 3187//3838
f 3621//3840 3620//3841 3189//3842
f 3620//3841 3190//3843 3189//3842
f 3618//3844 3191//3845 3580//3846
f 3580//3846 3191//3845 3192//3847
f 3191//3845 3193//3848 3192//3847
f 3192//3847 3193//3848 3194//3849
f 3579//3850 3195//3851 3617//3852
f 3617//3852 3195//3851 3196//3853
f 3195//3851 3197//3854 3196//3853
f 3196//3853 3197//3854 3198//3855
f 3616//3856 3199//3857 3185//3858
f 3185//3858 3199//3857 3200//3859
f 3199//3857 3201//3860 3200//3859
f 3200//3859 3201//3860 3202//3861
f 3615//3862 3203//3863 3186//3864
f 3186//3864 3203//3863 3204//3865
f 3203//3863 3205//3866 3204//3865
f 3204//3865 3205//3866 3206//3867
f 3613//3868 3614//3869 3211//3870
f 3614//3869 3212//3871 3211//3870
f 3211//3870 3212//3871 3213//3872
f 3318//3873 3612//3874 3214//3875
f 3612//3874 3215//3876 3214//3875
f 3214//3875 3215//3876 3216//3877
f 3609//3878 3610//3879 3217//3880
f 3610//3879 3218//3881 3217//3880
f 3607//3882 3608//3883 3219//3884
f 3608//3883 3220//3885 3219//3884
f 3565//3886 3605//3887 3221//3888
f 3605//3887 3222//3889 3221//3888
f 3566//3890 3603//3891 3223//3892
f 3603//3891 3224//3893 3223//3892
f 3599//3894 3229//3895 3228//3896
f 3229//3895 3230//3897 3228//3896
f 3228//3896 3230//3897 3231//3898
f 3235//3899 3232//3900 3598//3901
f 3598//3901 3232//3900 3233//3902
f 3232//3900 3234//3903 3233//3902
f 3234//3903 3235//3899 3233//3902
f 3570//3904 3236//3905 3237//3906
f 3236//3905 3238//3907 3237//3906
f 3237//3906 3238//3907 3239//3908
f 3596//3909 3240//3910 3568//3911
f 3568//3911 3240//3910 3241//3912
f 3595//3913 3243//3914 3242//3915
f 3242//3915 3243//3914 3244//3916
f 3593//3917 3594//3918 3245//3919
f 3594//3918 3246//3920 3245//3919
f 3245//3919 3246//3920 3247//3921
f 3246//3920 3114//3922 3247//3921
f 3592//3923 3251//3924 3306//3925
f 3306//3925 3251//3924 3252//3926
f 3251//3924 3253//3927 3252//3926
f 3252//3926 3253//3927 3305//3928
f 3591//3929 3254//3930 3590//3931
f 3590//3931 3254//3930 3255//3932
f 3255//3932 3254//3930 3256//3933
f 3254//3930 3257//3934 3256//3933
f 3250//3935 3118//3936 3258//3937
f 3118//3936 3259//3938 3258//3937
f 3258//3937 3259//3938 3260//3939
f 3119//3940 3262//3941 3261//3942
f 3261//3942 3262//3941 3263//3943
f 3262//3941 3120//3944 3263//3943
f 3248//3945 3588//3946 3264//3947
f 3588//3946 3265//3948 3264//3947
f 3264//3947 3265//3948 3266//3949
f 3587//3950 3575//3951 3267//3952
f 3575//3951 3268//3953 3267//3952
f 3268//3953 3122//3954 3267//3952
f 3301//3955 3273//3956 3272//3957
f 3272//3957 3273//3956 3274//3958
f 3273//3956 3275//3959 3274//3958
f 3304//3960 3277//3961 3276//3962
f 3276//3962 3277//3961 3278//3963
f 3277//3961 3279//3964 3278//3963
f 3271//3965 3123//3966 3280//3967
f 3123//3966 3281//3968 3280//3967
f 3280//3967 3281//3968 3303//3969
f 3281//3968 3282//3970 3303//3969
f 3270//3971 3124//3972 3283//3973
f 3124//3972 3284//3974 3283//3973
f 3283//3973 3285//3975 3286//3976
f 3284//3974 3285//3975 3283//3973
f 3269//3977 3576//3978 3287//3979
f 3576//3978 3126//3980 3287//3979
f 3287//3979 3288//3981 3289//3982
f 3126//3980 3288//3981 3287//3979
f 3583//3983 3577//3984 3290//3985
f 3577//3984 3291//3986 3290//3985
f 3290//3985 3291//3986 3292//3987
f 3291//3986 3293//3988 3292//3987
f 3582//3989 3175//3990 3294//3991
f 3175//3992 3173//3993 3294//3994
f 3173//3993 3295//3995 3294//3994
f 3294//3994 3295//3995 3296//3996
f 3295//3995 3181//3834 3296//3996
f 3580//3846 3298//3997 3297//3998
f 3297//3998 3298//3997 3299//3999
f 3298//3997 3204//3865 3299//3999
f 3299//3999 3206//3867 3300//4000
f 3204//3865 3206//3867 3299//3999
f 3577//3984 3578//4001 3301//3955
f 3578//4001 3302//4002 3301//3955
f 3301//3955 3302//4002 3279//3964
f 3302//4002 3303//4003 3279//3964
f 3279//3964 3303//4003 3304//3960
f 3575//4004 3305//3928 3257//4005
f 3305//3928 3306//3925 3257//4005
f 3257//4005 3306//3925 3259//4006
f 3306//3925 3307//4007 3259//4006
f 3142//4008 3308//4009 3309//3777
f 3308//4009 3134//3761 3309//3777
f 3309//3777 3134//3761 3310//4010
f 3310//4010 3311//4011 3312//4012
f 3134//3761 3311//4011 3310//4010
f 3312//4012 3311//4011 3135//3763
f 3571//4013 3153//4014 3313//4015
f 3313//4015 3153//4014 3150//3785
f 3153//4014 3314//4016 3150//3785
f 3150//3785 3314//4016 3315//4017
f 3314//4016 3163//4018 3315//4017
f 3570//3904 3316//4019 3569//4020
f 3569//4020 3316//4019 3232//4021
f 3316//4019 3231//4022 3232//4021
f 3232//4021 3231//4022 3317//4023
f 3231//4022 3247//4024 3317//4023
f 3566//4025 3318//4026 3567//4027
f 3567//4027 3318//4026 3212//3871
f 3318//4026 3217//4028 3212//3871
f 3212//3871 3217//4028 3319//4029
f 3322//4030 3459//4031 3323//4032
f 3324//4033 3459//4031 3322//4030
f 3598//3901 3233//3902 3324//4033
f 3207//4034 3333//4035 3325//4036
f 3228//3896 3598//3901 3324//4033
f 3327//4037 3328//4038 3325//4036
f 3327//4037 3233//3902 3239//3908
f 3327//4037 3325//4036 3233//3902
f 3328//4038 3326//4039 3325//4036
f 3327//4037 3239//3908 3225//4040
f 3328//4038 3609//3878 3326//4039
f 3208//4041 3333//4035 3207//4034
f 3226//4042 3327//4037 3225//4040
f 3210//4043 3609//3878 3328//4038
f 3337//4035 3228//3896 3324//4033
f 3329//4035 3330//4035 3322//4030
f 3329//4035 3331//4035 3330//4035
f 3334//4044 3322//4030 3323//4032
f 3334//4044 3329//4035 3322//4030
f 3334//4044 3335//4045 3329//4035
f 3336//4035 3337//4035 3331//4035
f 3332//4035 3333//4035 3208//4041
f 3336//4035 3228//3896 3337//4035
f 3336//4035 3227//4046 3228//3896
f 3339//4047 3226//4042 3227//4046
f 3339//4047 3327//4037 3226//4042
f 3338//4035 3209//4048 3210//4043
f 3338//4035 3208//4041 3209//4048
f 3342//4035 3339//4047 3227//4046
f 3340//4049 3210//4043 3328//4038
f 3340//4049 3338//4035 3210//4043
f 3341//4036 3327//4037 3339//4047
f 3342//4035 3341//4036 3339//4047
f 3343//4035 3208//4041 3338//4035
f 3343//4035 3332//4035 3208//4041
f 3344//4035 3227//4046 3336//4035
f 3344//4035 3342//4035 3227//4046
f 3480//4050 3335//4045 3334//4044
f 3345//4051 3338//4035 3340//4049
f 3346//4051 3093//4036 3342//4035
f 3092//4034 3338//4035 3345//4051
f 3093//4036 3341//4036 3342//4035
f 3092//4034 3343//4035 3338//4035
f 3346//4051 3342//4035 3344//4035
f 3093//4036 3345//4051 3340//4049
f 3093//4036 3340//4049 3341//4036
f 3347//4035 3343//4035 3092//4034
f 3348//4035 3346//4051 3344//4035
f 3349//4035 3350//4035 3345//4051
f 3349//4035 3345//4051 3093//4036
f 3351//4035 3452//4052 3343//4035
f 3351//4035 3343//4035 3347//4035
f 3352//4035 3333//4035 3332//4035
f 3357//4035 3331//4035 3329//4035
f 3353//4035 3451//4052 3354//4035
f 3355//4035 3352//4035 3332//4035
f 3356//4035 3336//4035 3331//4035
f 3356//4035 3331//4035 3357//4035
f 3358//4053 3335//4045 3480//4050
f 3356//4035 3357//4035 3359//4035
f 3450//4034 3451//4052 3353//4035
f 3360//4035 3450//4034 3353//4035
f 3360//4035 3353//4035 3354//4035
f 3362//4047 3361//4035 3449//4052
f 3363//4054 3362//4047 3449//4052
f 3364//4035 3363//4054 3449//4052
f 3365//4035 3350//4035 3349//4035
f 3365//4035 3349//4035 3348//4035
f 3365//4035 3360//4035 3354//4035
f 3365//4035 3351//4035 3347//4035
f 3365//4035 3354//4035 3351//4035
f 3365//4035 3347//4035 3350//4035
f 3366//4035 3365//4035 3348//4035
f 3366//4035 3348//4035 3344//4035
f 3366//4035 3367//4035 3365//4035
f 3366//4035 3344//4035 3371//4035
f 3252//3926 3267//4034 3358//4053
f 3621//3840 3189//3842 3352//4035
f 3267//4034 3359//4035 3358//4053
f 3267//4034 3356//4035 3359//4035
f 3621//3840 3352//4035 3355//4035
f 3189//3842 3368//4035 3352//4035
f 3369//4054 3356//4035 3267//4034
f 3183//4055 3368//4035 3189//3842
f 3369//4054 3371//4035 3356//4035
f 3621//3840 3355//4035 3361//4035
f 3255//3932 3252//3926 3358//4053
f 3258//3937 3255//3932 3358//4053
f 3184//4056 3368//4035 3183//4055
f 3094//4035 3371//4035 3370//4051
f 3091//4034 3362//4047 3372//4035
f 3091//4034 3361//4035 3362//4047
f 3372//4035 3362//4047 3363//4054
f 3094//4035 3366//4035 3371//4035
f 3372//4035 3363//4054 3364//4035
f 3094//4035 3384//4035 3366//4035
f 3373//4035 3369//4054 3248//3945
f 3373//4035 3371//4035 3369//4054
f 3373//4035 3370//4051 3371//4035
f 3374//4035 3361//4035 3091//4034
f 3374//4035 3621//3840 3361//4035
f 3378//4046 3621//3840 3374//4035
f 3378//4046 3624//3836 3621//3840
f 3378//4046 3186//3864 3624//3836
f 3375//4054 3374//4035 3091//4034
f 3376//4057 3370//4051 3373//4035
f 3376//4057 3377//4058 3370//4051
f 3376//4057 3248//3945 3249//4059
f 3376//4057 3373//4035 3248//3945
f 3379//4060 3186//3864 3378//4046
f 3379//4060 3185//3858 3186//3864
f 3380//4061 3376//4057 3249//4059
f 3381//4054 3379//4060 3378//4046
f 3380//4061 3249//4059 3250//3935
f 3382//4046 3185//3858 3379//4060
f 3382//4046 3184//4056 3185//3858
f 3381//4054 3378//4046 3374//4035
f 3381//4054 3374//4035 3375//4054
f 3382//4046 3368//4035 3184//4056
f 3383//4035 3384//4035 3094//4035
f 3380//4061 3250//3935 3258//3937
f 3383//4035 3094//4035 3385//4035
f 3386//4035 3383//4035 3385//4035
f 3387//4035 3360//4035 3365//4035
f 3387//4035 3364//4035 3360//4035
f 3387//4035 3389//4035 3372//4035
f 3387//4035 3372//4035 3364//4035
f 3395//4062 3368//4035 3382//4046
f 3320//4063 3380//4061 3258//3937
f 3388//4035 3375//4054 3389//4035
f 3390//4051 3377//4058 3376//4057
f 3390//4051 3376//4057 3391//4058
f 3390//4051 3096//4035 3385//4035
f 3390//4051 3385//4035 3377//4058
f 3090//4034 3392//4064 3381//4054
f 3090//4034 3375//4054 3388//4035
f 3090//4034 3381//4054 3375//4054
f 3096//4035 3386//4035 3385//4035
f 3388//4035 3389//4035 3387//4035
f 3393//4034 3391//4058 3320//4063
f 3398//4035 3391//4058 3393//4034
f 3398//4035 3390//4051 3391//4058
f 3290//3985 3320//4063 3394//4065
f 3396//4066 3395//4062 3171//3817
f 3274//3958 3394//4065 3320//4063
f 3168//3813 3171//3817 3395//4062
f 3290//3985 3393//4034 3320//4063
f 3168//3813 3395//4062 3392//4064
f 3405//4035 3386//4035 3096//4035
f 3397//4046 3390//4051 3398//4035
f 3402//4035 3388//4035 3387//4035
f 3396//4066 3368//4035 3395//4062
f 3399//4035 3090//4034 3412//4047
f 3399//4035 3392//4064 3090//4034
f 3274//3958 3320//4063 3258//3937
f 3168//3813 3392//4064 3399//4035
f 3276//3962 3274//3958 3258//3937
f 3165//3827 3368//4035 3396//4066
f 3626//3832 3168//3813 3399//4035
f 3269//3977 3398//4035 3393//4034
f 3269//3977 3393//4034 3290//3985
f 3400//4035 3387//4035 3401//4035
f 3400//4035 3402//4035 3387//4035
f 3403//4035 3405//4035 3397//4046
f 3404//4035 3405//4035 3403//4035
f 3403//4035 3397//4046 3398//4035
f 3404//4035 3386//4035 3405//4035
f 3408//4067 3271//3965 3276//3962
f 3409//4035 3386//4035 3404//4035
f 3410//4068 3166//4069 3167//4070
f 3410//4068 3165//3827 3166//4069
f 3411//4035 3412//4047 3402//4035
f 3411//4035 3399//4035 3412//4047
f 3413//4035 3403//4035 3398//4035
f 3413//4035 3398//4035 3269//3977
f 3411//4035 3626//3832 3399//4035
f 3411//4035 3167//4070 3626//3832
f 3411//4035 3402//4035 3400//4035
f 3411//4035 3400//4035 3407//4035
f 3413//4035 3269//3977 3270//3971
f 3408//4067 3270//3971 3271//3965
f 3413//4035 3270//3971 3408//4067
f 3414//4035 3413//4035 3408//4067
f 3415//4035 3167//4070 3411//4035
f 3416//4035 3167//4070 3415//4035
f 3416//4035 3410//4068 3167//4070
f 3417//4035 3416//4035 3415//4035
f 3418//4035 3409//4035 3404//4035
f 3420//4035 3409//4035 3418//4035
f 3419//4035 3406//4035 3409//4035
f 3097//4035 3406//4035 3419//4035
f 3095//4035 3409//4035 3420//4035
f 3097//4035 3407//4035 3406//4035
f 3095//4035 3419//4035 3409//4035
f 3423//4035 3420//4035 3418//4035
f 3421//4035 3407//4035 3097//4035
f 3421//4035 3411//4035 3407//4035
f 3422//4046 3420//4035 3423//4035
f 3425//4070 3095//4035 3431//4070
f 3425//4070 3419//4035 3095//4035
f 3424//4047 3421//4035 3097//4035
f 3426//4071 3429//4070 3425//4070
f 3426//4071 3425//4070 3431//4070
f 3427//4035 3424//4047 3425//4070
f 3429//4070 3427//4035 3425//4070
f 3428//4051 3427//4035 3429//4070
f 3427//4035 3421//4035 3424//4047
f 3430//4035 3422//4046 3423//4035
f 3426//4071 3422//4046 3430//4035
f 3426//4071 3431//4070 3422//4046
f 3430//4035 3423//4035 3432//4035
f 3435//4072 3433//4073 3410//4068
f 3434//4074 3433//4073 3435//4072
f 3446//4035 3434//4074 3435//4072
f 3438//4035 3436//4035 3437//4035
f 3436//4035 3415//4035 3437//4035
f 3436//4035 3417//4035 3415//4035
f 3144//3780 3430//4035 3132//3757
f 3152//3789 3427//4035 3428//4051
f 3155//3794 3427//4035 3152//3789
f 3144//3780 3426//4071 3430//4035
f 3132//3757 3430//4035 3432//4035
f 3655//3760 3132//3757 3432//4035
f 3155//3794 3421//4035 3427//4035
f 3155//3794 3437//4035 3421//4035
f 3148//3782 3152//3789 3428//4051
f 3145//4075 3437//4035 3155//3794
f 3145//4075 3438//4035 3437//4035
f 3439//4076 3428//4051 3429//4070
f 3439//4076 3148//3782 3428//4051
f 3440//4077 3144//3780 3127//4078
f 3440//4077 3426//4071 3144//3780
f 3648//4079 3148//3782 3439//4076
f 3128//4080 3440//4077 3127//4078
f 3147//4070 3648//4079 3439//4076
f 3129//4081 3440//4077 3128//4080
f 3147//4070 3439//4076 3440//4077
f 3129//4081 3147//4070 3440//4077
f 3130//3769 3147//4070 3129//4081
f 3441//4082 3655//3760 3432//4035
f 3441//4082 3414//4035 3408//4067
f 3441//4082 3442//3764 3655//3760
f 3441//4082 3432//4035 3443//4035
f 3441//4082 3443//4035 3414//4035
f 3441//4082 3130//3769 3442//3764
f 3444//4083 3146//4070 3147//4070
f 3444//4083 3145//4075 3146//4070
f 3444//4083 3438//4035 3145//4075
f 3445//4035 3417//4035 3436//4035
f 3445//4035 3446//4035 3417//4035
f 3447//4084 3446//4035 3445//4035
f 3447//4084 3434//4074 3446//4035
f 3542//4085 3447//4084 3444//4083
f 3448//4086 3434//4074 3447//4084
f 3448//4086 3447//4084 3542//4085
f 3358//4053 3408//4067 3276//3962
f 3358//4053 3276//3962 3258//3937
f 3441//4082 3444//4083 3130//3769
f 3130//3769 3444//4083 3147//4070
f 3410//4068 3368//4035 3165//3827
f 3325//4036 3324//4033 3233//3902
f 3361//4035 3343//4035 3449//4052
f 3449//4052 3343//4035 3450//4034
f 3450//4034 3343//4035 3451//4052
f 3451//4052 3343//4035 3452//4052
f 3407//4035 3384//4035 3406//4035
f 3406//4035 3384//4035 3383//4035
f 3366//4035 3400//4035 3367//4035
f 3367//4035 3400//4035 3401//4035
f 3322//4030 3337//4035 3324//4033
f 3359//4035 3335//4045 3358//4053
f 3447//4084 3438//4035 3444//4083
f 3416//4035 3435//4072 3410//4068
f 3459//4031 3458//4087 3457//4088
f 3459//4031 3466//4089 3458//4087
f 3224//3893 3612//3874 3460//4090
f 3460//4090 3238//4090 3234//3903
f 3234//3903 3229//3895 3466//4089
f 3460//4090 3113//4090 3224//3893
f 3471//4091 3113//4090 3460//4090
f 3460//4090 3461//4092 3238//4090
f 3462//4093 3461//4092 3460//4090
f 3612//3874 3462//4093 3460//4090
f 3238//4090 3461//4092 3117//4094
f 3612//3874 3463//4095 3462//4093
f 3229//3895 3594//3918 3466//4089
f 3464//4096 3463//4095 3612//3874
f 3471//4091 3112//4097 3113//4090
f 3464//4096 3465//4098 3463//4095
f 3461//4092 3116//4099 3117//4094
f 3594//3918 3467//4091 3466//4089
f 3468//4091 3469//4091 3458//4087
f 3469//4091 3472//4100 3458//4087
f 3458//4087 3472//4100 3457//4088
f 3473//4101 3472//4100 3469//4091
f 3467//4091 3474//4091 3475//4091
f 3471//4091 3470//4091 3112//4097
f 3594//3918 3474//4091 3467//4091
f 3114//3922 3474//4091 3594//3918
f 3461//4092 3476//4091 3116//4099
f 3115//4102 3476//4091 3114//3922
f 3116//4099 3476//4091 3115//4102
f 3465//4098 3477//4091 3463//4095
f 3470//4091 3478//4091 3112//4097
f 3114//3922 3479//4091 3474//4091
f 3112//4097 3478//4091 3465//4098
f 3473//4101 3480//4050 3472//4100
f 3465//4098 3478//4091 3477//4091
f 3476//4091 3479//4091 3114//3922
f 3471//4091 3481//4091 3470//4091
f 3468//4091 3484//4091 3469//4091
f 3475//4091 3484//4091 3468//4091
f 3481//4091 3482//4091 3470//4091
f 3474//4091 3483//4091 3475//4091
f 3475//4091 3483//4091 3484//4091
f 3473//4101 3485//4103 3480//4050
f 3484//4091 3483//4091 3486//4091
f 3477//4091 3487//4091 3476//4091
f 3476//4091 3487//4091 3479//4091
f 3478//4091 3487//4091 3477//4091
f 3492//4091 3487//4091 3478//4091
f 3487//4091 3488//4091 3479//4091
f 3489//4091 3488//4091 3487//4091
f 3488//4091 3490//4091 3479//4091
f 3479//4091 3490//4091 3491//4091
f 3481//4091 3193//3848 3190//3843
f 3253//3927 3251//3924 3485//4103
f 3486//4091 3253//3927 3485//4103
f 3483//4091 3253//3927 3486//4091
f 3481//4091 3190//3843 3482//4091
f 3111//4104 3193//3848 3481//4091
f 3483//4091 3122//3954 3253//3927
f 3491//4091 3122//3954 3483//4091
f 3482//4091 3190//3843 3492//4091
f 3190//3843 3623//3837 3492//4091
f 3251//3924 3591//3929 3485//4103
f 3491//4091 3121//4105 3122//3954
f 3493//4093 3494//4091 3109//4106
f 3623//3837 3494//4091 3492//4091
f 3109//4106 3494//4091 3623//3837
f 3491//4091 3495//4091 3121//4105
f 3121//4105 3495//4091 3120//3944
f 3495//4091 3496//4107 3120//3944
f 3120//3944 3496//4107 3119//3940
f 3110//4108 3493//4093 3109//4106
f 3119//3940 3496//4107 3118//3936
f 3111//4104 3493//4093 3110//4108
f 3490//4091 3497//4091 3491//4091
f 3491//4091 3497//4091 3495//4091
f 3497//4091 3498//4091 3495//4091
f 3492//4091 3500//4091 3487//4091
f 3494//4091 3500//4091 3492//4091
f 3111//4104 3502//4109 3493//4093
f 3494//4091 3499//4091 3500//4091
f 3498//4091 3508//4091 3495//4091
f 3496//4107 3321//4110 3118//3936
f 3321//4110 3291//3986 3501//4111
f 3503//4112 3504//4109 3502//4109
f 3502//4109 3504//4109 3499//4091
f 3508//4091 3291//3986 3321//4110
f 3502//4109 3108//4113 3503//4112
f 3508//4091 3126//3980 3291//3986
f 3111//4104 3108//4113 3502//4109
f 3321//4110 3501//4111 3118//3936
f 3118//3936 3501//4111 3591//3929
f 3501//4111 3277//3961 3591//3929
f 3504//4109 3505//4114 3499//4091
f 3500//4091 3507//4091 3506//4091
f 3508//4091 3510//4091 3509//4091
f 3498//4091 3510//4091 3508//4091
f 3126//3980 3509//4091 3125//4097
f 3508//4091 3509//4091 3126//3980
f 3511//4091 3522//4091 3512//4091
f 3123//3966 3513//4115 3277//3961
f 3124//3972 3513//4115 3123//3966
f 3107//4097 3514//4091 3106//4116
f 3108//4113 3514//4091 3107//4097
f 3509//4091 3516//4091 3125//4097
f 3505//4114 3515//4091 3499//4091
f 3499//4091 3515//4091 3500//4091
f 3500//4091 3515//4091 3507//4091
f 3125//4097 3513//4115 3124//3972
f 3125//4097 3516//4091 3513//4115
f 3516//4091 3517//4091 3513//4115
f 3106//4116 3518//4091 3505//4114
f 3505//4114 3518//4091 3515//4091
f 3106//4116 3519//4091 3518//4091
f 3514//4091 3519//4091 3106//4116
f 3519//4091 3520//4091 3518//4091
f 3498//4091 3521//4091 3510//4091
f 3522//4091 3521//4091 3498//4091
f 3507//4091 3523//4091 3511//4091
f 3515//4091 3523//4091 3507//4091
f 3511//4091 3523//4091 3522//4091
f 3524//4091 3525//4091 3522//4091
f 3522//4091 3525//4091 3521//4091
f 3521//4091 3525//4091 3526//4091
f 3523//4091 3524//4091 3522//4091
f 3527//4117 3528//4091 3514//4091
f 3520//4091 3529//4091 3518//4091
f 3530//4091 3531//4091 3529//4091
f 3520//4091 3530//4091 3529//4091
f 3525//4091 3131//3755 3526//4091
f 3523//4091 3151//3787 3524//4091
f 3526//4091 3131//3755 3532//4091
f 3523//4091 3105//3795 3151//3787
f 3525//4091 3101//3781 3131//3755
f 3529//4091 3105//3795 3523//4091
f 3131//3755 3533//4114 3532//4091
f 3532//4091 3533//4114 3537//4091
f 3531//4091 3104//3800 3529//4091
f 3529//4091 3104//3800 3105//3795
f 3649//3783 3534//4118 3151//3787
f 3151//3787 3534//4118 3524//4091
f 3525//4091 3535//4119 3101//3781
f 3535//4119 3100//3776 3101//3781
f 3649//3783 3162//3807 3534//4118
f 3535//4119 3099//3767 3100//3776
f 3162//3807 3102//4120 3534//4118
f 3534//4118 3102//4120 3535//4119
f 3102//4120 3099//3767 3535//4119
f 3102//4120 3098//4106 3099//3767
f 3517//4091 3536//4121 3513//4115
f 3533//4114 3536//4121 3537//4091
f 3537//4091 3536//4121 3517//4091
f 3098//4106 3536//4121 3533//4114
f 3103//4097 3538//4122 3102//4120
f 3104//3800 3538//4122 3103//4097
f 3531//4091 3538//4122 3104//3800
f 3520//4091 3539//4091 3530//4091
f 3540//4091 3539//4091 3520//4091
f 3528//4091 3539//4091 3540//4091
f 3527//4117 3539//4091 3528//4091
f 3541//4123 3542//4085 3538//4122
f 3541//4123 3543//4124 3542//4085
f 3527//4117 3543//4124 3539//4091
f 3539//4091 3543//4124 3541//4123
f 3513//4115 3485//4103 3277//3961
f 3277//3961 3485//4103 3591//3929
f 3538//4122 3536//4121 3098//4106
f 3538//4122 3098//4106 3102//4120
f 3111//4104 3514//4091 3108//4113
f 3466//4089 3460//4090 3234//3903
f 3490//4091 3511//4091 3497//4091
f 3497//4091 3511//4091 3512//4091
f 3507//4091 3488//4091 3506//4091
f 3506//4091 3488//4091 3489//4091
f 3467//4091 3458//4087 3466//4089
f 3473//4101 3486//4091 3485//4103
f 3531//4091 3541//4123 3538//4122
f 3528//4091 3519//4091 3514//4091
f 3513//4115 3556//4125 3548//4126
f 3408//4067 3556//4125 3513//4115
f 3556//4125 3480//4050 3548//4126
f 3480//4050 3334//4044 3472//4100
f 3334//4044 3323//4032 3457//4088
f 3334//4044 3457//4088 3472//4100
f 3323//4032 3459//4031 3457//4088
f 3459//4031 3557//4127 3544//4128
f 3544//4128 3559//4129 3545//4130
f 3557//4127 3559//4129 3544//4128
f 3559//4129 3558//4131 3546//4132
f 3559//4129 3546//4132 3545//4130
f 3558//4131 3561//4133 3547//4134
f 3558//4131 3547//4134 3546//4132
f 3561//4133 3560//4135 3549//4136
f 3561//4133 3549//4136 3547//4134
f 3560//4135 3562//4137 3550//4138
f 3560//4135 3550//4138 3549//4136
f 3562//4137 3433//4073 3550//4138
f 3433//4073 3434//4074 3527//4117
f 3434//4074 3448//4086 3543//4124
f 3434//4074 3543//4124 3527//4117
f 3448//4086 3542//4085 3543//4124
f 3542//4085 3563//4139 3551//4140
f 3563//4139 3441//4082 3536//4121
f 3563//4139 3536//4121 3551//4140
f 3441//4082 3408//4067 3513//4115
f 3441//4082 3513//4115 3536//4121
f 3453//4141 3553//4142 3454//4143
f 3552//4144 3553//4142 3453//4141
f 3455//4145 3552//4144 3453//4141
f 3554//4146 3552//4144 3455//4145
f 3456//4147 3554//4146 3455//4145
f 3555//4148 3554//4146 3456//4147
f 3454//4143 3555//4148 3456//4147
f 3553//4142 3555//4148 3454//4143
f 3524//4149 3426//4071 3525//4150
f 3429//4151 3426//4071 3524//4149
f 3534//4152 3429//4151 3524//4149
f 3439//4153 3429//4151 3534//4152
f 3535//4154 3439//4153 3534//4152
f 3440//4077 3439//4153 3535//4154
f 3525//4150 3440//4077 3535//4154
f 3426//4071 3440//4077 3525//4150
f 3495//4155 3380//4061 3496//4156
f 3376//4057 3380//4061 3495//4155
f 3508//4157 3376//4057 3495//4155
f 3391//4158 3376//4057 3508//4157
f 3320//4159 3508//4157 3321//4160
f 3320//4159 3391//4158 3508//4157
f 3496//4156 3320//4159 3321//4160
f 3380//4061 3320//4159 3496//4156
f 3462//4161 3327//4162 3461//4163
f 3328//4038 3327//4162 3462//4161
f 3463//4164 3328//4038 3462//4161
f 3340//4049 3463//4164 3477//4165
f 3340//4049 3328//4038 3463//4164
f 3341//4166 3477//4165 3476//4167
f 3341//4166 3340//4049 3477//4165
f 3327//4162 3476//4167 3461//4163
f 3327//4162 3341//4166 3476//4167
f 3382//4168 3379//4169 3493//4170
f 3502//4171 3382//4168 3493//4170
f 3395//4062 3382//4168 3502//4171
f 3392//4064 3502//4171 3499//4172
f 3392//4064 3395//4062 3502//4171
f 3494//4173 3392//4064 3499//4172
f 3381//4174 3392//4064 3494//4173
f 3493//4170 3381//4174 3494//4173
f 3379//4169 3381//4174 3493//4170
f 3482//4175 3332//4176 3470//4177
f 3355//4178 3332//4176 3482//4175
f 3492//4179 3355//4178 3482//4175
f 3361//4180 3355//4178 3492//4179
f 3478//4181 3361//4180 3492//4179
f 3343//4182 3361//4180 3478//4181
f 3470//4177 3343//4182 3478//4181
f 3332//4176 3343//4182 3470//4177
f 3497//4183 3383//4184 3498//4185
f 3383//4184 3386//4186 3498//4185
f 3406//4187 3497//4183 3512//4188
f 3406//4187 3383//4184 3497//4183
f 3409//4189 3406//4187 3522//4190
f 3522//4190 3406//4187 3512//4188
f 3498//4185 3409//4189 3522//4190
f 3386//4186 3409//4189 3498//4185
f 3488//4191 3366//4192 3490//4193
f 3366//4192 3384//4194 3490//4193
f 3507//4195 3366//4192 3488//4191
f 3400//4196 3366//4192 3507//4195
f 3511//4197 3407//4198 3507//4195
f 3407//4198 3400//4196 3507//4195
f 3490//4193 3407//4198 3511//4197
f 3384//4194 3407//4198 3490//4193
f 3487//4199 3365//4200 3489//4201
f 3365//4200 3367//4202 3489//4201
f 3387//4203 3487//4199 3500//4204
f 3387//4203 3365//4200 3487//4199
f 3506//4205 3401//4206 3500//4204
f 3401//4206 3387//4203 3500//4204
f 3367//4202 3506//4205 3489//4201
f 3367//4202 3401//4206 3506//4205
f 3479//4207 3336//4208 3474//4209
f 3344//4210 3336//4208 3479//4207
f 3491//4211 3344//4210 3479//4207
f 3371//4212 3344//4210 3491//4211
f 3483//4213 3371//4212 3491//4211
f 3356//4214 3371//4212 3483//4213
f 3474//4209 3356//4214 3483//4213
f 3336//4208 3356//4214 3474//4209
f 3529//4211 3415//4210 3518//4207
f 3437//4212 3415//4210 3529//4211
f 3523//4213 3437//4212 3529//4211
f 3421//4214 3437//4212 3523//4213
f 3515//4209 3421//4214 3523//4213
f 3411//4208 3421//4214 3515//4209
f 3518//4207 3411//4208 3515//4209
f 3415//4210 3411//4208 3518//4207
f 3458//4215 3322//4216 3468//4217
f 3322//4216 3330//4218 3468//4217
f 3467//4219 3322//4216 3458//4215
f 3337//4220 3322//4216 3467//4219
f 3331//4221 3337//4220 3475//4222
f 3475//4222 3337//4220 3467//4219
f 3468//4217 3331//4221 3475//4222
f 3330//4218 3331//4221 3468//4217
f 3329//4223 3335//4224 3469//4225
f 3469//4225 3335//4224 3473//4226
f 3484//4227 3329//4223 3469//4225
f 3357//4228 3329//4223 3484//4227
f 3486//4229 3359//4230 3484//4227
f 3359//4230 3357//4228 3484//4227
f 3473//4226 3359//4230 3486//4229
f 3335//4224 3359//4230 3473//4226
f 3436//4231 3438//4232 3530//4233
f 3530//4233 3438//4232 3531//4234
f 3539//4235 3436//4231 3530//4233
f 3445//4236 3436//4231 3539//4235
f 3541//4237 3447//4238 3539//4235
f 3447//4238 3445//4236 3539//4235
f 3531//4234 3447//4238 3541//4237
f 3438//4232 3447//4238 3531//4234
f 3416//4239 3417//4240 3519//4241
f 3519//4241 3417//4240 3520//4242
f 3528//4243 3416//4239 3519//4241
f 3435//4244 3416//4239 3528//4243
f 3540//4245 3446//4246 3528//4243
f 3446//4246 3435//4244 3528//4243
f 3520//4242 3446//4246 3540//4245
f 3417//4240 3446//4246 3520//4242
f 3319//4029 3217//4028 3564//4247
f 3217//4028 3565//4248 3564//4247
f 3564//4247 3565//4248 3220//4249
f 3565//4248 3566//4025 3220//4249
f 3220//4249 3566//4025 3567//4027
f 3317//4023 3247//4024 3243//4250
f 3247//4024 3568//4251 3243//4250
f 3243//4250 3568//4251 3569//4020
f 3568//4251 3570//3904 3569//4020
f 3315//4017 3163//4018 3641//4252
f 3163//4018 3160//4253 3641//4252
f 3641//4252 3160//4253 3571//4013
f 3160//4253 3156//4254 3571//4013
f 3156//4254 3153//4014 3571//4013
f 3311//4011 3572//4255 3135//3763
f 3135//3763 3572//4255 3138//4256
f 3572//4255 3142//4008 3138//4256
f 3138//4256 3142//4008 3573//3772
f 3573//3772 3142//4008 3309//3777
f 3259//4006 3307//4007 3262//3941
f 3307//4007 3264//4257 3262//3941
f 3262//3941 3264//4257 3574//4258
f 3574//4258 3264//4257 3575//4004
f 3264//4257 3305//3928 3575//4004
f 3304//3960 3303//4003 3284//4259
f 3303//4003 3286//4260 3284//4259
f 3284//4259 3286//4260 3576//4261
f 3576//4261 3286//4260 3577//3984
f 3286//4260 3578//4001 3577//3984
f 3206//3867 3200//4262 3300//4000
f 3300//4000 3200//4262 3579//3850
f 3200//4262 3196//4263 3579//3850
f 3579//3850 3580//3846 3195//3851
f 3196//4263 3580//3846 3579//3850
f 3195//3851 3580//3846 3297//3998
f 3181//3834 3581//4264 3296//3996
f 3296//3996 3581//4264 3180//4265
f 3581//4264 3175//3990 3180//4265
f 3180//4265 3175//3990 3582//3989
f 3324//4033 3557//4127 3459//4031
f 3324//4033 3325//4036 3559//4129
f 3324//4033 3559//4129 3557//4127
f 3333//4035 3559//4129 3325//4036
f 3333//4035 3558//4131 3559//4129
f 3352//4035 3561//4133 3558//4131
f 3352//4035 3558//4131 3333//4035
f 3556//4125 3358//4053 3480//4050
f 3560//4135 3561//4133 3352//4035
f 3368//4035 3560//4135 3352//4035
f 3408//4067 3358//4053 3556//4125
f 3562//4137 3560//4135 3368//4035
f 3562//4137 3368//4035 3410//4068
f 3433//4073 3562//4137 3410//4068
f 3563//4139 3444//4083 3441//4082
f 3542//4085 3444//4083 3563//4139
f 3292//3987 3293//3988 3583//3983
f 3293//3988 3577//3984 3583//3983
f 3288//3981 3576//3978 3289//3982
f 3289//3982 3576//3978 3269//3977
f 3285//3975 3124//3972 3286//3976
f 3286//3976 3124//3972 3270//3971
f 3303//3969 3282//3970 3271//3965
f 3282//3970 3123//3966 3271//3965
f 3278//3963 3279//3964 3584//4266
f 3279//3964 3304//3960 3584//4266
f 3584//4266 3304//3960 3276//3962
f 3274//3958 3275//3959 3585//4267
f 3275//3959 3301//3955 3585//4267
f 3585//4267 3301//3955 3272//3957
f 3585//4268 3394//4065 3274//3958
f 3302//4036 3394//4065 3585//4268
f 3302//4036 3290//3985 3394//4065
f 3578//4036 3290//3985 3302//4036
f 3578//4036 3583//4269 3290//3985
f 3302//4036 3585//4268 3272//3957
f 3302//4036 3272//3957 3274//3958
f 3278//4270 3302//4036 3274//3958
f 3278//4270 3303//3969 3302//4036
f 3276//3962 3278//4270 3274//3958
f 3303//3969 3278//4270 3584//4266
f 3578//4036 3292//3987 3583//4269
f 3286//3976 3290//3985 3292//3987
f 3286//3976 3292//3987 3578//4036
f 3287//4035 3290//3985 3286//3976
f 3289//3982 3290//3985 3287//4035
f 3289//3982 3269//3977 3290//3985
f 3276//3962 3303//3969 3584//4266
f 3269//3977 3287//4035 3286//3976
f 3280//3967 3303//3969 3276//3962
f 3276//3962 3271//3965 3280//3967
f 3283//3973 3286//3976 3303//3969
f 3270//3971 3269//3977 3286//3976
f 3271//3965 3283//3973 3303//3969
f 3271//3965 3270//3971 3283//3973
f 3267//3952 3122//3954 3586//4271
f 3122//3954 3575//3951 3586//4271
f 3586//4271 3575//3951 3587//3950
f 3265//3948 3121//4105 3266//3949
f 3266//3949 3121//4105 3248//3945
f 3121//4105 3588//3946 3248//3945
f 3263//3943 3120//3944 3249//4059
f 3120//3944 3119//3940 3249//4059
f 3249//4059 3119//3940 3261//3942
f 3259//3938 3589//4272 3260//3939
f 3260//3939 3589//4272 3250//3935
f 3589//4272 3118//3936 3250//3935
f 3256//3933 3257//3934 3590//3931
f 3257//3934 3591//3929 3590//3931
f 3253//3927 3592//3923 3305//3928
f 3305//3928 3592//3923 3306//3925
f 3305//4273 3267//4034 3252//3926
f 3586//4052 3369//4054 3267//4034
f 3305//4273 3587//4034 3267//4034
f 3305//4273 3586//4052 3587//4034
f 3264//3947 3586//4052 3305//4273
f 3256//3933 3252//3926 3255//3932
f 3256//3933 3306//3925 3252//3926
f 3306//3925 3256//3933 3590//3931
f 3264//3947 3369//4054 3586//4052
f 3266//3949 3369//4054 3264//3947
f 3258//3937 3590//3931 3255//3932
f 3258//3937 3306//3925 3590//3931
f 3248//3945 3369//4054 3266//3949
f 3260//4046 3307//4070 3306//3925
f 3258//3937 3260//4046 3306//3925
f 3250//3935 3307//4070 3260//4046
f 3261//3942 3263//3943 3264//3947
f 3249//4059 3248//3945 3264//3947
f 3261//3942 3264//3947 3307//4070
f 3249//4059 3264//3947 3263//3943
f 3249//4059 3261//3942 3307//4070
f 3249//4059 3307//4070 3250//3935
f 3247//3921 3114//3922 3593//3917
f 3114//3922 3594//3918 3593//3917
f 3244//3916 3243//3914 3226//4042
f 3243//3914 3115//4102 3226//4042
f 3115//4102 3595//3913 3226//4042
f 3226//4042 3595//3913 3242//3915
f 3240//3910 3116//4099 3241//3912
f 3241//3912 3116//4099 3225//4040
f 3225//4040 3116//4099 3568//3911
f 3116//4099 3596//3909 3568//3911
f 3238//3907 3597//4274 3239//3908
f 3239//3908 3597//4274 3570//3904
f 3597//4274 3236//3905 3570//3904
f 3233//3902 3235//3899 3316//4275
f 3316//4275 3235//3899 3598//3901
f 3230//3897 3599//3894 3231//3898
f 3231//3898 3599//3894 3600//4276
f 3600//4276 3599//3894 3228//3896
f 3237//3906 3239//3908 3233//3902
f 3316//4275 3237//3906 3233//3902
f 3570//3904 3237//3906 3316//4275
f 3231//4076 3316//4275 3598//3901
f 3231//4076 3598//3901 3228//3896
f 3570//3904 3225//4040 3239//3908
f 3247//3921 3231//3898 3600//4276
f 3241//3912 3225//4040 3570//3904
f 3568//4251 3241//3912 3570//3904
f 3228//3896 3247//3921 3600//4276
f 3245//3919 3247//3921 3228//3896
f 3227//4046 3245//3919 3228//3896
f 3226//4042 3225//4040 3568//4037
f 3242//4070 3244//3916 3247//3921
f 3244//3916 3568//4037 3247//3921
f 3227//4046 3593//3917 3245//3919
f 3226//4042 3568//4037 3244//3916
f 3227//4046 3247//3921 3593//3917
f 3227//4046 3242//4070 3247//3921
f 3227//4046 3226//4042 3242//4070
f 3223//3892 3224//3893 3601//4277
f 3224//3893 3602//4278 3601//4277
f 3601//4277 3602//4278 3566//3890
f 3602//4278 3603//3891 3566//3890
f 3222//3889 3604//4279 3221//3888
f 3221//3888 3604//4279 3208//4041
f 3208//4041 3604//4279 3565//3886
f 3604//4279 3605//3887 3565//3886
f 3220//3885 3606//4280 3219//3884
f 3219//3884 3606//4280 3209//4048
f 3209//4048 3606//4280 3607//3882
f 3606//4280 3608//3883 3607//3882
f 3217//3880 3218//3881 3210//4043
f 3218//3881 3564//4281 3210//4043
f 3210//4043 3564//4281 3609//3878
f 3564//4281 3610//3879 3609//3878
f 3215//3876 3611//4282 3216//3877
f 3216//3877 3611//4282 3318//3873
f 3611//4282 3612//3874 3318//3873
f 3212//3871 3319//4029 3213//3872
f 3213//3872 3319//4029 3613//3868
f 3319//4029 3614//3869 3613//3868
f 3214//4283 3325//4036 3326//4039
f 3216//3877 3325//4036 3214//4283
f 3318//4051 3214//4283 3326//4039
f 3223//3892 3207//4034 3325//4036
f 3601//4277 3207//4034 3223//3892
f 3566//3890 3325//4036 3216//3877
f 3318//3873 3566//3890 3216//3877
f 3566//3890 3223//3892 3325//4036
f 3211//4284 3318//4051 3326//4039
f 3213//4035 3318//4051 3211//4284
f 3613//4285 3211//4284 3326//4039
f 3566//3890 3207//4034 3601//4277
f 3217//3880 3318//4051 3213//4035
f 3217//3880 3213//4035 3613//4285
f 3609//3878 3613//4285 3326//4039
f 3221//3888 3207//4034 3566//3890
f 3221//3888 3566//3890 3565//3886
f 3609//3878 3217//3880 3613//4285
f 3207//4034 3221//3888 3208//4041
f 3219//3884 3565//3886 3217//3880
f 3607//3882 3219//3884 3217//3880
f 3208//4041 3565//3886 3219//3884
f 3209//4048 3208//4041 3219//3884
f 3210//4043 3607//3882 3217//3880
f 3210//4043 3209//4048 3607//3882
f 3205//3866 3615//3862 3206//3867
f 3206//3867 3615//3862 3186//3864
f 3201//3860 3616//3856 3202//3861
f 3202//3861 3616//3856 3185//3858
f 3197//3854 3579//3850 3198//3855
f 3198//3855 3579//3850 3617//3852
f 3193//3848 3618//3844 3194//3849
f 3194//3849 3618//3844 3580//3846
f 3189//3842 3190//3843 3298//3997
f 3190//3843 3619//4286 3298//3997
f 3619//4286 3620//3841 3298//3997
f 3298//3997 3620//3841 3621//3840
f 3187//3838 3188//3839 3622//4287
f 3188//3839 3299//4288 3622//4287
f 3299//4288 3623//3837 3622//4287
f 3622//4287 3623//3837 3624//3836
f 3194//4289 3189//3842 3192//3847
f 3194//4289 3183//4055 3189//3842
f 3580//3846 3189//3842 3298//3997
f 3580//3846 3192//3847 3189//3842
f 3183//4055 3194//4289 3580//3846
f 3187//4076 3298//3997 3621//3840
f 3622//4287 3298//3997 3187//4076
f 3624//3836 3187//4076 3621//3840
f 3204//3865 3298//3997 3622//4287
f 3196//4263 3183//4055 3580//3846
f 3198//4290 3183//4055 3196//4263
f 3198//4290 3184//4056 3183//4055
f 3624//3836 3204//3865 3622//4287
f 3184//4056 3198//4290 3617//3852
f 3186//3864 3204//3865 3624//3836
f 3184//4056 3617//3852 3196//3853
f 3202//3861 3196//3853 3200//3859
f 3184//4056 3196//3853 3202//3861
f 3184//4056 3202//3861 3185//3858
f 3186//3864 3200//3859 3206//3867
f 3185//3858 3200//3859 3186//3864
f 3181//3834 3182//3835 3581//4264
f 3182//3835 3625//4291 3581//4264
f 3581//4264 3625//4291 3626//3832
f 3625//4291 3627//3833 3626//3832
f 3179//4292 3628//4293 3166//4069
f 3180//3831 3628//4294 3179//3830
f 3166//4069 3628//4293 3177//3828
f 3628//4293 3178//3829 3177//3828
f 3176//3826 3108//4113 3165//3827
f 3165//3827 3108//4113 3629//3823
f 3108//4113 3630//3824 3629//3823
f 3173//3821 3174//3822 3396//4066
f 3174//3822 3631//4295 3396//4066
f 3396//4066 3631//4295 3632//3819
f 3631//4295 3582//3820 3632//3819
f 3171//3817 3172//3818 3633//4296
f 3172//3818 3294//3991 3633//4296
f 3633//4296 3294//3991 3170//3815
f 3294//3991 3634//3816 3170//3815
f 3168//3813 3169//3814 3295//4297
f 3169//3814 3635//4298 3295//4297
f 3295//4297 3635//4298 3636//3811
f 3635//4298 3637//3812 3636//3811
f 3170//3815 3171//3817 3168//3813
f 3173//3821 3171//3817 3633//4296
f 3173//3821 3633//4296 3170//3815
f 3173//3821 3396//4066 3171//3817
f 3295//4297 3173//3821 3170//3815
f 3175//3825 3632//3819 3173//3821
f 3295//4297 3170//3815 3168//3813
f 3175//3825 3396//4066 3632//3819
f 3175//3825 3165//3827 3396//4066
f 3626//3832 3636//3811 3168//3813
f 3626//3832 3295//4297 3636//3811
f 3626//3832 3181//3834 3295//4297
f 3166//4069 3165//3827 3629//3823
f 3179//4292 3175//3825 3581//4299
f 3166//4069 3629//3823 3175//3825
f 3177//4299 3179//4292 3581//4299
f 3166//4069 3175//3825 3179//4292
f 3167//4070 3581//4299 3626//3832
f 3167//4070 3177//4299 3581//4299
f 3167//4070 3166//4069 3177//4299
f 3163//3809 3164//3810 3638//4300
f 3164//3810 3639//3806 3638//4300
f 3638//4300 3639//3806 3161//3808
f 3159//3804 3102//4120 3160//3805
f 3160//3805 3102//4120 3640//3801
f 3102//4120 3641//3802 3640//3801
f 3156//3798 3104//3800 3145//4075
f 3145//4075 3104//3800 3642//3796
f 3104//3800 3643//3797 3642//3796
f 3155//3794 3105//3795 3644//4301
f 3105//3795 3645//3791 3644//4301
f 3644//4301 3645//3791 3153//3793
f 3152//3789 3313//3790 3646//4302
f 3313//3790 3647//3786 3646//4302
f 3646//4302 3647//3786 3314//3788
f 3150//3785 3315//4017 3149//3784
f 3149//3784 3315//4017 3648//4079
f 3315//4017 3649//3783 3648//4079
f 3648//4079 3649//3783 3148//3782
f 3153//3793 3155//3794 3152//3789
f 3153//3793 3152//3789 3646//4302
f 3314//3788 3153//3793 3646//4302
f 3145//4075 3155//3794 3644//4301
f 3314//3788 3152//3789 3148//3782
f 3156//3798 3644//4301 3153//3793
f 3149//3784 3314//3788 3148//3782
f 3156//3798 3145//4075 3644//4301
f 3314//3788 3149//3784 3648//4079
f 3163//3809 3314//3788 3648//4079
f 3160//4253 3642//4303 3156//4254
f 3146//4070 3145//4075 3642//4303
f 3161//3808 3163//3809 3648//4079
f 3147//4070 3161//3808 3648//4079
f 3146//4070 3642//4303 3160//4253
f 3147//4070 3638//4300 3161//3808
f 3147//4070 3163//3809 3638//4300
f 3146//4070 3160//4253 3640//4304
f 3147//4070 3160//3805 3163//3809
f 3147//4070 3158//3803 3160//3805
f 3147//4070 3640//4304 3158//3803
f 3147//4070 3146//4070 3640//4304
f 3144//3780 3101//3781 3127//4078
f 3101//3781 3309//3777 3127//4078
f 3127//4078 3309//3777 3650//3779
f 3142//3775 3100//3776 3128//4080
f 3128//4080 3100//3776 3651//3774
f 3100//3776 3573//3772 3651//3774
f 3139//3770 3140//3771 3129//4081
f 3129//4081 3140//3771 3130//3769
f 3140//3771 3099//3767 3130//3769
f 3136//3765 3137//3766 3572//4305
f 3137//3766 3652//3762 3572//4305
f 3572//4305 3652//3762 3442//3764
f 3133//3759 3653//4306 3134//3761
f 3134//3761 3653//4306 3311//4011
f 3653//4306 3654//3758 3311//4011
f 3311//4011 3654//3758 3655//3760
f 3131//3755 3656//4307 3132//3757
f 3132//3757 3656//4307 3308//4308
f 3656//4307 3310//3754 3308//4308
f 3308//4308 3310//3754 3657//3756
f 3657//3756 3132//3757 3655//3760
f 3308//4036 3144//3780 3132//3757
f 3308//4036 3650//3779 3144//3780
f 3134//3761 3308//4009 3657//3756
f 3134//3761 3657//3756 3655//3760
f 3142//3775 3650//3779 3308//4036
f 3142//3775 3127//4078 3650//3779
f 3142//3775 3128//4080 3127//4078
f 3442//3764 3311//4011 3655//3760
f 3136//3765 3311//4011 3442//3764
f 3572//4255 3311//4011 3136//3765
f 3129//4081 3128//4080 3651//3774
f 3129//4081 3651//3774 3142//3775
f 3139//4047 3142//3775 3572//4070
f 3129//4081 3142//3775 3139//4047
f 3130//3769 3139//4047 3572//4070
f 3130//3769 3572//4070 3442//3764
f 3552//4144 3404//4035 3403//4035
f 3553//4142 3403//4035 3413//4035
f 3553//4142 3552//4144 3403//4035
f 3414//4035 3553//4142 3413//4035
f 3554//4146 3418//4035 3404//4035
f 3554//4146 3404//4035 3552//4144
f 3423//4035 3418//4035 3554//4146
f 3555//4148 3423//4035 3554//4146
f 3432//4035 3423//4035 3555//4148
f 3443//4035 3553//4142 3414//4035
f 3443//4035 3555//4148 3553//4142
f 3432//4035 3555//4148 3443//4035
f 3550//4138 3433//4073 3527//4117
f 3514//4091 3550//4138 3527//4117
f 3111//4104 3549//4136 3550//4138
f 3514//4091 3111//4104 3550//4138
f 3481//4091 3549//4136 3111//4104
f 3481//4091 3547//4134 3549//4136
f 3471//4091 3547//4134 3481//4091
f 3471//4091 3546//4132 3547//4134
f 3551//4140 3538//4122 3542//4085
f 3471//4091 3545//4130 3546//4132
f 3460//4090 3545//4130 3471//4091
f 3536//4121 3538//4122 3551//4140
f 3544//4128 3545//4130 3460//4090
f 3466//4089 3544//4128 3460//4090
f 3459//4031 3544//4128 3466//4089
f 3548//4126 3485//4103 3513//4115
f 3480//4050 3485//4103 3548//4126
f 3288//3981 3126//3980 3125//4097
f 3576//4261 3288//3981 3125//4097
f 3293//3988 3291//3986 3126//3980
f 3577//3984 3126//3980 3576//4261
f 3577//3984 3293//3988 3126//3980
f 3285//4309 3576//4261 3125//4097
f 3284//4259 3576//4261 3285//4309
f 3301//3955 3291//3986 3577//3984
f 3124//3972 3285//4309 3125//4097
f 3275//3959 3291//3986 3301//3955
f 3275//3959 3501//4111 3291//3986
f 3501//4111 3275//3959 3273//4310
f 3279//3964 3273//4310 3301//3955
f 3282//3970 3304//3960 3284//3974
f 3282//3970 3284//3974 3124//3972
f 3282//3970 3124//3972 3123//3966
f 3281//3968 3304//3960 3282//3970
f 3501//4111 3273//4310 3279//3964
f 3501//4111 3279//3964 3277//3961
f 3277//3961 3281//3968 3123//3966
f 3277//3961 3304//3960 3281//3968
f 3588//4097 3121//4105 3120//3944
f 3574//4258 3265//3948 3588//4097
f 3575//3951 3265//3948 3574//4258
f 3575//3951 3121//4105 3265//3948
f 3575//3951 3122//3954 3121//4105
f 3253//3927 3122//3954 3268//3953
f 3574//4258 3588//4097 3120//3944
f 3262//3941 3574//4258 3120//3944
f 3575//3951 3253//3927 3268//3953
f 3592//3923 3253//3927 3575//3951
f 3592//3923 3575//3951 3257//3934
f 3259//4006 3262//3941 3589//4272
f 3589//4272 3262//3941 3119//3940
f 3118//3936 3589//4272 3119//3940
f 3251//3924 3592//3923 3257//3934
f 3591//3929 3257//3934 3259//3938
f 3251//3924 3257//3934 3254//3930
f 3591//3929 3251//3924 3254//3930
f 3591//3929 3259//3938 3118//3936
f 3116//4099 3240//4094 3117//4094
f 3238//4090 3117//4094 3597//4311
f 3569//4090 3240//4094 3596//3909
f 3569//4090 3596//3909 3243//3914
f 3569//4090 3117//4094 3240//4094
f 3569//4090 3597//4311 3117//4094
f 3569//4090 3236//4109 3597//4311
f 3243//3914 3596//3909 3116//4099
f 3243//3914 3116//4099 3115//4102
f 3569//4090 3238//4090 3236//4109
f 3569//4090 3234//3903 3238//4090
f 3114//3922 3595//3913 3115//4102
f 3235//3899 3234//3903 3569//4090
f 3235//3899 3569//4090 3232//3900
f 3114//3922 3243//3914 3595//3913
f 3114//3922 3317//4093 3243//3914
f 3246//3920 3317//4093 3114//3922
f 3229//3895 3234//3903 3232//3900
f 3230//3897 3232//3900 3599//4095
f 3599//4095 3232//3900 3317//4093
f 3229//3895 3232//3900 3230//3897
f 3594//3918 3317//4093 3246//3920
f 3594//3918 3599//4095 3317//4093
f 3594//3918 3229//3895 3599//4095
f 3604//4312 3222//4313 3112//4097
f 3222//4313 3113//4090 3112//4097
f 3605//4314 3113//4090 3222//4313
f 3605//4314 3604//4312 3112//4097
f 3224//3893 3113//4090 3602//4309
f 3220//4104 3113//4090 3605//4314
f 3567//4090 3113//4090 3220//4104
f 3567//4090 3602//4309 3113//4090
f 3567//4090 3603//3891 3602//4309
f 3220//4104 3605//4314 3112//4097
f 3606//4315 3220//4104 3112//4097
f 3606//4315 3112//4097 3465//4098
f 3567//4090 3224//3893 3603//3891
f 3465//4098 3608//3883 3606//4315
f 3564//4116 3220//3885 3608//3883
f 3215//3876 3224//3893 3567//4090
f 3611//4316 3215//3876 3567//4090
f 3215//3876 3612//3874 3224//3893
f 3465//4098 3564//4116 3608//3883
f 3611//4316 3567//4090 3212//4316
f 3612//3874 3611//4316 3212//4316
f 3218//4091 3319//4029 3564//4247
f 3465//4098 3610//4317 3564//4116
f 3610//4317 3319//4029 3218//4091
f 3464//4096 3610//4317 3465//4098
f 3464//4096 3319//4029 3610//4317
f 3612//3874 3212//4316 3614//4318
f 3464//4096 3612//3874 3614//4318
f 3464//4096 3614//4318 3319//4029
f 3197//3854 3111//4104 3110//4108
f 3579//4319 3197//3854 3110//4108
f 3618//4104 3193//3848 3111//4104
f 3195//3851 3111//4104 3197//3854
f 3195//3851 3618//4104 3111//4104
f 3297//4090 3618//4104 3195//3851
f 3297//4090 3191//3845 3618//4104
f 3201//4097 3579//4319 3110//4108
f 3616//4320 3201//4097 3110//4108
f 3297//4090 3193//3848 3191//3845
f 3300//4116 3579//4319 3201//4097
f 3300//4116 3201//4097 3199//4093
f 3109//4106 3616//4320 3110//4108
f 3619//4111 3193//3848 3297//4090
f 3190//3843 3193//3848 3619//4111
f 3109//4106 3199//4093 3616//4320
f 3619//4111 3297//4090 3299//4288
f 3620//3841 3619//4111 3299//4288
f 3109//4106 3300//4116 3199//4093
f 3615//4321 3205//4091 3300//4116
f 3615//4321 3300//4116 3109//4106
f 3205//4091 3299//4288 3300//4116
f 3190//3843 3620//3841 3299//4288
f 3109//4106 3203//4322 3615//4321
f 3190//3843 3299//4288 3188//3839
f 3623//3837 3190//3843 3188//3839
f 3623//3837 3203//4322 3109//4106
f 3623//3837 3205//4091 3203//4322
f 3623//3837 3299//4288 3205//4091
f 3630//4097 3108//4113 3107//4097
f 3631//4295 3503//4112 3108//4113
f 3174//4323 3503//4112 3631//4295
f 3582//3820 3108//4113 3176//3826
f 3180//4097 3582//3820 3176//3826
f 3582//3820 3631//4295 3108//4113
f 3180//4097 3176//3826 3630//4097
f 3180//4097 3630//4097 3107//4097
f 3628//4324 3180//4097 3107//4097
f 3294//3991 3174//4323 3582//3989
f 3294//3991 3503//4112 3174//4323
f 3106//4116 3628//4324 3107//4097
f 3106//4116 3178//3829 3628//4324
f 3172//3818 3503//4112 3294//3991
f 3106//4116 3180//3831 3178//3829
f 3504//4109 3503//4112 3172//3818
f 3504//4109 3172//3818 3634//3816
f 3106//4116 3296//4093 3180//3831
f 3625//4325 3182//4316 3296//4093
f 3625//4325 3296//4093 3106//4116
f 3106//4116 3627//4326 3625//4325
f 3635//4093 3169//4316 3294//3991
f 3635//4093 3294//3991 3296//4093
f 3504//4109 3634//3816 3294//3991
f 3505//4114 3627//4326 3106//4116
f 3504//4109 3294//3991 3169//4316
f 3504//4109 3169//4316 3637//4327
f 3505//4114 3182//4316 3627//4326
f 3505//4114 3296//4093 3182//4316
f 3505//4114 3635//4093 3296//4093
f 3505//4114 3504//4109 3637//4327
f 3505//4114 3637//4327 3635//4093
f 3643//4328 3104//3800 3103//4097
f 3571//4104 3104//3800 3157//3799
f 3571//4104 3105//3795 3104//3800
f 3571//4104 3157//3799 3643//4328
f 3571//4104 3645//4104 3105//3795
f 3571//4104 3643//4328 3103//4097
f 3641//3802 3571//4104 3103//4097
f 3571//4104 3154//3792 3645//4104
f 3313//3790 3154//3792 3571//4104
f 3159//3804 3103//4097 3102//4120
f 3159//3804 3641//3802 3103//4097
f 3313//3790 3105//3795 3154//3792
f 3313//3790 3151//3787 3105//3795
f 3647//3786 3313//3790 3150//3785
f 3164//4093 3315//4017 3641//3802
f 3639//3806 3164//4093 3641//3802
f 3639//3806 3641//3802 3102//4120
f 3162//3807 3315//4017 3164//4093
f 3162//3807 3639//3806 3102//4120
f 3151//3787 3647//3786 3150//3785
f 3649//3783 3151//3787 3150//3785
f 3649//3783 3315//4017 3162//3807
f 3141//3773 3101//3781 3100//3776
f 3573//3772 3100//3776 3099//3767
f 3573//3772 3101//3781 3141//3773
f 3573//3772 3309//3777 3101//3781
f 3131//3755 3101//3781 3143//3778
f 3140//3771 3573//3772 3099//3767
f 3140//3771 3138//3768 3573//3772
f 3309//3777 3131//3755 3143//3778
f 3656//4307 3131//3755 3309//3777
f 3098//4106 3138//4256 3099//3767
f 3656//4307 3309//3777 3310//3754
f 3098//4106 3135//3763 3138//4256
f 3137//3766 3135//3763 3098//4106
f 3652//4329 3137//3766 3098//4106
f 3133//4330 3312//4012 3653//4091
f 3133//4330 3310//3754 3312//4012
f 3533//4114 3652//4329 3098//4106
f 3654//4331 3653//4091 3312//4012
f 3131//3755 3310//3754 3133//4330
f 3533//4114 3131//3755 3133//4330
f 3533//4114 3135//3763 3652//4329
f 3533//4114 3312//4012 3135//3763
f 3533//4114 3133//4330 3654//4331
f 3533//4114 3654//4331 3312//4012
f 3455//4145 3521//4091 3526//4091
f 3456//4147 3455//4145 3526//4091
f 3456//4147 3526//4091 3532//4091
f 3456//4147 3532//4091 3537//4091
f 3453//4141 3510//4091 3521//4091
f 3453//4141 3521//4091 3455//4145
f 3453//4141 3509//4091 3510//4091
f 3454//4143 3509//4091 3453//4141
f 3454//4143 3456//4147 3537//4091
f 3516//4091 3509//4091 3454//4143
f 3517//4091 3454//4143 3537//4091
f 3517//4091 3516//4091 3454//4143
f 3425//4070 3097//4035 3419//4035
f 3424//4047 3097//4035 3425//4070
f 3405//4035 3096//4035 3390//4051
f 3405//4035 3390//4051 3397//4046
f 3422//4046 3095//4035 3420//4035
f 3422//4046 3431//4070 3095//4035
f 3385//4035 3094//4035 3370//4051
f 3377//4058 3385//4035 3370//4051
f 3348//4035 3349//4035 3093//4036
f 3348//4035 3093//4036 3346//4051
f 3350//4035 3347//4035 3092//4034
f 3350//4035 3092//4034 3345//4051
f 3375//4054 3091//4034 3372//4035
f 3389//4035 3375//4054 3372//4035
f 3412//4047 3090//4034 3388//4035
f 3402//4035 3412//4047 3388//4035
f 3360//4035 3449//4052 3450//4034
f 3364//4035 3449//4052 3360//4035
f 3351//4035 3451//4052 3452//4052
f 3354//4035 3451//4052 3351//4035
f 3658//4332 3716//4333 3715//4334
f 3716//4333 3717//4335 3715//4334
f 3715//4334 3717//4335 3718//4336
f 4459//4337 4460//4338 3719//4339
f 4460//4338 3720//4340 3719//4339
f 3660//4341 3721//4342 4458//4343
f 4458//4343 3721//4342 3722//4344
f 3721//4342 3723//4345 3722//4344
f 3722//4344 3723//4345 3712//4346
f 4457//4347 3724//4348 3725//4349
f 3724//4348 3726//4350 3725//4349
f 3725//4349 3726//4350 4287//4351
f 4456//4352 3728//4353 3727//4354
f 3727//4354 3728//4353 3729//4355
f 4454//4356 3731//4357 3730//4358
f 3730//4358 3731//4357 3732//4359
f 3731//4357 4088//4360 3732//4359
f 4451//4361 4452//4362 3737//4363
f 4452//4362 3738//4364 3737//4363
f 3738//4364 3662//4365 3737//4363
f 4449//4366 3739//4367 3740//4368
f 4297//4369 3739//4367 4449//4366
f 3739//4367 3663//4370 3740//4368
f 3740//4368 3663//4370 3733//4371
f 4298//4372 3741//4373 3742//4374
f 3741//4373 3743//4375 3742//4374
f 3742//4374 3743//4375 3744//4376
f 4447//4377 3745//4378 4070//4379
f 4070//4379 3745//4378 3746//4380
f 3745//4378 4071//4381 3746//4380
f 3746//4380 4071//4381 3747//4382
f 4446//4383 3748//4384 4445//4385
f 4445//4385 3748//4384 3749//4386
f 4442//4387 3661//4388 3736//4389
f 3661//4388 3750//4390 3736//4389
f 3736//4389 3750//4390 3751//4391
f 3664//4392 3755//4393 4440//4394
f 4440//4394 3755//4393 3756//4395
f 3755//4393 3757//4396 3756//4395
f 4438//4397 3758//4398 4439//4399
f 4439//4399 3758//4398 3759//4400
f 4437//4401 3760//4402 3761//4403
f 3666//4404 3760//4402 4437//4401
f 3760//4402 3762//4405 3761//4403
f 3761//4403 3762//4405 3752//4406
f 4062//4407 4436//4408 3763//4409
f 4436//4408 3764//4410 3763//4409
f 3764//4410 3765//4411 3763//4409
f 4065//4412 4434//4413 3766//4414
f 4434//4413 3767//4415 3766//4414
f 3766//4414 3767//4415 3768//4416
f 3767//4415 4063//4417 3768//4416
f 4066//4418 4433//4419 3769//4420
f 4433//4421 3770//4422 3769//4423
f 3770//4422 4064//4424 3769//4423
f 3769//4423 4064//4424 3771//4425
f 4431//4426 4432//4427 3775//4428
f 4432//4427 3776//4429 3775//4428
f 3775//4428 3776//4429 3777//4430
f 4060//4431 4430//4432 3778//4433
f 4430//4432 3779//4434 3778//4433
f 3778//4433 3779//4434 4059//4435
f 3779//4434 3780//4436 4059//4435
f 4429//4437 3781//4438 3782//4439
f 3781//4438 3783//4440 3782//4439
f 4427//4441 3784//4442 3772//4443
f 3784//4442 3785//4444 3772//4443
f 4423//4445 3786//4446 4424//4447
f 4424//4447 3786//4446 3787//4448
f 3787//4448 3786//4446 3773//4449
f 3786//4446 3788//4450 3773//4449
f 3774//4451 4422//4452 3789//4453
f 4422//4452 3790//4454 3789//4453
f 3789//4453 3790//4454 3791//4455
f 3794//4456 4420//4457 3795//4458
f 4420//4457 3796//4459 3795//4458
f 3795//4458 3796//4459 3797//4460
f 4283//4461 4419//4462 3798//4463
f 4419//4462 3799//4464 3798//4463
f 3798//4463 3799//4464 3793//4465
f 4418//4466 3800//4467 4284//4468
f 4284//4468 3800//4467 3801//4469
f 4416//4470 4417//4471 3802//4472
f 4417//4471 3803//4473 3802//4472
f 3802//4472 3803//4473 3804//4474
f 4414//4475 4415//4476 3805//4477
f 4415//4476 3806//4478 3805//4477
f 3805//4477 3806//4478 3807//4479
f 4412//4480 3808//4481 4230//4482
f 4230//4482 3808//4481 3809//4483
f 4307//4484 3814//4485 4410//4486
f 4410//4486 3814//4485 4227//4487
f 3814//4485 3673//4488 4227//4487
f 4407//4489 4408//4490 3815//4491
f 4408//4490 3816//4492 3815//4491
f 3815//4491 3816//4492 4055//4493
f 3816//4492 3817//4494 4055//4493
f 4406//4495 3818//4496 4057//4497
f 4057//4497 3818//4496 3819//4498
f 3819//4498 3818//4496 3820//4499
f 3811//4500 3821//4501 4305//4502
f 4305//4502 3821//4501 3810//4503
f 3821//4501 3822//4504 3810//4503
f 4404//4505 3823//4506 4405//4507
f 4405//4507 3823//4506 3824//4508
f 3823//4506 3825//4509 3824//4508
f 3813//4510 4403//4511 3826//4512
f 4403//4511 3827//4513 3826//4512
f 3827//4513 3828//4514 3826//4512
f 4401//4515 3833//4516 4094//4517
f 4094//4517 3833//4516 3834//4518
f 3834//4518 3833//4516 3835//4519
f 3833//4516 3836//4520 3835//4519
f 4400//4521 4282//4522 3837//4523
f 4282//4522 3838//4524 3837//4523
f 3838//4524 3676//4525 3837//4523
f 3675//4526 3841//4527 4399//4528
f 4399//4528 3841//4527 3839//4529
f 3841//4527 3840//4530 3839//4529
f 4396//4531 3841//4527 4397//4532
f 4397//4532 3841//4527 3842//4533
f 3841//4527 3674//4534 3842//4533
f 4395//4535 4394//4536 3843//4537
f 4394//4536 3844//4538 3843//4537
f 3843//4537 3844//4538 3845//4539
f 4393//4540 3846//4541 3832//4542
f 3832//4542 3846//4541 3847//4543
f 3846//4541 3848//4544 3847//4543
f 3847//4543 3848//4544 3849//4545
f 4391//4546 4392//4547 3853//4548
f 4392//4547 3854//4549 3853//4548
f 3853//4548 3854//4549 3855//4550
f 3854//4549 3856//4551 3855//4550
f 3858//4552 3859//4553 3857//4554
f 3857//4554 3859//4553 3850//4555
f 3859//4553 3679//4556 3850//4555
f 3861//4557 3862//4558 3860//4559
f 3860//4559 3862//4558 3863//4560
f 3862//4558 3678//4561 3863//4560
f 4388//4562 3864//4563 3865//4564
f 3864//4563 3866//4565 3865//4564
f 3865//4564 3866//4565 3867//4566
f 4053//4567 4387//4568 3868//4569
f 4387//4568 3869//4570 3868//4569
f 3869//4570 3870//4571 3868//4569
f 3868//4569 3870//4571 3871//4572
f 4386//4573 4052//4574 3872//4575
f 4052//4574 3873//4576 3872//4575
f 3872//4575 3873//4576 3874//4577
f 4385//4578 3680//4579 3877//4580
f 3680//4579 3878//4581 3877//4580
f 3877//4580 3878//4581 3879//4582
f 4383//4583 3881//4584 3880//4585
f 3880//4585 3881//4584 3882//4586
f 3881//4584 3682//4587 3882//4586
f 4289//4588 3883//4589 4382//4590
f 4382//4590 3883//4589 3884//4591
f 3884//4591 3883//4589 3885//4592
f 4290//4593 3886//4594 4381//4595
f 4381//4595 3886//4594 3887//4596
f 3887//4596 3886//4594 3888//4597
f 4082//4598 3890//4599 3889//4600
f 3889//4600 3890//4599 3891//4601
f 3890//4599 4081//4602 3891//4601
f 4377//4603 4378//4604 3892//4605
f 4378//4604 3893//4606 3892//4605
f 3892//4605 3893//4606 4083//4607
f 3897//4608 3898//4609 3896//4610
f 3896//4610 3898//4609 3899//4611
f 3901//4612 3902//4613 3900//4614
f 3900//4614 3902//4613 3894//4615
f 3902//4613 3685//4616 3894//4615
f 4310//4617 4373//4618 4256//4619
f 4373//4618 3903//4620 4256//4619
f 4256//4619 3903//4620 3904//4621
f 3903//4620 3686//4622 3904//4621
f 4372//4623 3905//4624 4311//4625
f 4311//4625 3905//4624 3906//4626
f 3906//4626 3905//4624 3907//4627
f 4370//4628 3908//4629 3909//4630
f 3908//4629 4048//4631 3909//4630
f 3909//4630 4048//4631 3910//4632
f 4368//4633 4369//4634 3911//4635
f 4369//4634 3912//4636 3911//4635
f 3911//4635 3912//4636 4049//4637
f 4366//4638 3917//4639 3916//4640
f 3916//4640 3917//4639 3918//4641
f 3917//4639 3919//4642 3918//4641
f 4046//4643 4365//4644 3920//4645
f 4365//4644 3921//4646 3920//4645
f 3920//4645 3921//4646 3922//4647
f 4363//4648 4313//4649 3923//4650
f 4313//4649 3690//4651 3923//4650
f 3923//4650 3690//4651 3913//4652
f 4361//4653 3925//4654 3924//4655
f 3924//4655 3925//4654 3926//4656
f 3915//4657 3927//4658 3928//4659
f 3927//4658 3929//4660 3928//4659
f 3928//4659 3929//4660 3930//4661
f 4359//4662 3931//4663 4360//4664
f 4360//4664 3931//4663 3932//4665
f 3931//4663 3933//4666 3932//4665
f 3691//4667 3938//4668 4357//4669
f 4357//4669 3938//4668 3939//4670
f 3938//4668 3940//4671 3939//4670
f 3941//4672 3942//4673 4356//4674
f 4356//4674 3942//4673 3943//4675
f 3935//4676 3944//4677 3945//4678
f 3944//4677 3946//4679 3945//4678
f 3945//4678 3946//4679 3934//4680
f 4089//4681 3947//4682 3948//4683
f 3947//4682 3949//4684 3948//4683
f 3948//4683 3949//4684 3950//4685
f 4090//4686 3951//4687 4353//4688
f 3951//4687 3952//4689 4353//4688
f 4353//4688 3952//4689 3953//4690
f 4350//4691 4351//4692 3954//4693
f 4351//4692 3955//4694 3954//4693
f 3954//4693 3955//4694 3956//4695
f 4347//4696 3959//4697 4348//4698
f 4348//4698 3959//4697 3960//4699
f 3959//4697 3961//4700 3960//4699
f 4067//4701 3962//4702 4346//4703
f 4346//4703 3962//4702 3963//4704
f 3962//4702 3964//4705 3963//4704
f 4302//4706 4344//4707 3965//4708
f 4344//4707 3966//4709 3965//4708
f 4301//4710 3967//4711 3968//4712
f 3967//4711 3969//4713 3968//4712
f 3968//4712 3969//4713 3957//4714
f 4343//4715 3970//4716 3971//4717
f 3695//4718 3970//4716 4343//4715
f 3971//4717 3970//4716 3972//4719
f 4340//4720 4341//4721 3973//4722
f 4341//4721 3974//4723 3973//4722
f 3973//4722 3974//4723 3975//4724
f 4339//4725 4338//4726 3979//4727
f 4338//4726 3980//4728 3979//4727
f 4336//4729 3981//4730 3982//4731
f 3982//4731 3981//4730 3983//4732
f 3981//4730 3984//4733 3983//4732
f 4334//4734 4335//4735 3985//4736
f 4335//4735 3986//4737 3985//4736
f 4333//4738 4291//4739 3987//4740
f 4291//4739 3988//4741 3987//4740
f 3987//4740 3988//4741 3977//4742
f 3698//4743 3989//4744 3978//4745
f 3978//4745 3989//4744 3990//4746
f 3990//4746 3989//4744 3991//4747
f 3989//4744 3992//4748 3991//4747
f 3993//4749 4078//4750 4332//4751
f 4332//4751 4078//4750 3994//4752
f 4328//4753 3998//4754 4329//4755
f 4329//4755 3998//4754 3999//4756
f 4325//4757 4000//4758 4326//4759
f 4326//4759 4000//4758 4001//4760
f 3702//4761 4002//4762 4323//4763
f 4002//4762 4003//4764 4323//4763
f 4323//4763 4003//4764 4004//4765
f 4322//4766 4005//4767 4006//4768
f 4005//4767 4007//4769 4006//4768
f 4006//4768 4007//4769 3996//4770
f 4007//4769 3701//4771 3996//4770
f 3997//4772 4008//4773 4009//4774
f 4008//4773 4010//4775 4009//4774
f 4009//4774 4010//4775 4011//4776
f 4010//4775 4012//4777 4011//4776
f 4320//4778 4013//4779 4321//4780
f 4013//4779 4014//4781 4321//4780
f 4321//4780 4014//4781 4015//4782
f 4098//4783 4020//4784 4318//4785
f 4318//4785 4020//4784 4021//4786
f 4020//4784 4022//4787 4021//4786
f 4021//4786 4022//4787 4023//4788
f 4317//4789 4024//4790 4025//4791
f 4024//4790 4026//4792 4025//4791
f 4025//4791 4026//4792 4027//4793
f 4280//4794 4029//4795 4028//4796
f 4028//4796 4029//4795 4030//4797
f 4029//4795 4031//4798 4030//4797
f 4279//4799 4032//4800 4033//4801
f 4032//4800 4034//4802 4033//4801
f 4315//4803 4035//4804 4316//4805
f 4316//4805 4035//4804 4036//4806
f 4035//4804 3704//4807 4036//4806
f 4019//4808 3703//4809 4037//4810
f 3703//4809 4038//4811 4037//4810
f 4037//4810 4038//4811 4099//4812
f 4038//4811 4039//4813 4099//4812
f 4312//4814 4046//4815 4314//4816
f 4046//4815 4047//4817 4314//4816
f 4314//4816 4047//4817 3933//4818
f 4047//4817 3928//4659 3933//4818
f 3903//4620 4311//4819 4048//4631
f 4311//4819 4049//4820 4048//4631
f 4048//4631 4049//4820 4050//4821
f 4050//4821 4049//4820 4051//4822
f 3853//4823 3871//4572 4309//4824
f 4309//4824 3871//4572 4052//4574
f 3871//4572 4053//4567 4052//4574
f 4052//4574 4053//4567 3866//4825
f 4053//4567 4054//4826 3866//4825
f 4307//4484 4055//4493 4056//4827
f 4055//4493 4407//4489 4056//4827
f 4056//4827 4407//4489 3827//4828
f 4407//4489 4057//4829 3827//4828
f 3784//4442 4058//4830 3781//4831
f 4058//4830 4059//4435 3781//4831
f 3781//4831 4059//4435 3776//4429
f 4059//4435 4060//4431 3776//4429
f 4060//4431 3789//4453 3776//4429
f 3776//4429 3789//4453 4061//4832
f 3760//4833 4062//4407 4063//4834
f 4063//4834 4062//4407 4064//4835
f 4062//4407 4065//4836 4064//4835
f 4065//4836 4066//4837 4064//4835
f 4066//4837 3756//4838 4064//4835
f 4303//4839 4302//4840 4067//4841
f 4302//4840 4068//4842 4067//4841
f 4067//4841 4068//4842 4069//4843
f 4068//4842 3975//4844 4069//4843
f 4298//4845 4070//4379 3739//4367
f 3739//4367 4070//4379 4071//4846
f 4071//4846 4070//4379 4072//4847
f 4070//4379 3749//4386 4072//4847
f 3749//4386 3751//4848 4072//4847
f 4002//4849 4295//4850 4073//4851
f 4295//4850 3999//4852 4073//4851
f 4073//4851 3999//4852 4074//4853
f 3999//4852 4075//4854 4074//4853
f 4074//4853 4075//4854 4014//4855
f 4292//4856 3985//4857 4076//4858
f 3985//4857 4077//4859 4076//4858
f 4076//4858 4077//4859 4078//4860
f 4077//4859 4079//4861 4078//4860
f 3884//4862 4080//4863 4290//4864
f 4290//4864 4080//4863 4081//4602
f 4081//4602 4080//4863 4082//4598
f 4080//4863 4083//4865 4082//4598
f 4082//4598 4083//4865 3878//4581
f 3721//4866 4287//4867 4084//4868
f 4287//4867 4085//4869 4084//4868
f 4084//4868 4085//4869 4086//4870
f 4085//4869 4087//4871 4086//4870
f 4086//4870 4087//4871 4088//4872
f 4087//4871 3718//4873 4088//4872
f 3945//4874 4089//4875 4285//4876
f 4285//4876 4089//4875 4090//4877
f 4089//4875 3956//4878 4090//4877
f 4090//4877 3956//4878 4091//4879
f 3956//4878 3939//4880 4091//4879
f 3799//4881 4284//4882 4092//4883
f 4284//4882 3807//4884 4092//4883
f 4092//4883 3807//4884 4093//4885
f 4282//4886 4094//4887 4095//4888
f 4094//4887 3847//4543 4095//4888
f 3847//4543 3849//4545 4095//4888
f 4095//4888 3849//4545 4396//4531
f 4096//4889 4023//4890 4280//4794
f 4280//4794 4023//4890 4097//4891
f 4097//4891 4023//4890 4098//4892
f 4023//4890 4099//4893 4098//4892
f 4252//4894 4101//4895 4100//4896
f 4100//4896 4101//4895 4102//4897
f 4168//4898 4103//4899 4104//4900
f 4103//4899 4105//4901 4104//4900
f 4220//4902 4106//4903 4107//4904
f 4225//4905 4108//4906 4147//4907
f 4147//4907 4108//4906 4109//4908
f 4272//4909 4110//4910 3711//4911
f 3711//4911 4040//4912 4191//4913
f 4110//4910 4040//4912 3711//4911
f 4121//4914 3728//4353 4120//4915
f 4122//4316 3783//4440 4123//4093
f 3728//4353 3783//4440 4120//4915
f 4120//4915 3783//4440 4122//4316
f 4123//4093 4124//4916 4122//4316
f 3728//4353 3668//4097 3783//4440
f 3728//4353 3731//4357 3668//4097
f 4120//4915 3660//4341 4121//4914
f 3731//4357 4454//4356 3668//4097
f 4120//4915 3706//4091 3660//4341
f 4124//4916 4125//4091 4122//4316
f 4126//4093 4125//4091 4124//4916
f 3706//4091 3659//4917 3660//4341
f 3659//4917 3706//4091 3658//4332
f 3667//4116 4125//4091 4126//4093
f 3743//4375 3745//4378 3658//4332
f 3667//4116 3764//4410 3767//4415
f 3658//4332 3745//4378 4454//4356
f 3667//4116 3767//4415 4125//4091
f 3706//4091 3743//4375 3658//4332
f 3668//4097 3764//4410 3667//4116
f 4454//4356 3764//4410 3668//4097
f 4454//4356 3745//4378 3764//4410
f 3706//4091 3663//4370 3743//4375
f 3745//4378 3666//4404 3764//4410
f 4125//4091 4128//4093 4127//4918
f 3767//4415 4128//4093 4125//4091
f 4129//4919 4128//4093 3767//4415
f 3745//4378 4446//4383 3666//4404
f 4446//4383 4443//4920 3666//4404
f 4433//4419 4128//4093 4129//4919
f 4130//4091 4131//4097 3663//4370
f 3706//4091 4130//4091 3663//4370
f 3663//4370 4131//4097 3662//4365
f 3662//4365 4131//4097 3661//4388
f 3707//4091 4130//4091 3706//4091
f 3665//4921 4132//4093 3664//4392
f 3664//4392 4132//4093 4433//4419
f 4433//4419 4132//4093 4128//4093
f 3665//4921 4133//4093 4132//4093
f 4131//4097 4134//4091 3661//4388
f 3661//4388 4134//4091 4443//4920
f 4443//4920 4134//4091 3666//4404
f 4134//4091 4133//4093 3666//4404
f 3666//4404 4133//4093 3665//4921
f 4134//4091 4135//4091 4133//4093
f 4125//4091 4136//4091 4137//4091
f 4134//4091 4138//4091 4135//4091
f 3707//4091 4139//4091 4130//4091
f 4136//4091 4107//4090 4137//4091
f 4140//4922 4417//4471 3707//4091
f 4142//4090 4140//4922 3707//4091
f 4137//4091 4029//4795 4141//4109
f 4417//4471 4415//4476 3707//4091
f 4141//4109 4020//4784 4143//4114
f 4142//4090 3670//4923 4140//4922
f 4137//4091 3705//4924 4029//4795
f 4132//4093 4144//4090 4128//4093
f 4128//4093 4144//4090 4107//4090
f 4415//4476 4145//4093 3707//4091
f 4107//4090 3966//4709 3962//4702
f 4146//4316 3814//4485 3816//4492
f 4139//4091 3814//4485 4146//4316
f 3707//4091 3814//4485 4139//4091
f 3707//4091 3673//4488 3814//4485
f 3816//4492 3818//4496 4146//4316
f 4107//4090 3962//4702 4137//4091
f 3962//4702 3959//4697 4137//4091
f 4107//4090 3697//4925 3966//4709
f 4144//4090 3697//4925 4107//4090
f 4145//4093 3673//4488 3707//4091
f 4137//4091 3959//4697 3705//4924
f 4147//4090 3697//4925 4144//4090
f 3818//4496 4148//4114 4146//4316
f 3959//4697 4347//4696 3705//4924
f 4147//4090 3696//4926 3697//4925
f 3705//4924 4347//4696 3704//4807
f 4145//4093 3672//4927 3673//4488
f 3669//4928 3672//4927 4145//4093
f 4138//4091 4109//4316 4135//4091
f 4148//4114 4151//4091 4146//4316
f 4149//4091 4150//4091 4109//4316
f 4109//4316 4150//4091 4147//4090
f 4147//4090 4150//4091 3696//4926
f 4151//4091 4152//4091 4153//4091
f 3695//4718 4154//4316 3694//4929
f 3671//4116 3854//4549 3873//4576
f 3695//4718 4155//4090 4154//4316
f 4138//4091 4149//4091 4109//4316
f 3696//4926 4155//4090 3695//4718
f 3671//4116 3873//4576 4148//4114
f 4148//4114 3873//4576 4151//4091
f 4150//4091 4155//4090 3696//4926
f 3672//4927 3854//4549 3671//4116
f 3873//4576 4152//4091 4151//4091
f 3873//4576 4156//4093 4152//4091
f 3672//4927 3679//4556 3854//4549
f 3694//4929 4154//4316 4347//4696
f 3669//4928 3679//4556 3672//4927
f 3869//4570 4156//4093 3873//4576
f 3864//4563 4156//4093 3869//4570
f 3704//4807 4157//4111 3703//4093
f 3838//4524 3833//4516 3669//4928
f 4157//4111 4158//4919 3703//4093
f 4347//4696 4157//4111 3704//4807
f 4154//4316 4157//4111 4347//4696
f 3669//4928 3833//4516 3679//4556
f 4154//4316 3702//4761 4157//4111
f 3833//4516 3844//4538 3679//4556
f 3703//4093 4158//4919 4143//4114
f 3669//4928 3676//4525 3838//4524
f 4159//4093 3702//4761 4154//4316
f 3670//4923 3676//4525 3669//4928
f 4142//4090 3676//4525 3670//4923
f 3844//4538 4394//4536 3679//4556
f 4150//4091 4160//4097 4155//4090
f 3699//4930 4160//4097 3698//4743
f 4155//4090 4160//4097 3699//4930
f 3679//4556 4394//4536 3678//4561
f 4159//4093 3701//4771 3702//4761
f 3676//4525 4161//4097 3675//4526
f 4142//4090 4161//4097 3676//4525
f 4158//4919 4162//4093 4143//4114
f 4163//4095 4162//4093 4158//4919
f 4160//4097 4164//4091 3698//4743
f 3675//4526 4161//4097 3674//4534
f 3700//4106 4162//4093 4163//4095
f 3677//4931 4165//4093 3864//4563
f 3678//4561 4165//4093 3677//4931
f 3864//4563 4165//4093 4156//4093
f 4161//4097 4166//4091 3674//4534
f 3674//4534 4166//4091 3846//4541
f 4153//4091 4167//4091 4138//4091
f 4138//4091 4167//4091 4149//4091
f 4152//4091 4167//4091 4153//4091
f 4159//4093 3700//4106 3701//4771
f 3846//4541 4166//4091 4394//4536
f 4394//4536 4166//4091 3678//4561
f 4152//4091 4168//4091 4167//4091
f 3698//4743 3700//4106 4159//4093
f 4164//4091 3700//4106 3698//4743
f 4165//4093 4166//4091 4169//4091
f 3678//4561 4166//4091 4165//4093
f 4167//4091 4168//4091 4170//4091
f 4166//4091 4171//4091 4169//4091
f 4164//4091 4172//4091 3700//4106
f 4156//4093 4173//4090 4104//4090
f 4165//4093 4173//4090 4156//4093
f 4174//4091 4172//4091 4164//4091
f 4170//4091 3921//4646 4175//4111
f 4371//4932 3908//4629 4104//4090
f 3921//4646 3917//4639 4175//4111
f 4170//4091 3690//4651 3921//4646
f 4104//4090 3908//4629 4168//4091
f 4173//4090 4371//4932 4104//4090
f 4168//4091 3908//4629 4170//4091
f 4170//4091 3908//4629 3690//4651
f 4173//4090 3686//4622 4371//4932
f 3908//4629 3912//4636 3690//4651
f 4100//4090 3686//4622 4173//4090
f 4175//4111 3917//4639 4174//4091
f 4100//4090 3685//4616 3686//4622
f 3917//4639 4359//4662 4174//4091
f 3912//4636 3689//4933 3690//4651
f 3912//4636 4176//4093 3689//4933
f 4100//4090 3684//4097 3685//4616
f 4176//4093 3688//4116 3689//4933
f 4102//4090 4171//4091 4100//4090
f 4100//4090 4171//4091 3684//4097
f 4359//4662 4172//4091 4174//4091
f 3687//4934 3949//4684 3952//4689
f 3687//4934 3952//4689 4359//4662
f 4171//4091 3886//4594 3684//4097
f 4359//4662 3952//4689 4172//4091
f 3886//4594 3890//4599 3684//4097
f 3688//4116 3949//4684 3687//4934
f 3684//4097 3890//4599 4176//4093
f 4171//4091 3683//4935 3886//4594
f 3688//4116 3693//4104 3949//4684
f 3890//4599 4378//4604 4176//4093
f 3952//4689 3951//4687 4172//4091
f 4176//4093 3693//4104 3688//4116
f 4378//4604 3693//4104 4176//4093
f 4171//4091 3682//4587 3683//4935
f 3951//4687 4351//4692 4172//4091
f 4378//4604 3692//4936 3693//4104
f 4378//4604 3680//4579 3692//4936
f 3691//4667 3708//4093 4351//4692
f 4351//4692 3708//4093 4172//4091
f 4171//4091 4177//4097 3682//4587
f 3682//4587 4177//4097 3681//4937
f 3692//4936 3708//4093 3691//4667
f 3681//4937 4177//4097 3680//4579
f 4177//4097 3708//4093 3680//4579
f 3680//4579 3708//4093 3692//4936
f 4102//4090 4169//4091 4171//4091
f 4127//4918 4136//4091 4125//4091
f 3729//4355 3725//4349 4206//4034
f 3782//4439 4206//4034 4207//4051
f 3782//4439 3729//4355 4206//4034
f 3772//4443 3729//4355 3782//4439
f 3778//4433 3782//4439 4207//4051
f 3730//4358 3729//4355 3772//4443
f 3712//4346 4206//4034 3725//4349
f 3775//4428 3778//4433 4207//4051
f 3773//4449 3730//4358 3772//4443
f 4208//4047 3775//4428 4207//4051
f 4208//4047 3774//4451 3775//4428
f 4209//4035 4206//4034 3712//4346
f 4209//4035 3712//4346 3713//4938
f 4209//4035 3713//4938 3714//4939
f 4210//4036 3714//4939 3730//4358
f 3766//4414 3763//4409 3773//4449
f 3766//4414 3773//4449 3774//4451
f 3733//4371 3714//4939 4210//4036
f 3766//4414 3774//4451 4208//4047
f 3733//4371 4209//4035 3714//4939
f 3752//4406 3730//4358 3773//4449
f 3752//4406 3773//4449 3763//4409
f 4210//4036 3730//4358 3752//4406
f 3746//4380 4210//4036 3752//4406
f 4211//4035 3766//4414 4208//4047
f 4212//4046 3766//4414 4211//4035
f 4212//4046 3769//4420 3766//4414
f 4445//4385 3746//4380 3752//4406
f 4221//4035 4211//4035 4208//4047
f 3753//4940 4445//4385 3752//4406
f 3736//4389 4445//4385 3753//4940
f 4213//4047 3733//4371 3734//4054
f 4214//4035 4209//4035 3733//4371
f 4214//4035 3733//4371 4213//4047
f 4213//4047 3734//4054 3735//4047
f 4214//4035 4215//4035 4209//4035
f 4216//4046 3754//4941 3769//4420
f 4216//4046 3769//4420 4212//4046
f 4216//4046 3753//4940 3754//4941
f 4217//4035 4213//4047 3735//4047
f 4217//4035 3735//4047 3736//4389
f 4217//4035 3736//4389 3753//4940
f 4218//4035 4217//4035 3753//4940
f 4218//4035 3753//4940 4216//4046
f 4219//4035 4217//4035 4218//4035
f 4222//4035 4215//4035 4214//4035
f 3804//4474 4042//4034 4215//4035
f 4027//4793 4221//4035 4223//4051
f 4224//4942 4027//4793 4223//4051
f 3792//4943 4042//4034 3804//4474
f 3805//4477 3804//4474 4215//4035
f 4016//4944 4221//4035 4027//4793
f 4021//4786 4224//4942 4223//4051
f 4225//4034 4212//4046 4106//4034
f 4225//4034 4216//4046 4212//4046
f 3793//4465 4042//4034 3792//4943
f 4227//4487 4226//4051 3815//4491
f 4227//4487 4222//4035 4226//4051
f 4228//4051 3963//4704 4106//4034
f 4228//4051 4106//4034 4220//4054
f 4227//4487 4215//4035 4222//4035
f 4229//4945 4106//4034 3963//4704
f 3819//4498 3815//4491 4226//4051
f 4228//4051 4220//4054 4221//4035
f 4229//4945 4225//4034 4106//4034
f 3810//4503 4215//4035 4227//4487
f 3810//4503 3805//4477 4215//4035
f 4228//4051 4221//4035 4016//4944
f 4228//4051 4016//4944 4017//4946
f 3810//4503 4230//4482 3805//4477
f 4231//4046 4228//4051 4017//4946
f 3957//4714 4225//4034 4229//4945
f 3811//4500 4230//4482 3810//4503
f 4231//4046 4017//4946 4018//4947
f 3811//4500 3795//4458 4230//4482
f 4237//4035 3813//4510 3819//4498
f 4237//4035 3819//4498 4226//4051
f 4233//4035 4108//4035 4232//4035
f 4232//4035 4108//4035 4225//4034
f 4232//4035 4225//4034 3957//4714
f 4236//4046 4235//4035 4234//4047
f 4236//4046 4237//4035 4235//4035
f 3855//4550 3812//4948 3813//4510
f 3872//4575 3855//4550 3813//4510
f 4233//4035 4219//4035 4218//4035
f 4233//4035 4218//4035 4108//4035
f 3983//4732 3957//4714 3958//4046
f 3983//4732 3958//4046 4231//4046
f 3872//4575 3813//4510 4237//4035
f 3976//4949 3957//4714 3983//4732
f 3976//4949 4232//4035 3957//4714
f 3855//4550 3811//4500 3812//4948
f 3979//4727 3983//4732 4231//4046
f 4236//4046 3872//4575 4237//4035
f 3868//4569 3872//4575 4236//4046
f 3850//4555 3811//4500 3855//4550
f 3850//4555 3795//4458 3811//4500
f 4236//4046 4238//4950 3868//4569
f 4239//4046 4238//4950 4236//4046
f 3837//4523 3794//4456 3795//4458
f 4001//4760 4018//4947 4019//4808
f 3834//4518 3837//4523 3795//4458
f 4329//4755 4001//4760 4019//4808
f 3837//4523 3793//4465 3794//4456
f 4001//4760 3979//4727 4231//4046
f 4001//4760 4231//4046 4018//4947
f 3834//4518 3795//4458 3850//4555
f 3829//4951 3793//4465 3837//4523
f 3995//4952 3979//4727 4001//4760
f 4395//4535 3834//4518 3850//4555
f 4329//4755 4019//4808 4021//4786
f 3995//4952 4240//4046 3979//4727
f 3829//4951 4042//4034 3793//4465
f 4241//4054 4232//4035 3976//4949
f 4241//4054 3976//4949 3977//4742
f 4395//4535 3850//4555 3851//4047
f 3996//4770 4240//4046 3995//4952
f 4242//4047 4042//4034 3829//4951
f 4243//4046 4329//4755 4021//4786
f 4243//4046 4244//4953 4329//4755
f 4243//4046 4021//4786 4223//4051
f 4242//4047 3829//4951 3830//4954
f 4245//4035 4241//4054 3977//4742
f 4245//4035 3977//4742 3978//4745
f 4243//4046 3997//4772 4244//4953
f 4242//4047 3830//4954 3831//4955
f 4246//4046 3852//4299 4238//4950
f 4246//4046 4238//4950 4239//4046
f 4246//4046 3851//4047 3852//4299
f 4041//4035 3997//4772 4243//4046
f 4041//4035 3996//4770 3997//4772
f 4247//4035 4242//4047 3831//4955
f 4247//4035 3831//4955 3832//4542
f 4251//4058 3851//4047 4246//4046
f 4249//4035 4235//4035 4219//4035
f 4249//4035 4219//4035 4233//4035
f 4041//4035 4240//4046 3996//4770
f 4247//4035 3832//4542 4395//4535
f 4247//4035 4395//4535 3851//4047
f 4248//4035 4234//4047 4235//4035
f 4248//4035 4235//4035 4249//4035
f 4248//4035 4249//4035 4250//4035
f 4041//4035 4245//4035 3978//4745
f 4041//4035 3978//4745 4240//4046
f 4247//4035 3851//4047 4251//4058
f 4103//4034 4248//4035 4250//4035
f 4105//4034 4246//4046 4239//4046
f 4252//4034 4246//4046 4105//4034
f 4041//4035 4253//4035 4245//4035
f 4254//4036 4250//4035 4255//4051
f 3906//4626 4105//4034 4103//4034
f 3922//4647 4250//4035 4254//4036
f 4256//4619 4105//4034 3906//4626
f 3909//4630 3906//4626 4103//4034
f 4256//4619 4252//4034 4105//4034
f 3909//4630 4103//4034 4250//4035
f 3916//4640 4254//4036 4255//4051
f 3909//4630 4250//4035 3922//4647
f 3913//4652 3909//4630 3922//4647
f 3911//4635 3909//4630 3913//4652
f 3894//4615 4252//4034 4256//4619
f 4360//4664 3916//4640 4255//4051
f 3914//4956 3911//4635 3913//4652
f 4360//4664 4255//4051 4253//4035
f 3896//4610 3911//4635 3914//4956
f 4257//4035 4247//4035 4101//4035
f 4258//4035 4253//4035 4041//4035
f 4257//4035 4101//4035 4252//4034
f 4257//4035 4252//4034 3894//4615
f 4258//4035 4360//4664 4253//4035
f 4258//4035 3915//4657 4360//4664
f 4257//4035 3894//4615 3895//4957
f 3889//4600 4257//4035 3895//4957
f 3948//4683 3915//4657 4258//4035
f 3887//4596 4257//4035 3889//4600
f 4353//4688 3948//4683 4258//4035
f 3948//4683 3914//4956 3915//4657
f 3889//4600 3895//4957 3896//4610
f 3934//4680 3914//4956 3948//4683
f 3934//4680 3896//4610 3914//4956
f 3934//4680 3889//4600 3896//4610
f 3875//4303 4257//4035 3887//4596
f 3935//4676 3889//4600 3934//4680
f 4259//4958 4353//4688 4258//4035
f 4260//4046 3889//4600 3935//4676
f 3936//4959 4260//4046 3935//4676
f 4261//4046 4259//4958 4258//4035
f 4262//4047 4257//4035 3875//4303
f 4262//4047 3875//4303 3876//4960
f 3876//4960 4260//4046 3936//4959
f 4261//4046 3937//4961 4259//4958
f 4261//4046 3936//4959 3937//4961
f 4261//4046 3876//4960 3936//4959
f 4262//4047 3876//4960 4261//4046
f 4251//4058 4101//4035 4247//4035
f 4220//4054 4211//4035 4221//4035
f 4040//4912 4275//4962 4192//4963
f 4040//4912 4192//4963 4191//4913
f 4275//4962 4276//4964 4192//4963
f 4192//4963 4276//4964 4193//4965
f 4193//4965 4277//4966 4195//4967
f 4276//4964 4277//4966 4193//4965
f 4195//4967 4277//4966 4197//4968
f 4277//4966 4278//4969 4197//4968
f 4278//4969 4044//4970 3710//4971
f 4278//4969 3710//4971 4197//4968
f 3710//4971 4043//4972 4196//4973
f 4044//4970 4043//4972 3710//4971
f 4196//4973 4043//4972 4194//4974
f 4043//4972 4111//4975 4194//4974
f 4194//4974 4111//4975 3709//4976
f 4111//4975 4274//4977 4190//4978
f 4111//4975 4190//4978 3709//4976
f 4190//4978 4274//4977 4189//4979
f 4274//4977 4273//4980 4189//4979
f 4189//4979 4273//4980 4188//4981
f 4188//4981 4273//4980 4187//4982
f 4273//4980 4271//4983 4187//4982
f 4271//4983 4045//4984 4186//4985
f 4271//4983 4186//4985 4187//4982
f 4045//4984 4272//4909 4186//4985
f 4186//4985 4272//4909 4120//4915
f 4120//4915 4272//4909 3711//4911
f 4117//4986 4203//4987 4116//4988
f 4203//4987 4202//4989 4116//4988
f 4204//4990 4203//4987 4118//4991
f 4118//4991 4203//4987 4117//4986
f 4205//4992 4204//4990 4119//4993
f 4119//4993 4204//4990 4118//4991
f 4201//4994 4205//4992 4115//4995
f 4115//4995 4205//4992 4119//4993
f 4200//4996 4201//4994 4114//4997
f 4114//4997 4201//4994 4115//4995
f 4198//4998 4200//4996 4113//4999
f 4113//4999 4200//4996 4114//4997
f 4199//5000 4198//4998 4112//5001
f 4112//5001 4198//4998 4113//4999
f 4202//4989 4199//5000 4116//4988
f 4116//4988 4199//5000 4112//5001
f 4178//5002 4263//5003 4179//5004
f 4263//5003 4264//5005 4179//5004
f 4267//5006 4263//5003 4182//5007
f 4182//5007 4263//5003 4178//5002
f 4183//5008 4268//5009 4182//5007
f 4268//5009 4267//5006 4182//5007
f 4270//5010 4268//5009 4185//5011
f 4185//5011 4268//5009 4183//5008
f 4269//5012 4270//5010 4184//5013
f 4184//5013 4270//5010 4185//5011
f 4266//5014 4184//5013 4181//5015
f 4266//5014 4269//5012 4184//5013
f 4265//5016 4266//5014 4180//5017
f 4180//5017 4266//5014 4181//5015
f 4264//5005 4265//5016 4179//5004
f 4179//5004 4265//5016 4180//5017
f 4144//5018 4225//4905 4147//4907
f 4216//5019 4225//4905 4132//5020
f 4132//5020 4225//4905 4144//5018
f 4135//5021 4218//5022 4133//5023
f 4218//5022 4216//5019 4133//5023
f 4133//5023 4216//5019 4132//5020
f 4108//4906 4135//5021 4109//4908
f 4108//4906 4218//5022 4135//5021
f 4212//5024 4211//5025 4128//5026
f 4128//5026 4211//5025 4127//5027
f 4106//4903 4212//5024 4107//4904
f 4107//4904 4212//5024 4128//5026
f 4136//5028 4220//4902 4107//4904
f 4211//5025 4220//4902 4127//5027
f 4127//5027 4220//4902 4136//5028
f 4248//5029 4103//4899 4168//4898
f 4234//5030 4248//5029 4152//5031
f 4152//5031 4248//5029 4168//4898
f 4239//5032 4236//5033 4156//5034
f 4156//5034 4236//5033 4152//5031
f 4236//5033 4234//5030 4152//5031
f 4105//4901 4239//5032 4104//4900
f 4104//4900 4239//5032 4156//5034
f 4169//5035 4251//5036 4165//5037
f 4251//5036 4246//5038 4165//5037
f 4101//4895 4251//5036 4102//4897
f 4102//4897 4251//5036 4169//5035
f 4173//5039 4252//4894 4100//4896
f 4246//5038 4173//5039 4165//5037
f 4246//5038 4252//4894 4173//5039
f 4098//4892 4099//4893 4035//5040
f 4099//4893 4279//5041 4035//5040
f 4035//5040 4279//5041 4034//4802
f 4279//5041 4096//4889 4034//4802
f 4034//4802 4096//4889 4280//4794
f 4396//4531 3849//4545 3841//4527
f 3849//4545 4281//5042 3841//4527
f 3841//4527 4281//5042 4282//4886
f 4281//5042 4094//4887 4282//4886
f 3807//4884 4283//5043 4093//4885
f 4093//4885 4283//5043 3796//4459
f 3796//4459 4284//4882 3799//4881
f 4283//5043 4284//4882 3796//4459
f 4091//4879 3939//4880 3941//5044
f 3939//4880 3943//5045 3941//5044
f 3943//5045 3945//4874 3941//5044
f 3941//5044 3945//4874 4285//4876
f 4088//4872 3718//4873 4460//5046
f 3718//4873 4286//5047 4460//5046
f 4460//5046 4286//5047 3721//4866
f 4286//5047 4287//4867 3721//4866
f 4083//4865 3880//5048 3878//4581
f 3878//4581 3880//5048 4288//5049
f 4288//5049 3880//5048 4289//5050
f 3880//5048 3884//4862 4289//5050
f 4289//5050 3884//4862 4290//4864
f 4079//4861 3990//5051 4078//4860
f 4078//4860 3990//5051 4291//5052
f 4291//5052 3990//5051 4292//4856
f 3990//5051 3985//4857 4292//4856
f 4014//4855 4075//4854 4293//5053
f 4075//4854 4009//5054 4293//5053
f 4293//5053 4009//5054 4005//4767
f 4009//5054 4294//5055 4005//4767
f 4005//4767 4294//5055 4002//4849
f 4294//5055 4295//4850 4002//4849
f 4072//4847 3751//4848 4296//5056
f 3751//4848 3737//5057 4296//5056
f 4296//5056 3737//5057 4297//4369
f 4297//4369 3737//5057 3739//4367
f 3737//5057 4298//4845 3739//4367
f 4069//4843 3975//4844 3970//5058
f 3975//4844 4299//5059 3970//5058
f 3970//5058 4299//5059 4300//5060
f 4299//5059 4301//5061 4300//5060
f 4301//5061 4302//4840 4300//5060
f 4300//5060 4302//4840 4303//4839
f 4064//4835 3756//4838 4438//5062
f 3756//4838 3759//5063 4438//5062
f 4438//5062 3759//5063 3760//4833
f 3759//5063 4062//4407 3760//4833
f 3789//4453 3791//4455 4061//4832
f 4061//4832 3791//4455 3786//5064
f 3791//4455 4304//5065 3786//5064
f 3786//5064 4304//5065 3784//4442
f 4304//5065 4058//4830 3784//4442
f 4057//4829 4305//5066 3827//4828
f 3827//4828 4305//5066 3823//5067
f 3823//5067 4305//5066 4306//5068
f 4306//5068 4305//5066 4307//4484
f 4305//5066 4055//4493 4307//4484
f 3866//4825 4054//4826 3862//5069
f 3862//5069 4054//4826 3858//4552
f 4054//4826 4308//5070 3858//4552
f 3858//4552 4308//5070 3859//4553
f 4308//5070 3853//4823 3859//4553
f 3859//4553 3853//4823 4309//4824
f 4049//4820 3899//5071 4051//4822
f 4051//4822 3899//5071 3902//4613
f 3899//5071 4310//5072 3902//4613
f 3902//4613 4310//5072 3903//4620
f 4310//5072 4311//4819 3903//4620
f 3933//4818 3928//4659 3925//5073
f 3928//4659 4312//4814 3925//5073
f 3925//5073 4312//4814 4313//5074
f 4313//5074 4312//4814 4314//4816
f 4206//4034 4045//4984 4271//4983
f 4206//4034 4271//4983 4207//4051
f 4206//4034 4272//4909 4045//4984
f 4273//4980 4207//4051 4271//4983
f 4208//4047 4207//4051 4273//4980
f 4209//4035 4272//4909 4206//4034
f 4221//4035 4208//4047 4273//4980
f 4215//4035 4272//4909 4209//4035
f 4274//4977 4221//4035 4273//4980
f 4215//4035 4110//4910 4272//4909
f 4223//4051 4221//4035 4274//4977
f 4042//4034 4110//4910 4215//4035
f 4042//4034 4040//4912 4110//4910
f 4242//4047 4275//4962 4040//4912
f 4242//4047 4040//4912 4042//4034
f 4243//4046 4223//4051 4274//4977
f 4111//4975 4243//4046 4274//4977
f 4111//4975 4041//4035 4243//4046
f 4276//4964 4275//4962 4242//4047
f 4276//4964 4242//4047 4247//4035
f 4043//4972 4041//4035 4111//4975
f 4277//4966 4276//4964 4247//4035
f 4257//4035 4277//4966 4247//4035
f 4043//4972 4258//4035 4041//4035
f 4261//4046 4258//4035 4043//4972
f 4262//4047 4277//4966 4257//4035
f 4044//4970 4261//4046 4043//4972
f 4278//4969 4277//4966 4262//4047
f 4044//4970 4262//4047 4261//4046
f 4278//4969 4262//4047 4044//4970
f 4263//5003 4233//4035 4232//4035
f 4264//5005 4263//5003 4232//4035
f 4265//5016 4264//5005 4232//4035
f 4265//5016 4232//4035 4241//4054
f 4265//5016 4241//4054 4245//4035
f 4266//5014 4265//5016 4245//4035
f 4267//5006 4249//4035 4233//4035
f 4267//5006 4233//4035 4263//5003
f 4267//5006 4250//4035 4249//4035
f 4268//5009 4250//4035 4267//5006
f 4253//4035 4266//5014 4245//4035
f 4253//4035 4269//5012 4266//5014
f 4255//4051 4250//4035 4268//5009
f 4255//4051 4268//5009 4270//5010
f 4255//4051 4270//5010 4269//5012
f 4253//4035 4255//4051 4269//5012
f 4198//4998 4214//4035 4213//4047
f 4199//5000 4214//4035 4198//4998
f 4217//4035 4198//4998 4213//4047
f 4200//4996 4198//4998 4217//4035
f 4201//4994 4200//4996 4217//4035
f 4201//4994 4217//4035 4219//4035
f 4202//4989 4222//4035 4214//4035
f 4202//4989 4214//4035 4199//5000
f 4203//4987 4222//4035 4202//4989
f 4226//4051 4222//4035 4203//4987
f 4204//4990 4226//4051 4203//4987
f 4235//4035 4201//4994 4219//4035
f 4235//4035 4205//4992 4201//4994
f 4237//4035 4226//4051 4204//4990
f 4235//4035 4237//4035 4204//4990
f 4235//4035 4204//4990 4205//4992
f 4099//4812 4039//4813 4019//4808
f 4039//4813 3703//4809 4019//4808
f 4036//4806 3704//4807 4018//4947
f 3704//4807 4315//4803 4018//4947
f 4018//4947 4315//4803 4316//4805
f 4034//4802 3705//4924 4033//4801
f 4033//4801 3705//4924 4017//4946
f 4017//4946 3705//4924 4279//4799
f 3705//4924 4032//4800 4279//4799
f 4030//4797 4031//4798 4016//4944
f 4031//4798 4280//4794 4016//4944
f 4016//4944 4280//4794 4028//4796
f 4026//4792 4097//5075 4027//4793
f 4027//4793 4097//5075 4317//4789
f 4097//5075 4024//4790 4317//4789
f 4023//4788 4022//4787 4318//4785
f 4022//4787 4098//4783 4318//4785
f 4025//4791 4027//4793 4224//4942
f 4028//4035 4030//4797 4027//4793
f 4030//4797 4016//4944 4027//4793
f 4096//4034 4027//4793 4317//4035
f 4023//4076 4096//4034 4317//4035
f 4096//4034 4028//4035 4027//4793
f 4023//4076 4317//4035 4025//4791
f 4023//4076 4025//4791 4224//4942
f 4096//4034 4016//4944 4028//4035
f 4023//4076 4224//4942 4021//4786
f 4099//4812 4023//4788 4318//4785
f 4033//4801 4016//4944 4096//4034
f 4033//4801 4017//4946 4016//4944
f 4033//4801 4096//4034 4279//4799
f 4021//4786 4099//4812 4318//4785
f 4037//4810 4099//4812 4021//4786
f 4021//4786 4019//4808 4037//4810
f 4036//4047 4279//4799 4099//4812
f 4018//4947 4279//4799 4036//4047
f 4316//4805 4036//4047 4099//4812
f 4018//4947 4017//4946 4279//4799
f 4019//4808 4316//4805 4099//4812
f 4019//4808 4018//4947 4316//4805
f 4015//4782 4014//4781 4319//5076
f 4014//4781 4320//4778 4319//5076
f 4319//5076 4320//4778 4321//4780
f 4011//4776 4012//4777 3997//4772
f 4012//4777 4008//4773 3997//4772
f 3996//4770 3701//4771 4322//4766
f 3701//4771 4005//4767 4322//4766
f 4004//4765 4003//4764 3995//4952
f 4003//4764 3702//4761 3995//4952
f 3995//4952 3702//4761 4323//4763
f 4001//4760 4000//4758 4324//5077
f 4000//4758 4073//5078 4324//5077
f 4073//5078 4325//4757 4324//5077
f 4324//5077 4325//4757 4326//4759
f 3999//4756 3998//4754 4327//5079
f 3998//4754 4074//5080 4327//5079
f 4074//5080 4328//4753 4327//5079
f 4327//5079 4328//4753 4329//4755
f 4326//5081 4001//4760 4329//4755
f 4004//4765 3995//4952 4001//4760
f 4323//5082 4004//4765 4001//4760
f 4295//4034 4001//4760 4324//5077
f 3999//4756 4295//4034 4324//5077
f 4295//4034 4323//5082 4001//4760
f 3999//4756 4324//5077 4326//5081
f 3999//4756 4326//5081 4329//4755
f 4295//4034 3995//4952 4323//5082
f 4294//4034 3995//4952 4295//4034
f 4075//4058 3999//4756 4327//5079
f 4244//4953 4327//5079 4329//4755
f 3996//4770 3995//4952 4294//4034
f 4006//4052 3996//4770 4294//4034
f 4244//4953 4075//4058 4327//5079
f 4294//4034 4322//4766 4006//4052
f 4009//4774 4322//4766 4294//4034
f 4015//4076 4075//4058 4244//4953
f 4321//5083 4015//4076 4244//4953
f 4319//5084 4075//4058 4015//4076
f 3996//4770 4322//4766 4009//4774
f 4244//4953 4319//5084 4321//5083
f 3996//4770 4009//4774 4011//4776
f 3997//4772 3996//4770 4011//4776
f 3997//4772 4319//5084 4244//4953
f 3997//4772 4075//4058 4319//5084
f 3997//4772 4009//4774 4075//4058
f 3994//4752 4078//4750 4330//5085
f 4078//5086 4331//5087 4330//5088
f 4331//5087 3993//4749 4330//5088
f 4330//5088 3993//4749 4332//4751
f 3991//4747 3992//4748 3978//4745
f 3992//4748 3698//4743 3978//4745
f 3988//4741 3699//4930 3977//4742
f 3977//4742 3699//4930 4333//4738
f 3699//4930 4291//4739 4333//4738
f 3985//4736 3986//4737 3976//4949
f 3986//4737 4292//5089 3976//4949
f 3976//4949 4292//5089 4334//4734
f 4292//5089 4335//4735 4334//4734
f 3984//4733 4076//5090 3983//4732
f 3983//4732 4076//5090 4336//4729
f 4076//5090 3981//4730 4336//4729
f 3980//4728 4337//5091 3979//4727
f 3979//4727 4337//5091 4077//5092
f 4337//5091 4338//4726 4077//5092
f 4077//5092 4338//4726 4339//4725
f 3982//4731 3983//4732 3979//4727
f 3985//4736 3976//4949 3983//4732
f 3985//4736 3983//4732 4336//4729
f 4077//5092 4336//4729 3982//4731
f 4077//5092 3985//4736 4336//4729
f 4077//5092 3982//4731 3979//4727
f 4339//4725 3979//4727 4240//4046
f 3990//4746 4334//4734 3985//4736
f 3990//4746 3976//4949 4334//4734
f 3987//4740 3976//4949 3990//4746
f 3987//4740 3977//4742 3976//4949
f 4240//4046 4077//5092 4339//4725
f 4333//4738 3987//4740 3990//4746
f 3994//4035 4079//4035 4332//5093
f 4332//5093 4079//4035 4077//5092
f 4332//5093 4077//5092 4240//4046
f 4330//5094 4079//4035 3994//4035
f 3977//4742 4333//4738 3990//4746
f 4240//4046 4330//5094 4332//5093
f 3977//4742 3990//4746 3991//4747
f 3978//4745 4330//5094 4240//4046
f 3977//4742 3991//4747 3978//4745
f 3978//4745 4079//4035 4330//5094
f 3978//4745 3990//4746 4079//4035
f 3974//4723 3694//4929 3975//4724
f 3975//4724 3694//4929 4340//4720
f 3694//4929 4341//4721 4340//4720
f 3970//4716 4342//5095 3972//4719
f 4342//5095 3695//4718 3972//4719
f 3972//4719 3695//4718 4343//4715
f 3969//4713 3696//4926 3957//4714
f 3957//4714 3696//4926 4301//4710
f 3696//4926 3967//4711 4301//4710
f 3965//4708 3697//4925 4229//4945
f 3966//4709 3697//4925 3965//4708
f 4229//4945 3697//4925 4302//4706
f 3697//4925 4344//4707 4302//4706
f 3963//4704 3964//4705 4345//5096
f 3964//4705 4067//4701 4345//5096
f 4345//5096 4067//4701 4346//4703
f 3960//4699 3961//4700 4068//5097
f 3961//4700 4347//4696 4068//5097
f 4068//5097 4347//4696 4348//4698
f 4346//5098 3963//4704 4228//4051
f 3965//4708 4229//4945 3963//4704
f 4302//4706 3963//4704 4345//5096
f 4302//4706 4345//5096 4346//5098
f 4302//4706 3965//4708 3963//4704
f 4302//4706 4346//5098 4228//4051
f 3960//4699 4302//4706 4228//4051
f 3960//4699 4068//5097 4302//4706
f 4348//4698 3960//4699 4228//4051
f 4348//4698 4228//4051 4231//4046
f 3975//4724 4068//5097 4348//4698
f 3968//4712 4229//4945 4302//4706
f 3957//4714 4229//4945 3968//4712
f 3968//4712 4302//4706 4301//4710
f 4231//4046 3975//4724 4348//4698
f 3973//4722 3975//4724 4231//4046
f 4231//4046 4340//5083 3973//4722
f 3972//5099 4299//4046 3971//5100
f 3957//4714 4301//4710 4299//4046
f 3957//4714 4299//4046 3972//5099
f 3958//4046 4340//5083 4231//4046
f 3958//4046 3957//4714 3972//5099
f 3958//4046 3975//4070 4340//5083
f 3958//4046 4299//4046 3975//4070
f 3958//4046 3971//5100 4299//4046
f 3958//4046 4343//5101 3971//5100
f 3958//4046 3972//5099 4343//5101
f 3955//4694 4349//5102 3956//4695
f 3956//4695 4349//5102 4350//4691
f 4349//5102 4351//4692 4350//4691
f 3952//4689 4090//4686 3953//4690
f 3953//4690 4090//4686 4352//5103
f 4352//5103 4090//4686 4353//4688
f 3949//4684 4285//5104 3950//4685
f 4285//5104 3947//4682 3950//4685
f 3950//4685 3947//4682 4089//4681
f 3946//4679 4354//5105 3934//4680
f 3934//4680 4354//5105 3935//4676
f 4354//5105 3944//4677 3935//4676
f 3942//4673 4355//5106 3943//4675
f 3943//4675 4355//5106 3936//4959
f 4355//5106 3941//4672 3936//4959
f 3936//4959 3941//4672 4356//4674
f 3939//4670 3940//4671 3937//4961
f 3940//4671 3691//4667 3937//4961
f 3937//4961 3691//4667 4357//4669
f 3950//4685 3934//4680 3948//4683
f 3953//4690 3948//4683 4353//4688
f 4089//4681 3948//4683 3953//4690
f 3945//4678 3950//4685 4089//4681
f 4089//4681 3953//4690 4352//4051
f 3945//4678 3934//4680 3950//4685
f 3956//4695 4089//4681 4352//4051
f 3956//4695 4352//4051 4353//4688
f 3943//4954 3935//4676 3945//4678
f 3954//4693 3956//4695 4353//4688
f 3954//4693 4353//4688 4259//4958
f 4259//4958 4350//4691 3954//4693
f 3939//4670 3956//4695 4350//4691
f 4356//4674 3943//4675 3939//4670
f 3935//4676 3943//4954 3936//4959
f 4259//4958 3939//4670 4350//4691
f 4259//4958 4357//4669 3939//4670
f 3936//4959 4356//4674 3939//4670
f 3937//4961 4357//4669 4259//4958
f 3937//4961 3936//4959 3939//4670
f 3932//4665 3933//4666 4358//5107
f 3933//4666 4359//4662 4358//5107
f 4358//5107 4359//4662 4360//4664
f 3929//4660 3687//4934 3930//4661
f 3930//4661 3687//4934 3915//4657
f 3687//4934 3927//4658 3915//4657
f 3925//4654 3689//4933 3926//4656
f 3926//4656 3689//4933 3914//4956
f 3689//4933 4361//4653 3914//4956
f 3914//4956 4361//4653 3924//4655
f 3690//4651 4362//5108 3913//4652
f 3913//4652 4362//5108 4363//4648
f 4362//5108 4313//4649 4363//4648
f 3921//4646 4364//5109 3922//4647
f 3922//4647 4364//5109 4046//4643
f 4364//5109 4365//4644 4046//4643
f 3918//4641 3919//4642 4047//4817
f 3919//4642 4366//4638 4047//4817
f 4047//4817 4366//4638 3916//4640
f 3922//4647 4254//4036 3920//4645
f 3916//4640 3918//4641 4254//4036
f 4046//4643 3920//4645 4254//4036
f 4046//4643 4254//4036 3918//4641
f 4047//4817 4046//4643 3918//4641
f 4312//4054 3922//4647 4046//4643
f 3923//4650 3913//4652 3922//4647
f 3923//4650 3922//4647 4312//4054
f 4312//4054 4363//4648 3923//4650
f 3928//4659 4047//4817 3916//4640
f 3932//4665 3928//4659 3916//4640
f 3914//4956 3913//4652 4363//4648
f 3932//4665 3916//4640 4360//4664
f 4358//5107 3928//4659 3932//4665
f 3914//4956 4363//4648 4312//4054
f 3926//4656 3914//4956 4312//4054
f 3924//4655 3926//4656 4312//4054
f 3924//4655 4312//4054 3928//4659
f 3915//4657 4358//5107 4360//4664
f 3915//4657 3928//4659 4358//5107
f 3914//4956 3924//4655 3928//4659
f 3914//4956 3928//4659 3930//4661
f 3915//4657 3914//4956 3930//4661
f 3912//4636 4367//5110 4049//4637
f 4049//4637 4367//5110 4368//4633
f 4367//5110 4369//4634 4368//4633
f 4048//4631 4050//4821 3910//4632
f 3910//4632 4050//4821 4370//4628
f 4050//4821 3908//4629 4370//4628
f 3905//4624 4371//4932 3907//4627
f 3907//4627 4371//4932 4311//4625
f 4371//4932 4372//4623 4311//4625
f 3904//4621 4373//4618 4310//4617
f 3686//4622 4373//4618 3904//4621
f 3894//4615 3685//4616 4374//5111
f 3685//4616 3901//4612 4374//5111
f 4374//5111 3901//4612 3900//4614
f 3899//4611 3898//4609 3895//4957
f 3898//4609 4375//5112 3895//4957
f 3895//4957 4375//5112 3896//4610
f 4375//5112 3897//4608 3896//4610
f 3907//4627 4256//4619 3906//4626
f 3910//4036 3906//4626 3909//4630
f 4311//4625 3906//4626 3910//4036
f 4049//4637 4311//4625 3910//4036
f 4311//4625 4256//4619 3907//4627
f 4049//4637 3910//4036 4370//4628
f 4310//4617 4256//4619 4311//4625
f 4049//4637 4370//4628 3909//4630
f 3894//4615 4256//4619 3904//4621
f 3894//4615 3904//4621 4310//4047
f 3911//4635 4049//4637 3909//4630
f 3896//4610 4368//4633 3911//4635
f 3900//4047 3894//4615 4310//4047
f 3900//4047 4310//4047 3899//4611
f 3896//4610 3899//4611 4049//4637
f 3896//4610 4049//4637 4368//4633
f 3895//4957 3894//4615 4374//5111
f 3895//4957 4374//5111 3900//4047
f 3895//4957 3900//4047 3899//4611
f 3893//4606 4376//5113 4083//4607
f 4083//4607 4376//5113 4377//4603
f 4376//5113 4378//4604 4377//4603
f 4081//4602 4082//4598 3891//4601
f 3891//4601 4082//4598 4379//5114
f 4379//5114 4082//4598 3889//4600
f 3886//4594 4380//5115 3888//4597
f 4380//5115 4290//4593 3888//4597
f 3888//4597 4290//4593 4381//4595
f 3883//4589 3683//4935 3885//4592
f 3683//4935 4289//4588 3885//4592
f 3885//4592 4289//4588 4382//4590
f 3682//4587 4383//4583 3882//4586
f 3882//4586 4383//4583 4384//5116
f 4384//5116 4383//4583 3880//4585
f 3878//4581 4288//5049 3879//4582
f 4288//5049 3680//4579 3879//4582
f 3879//4582 3680//4579 4385//4578
f 4381//4036 3887//4596 3889//4600
f 4080//4051 4381//4036 3889//4600
f 4080//4051 3889//4600 3891//4601
f 4080//4051 3888//4597 4381//4036
f 3884//4034 3888//4597 4080//4051
f 4080//4051 3891//4601 4379//5114
f 3884//4034 3887//4596 3888//4597
f 4083//4607 4080//4051 4379//5114
f 3885//5117 3875//4303 3887//4596
f 3885//5117 3887//4596 3884//4034
f 4083//4607 4379//5114 3889//4600
f 3880//4585 4382//4590 3884//4591
f 3892//4605 4083//4607 3889//4600
f 3875//4303 3885//5117 4382//4590
f 3892//4605 3889//4600 4260//4046
f 4377//4603 3892//4605 4260//4046
f 3875//4303 4382//4590 3880//4585
f 3882//4586 3875//4303 3880//4585
f 3877//4046 3880//4070 4083//4607
f 3875//4303 3882//4586 4384//5118
f 3879//5119 3880//4070 3877//4046
f 4260//4046 4083//4607 4377//4603
f 3876//4960 3875//4303 4384//5118
f 4260//4046 3877//4046 4083//4607
f 4260//4046 4385//5120 3877//4046
f 3876//4960 4385//5120 4260//4046
f 3876//4960 4384//5118 3880//4070
f 3876//4960 3880//4070 3879//5119
f 3876//4960 3879//5119 4385//5120
f 3873//4576 4309//4824 3874//4577
f 3874//4577 4309//4824 4386//4573
f 4309//4824 4052//4574 4386//4573
f 3870//4571 4387//4568 3871//4572
f 3871//4572 4387//4568 4053//4567
f 3866//4565 3677//4931 3867//4566
f 3867//4566 3677//4931 4388//4562
f 3677//4931 3864//4563 4388//4562
f 3863//4560 3678//4561 4389//5121
f 3678//4561 3861//4557 4389//5121
f 4389//5121 3861//4557 3860//4559
f 3850//4555 3679//4556 4390//5122
f 3679//4556 3858//4552 4390//5122
f 4390//5122 3858//4552 3857//4554
f 3855//4550 3856//4551 4391//4546
f 3856//4551 4392//4547 4391//4546
f 3874//4577 3855//4550 3872//4575
f 3853//4548 3874//4577 4386//4573
f 3871//4572 3853//4548 4386//4573
f 3853//4548 3855//4550 3874//4577
f 3850//4555 3855//4550 4391//4546
f 3871//4572 4386//4573 3872//4575
f 3871//4572 3872//4575 3868//4569
f 3853//4548 3850//4555 4391//4546
f 4308//4047 3850//4555 3853//4548
f 4238//4950 4053//4058 3868//4569
f 3857//4273 3850//4555 4308//4047
f 3851//4047 3850//4555 4390//5122
f 4308//4047 4390//5122 3857//4273
f 3865//4953 4054//4070 4053//4058
f 3867//4047 4054//4070 3865//4953
f 3865//4953 4053//4058 4238//4950
f 3851//4047 4390//5122 4308//4047
f 3860//4950 3863//4054 4054//4070
f 4238//4950 4388//5123 3865//4953
f 3863//4054 4308//4047 4054//4070
f 3851//4047 4308//4047 3863//4054
f 3852//4299 4388//5123 4238//4950
f 3851//4047 3863//4054 4389//5124
f 3852//4299 3867//4047 4388//5123
f 3852//4299 4054//4070 3867//4047
f 3852//4299 3851//4047 4389//5124
f 3852//4299 3860//4950 4054//4070
f 3852//4299 4389//5124 3860//4950
f 3848//4544 4393//4540 3849//4545
f 3849//4545 4393//4540 3832//4542
f 3844//4538 4095//5125 3845//4539
f 4095//5125 4394//4536 3845//4539
f 3845//4539 4394//4536 4395//4535
f 3842//4533 3674//4534 3831//4955
f 3674//4534 4396//4531 3831//4955
f 3831//4955 4396//4531 4397//4532
f 3839//4529 3840//4530 4398//5126
f 3840//4530 3675//4526 4398//5126
f 4398//5126 3675//4526 4399//4528
f 3837//4523 3676//4525 3829//4951
f 3829//4951 3676//4525 4400//4521
f 3676//4525 4282//4522 4400//4521
f 3835//4519 3836//4520 4094//4517
f 3836//4520 4401//4515 4094//4517
f 3835//4519 3837//4523 3834//4518
f 4094//4517 3837//4523 3835//4519
f 4094//4517 4400//4521 3837//4523
f 4094//4517 3834//4518 4395//4535
f 4281//4035 4400//4521 4094//4517
f 3843//4537 4094//4517 4395//4535
f 3845//4046 4094//4517 3843//4537
f 3845//4046 3847//4543 4094//4517
f 4281//4035 3829//4951 4400//4521
f 3847//4543 3845//4046 4395//4535
f 3839//5127 3829//4951 4281//4035
f 4399//5128 3839//5127 4281//4035
f 3829//4951 3839//5127 4398//5129
f 3830//4954 3829//4951 4398//5129
f 3830//4954 4398//5129 4399//5128
f 3832//4542 3847//4543 4395//4535
f 3830//4954 4399//5128 4281//4035
f 4397//4532 3842//4047 3849//4545
f 3842//4047 4281//4035 3849//4545
f 3830//4954 4281//4035 3842//4047
f 3830//4954 3842//4047 3831//4955
f 3831//4955 3849//4545 3832//4542
f 3831//4955 4397//4532 3849//4545
f 3826//4512 3828//4514 4402//5130
f 3828//4514 4403//4511 4402//5130
f 4402//5130 4403//4511 3813//4510
f 3824//4508 3825//4509 3812//4948
f 3825//4509 4404//4505 3812//4948
f 3812//4948 4404//4505 4405//4507
f 3822//4504 3672//4927 3810//4503
f 3810//4503 3672//4927 3811//4500
f 3672//4927 3821//4501 3811//4500
f 3818//4496 4056//5131 3820//4499
f 4056//5131 4406//4495 3820//4499
f 3820//4499 4406//4495 4057//4497
f 4055//4493 3817//4494 4407//4489
f 3817//4494 4408//4490 4407//4489
f 4227//4487 3673//4488 4409//5132
f 3673//4488 4307//4484 4409//5132
f 4409//5132 4307//4484 4410//4486
f 4055//4493 4227//4487 3815//4491
f 4407//4489 3815//4491 3819//4498
f 4409//5132 3810//4503 4227//4487
f 4055//4493 4410//4486 4227//4487
f 4055//4493 4409//5132 4410//4486
f 3820//4051 4407//4489 3819//4498
f 4305//4502 4409//5132 4055//4493
f 4305//4502 3810//4503 4409//5132
f 4407//4489 3820//4051 4057//4829
f 3826//4512 4057//4497 3819//4498
f 3826//4512 3819//4498 3813//4510
f 4402//5130 4057//4497 3826//4512
f 4402//5130 4305//4502 4057//4497
f 4405//4507 3824//4508 4305//4502
f 3811//4500 4305//4502 3824//4508
f 3812//4948 3811//4500 3824//4508
f 3813//4510 4305//4502 4402//5130
f 3813//4510 4405//4507 4305//4502
f 3812//4948 4405//4507 3813//4510
f 3808//4481 4093//5133 3809//4483
f 3809//4483 4093//5133 4411//5134
f 4093//5133 4412//4480 4411//5134
f 4411//5134 4412//4480 4230//4482
f 3806//4478 4413//5135 3807//4479
f 3807//4479 4413//5135 4414//4475
f 4413//5135 4415//4476 4414//4475
f 3803//4473 4092//5136 3804//4474
f 3804//4474 4092//5136 4416//4470
f 4092//5136 4417//4471 4416//4470
f 3800//4467 4140//4922 3801//4469
f 3801//4469 4140//4922 3792//4943
f 4140//4922 4418//4466 3792//4943
f 3792//4943 4418//4466 4284//4468
f 3799//4464 3670//4923 3793//4465
f 3793//4465 3670//4923 4283//4461
f 3670//4923 4419//4462 4283//4461
f 3796//4459 3669//4928 3797//4460
f 3797//4460 3669//4928 3794//4456
f 3669//4928 4420//4457 3794//4456
f 3802//4472 3804//4474 3805//4477
f 3801//4469 3792//4943 3804//4474
f 4284//4468 3804//4474 4416//4035
f 3807//4479 4284//4468 4416//4035
f 4284//4468 3801//4469 3804//4474
f 3807//4479 4416//4035 3802//4472
f 3807//4479 3802//4472 3805//4477
f 4230//4482 4414//4475 3805//4477
f 3798//4463 3792//4943 4284//4468
f 3793//4465 3792//4943 3798//4463
f 3798//4463 4284//4468 4283//4461
f 4230//4482 3807//4479 4414//4475
f 3809//4483 3807//4479 4230//4482
f 4411//4070 3807//4479 3809//4483
f 3797//4460 4283//4461 3795//4458
f 3793//4465 4283//4461 3797//4460
f 3795//4458 4411//4070 4230//4482
f 3794//4456 3793//4465 3797//4460
f 3795//4458 3807//4479 4411//4070
f 3795//4458 4283//4461 3807//4479
f 3790//4454 4421//5137 3791//4455
f 3791//4455 4421//5137 3774//4451
f 4421//5137 4422//4452 3774//4451
f 3788//4450 4423//4445 3773//4449
f 3773//4449 4423//4445 4424//4447
f 3772//4443 3785//4444 4425//5138
f 3785//4444 4426//5139 4425//5138
f 4425//5138 4426//5139 4427//4441
f 4426//5139 3784//4442 4427//4441
f 3782//4439 3783//4440 4058//5140
f 3783//4440 4428//5141 4058//5140
f 4058//5140 4428//5141 4429//4437
f 4428//5141 3781//4438 4429//4437
f 4059//4435 3780//4436 4060//4431
f 3780//4436 4430//4432 4060//4431
f 3776//4429 4061//4832 3777//4430
f 3777//4430 4061//4832 4431//4426
f 4061//4832 4432//4427 4431//4426
f 4058//4052 3772//4443 3782//4439
f 4059//4036 3782//4439 3778//4433
f 4058//5140 4429//4437 4059//4036
f 4059//4036 4429//4437 3782//4439
f 4304//4035 3772//4443 4058//4052
f 3775//4428 4060//4431 3778//4433
f 4427//5142 3772//4443 4304//4035
f 4304//4035 4425//5138 4427//5142
f 3773//4449 3772//4443 4425//5138
f 3777//4051 4060//4431 3775//4428
f 3777//4051 3789//4453 4060//4431
f 3773//4449 4425//5138 4304//4035
f 4431//4426 3789//4453 3777//4051
f 3787//4054 4304//4035 3791//5119
f 3773//4449 4304//4035 3787//4054
f 4424//4447 3787//4054 3791//5119
f 3774//4451 4431//4426 3775//4428
f 3774//4451 3789//4453 4431//4426
f 3773//4449 4424//4447 3791//5119
f 3773//4449 3791//5119 3774//4451
f 4064//4424 4433//4419 3771//4425
f 3771//4425 4433//4419 4066//4418
f 3768//4416 4063//4417 4065//4412
f 4063//4417 4434//4413 4065//4412
f 3763//4409 3765//4411 4435//5143
f 3765//4411 4436//4408 4435//5143
f 4435//5143 4436//4408 4062//4407
f 3762//4405 3666//4404 3752//4406
f 3752//4406 3666//4404 4437//4401
f 3758//4398 3665//4921 3759//4400
f 3759//4400 3665//4921 3753//4940
f 3665//4921 4438//4397 3753//4940
f 3753//4940 4438//4397 4439//4399
f 3756//4395 3757//4396 3754//4941
f 3757//4396 3664//4392 3754//4941
f 3754//4941 3664//4392 4440//4394
f 4435//5143 3752//4406 3763//4409
f 4062//4407 3763//4409 3766//4414
f 4062//4407 3766//4414 3768//4416
f 3769//4420 4065//5144 3766//4414
f 4062//4407 3752//4406 4435//5143
f 4062//4407 3768//4416 4065//4836
f 3761//4403 3752//4406 4062//4407
f 3761//4403 4062//4407 3759//4400
f 3759//4400 4437//4401 3761//4403
f 3771//4425 4065//5144 3769//4420
f 3771//4425 4066//4418 4065//5144
f 3752//4406 4437//4401 3759//4400
f 4439//4399 3759//4400 3756//4395
f 3753//4940 3752//4406 3759//4400
f 3769//4420 3756//4395 4066//4418
f 3769//4420 4440//4394 3756//4395
f 3754//4941 4440//4394 3769//4420
f 3754//4941 3753//4940 4439//4399
f 3754//4941 4439//4399 3756//4395
f 3750//4390 4441//5145 3751//4391
f 3751//4391 4441//5145 4442//4387
f 4441//5145 3661//4388 4442//4387
f 3748//4384 4443//4920 3749//4386
f 3749//4386 4443//4920 4444//5146
f 4444//5146 4443//4920 4445//4385
f 4443//4920 4446//4383 4445//4385
f 4071//4381 4447//4377 3747//4382
f 3747//4382 4447//4377 4070//4379
f 3743//4375 4448//5147 3744//4376
f 3744//4376 4448//5147 4298//4372
f 4448//5147 3741//4373 4298//4372
f 3663//4370 4297//4369 3733//4371
f 3733//4371 4297//4369 4449//4366
f 3737//4363 3662//4365 4450//5148
f 4450//5148 3662//4365 4451//4361
f 3662//4365 4452//4362 4451//4361
f 3744//4376 4210//4036 3742//5149
f 3744//4376 3733//4371 4210//4036
f 3747//4382 4210//4036 3746//4380
f 4070//4379 4298//4845 3742//5149
f 4070//4379 3742//5149 4210//4036
f 4070//4379 4210//4036 3747//4382
f 4298//4372 3733//4371 3744//4376
f 3740//4368 3733//4371 4298//4372
f 3749//4386 4070//4379 3746//4380
f 4298//4372 4449//4054 3740//4368
f 3737//4054 4449//4054 4298//4372
f 3734//4054 3733//4371 4449//4054
f 3749//4386 3746//4380 4445//4385
f 3734//4054 4449//4054 3737//4054
f 3751//4391 3749//4386 4444//5146
f 3734//4054 3737//4054 4450//5150
f 4451//4361 3737//4363 3751//4391
f 3736//4389 4444//5146 4445//4385
f 3735//4047 3734//4054 4450//5150
f 3736//4389 3751//4391 4444//5146
f 3735//4047 4450//5150 4451//4361
f 3735//4047 4442//4387 3736//4389
f 3735//4047 4451//4361 3751//4391
f 3735//4047 3751//4391 4442//4387
f 3732//4359 4088//4360 4453//5151
f 4088//5152 4454//4356 4453//5153
f 4453//5153 4454//4356 3730//4358
f 3728//4353 4086//5154 3729//4355
f 3729//4355 4086//5154 4455//5155
f 4086//5154 4456//4352 4455//5155
f 4455//5155 4456//4352 3727//4354
f 4287//4351 3726//4350 4457//5156
f 3726//5157 4084//5158 4457//4347
f 4084//5158 3724//4348 4457//4347
f 3723//4345 3660//4341 3712//4346
f 3712//4346 3660//4341 4458//4343
f 3719//4339 3720//4340 3713//4938
f 3720//4340 3659//4917 3713//4938
f 3713//4938 3659//4917 4459//4337
f 3659//4917 4460//4338 4459//4337
f 3718//4336 3717//4335 3714//4939
f 3717//4335 3658//4332 3714//4939
f 3714//4939 3658//4332 3715//4334
f 4085//4036 4457//5156 3725//4349
f 4085//4036 4287//4351 4457//5156
f 4085//4036 3725//4349 3729//4355
f 3730//4358 3727//4354 3729//4355
f 4085//4036 3729//4355 4455//4051
f 3730//4358 4455//4051 3727//4354
f 4087//4058 4085//4036 4455//4051
f 3722//4344 3712//4346 3725//4349
f 3722//4344 3725//4349 4287//4351
f 4458//4343 3722//4344 4287//4351
f 4286//4047 4458//4343 4287//4351
f 4087//4058 4455//4051 3730//4358
f 3732//4359 4087//4058 3730//4358
f 3713//4938 3712//4346 4458//4343
f 3713//4938 4458//4343 4286//4047
f 4087//4058 3732//4359 4453//5153
f 3718//4336 4087//4058 4453//5153
f 3719//4339 3713//4938 4286//4047
f 3719//4339 4286//4047 3718//4336
f 4459//4337 3719//4339 3718//4336
f 3730//4358 3718//4336 4453//5153
f 3730//4358 3715//4334 3718//4336
f 3714//4939 3715//4334 3730//4358
f 3714//4939 3713//4938 4459//4337
f 3714//4939 4459//4337 3718//4336
f 4142//4090 4191//4913 4192//4963
f 4142//4090 4192//4963 4161//4097
f 3711//4911 4191//4913 4142//4090
f 3707//4091 3711//4911 4142//4090
f 4166//4091 4192//4963 4193//4965
f 4166//4091 4161//4097 4192//4963
f 4171//4091 4166//4091 4193//4965
f 4171//4091 4193//4965 4195//4967
f 3706//4091 3711//4911 3707//4091
f 3706//4091 4120//4915 3711//4911
f 4177//4097 4171//4091 4195//4967
f 4177//4097 4195//4967 4197//4968
f 3708//4093 4177//4097 4197//4968
f 3708//4093 4197//4968 3710//4971
f 4122//4316 4187//4982 4186//4985
f 4122//4316 4186//4985 4120//4915
f 4187//4982 4122//4316 4125//4091
f 4196//4973 3708//4093 3710//4971
f 4196//4973 4172//4091 3708//4093
f 4188//4981 4187//4982 4125//4091
f 4194//4974 4172//4091 4196//4973
f 3700//4106 4172//4091 4194//4974
f 4188//4981 4125//4091 4137//4091
f 4189//4979 4188//4981 4137//4091
f 3709//4976 3700//4106 4194//4974
f 4162//4093 3700//4106 3709//4976
f 4190//4978 4189//4979 4137//4091
f 4190//4978 4137//4091 4141//4109
f 4190//4978 4141//4109 4143//4114
f 4190//4978 4162//4093 3709//4976
f 4190//4978 4143//4114 4162//4093
f 4182//5007 4167//4091 4183//5008
f 4183//5008 4167//4091 4170//4091
f 4185//5011 4183//5008 4170//4091
f 4185//5011 4170//4091 4175//4111
f 4185//5011 4175//4111 4174//4091
f 4184//5013 4185//5011 4174//4091
f 4178//5002 4149//4091 4167//4091
f 4178//5002 4167//4091 4182//5007
f 4150//4091 4149//4091 4178//5002
f 4150//4091 4178//5002 4179//5004
f 4160//4097 4179//5004 4180//5017
f 4160//4097 4150//4091 4179//5004
f 4164//4091 4184//5013 4174//4091
f 4164//4091 4181//5015 4184//5013
f 4164//4091 4160//4097 4180//5017
f 4164//4091 4180//5017 4181//5015
f 4116//4988 4139//4091 4146//4316
f 4117//4986 4116//4988 4146//4316
f 4118//4991 4146//4316 4151//4091
f 4118//4991 4117//4986 4146//4316
f 4153//4091 4118//4991 4151//4091
f 4153//4091 4119//4993 4118//4991
f 4130//4091 4139//4091 4116//4988
f 4112//5001 4130//4091 4116//4988
f 4131//4097 4112//5001 4113//4999
f 4131//4097 4130//4091 4112//5001
f 4115//4995 4119//4993 4153//4091
f 4138//4091 4115//4995 4153//4091
f 4134//4091 4113//4999 4114//4997
f 4134//4091 4131//4097 4113//4999
f 4138//4091 4114//4997 4115//4995
f 4134//4091 4114//4997 4138//4091
f 4032//4800 3705//4924 3704//4807
f 4031//4798 4029//4795 3705//4924
f 4034//4802 4031//4798 3705//4924
f 4034//4802 4280//4794 4031//4798
f 4035//4804 4034//4802 4032//4800
f 4035//4804 4032//4800 3704//4807
f 3703//4093 4315//4803 3704//4807
f 4097//4891 4029//4795 4280//4794
f 4026//5159 4029//4795 4097//4891
f 3703//4093 4035//4804 4315//4803
f 4141//4109 4026//5159 4024//4790
f 4141//4109 4029//4795 4026//5159
f 4039//4116 4098//4783 4035//4804
f 3703//4093 4039//4116 4035//4804
f 4038//4095 4098//4783 4039//4116
f 4022//4787 4097//5075 4098//4783
f 4141//4109 4024//4790 4097//5075
f 4020//4784 4141//4109 4097//5075
f 4020//4784 4097//5075 4022//4787
f 4143//4114 4038//4095 3703//4093
f 4143//4114 4098//4783 4038//4095
f 4020//4784 4098//4783 4143//4114
f 4007//4769 3702//4761 3701//4771
f 4003//4764 4157//4111 3702//4761
f 4005//4767 3702//4761 4007//4769
f 4002//4762 3702//4761 4005//4767
f 4157//4111 4003//4764 4002//4118
f 4293//5053 4005//4767 3701//4771
f 4012//5160 3701//4771 3700//4106
f 4012//5160 4293//5053 3701//4771
f 4293//5053 4012//5160 4010//4091
f 4008//5161 4012//5160 3700//4106
f 4073//5078 4157//4111 4002//4118
f 4293//5053 4010//4091 4008//5161
f 4000//4758 4157//4111 4073//5078
f 3700//4106 4293//5053 4008//5161
f 4074//5080 4325//4757 4073//5078
f 4158//4919 4157//4111 4000//4758
f 4158//4919 4000//4758 4325//4757
f 4320//4778 4014//4781 4293//5053
f 4320//4778 4293//5053 3700//4106
f 4163//4095 4320//4778 3700//4106
f 4158//4919 4325//4757 4074//5080
f 4163//4095 4013//5162 4320//4778
f 4158//4919 4074//5080 3998//4754
f 4158//4919 3998//4754 4328//5163
f 4163//4095 4014//4919 4013//5162
f 4163//4095 4074//4098 4014//4919
f 4163//4095 4328//5163 4074//4098
f 4158//4919 4328//5163 4163//4095
f 3988//4741 4155//4090 3699//4930
f 4291//4097 3699//4930 3698//4743
f 4292//4094 3986//5164 4155//4090
f 4335//4735 4155//4090 3986//5164
f 4292//4094 3988//4741 4291//4739
f 4292//4094 4155//4090 3988//4741
f 3992//4748 4291//4097 3698//4743
f 4076//4090 4335//4735 4292//5089
f 4076//4090 4155//4090 4335//4735
f 4291//4097 3992//4748 3989//4744
f 4078//5086 4291//4097 3989//4744
f 3984//5165 4155//4090 4076//4090
f 3984//5165 4154//4316 4155//4090
f 3698//4743 4078//5086 3989//4744
f 4154//4316 3984//5165 3981//4730
f 4331//5087 4078//5086 3698//4743
f 4159//4093 4331//5087 3698//4743
f 4154//4316 3981//4730 4076//5090
f 4337//4091 4076//5090 4078//4750
f 3980//5166 4076//5090 4337//4091
f 4338//5167 4337//4091 4078//4750
f 4159//4093 3993//4749 4331//5087
f 4154//4316 4076//5090 3980//5166
f 4159//4093 4078//4750 3993//4749
f 4154//4316 3980//5166 4338//5167
f 4159//4093 4154//4316 4338//5167
f 4159//4093 4338//5167 4078//4750
f 3969//4713 3697//4925 3696//4926
f 4300//5060 3969//4713 3967//4711
f 4300//5060 3697//4925 3969//4713
f 4303//4839 3697//4925 4300//5060
f 4303//4839 4344//4707 3697//4925
f 4300//5060 3967//4711 3696//4926
f 4342//5095 3696//4926 3695//4718
f 4342//5095 4300//5060 3696//4926
f 3970//5058 4300//5060 4342//5095
f 4303//4839 3966//4709 4344//4707
f 3964//4705 3966//4709 4303//4839
f 4067//4841 3964//4705 4303//4839
f 3964//4705 3962//4702 3966//4709
f 3694//4929 3970//4106 3695//4718
f 3974//4093 4069//4114 3970//4106
f 3694//4929 3974//4093 3970//4106
f 4341//4721 4069//4114 3974//4093
f 3961//4700 4067//4701 4069//4114
f 4347//4696 3961//4700 4069//4114
f 3959//4697 4067//4701 3961//4700
f 3959//4697 3962//4702 4067//4701
f 4347//4696 4341//4721 3694//4929
f 4347//4696 4069//4114 4341//4721
f 3946//5168 3693//4104 4354//4325
f 4355//5169 3693//4104 3692//4936
f 3942//4673 3693//4104 4355//5169
f 3941//4116 4355//5169 3692//4936
f 3941//4672 3944//4091 4354//4325
f 3941//4672 4354//4325 3693//4104
f 3941//4672 3693//4104 3942//4673
f 4285//5104 3944//4091 3941//4672
f 4285//5104 3946//5168 3944//4091
f 4285//5104 3693//4104 3946//5168
f 4285//5104 3949//4684 3693//4104
f 3952//4689 3949//4684 3947//4682
f 3940//4116 3941//4116 3692//4936
f 3691//4667 3940//4116 3692//4936
f 3938//4668 3941//4116 3940//4116
f 3952//4689 3947//4682 4285//5104
f 4091//4091 3941//4116 3938//4668
f 3952//4689 4285//5104 4090//4686
f 3955//4694 4091//4091 4349//5102
f 3691//4667 4091//4091 3938//4668
f 3691//4667 4349//5102 4091//4091
f 4351//4692 4349//5102 3691//4667
f 3951//4687 4090//4686 4091//4091
f 3951//4687 4091//4091 3955//4694
f 4351//4692 3951//4687 3955//4694
f 4362//5108 3690//4651 3689//4933
f 4361//4653 3689//4933 3688//4116
f 3925//4654 4362//5108 3689//4933
f 3925//4654 4313//4649 4362//5108
f 4314//4816 3690//4651 4313//5074
f 3688//4116 3925//4106 4361//4653
f 4364//5109 3690//4651 4314//4816
f 4364//5109 3921//4646 3690//4651
f 4365//4644 4364//5109 4314//4816
f 3929//4660 3925//4106 3688//4116
f 3929//4660 3688//4116 3687//4934
f 3929//4660 3933//4666 3925//4106
f 3921//4646 4365//4644 4314//4816
f 3933//4666 3929//4660 3927//4658
f 3917//4639 3921//4646 4314//4816
f 3919//4642 3917//4639 4314//4816
f 4359//4662 3927//4658 3687//4934
f 4366//4638 3919//4642 4314//4816
f 4366//4638 4314//4816 3933//4666
f 4359//4662 3933//4666 3927//4658
f 3917//4639 4366//4638 3933//4666
f 3917//4639 3933//4666 3931//4663
f 4359//4662 3917//4639 3931//4663
f 4373//4618 3686//4622 3685//4616
f 3903//4620 4371//4932 3686//4622
f 3901//4612 3685//4616 3684//4097
f 3903//4620 4373//4618 3685//4616
f 3903//4620 3685//4616 3902//4613
f 3903//4620 4372//4090 4371//4932
f 3902//4613 3901//4612 3684//4097
f 4048//4631 4372//4090 3903//4620
f 4048//4631 3905//4624 4372//4090
f 3898//4093 3902//4613 4375//5170
f 4375//5170 3902//4613 3684//4097
f 4176//4093 4375//5170 3684//4097
f 3898//4093 4051//4093 3902//4613
f 3908//4629 4371//4932 3905//4624
f 3908//4629 3905//4624 4048//4631
f 4176//4093 3897//5171 4375//5170
f 4176//4093 3898//4093 3897//5171
f 4367//4093 4050//4919 4051//4093
f 3912//4636 4050//4919 4367//4093
f 4176//4093 4051//4093 3898//4093
f 4176//4093 4367//4093 4051//4093
f 4176//4093 4369//4634 4367//4093
f 3912//4636 3908//4629 4050//4919
f 3912//4636 4369//4634 4176//4093
f 4289//4104 3683//4935 3682//4587
f 4383//4583 3682//4587 3681//4937
f 4290//4593 3883//4589 4289//4588
f 4289//4104 3682//4587 3881//4091
f 4288//4116 4289//4104 3881//4091
f 4290//4593 3683//4935 3883//4589
f 4380//5115 3886//4594 3683//4935
f 4380//5115 3683//4935 4290//4593
f 4288//4116 3881//4091 4383//4583
f 4288//4116 4383//4583 3681//4937
f 4081//4602 3886//4594 4290//4864
f 3680//4579 4288//4116 3681//4937
f 3890//4599 3886//4594 4081//4602
f 3893//4606 3878//4581 4376//4098
f 3893//4606 4082//4919 3878//4581
f 3680//4579 4376//4098 3878//4581
f 3680//4579 4378//4604 4376//4098
f 4378//4604 3890//4599 4082//4919
f 4378//4604 4082//4919 3893//4606
f 3858//4552 3679//4556 3678//4561
f 3856//4551 3854//4549 3679//4556
f 3859//4553 3856//4551 3679//4556
f 3859//4553 4392//4090 3856//4551
f 4309//5172 4392//4090 3859//4553
f 4309//5172 3854//4549 4392//4090
f 3858//4552 3678//4561 3862//5069
f 3677//4931 3861//4557 3678//4561
f 3873//4576 3854//4549 4309//5172
f 3677//4931 3862//4558 3861//4557
f 3677//4931 3866//4565 3862//4558
f 3864//4563 4052//4574 3866//4565
f 3870//4571 4052//4574 4387//4568
f 3873//4576 4052//4574 3870//4571
f 3869//4570 3873//4576 3870//4571
f 3864//4563 4387//4568 4052//4574
f 3864//4563 3869//4570 4387//4568
f 3840//4530 3676//4525 3675//4526
f 3841//4527 3676//4525 3840//4530
f 4282//4522 3676//4525 3841//4527
f 3841//4527 3675//4526 3674//4534
f 3836//4520 4282//4522 4095//5125
f 3836//4520 3838//4524 4282//4522
f 3836//4520 3833//4516 3838//4524
f 4401//4515 3836//4520 4095//5125
f 3846//4541 4396//4531 3674//4534
f 4393//4540 3848//4114 4396//4531
f 4393//4540 4396//4531 3846//4541
f 3848//4114 4095//5125 4396//4531
f 3846//4541 4095//5125 3848//4114
f 3833//4516 4401//4515 4095//5125
f 3844//4538 3833//4516 4095//5125
f 4394//4536 4095//5125 3846//4541
f 3822//4504 3673//4488 3672//4927
f 3821//5173 3673//4488 3822//4504
f 4306//5068 3673//4488 3821//5173
f 4306//5068 4307//4484 3673//4488
f 4306//5068 3821//5173 3672//4927
f 3823//4506 4306//5068 3672//4927
f 3825//4509 3672//4927 3671//4116
f 3825//4509 3823//4506 3672//4927
f 4404//4505 3825//4509 3671//4116
f 3817//4494 3814//4485 4307//4484
f 3817//4494 3816//4492 3814//4485
f 4408//4490 3817//4494 4307//4484
f 3671//4116 3823//4506 4404//4505
f 4408//4490 4307//4484 4056//5131
f 3671//4116 3827//4513 3823//4506
f 3828//4514 3827//4513 3671//4116
f 4403//5174 3828//4514 3671//4116
f 4148//4114 4403//5174 3671//4116
f 3818//4496 4408//4490 4056//5131
f 3818//4496 3816//4492 4408//4490
f 4406//4114 4056//4827 3827//4828
f 4148//4114 3827//4828 4403//5174
f 4148//4114 4406//4114 3827//4828
f 4148//4114 3818//4496 4406//4114
f 4419//4462 3670//4923 3669//4928
f 4418//4466 4140//4922 3670//4923
f 3796//4459 3799//4881 4419//4462
f 3799//4464 4418//4466 3670//4923
f 3796//4459 4419//4462 3669//4928
f 3799//4464 3800//4467 4418//4466
f 4092//5136 3800//4467 3799//4464
f 4092//5136 4140//4922 3800//4467
f 4093//4885 3796//4459 4420//4457
f 3803//4473 4140//4922 4092//5136
f 3803//4473 4417//4471 4140//4922
f 3669//4928 4093//4885 4420//4457
f 4412//5175 4093//4885 3669//4928
f 4145//4093 4412//5175 3669//4928
f 3806//4478 4092//5136 4093//5133
f 4415//4476 4417//4471 4092//5136
f 4413//4095 3806//4478 4093//5133
f 4145//4093 3808//4481 4412//5175
f 4415//4476 4092//5136 3806//4478
f 4145//4093 4093//5133 3808//4481
f 4145//4093 4413//4095 4093//5133
f 4145//4093 4415//4476 4413//4095
f 4426//5139 3785//4444 3668//4097
f 3785//4444 3783//4440 3668//4097
f 3788//5176 3668//4097 3667//4116
f 3786//5064 3668//4097 3788//5176
f 4423//4445 3788//5176 3667//4116
f 3784//4442 4426//5139 3668//4097
f 3784//4442 3668//4097 3786//5064
f 3784//4442 3783//4440 3785//4444
f 4428//5141 3783//4440 3784//4442
f 4428//5141 3784//4442 3781//4438
f 3786//4446 4423//4445 3667//4116
f 4123//4093 3783//4440 3781//4831
f 3790//4097 3786//4446 3667//4116
f 4421//5177 3790//4097 3667//4116
f 4422//5178 4421//5177 3667//4116
f 3790//4097 4061//4093 3786//4446
f 4123//4093 3781//4831 3776//4429
f 4061//4093 3790//4097 4422//5178
f 4126//4093 4422//5178 3667//4116
f 3780//5179 4123//4093 3776//4429
f 3779//5180 4123//4093 3780//5179
f 4430//4919 3780//5179 3776//4429
f 4124//4916 4123//4093 3779//5180
f 4126//4093 4061//4093 4422//5178
f 4124//4916 3779//5180 4430//4919
f 4126//4093 4432//5181 4061//4093
f 4124//4916 4430//4919 3776//4429
f 4124//4916 4432//5181 4126//4093
f 4124//4916 3776//4429 4432//5181
f 3762//4405 3764//4410 3666//4404
f 3760//4090 3764//4410 3762//4405
f 3758//4398 3666//4404 3665//4921
f 3760//4402 3666//4404 3758//4398
f 4438//4397 3760//4402 3758//4398
f 3765//4411 3764//4410 3760//4090
f 4436//4111 3765//4411 3760//4090
f 4063//4417 4436//4111 3760//4090
f 3757//4396 4438//4397 3665//4921
f 3767//4415 3764//4410 4436//4111
f 3757//4396 3665//4921 3664//4392
f 3755//4393 4438//4397 3757//4396
f 3755//4393 4064//4424 4438//4397
f 3767//4415 4436//4111 4063//4417
f 4434//4916 4063//4834 4064//4835
f 4433//4419 3755//4393 3664//4392
f 4433//4419 4064//4424 3755//4393
f 4129//4919 3767//4415 4434//4916
f 4129//4919 4434//4916 4064//4835
f 4129//4919 3770//4916 4433//4419
f 4129//4919 4064//4835 3770//4916
f 4297//4369 3663//4370 3662//4365
f 3739//4367 3743//4375 3663//4370
f 4297//4369 3662//4365 3738//4097
f 4297//4369 3738//4097 4452//4362
f 4296//4097 4297//4369 4452//4362
f 4448//5147 3743//4375 3739//4367
f 4296//4097 4452//4362 3662//4365
f 4296//4097 3662//4365 3661//4388
f 3739//4367 3741//4373 4448//5147
f 4071//4381 3741//4373 3739//4367
f 4441//5145 4296//4097 3661//4388
f 3745//4378 3743//4375 3741//4373
f 3750//4093 4296//4097 4441//5145
f 3745//4378 3741//4373 4071//4381
f 4072//4091 4296//4097 3750//4093
f 4443//4920 3750//4093 3661//4388
f 4447//4377 4071//4381 4072//4091
f 3748//4384 4072//4091 4443//4920
f 4443//4920 4072//4091 3750//4093
f 3745//4378 4447//4377 4072//4091
f 3745//4378 4072//4091 3748//4384
f 4446//4383 3745//4378 3748//4384
f 3723//4345 4121//4914 3660//4341
f 3721//4111 4121//4914 3723//4345
f 3720//4340 3660//4341 3659//4917
f 3721//4342 3660//4341 3720//4340
f 4460//4338 3721//4342 3720//4340
f 4084//5158 4121//4914 3721//4111
f 3726//5157 4121//4914 4084//5158
f 3724//4348 4121//4914 3726//5157
f 4086//5154 3724//4348 4084//5158
f 3717//4335 3659//4917 3658//4332
f 3717//4335 4460//4338 3659//4917
f 3728//4353 4121//4914 3724//4348
f 3728//4353 3724//4348 4086//5154
f 3717//4335 4088//5152 4460//4338
f 4088//5152 3717//4335 3716//4333
f 4456//4352 4086//5154 4088//4360
f 4454//4356 4088//5152 3716//4333
f 4454//4356 3716//4333 3658//4332
f 3731//4357 3728//4353 4456//4352
f 3731//4357 4456//4352 4088//4360
o Holybro_Brushless_Motor_2216-880KV
v 147.712662 17.000023 159.217010
v 147.718964 18.000023 158.945099
v 148.029068 17.000023 158.031143
v 148.072525 18.000023 157.968185
v 148.679230 17.000023 157.436111
v 148.919815 18.000023 157.315216
v 149.713913 17.000023 157.238297
v 150.396942 18.000023 157.427063
v 150.639084 17.000023 157.656555
v 151.288803 17.000023 158.719131
v 151.304047 18.000023 158.844666
v 157.218964 17.000027 167.054916
v 157.218964 18.000027 166.945099
v 157.529068 17.000027 166.031143
v 157.847351 18.000027 165.603561
v 158.505569 17.000027 165.258102
v 159.213913 18.000027 165.238297
v 159.966537 17.000027 165.503036
v 160.339935 18.000027 165.812943
v 160.788803 17.000027 166.719131
v 160.781052 18.000027 167.054916
v 166.712662 17.000023 159.217010
v 166.718964 18.000023 158.945099
v 167.029068 17.000023 158.031143
v 167.347351 18.000023 157.603561
v 168.005569 17.000023 157.258102
v 168.769196 18.000023 157.238556
v 169.466537 17.000023 157.503036
v 169.696365 18.000023 157.707306
v 170.151428 17.000023 158.373718
v 170.242447 18.000023 158.627136
v 170.223083 17.000023 159.424667
v 157.218964 17.000023 151.054916
v 157.218964 18.000023 150.945099
v 157.529068 17.000023 150.031143
v 157.847351 18.000023 149.603561
v 158.505569 17.000023 149.258102
v 159.213913 18.000023 149.238297
v 159.966537 17.000023 149.503036
v 160.339935 18.000023 149.812943
v 160.788803 17.000023 150.719131
v 160.781052 18.000023 151.054916
v 150.772324 21.857332 167.231125
v 150.725037 21.602278 170.105316
v 151.058319 22.427679 170.347717
v 151.209579 22.597404 166.788834
v 151.770905 22.946213 170.823135
v 151.950119 22.987932 166.045425
v 150.725037 21.397776 147.894684
v 150.911407 22.286581 150.918549
v 151.003494 22.375141 147.688339
v 151.798126 22.955849 147.162201
v 151.890350 22.983557 151.887085
v 147.857025 21.910473 150.772491
v 147.273544 22.906704 151.600037
v 171.081375 45.000412 159.201157
v 171.060516 25.000008 158.132858
v 170.457260 45.000027 155.166656
v 170.289963 25.000023 154.694199
v 169.021698 45.000023 152.250977
v 168.644135 25.000021 151.719193
v 166.857117 45.000019 149.820694
v 166.236649 25.000019 149.322342
v 164.850555 45.000023 148.459930
v 163.170944 25.000034 147.652176
v 162.447296 45.000023 147.395432
v 159.866287 45.000023 146.936493
v 159.860916 25.000021 146.957565
v 157.284393 25.000023 147.067734
v 155.556961 45.000046 147.383484
v 154.829071 25.000034 147.652176
v 153.153107 45.003113 148.464569
v 151.763382 25.000019 149.322327
v 151.142914 45.000019 149.820663
v 149.355865 25.000021 151.719193
v 148.978302 45.000023 152.250992
v 147.710068 25.000023 154.694138
v 147.254456 45.000031 155.980865
v 146.939484 25.000015 158.132874
v 167.351135 45.000076 167.792404
v 166.960861 46.813225 167.326019
v 166.595978 45.000946 166.822769
v 168.562561 47.077129 168.914673
v 167.207169 49.000744 167.650879
v 166.302490 48.997845 166.302078
v 165.908234 45.001945 164.937271
v 166.212677 46.400162 166.039993
v 165.904968 48.994770 164.796112
v 168.748428 45.000042 168.930984
v 166.079987 48.999069 163.553299
v 166.088867 45.000957 163.521317
v 147.271484 45.000053 161.810425
v 145.626602 47.070278 162.329712
v 147.425079 49.003551 161.791702
v 148.495987 49.000603 161.669373
v 149.008057 45.002064 161.674255
v 149.255997 47.917847 161.710648
v 150.038651 48.999531 161.886200
v 145.579620 45.000023 162.422836
v 150.336212 45.005230 162.003204
v 151.508743 45.000393 162.807510
v 150.738281 48.988476 162.209152
v 151.368179 46.752655 162.726822
v 151.614700 49.000008 163.006866
v 151.824188 45.000370 147.155823
v 151.790924 47.000023 147.174103
v 153.303177 48.989265 148.599670
v 154.689484 48.999920 150.658081
v 154.140732 45.000473 149.783539
v 154.774643 45.002426 151.016769
v 155.253174 45.008839 152.579056
v 155.376038 45.001919 154.036728
v 155.378403 48.998844 153.883331
v 154.913284 45.000355 155.991470
v 155.306168 46.488598 154.560257
v 154.956314 48.999374 155.866684
v 172.849091 47.000519 158.669235
v 172.846054 45.000023 158.669708
v 170.856461 48.988850 159.266739
v 168.380966 48.999916 159.438156
v 169.415649 45.000553 159.399841
v 168.027466 45.002434 159.332443
v 166.434937 45.011768 158.965912
v 165.110519 45.001686 158.343338
v 165.242096 48.998844 158.422012
v 163.648849 45.000355 156.965103
v 164.691971 46.488361 158.021011
v 163.735352 48.999374 157.064697
v 152.330658 45.000370 171.136063
v 152.363007 47.000023 171.156189
v 152.799515 45.003113 169.331314
v 152.841461 48.989265 169.133774
v 153.930954 48.999920 166.903976
v 153.447983 45.000473 167.816467
v 154.199005 45.002426 166.650894
v 155.312729 45.008839 165.455292
v 156.513672 45.001919 164.620102
v 156.379623 48.998844 164.694748
v 158.437836 45.000355 164.043503
v 157.002029 46.488625 164.418808
v 158.308228 48.999374 164.068619
v 162.236816 47.221245 147.942505
v 162.803055 47.070194 145.753723
v 162.387802 49.000828 147.566879
v 161.940308 49.000603 148.568481
v 161.680008 45.002064 149.009567
v 161.524521 47.917652 149.206131
v 160.981155 48.999531 149.796158
v 162.745926 45.000023 145.666183
v 160.731049 45.005230 149.995346
v 159.448242 45.000393 150.608627
v 160.351654 48.988476 150.240585
v 159.588409 46.752911 150.527252
v 159.222641 49.000008 150.600708
v 145.343460 18.992920 161.281433
v 147.155914 16.999454 160.502792
v 145.149994 19.000023 159.000000
v 145.971252 19.007547 163.780716
v 148.593765 16.999884 164.719208
v 147.519211 18.996519 166.773926
v 150.190811 17.001375 166.930328
v 151.865128 17.000189 168.507248
v 150.228577 19.016397 169.770203
v 152.750778 18.996376 171.359848
v 155.680786 16.999601 170.412689
v 155.279251 18.989861 172.371933
v 157.853210 18.997103 172.802444
v 159.918365 17.000101 170.850723
v 160.146774 18.997101 172.802460
v 162.720795 18.989868 172.371933
v 162.721588 17.000134 170.269073
v 165.251358 18.996595 171.359009
v 166.134857 17.000189 168.507263
v 167.174210 18.998920 170.184784
v 169.158157 19.014204 168.497971
v 167.809235 17.001375 166.930283
v 170.800018 18.997410 166.250580
v 169.406250 16.999884 164.719208
v 172.028732 19.007540 163.780762
v 170.613739 17.000172 161.500443
v 172.656540 18.992914 161.281418
v 170.844086 16.999454 157.497192
v 172.850006 19.000023 159.000000
v 155.849243 17.000023 159.776627
v 155.800003 14.500025 159.000000
v 156.014053 14.500026 160.207306
v 156.812393 17.000023 161.363846
v 156.917099 14.500026 161.456619
v 158.161453 17.000023 162.109695
v 158.297302 14.500026 162.143188
v 159.772919 17.000023 162.135773
v 160.248779 14.500026 162.009521
v 161.504364 17.000023 161.084427
v 161.930389 14.500025 160.424606
v 162.189926 17.000023 159.387314
v 162.188110 14.500024 158.542450
v 155.946777 58.500023 158.905853
v 156.011139 53.000023 159.428955
v 156.652161 58.500023 160.954147
v 156.552841 53.000023 160.768799
v 157.921249 53.000023 161.844574
v 158.275406 58.500023 161.939804
v 159.724609 53.000023 161.939789
v 159.720963 58.500023 161.925003
v 161.007797 58.500023 161.266312
v 160.997681 53.000023 161.254898
v 161.831024 53.000023 160.073685
v 161.953842 58.500023 159.728088
v 161.988861 53.000023 158.570999
v 155.205521 53.000023 160.345474
v 155.014877 49.000023 159.571991
v 155.061539 53.000023 158.029297
v 155.737198 49.000023 161.358505
v 156.265427 53.000023 161.954758
v 157.561646 49.000023 162.792755
v 158.033905 53.000023 162.919724
v 159.482147 49.000023 162.970840
v 159.961227 53.000023 162.900009
v 160.947922 49.000023 162.523361
v 161.603699 53.000023 162.070709
v 162.305649 49.000023 161.281799
v 162.541824 53.000023 160.858887
v 162.883774 49.000023 159.957260
v 162.987427 53.000023 159.484207
v 162.985138 49.000023 158.428009
v 145.239914 46.991005 160.719147
v 145.149994 24.600023 159.000000
v 145.279007 24.600023 160.885910
v 145.150909 47.000515 158.669235
v 145.961121 24.600023 163.760956
v 146.480087 45.000027 164.994324
v 147.166290 24.600027 166.196243
v 149.251587 45.000042 168.930984
v 148.906097 24.600016 168.524017
v 150.755005 46.994747 170.156555
v 151.823120 24.600031 170.882126
v 149.436905 47.076645 168.914886
v 154.651718 45.000023 172.179230
v 155.310150 24.600025 172.380539
v 158.115585 45.000019 172.850403
v 158.999954 24.600025 172.880325
v 161.638306 45.000019 172.625320
v 162.689865 24.600025 172.380524
v 165.659714 45.000389 171.187332
v 166.176910 24.600031 170.882126
v 167.245026 46.994743 170.156540
v 165.636993 47.000023 171.156189
v 169.093857 24.600016 168.524063
v 170.833710 24.600027 166.196243
v 171.519928 45.000027 164.994308
v 172.038895 24.600023 163.760925
v 172.420380 45.000023 162.422836
v 172.843094 24.600025 160.074432
v 172.754944 46.998493 160.760071
v 172.374039 47.069302 162.330154
v 146.280792 24.600023 160.828751
v 146.165848 24.100023 160.081665
v 146.163452 24.600023 158.081909
v 146.876328 24.600025 163.347610
v 146.990479 24.100025 163.653656
v 148.189896 24.600027 165.947235
v 148.189896 24.100027 165.947235
v 149.777969 24.600027 167.991089
v 150.008972 24.100027 168.222076
v 152.684586 24.600027 170.225006
v 152.971283 24.100027 170.381546
v 156.102905 24.600027 171.549591
v 156.422043 24.100027 171.619019
v 159.000000 24.600027 171.850006
v 159.000000 24.100027 171.850006
v 161.577972 24.600027 171.619019
v 161.897110 24.100027 171.549591
v 164.338089 24.600027 170.688766
v 164.338089 24.100027 170.688766
v 166.587128 24.600027 169.407730
v 166.848618 24.100027 169.211990
v 169.320511 24.600027 166.725845
v 169.302444 24.100027 166.712311
v 170.688766 24.100027 164.338089
v 171.057922 24.600025 163.497360
v 171.575256 24.100023 161.735535
v 171.719208 24.600023 160.828751
v 171.850006 24.100023 159.000000
v 171.836548 24.600023 158.081818
v 145.092361 20.000502 159.000000
v 145.092361 22.999588 159.000000
v 145.141693 24.099993 159.929672
v 145.778961 20.000116 163.219177
v 145.778961 22.999937 163.219193
v 145.954773 24.100031 163.740005
v 147.173279 20.052990 166.231857
v 147.663940 20.592113 166.958557
v 147.898132 21.445311 167.277374
v 147.574936 24.099316 166.852203
v 147.621765 22.526491 166.900528
v 147.067703 22.982121 166.042557
v 150.197311 24.099955 169.731827
v 151.003510 20.624897 170.311661
v 151.798065 20.044233 170.837753
v 155.420868 19.999847 172.460129
v 152.628098 24.100027 171.297211
v 155.420837 23.000191 172.460129
v 155.300400 24.100065 172.378357
v 159.896698 19.999952 172.850327
v 159.000031 24.100071 172.880692
v 159.896744 23.000095 172.850311
v 163.407822 19.999994 172.160400
v 162.699600 24.100065 172.378357
v 163.407791 23.000057 172.160416
v 166.261337 20.059923 170.803955
v 166.960632 20.598772 170.334534
v 166.176086 24.099442 170.866058
v 166.053146 22.981178 170.924133
v 167.279327 21.453178 170.102158
v 166.904648 22.514423 170.378036
v 168.453354 24.100027 169.122086
v 170.377350 20.485003 166.902069
v 170.097534 21.577120 167.282669
v 170.923615 20.018890 166.057846
v 170.378952 24.099463 166.921036
v 170.349625 22.429995 166.938980
v 170.831131 22.949770 166.224258
v 172.221039 20.000116 163.219223
v 172.045212 24.100031 163.740051
v 172.221024 22.999939 163.219238
v 172.907639 20.000502 159.000000
v 172.858307 24.099993 159.929672
v 172.907639 22.999588 159.000000
v 167.233551 21.839125 150.763718
v 170.247391 22.265972 150.914078
v 166.793365 22.594364 151.205399
v 170.852646 22.960371 151.816849
v 166.048141 22.988529 151.953156
v 166.215042 22.971018 166.232773
v 167.051544 22.285921 167.048370
v 167.272827 21.352669 167.271500
v 166.922882 20.550558 166.924911
v 166.146896 20.021605 166.166824
v 166.230316 20.030552 151.752472
v 170.726440 20.093336 151.600067
v 167.132141 20.840546 150.873001
v 170.143051 21.089615 150.772476
v 165.146896 48.991497 169.138321
v 147.145676 48.991680 159.254028
v 155.615082 49.000641 147.564728
v 153.465454 46.998760 146.283585
v 155.195023 47.076633 145.760681
v 170.590942 49.000549 161.786392
v 150.789246 49.000641 167.649078
v 172.656540 18.992914 156.718597
v 172.221024 20.000116 154.780777
v 172.028732 19.007540 154.219238
v 172.720993 24.100023 157.114090
v 172.221024 22.999939 154.780777
v 172.045212 24.100029 154.259949
v 170.480347 18.996607 151.225174
v 170.401962 24.099398 151.115601
v 167.694733 19.010090 148.178360
v 167.799896 24.100010 148.265289
v 166.971939 20.594936 147.671127
v 167.281204 21.567816 147.899353
v 166.188980 20.038578 147.154907
v 165.255585 18.997705 146.641907
v 166.941605 22.427767 147.652237
v 166.229080 22.946218 147.176834
v 163.407776 19.999989 145.839600
v 162.720810 18.989861 145.628082
v 165.371902 24.100023 146.702789
v 162.579193 23.000187 145.539886
v 162.699615 24.100061 145.621658
v 159.896698 19.999949 145.149689
v 160.146835 18.997101 145.197571
v 157.853180 18.997099 145.197571
v 158.999985 24.100067 145.119324
v 158.103256 23.000092 145.149704
v 155.420837 19.999844 145.539886
v 155.279190 18.989868 145.628098
v 155.300385 24.100061 145.621658
v 154.592255 23.000053 145.839584
v 152.748718 18.996592 146.640961
v 151.770813 20.053883 147.176956
v 150.825714 18.998915 147.815292
v 151.058319 20.572376 147.652298
v 151.824417 24.099442 147.130280
v 148.852051 19.014046 149.491348
v 149.546646 24.100023 148.877914
v 147.752548 20.734049 150.914093
v 147.200912 18.997099 151.748520
v 147.147354 20.039682 151.816833
v 147.618423 24.099487 151.083832
v 145.971252 19.007545 154.219269
v 145.778961 20.000116 154.780823
v 145.954773 24.100031 154.260010
v 145.778961 22.999939 154.780823
v 145.343460 18.992918 156.718582
v 145.279007 24.100023 157.114090
v 167.991089 24.100023 149.777969
v 165.167587 24.100023 147.704849
v 170.225006 24.100023 152.684586
v 161.740417 24.100023 146.402710
v 171.549591 24.100023 156.102905
v 158.081909 24.100023 146.163452
v 155.379730 24.100023 146.670517
v 152.832397 24.100023 147.704865
v 150.585037 24.100023 149.288620
v 148.592285 24.100023 151.412857
v 146.942093 24.100023 154.502609
v 146.280792 24.100023 157.171249
v 171.329483 24.600023 155.379730
v 170.381546 24.600023 152.971283
v 168.222076 24.600023 150.008972
v 165.178406 24.600023 147.685028
v 161.735596 24.600023 146.424774
v 158.080322 24.600023 146.140930
v 154.502625 24.600023 146.942093
v 152.052765 24.600023 148.189896
v 149.900009 24.600023 149.900009
v 147.774979 24.600023 152.684631
v 146.670517 24.600023 155.379730
v 147.707825 24.600023 150.929657
v 150.260696 24.600021 148.216431
v 153.467972 24.600016 146.270706
v 146.296631 24.600023 153.482147
v 145.406525 24.600025 156.149948
v 157.108704 24.600023 145.247223
v 160.891312 24.600023 145.247223
v 164.532028 24.600016 146.270691
v 167.739349 24.600021 148.216461
v 170.292160 24.600023 150.929642
v 171.703369 24.600023 153.482147
v 172.593491 24.600025 156.150009
v 172.388626 45.000046 155.241730
v 170.625977 45.000027 151.422226
v 168.342560 45.000019 148.737091
v 166.183670 45.000565 147.160263
v 164.534561 46.998756 146.283585
v 166.209076 47.000023 147.174103
v 159.949295 45.000023 145.150223
v 155.270294 45.000065 145.605103
v 149.657455 45.000019 148.737091
v 147.374008 45.000027 151.422256
v 145.611389 45.000046 155.241684
v 145.153778 45.000332 158.698349
v 163.459778 49.000031 150.411896
v 164.706604 48.991493 148.607498
v 162.656204 49.000011 153.025391
v 168.782074 48.998726 161.690079
v 156.215118 48.997589 148.824326
v 162.305649 49.000023 156.718201
v 162.818771 49.000038 155.240417
v 161.272263 49.000023 155.708069
v 167.610260 48.994633 162.029694
v 159.961227 49.000023 155.100006
v 166.670944 48.996883 162.670975
v 157.259323 48.992233 149.997452
v 158.033905 49.000023 155.080276
v 158.293594 48.997307 150.509232
v 156.336380 49.000023 155.993515
v 155.225296 49.000023 157.568527
v 162.346054 49.000011 165.153656
v 164.207626 49.000031 167.156326
v 153.834717 49.000038 157.572647
v 160.346436 49.000038 164.186935
v 151.997696 49.000011 158.820969
v 152.000000 48.997696 163.857132
v 149.332581 49.000031 159.431793
v 152.073898 48.992233 165.008759
v 151.580017 48.997593 166.499680
v 162.794510 53.000023 157.654541
v 161.734589 53.000023 156.045258
v 159.966110 53.000023 155.080276
v 158.038773 53.000023 155.100006
v 156.322906 53.000023 155.978302
v 159.994644 53.000023 156.111801
v 161.447174 53.000023 157.231201
v 158.213898 53.000023 156.084656
v 156.949081 53.000023 156.783951
v 156.154144 53.000023 157.990860
v 161.845856 58.500023 157.990829
v 161.050934 58.500023 156.783951
v 159.786118 58.500023 156.084656
v 158.005371 58.500023 156.111801
v 156.552841 58.500023 157.231201
v 158.930054 14.500023 155.779999
v 157.441650 14.500023 156.181320
v 156.126648 14.500024 157.491928
v 161.644577 14.500023 157.174637
v 160.500885 14.500023 156.140320
v 162.035553 17.000023 157.923508
v 160.932709 17.000023 156.376770
v 159.069962 17.000023 155.779999
v 157.565506 17.000023 156.116318
v 156.389694 17.000023 157.113281
v 155.892990 17.000023 158.234192
v 147.386261 17.000172 156.499573
v 148.593750 16.999882 153.280807
v 155.278397 17.000132 147.730942
v 158.081619 17.000097 147.149292
v 150.190811 17.001371 151.069687
v 151.865158 17.000185 149.492752
v 148.328781 17.000023 160.322006
v 162.319244 16.999598 147.587326
v 157.572525 17.000023 152.031830
v 149.563232 17.000023 160.809616
v 158.419815 17.000023 152.684799
v 166.134857 17.000185 149.492752
v 159.458557 17.000023 152.700638
v 150.869553 17.000023 160.139938
v 160.369553 17.000023 152.139938
v 167.809219 17.001371 151.069717
v 169.406235 16.999882 153.280762
v 157.572525 17.000027 168.031830
v 167.328781 17.000023 160.322006
v 158.419815 17.000027 168.684799
v 159.458557 17.000027 168.700638
v 160.369553 17.000027 168.139938
v 169.696365 17.000023 160.292709
v 168.563232 17.000023 160.809616
v 155.799469 45.006462 148.058502
v 156.432373 46.424877 149.142899
v 157.022293 45.001297 149.803787
v 158.220963 45.004730 150.487366
v 165.224335 44.999996 169.377884
v 164.372925 44.999924 167.478302
v 162.787598 45.000011 165.506500
v 160.678467 45.000027 164.282455
v 162.885010 45.000027 170.440170
v 159.000000 45.000034 171.110977
v 155.114990 45.000027 170.440170
v 163.655884 44.999897 150.107910
v 162.740997 45.000015 152.466599
v 162.735535 45.000027 154.905304
v 146.920471 45.000004 159.207367
v 148.971207 44.999897 159.413956
v 151.471420 45.000015 159.026901
v 153.586060 45.000027 157.812363
v 150.675308 45.000019 167.788284
v 151.124695 45.006462 167.242447
v 151.747314 46.425026 166.152237
v 152.024704 45.001297 165.310867
v 152.017365 45.004730 163.931030
v 148.102936 45.000023 164.226120
v 149.530045 45.000023 166.459366
v 170.783401 45.000000 161.817123
v 170.198135 47.226471 161.726120
v 169.387695 45.001812 161.676147
v 168.711960 46.660511 161.725906
v 167.704300 45.004414 161.977005
v 166.696106 45.003624 162.639832
v 169.897064 45.000023 164.226135
v 147.067734 25.000023 160.715607
v 147.696213 25.000021 163.275482
v 149.360901 25.000025 166.289886
v 151.105682 25.000027 168.110535
v 153.178711 25.000015 169.584503
v 156.317490 25.000029 170.781235
v 159.000000 25.000027 171.054962
v 161.682541 25.000029 170.781235
v 164.821289 25.000015 169.584503
v 166.894318 25.000027 168.110535
v 168.639145 25.000027 166.289841
v 170.303787 25.000021 163.275513
v 170.932266 25.000023 160.715607
v 150.819794 20.991899 167.175079
v 151.199661 20.420650 166.803101
v 151.892807 20.015522 166.110504
v 151.949539 20.012362 151.950790
v 151.206619 20.405697 151.205383
v 150.769104 21.157146 150.764465
v 160.296707 18.000023 152.222153
v 159.213913 18.000023 152.761719
v 158.179245 18.000023 152.563904
v 157.529068 18.000023 151.968872
v 170.132950 18.000023 159.660202
v 169.336716 18.000023 160.594238
v 168.077332 18.000023 160.714890
v 167.130463 18.000023 160.139938
v 160.296707 18.000027 168.222153
v 159.213913 18.000027 168.761719
v 158.179245 18.000027 168.563904
v 157.529068 18.000027 167.968872
v 150.796707 18.000023 160.222153
v 149.436768 18.000023 160.809616
v 148.130463 18.000023 160.139938
vn 0.9990 -0.0250 0.0361
vn 0.8499 0.0200 0.5266
vn 0.8113 -0.0204 0.5842
vn 0.9916 0.0177 -0.1282
vn 0.4667 0.0211 0.8842
vn 0.3033 -0.0410 0.9520
vn -0.1060 -0.0002 0.9944
vn -0.4076 -0.6310 0.6601
vn -0.7058 -0.0084 0.7083
vn -0.9854 -0.0131 0.1697
vn -0.7775 -0.6246 0.0737
vn 0.7620 -0.6462 0.0434
vn 0.8466 0.0144 0.5320
vn 0.6499 -0.0409 0.7589
vn 0.9994 0.0115 -0.0338
vn 0.2497 0.0214 0.9681
vn -0.0946 -0.6402 0.7623
vn -0.5343 0.0537 0.8436
vn -0.5851 -0.6345 0.5050
vn -0.9878 0.0299 0.1530
vn -0.7656 -0.6416 -0.0467
vn 0.7610 -0.6471 0.0452
vn 0.8510 0.0230 0.5247
vn 0.6476 -0.0433 0.7607
vn 0.2506 0.0177 0.9679
vn -0.1025 -0.6374 0.7637
vn -0.5270 0.0445 0.8487
vn -0.5204 -0.6593 0.5426
vn -0.9289 0.0322 0.3688
vn -0.7444 -0.6479 0.1614
vn -0.9707 0.0222 -0.2392
vn 0.7620 -0.6461 0.0434
vn -0.1231 -0.0273 0.9920
vn 0.9978 -0.0633 -0.0180
vn 0.9998 -0.0135 0.0153
vn 0.9289 -0.3699 -0.0175
vn 0.8642 -0.5030 0.0127
vn 0.5940 -0.8043 -0.0131
vn 0.4744 -0.8803 0.0101
vn 0.9987 -0.0480 -0.0194
vn 0.9980 0.0616 0.0140
vn 0.9652 -0.2612 -0.0147
vn 0.7743 -0.6329 0.0047
vn 0.5843 -0.8115 -0.0066
vn 0.0959 -0.9954 0.0040
vn 0.0812 -0.9933 0.0817
vn 0.5877 -0.8091 -0.0054
vn -0.0174 -0.0774 0.9968
vn -0.0161 -0.2456 0.9692
vn 0.0318 -0.3104 0.9501
vn 0.0396 -0.6246 0.7799
vn -0.0240 -0.7998 0.5998
vn 0.0094 -0.9933 0.1152
vn -0.4322 0.8966 0.0968
vn -0.9758 0.0030 0.2187
vn -0.6718 0.6969 0.2510
vn -0.9999 0.0002 0.0155
vn -0.9882 -0.0071 0.1529
vn -0.9988 -0.0016 0.0496
vn -0.8750 0.0036 0.4841
vn -0.4140 0.8810 0.2290
vn -0.8971 -0.0029 0.4417
vn -0.7055 0.0042 0.7087
vn -0.7467 -0.0036 0.6651
vn -0.2207 0.8872 0.4051
vn -0.4784 0.0047 0.8781
vn -0.2466 0.6926 0.6779
vn -0.5613 -0.0032 0.8276
vn -0.4050 -0.0029 0.9143
vn -0.0276 0.7397 0.6723
vn -0.0601 0.6805 0.7302
vn -0.1250 0.6998 0.7033
vn 0.0509 -0.0000 0.9987
vn 0.1032 -0.0068 0.9946
vn 0.1038 0.8939 0.4361
vn 0.3967 -0.0021 0.9179
vn 0.1228 0.8664 0.4840
vn 0.4102 -0.0027 0.9120
vn 0.4784 0.0044 0.8781
vn 0.5593 -0.0033 0.8290
vn 0.3327 0.8819 0.3342
vn 0.7055 0.0042 0.7087
vn 0.3170 0.8934 0.3184
vn 0.7467 -0.0036 0.6651
vn 0.8750 0.0036 0.4841
vn 0.9077 -0.0063 0.4195
vn 0.4529 0.8858 0.1015
vn 0.9931 -0.0032 0.1170
vn 0.7307 0.6799 0.0618
vn 0.9958 -0.0039 0.0911
vn 0.7889 0.0118 -0.6144
vn 0.7017 0.0267 -0.7119
vn 0.9374 0.0655 -0.3419
vn 0.8690 -0.0380 -0.4934
vn 0.8305 -0.0108 -0.5570
vn 0.2440 0.9555 -0.1656
vn 0.5566 0.8293 -0.0498
vn 0.8612 0.0215 -0.5079
vn 0.2982 0.8816 -0.3660
vn 0.9332 0.0897 0.3480
vn 0.8234 0.4530 0.3418
vn 0.7064 -0.0299 -0.7072
vn 0.9666 -0.0081 -0.2561
vn 0.9668 -0.0078 -0.2555
vn 0.9669 -0.0077 -0.2552
vn 0.9919 0.0053 0.1265
vn 0.9403 -0.0006 0.3404
vn 0.9345 -0.0008 0.3560
vn 0.9902 0.0011 0.1395
vn 0.9665 -0.0083 -0.2564
vn 0.0782 0.0017 0.9969
vn -0.2792 0.9317 0.2323
vn 0.1130 0.1170 0.9867
vn 0.0596 0.8602 0.5065
vn -0.1390 -0.0599 0.9885
vn 0.3402 0.0346 0.9397
vn -0.7704 0.0480 0.6358
vn -0.7755 0.0223 0.6310
vn -0.1993 0.4304 0.8803
vn -0.2798 0.4901 0.8255
vn 0.2933 -0.0068 0.9560
vn -0.0941 -0.9184 0.3842
vn -0.0798 -0.9447 0.3181
vn -0.2405 0.0083 0.9706
vn -0.3068 -0.0182 0.9516
vn -0.4122 0.1525 0.8982
vn 0.0351 -0.0155 0.9993
vn -0.5657 -0.0074 0.8246
vn -0.5948 0.0185 0.8036
vn -0.6683 -0.0194 0.7436
vn -0.6729 -0.0183 0.7395
vn -0.6868 0.0012 0.7268
vn -0.8294 0.0123 0.5585
vn -0.7015 -0.0182 0.7124
vn -0.8003 -0.0212 0.5992
vn -0.9773 -0.0376 0.2087
vn -0.3317 -0.9280 0.1696
vn -0.3657 -0.9109 0.1912
vn -0.8892 0.0221 0.4570
vn -0.9561 0.0059 0.2928
vn -0.9995 0.0299 0.0044
vn -0.9984 0.0138 -0.0553
vn -0.9896 -0.0102 -0.1436
vn -0.9936 -0.0760 0.0834
vn -0.3313 -0.9400 -0.0810
vn -0.2127 -0.9757 -0.0520
vn -0.9725 0.0354 -0.2302
vn -0.9777 -0.0280 -0.2081
vn -0.9255 -0.0019 -0.3786
vn -0.8768 -0.0056 -0.4807
vn -0.9649 0.0022 -0.2626
vn -0.2884 0.0002 -0.9575
vn -0.2073 0.0024 -0.9783
vn 0.8569 -0.0041 -0.5155
vn 0.2694 0.5146 -0.8140
vn -0.2877 -0.0005 -0.9577
vn 0.3187 0.5511 -0.7712
vn -0.0690 0.0125 -0.9975
vn -0.1184 -0.0211 -0.9927
vn 0.3078 -0.0376 -0.9507
vn 0.0180 -0.9281 -0.3720
vn 0.0163 -0.9112 -0.4117
vn 0.0485 0.0221 -0.9986
vn 0.2243 0.0059 -0.9745
vn 0.4247 -0.0760 -0.9022
vn 0.4959 0.0300 -0.8679
vn 0.5470 0.0138 -0.8370
vn 0.6191 -0.0102 -0.7852
vn 0.2363 -0.9399 -0.2466
vn 0.1514 -0.9757 -0.1582
vn 0.6856 0.0354 -0.7271
vn 0.6690 -0.0280 -0.7427
vn 0.7907 -0.0019 -0.6123
vn 0.8548 -0.0056 -0.5190
vn 0.7099 0.0022 -0.7043
vn 0.9729 0.0012 0.2314
vn 0.8984 0.0123 0.4390
vn 0.9677 -0.0182 0.2514
vn 0.9191 -0.0212 0.3935
vn 0.6694 -0.0376 0.7420
vn 0.3128 -0.9280 0.2024
vn 0.3485 -0.9109 0.2211
vn 0.8404 0.0221 0.5415
vn 0.7317 0.0059 0.6816
vn 0.5035 0.0299 0.8635
vn 0.4513 0.0138 0.8923
vn 0.3704 -0.0103 0.9288
vn 0.5690 -0.0760 0.8188
vn 0.0955 -0.9400 0.3274
vn 0.0613 -0.9757 0.2102
vn 0.2869 0.0354 0.9573
vn 0.3087 -0.0280 0.9508
vn 0.1349 -0.0019 0.9909
vn 0.0221 -0.0056 0.9997
vn 0.2550 0.0022 0.9669
vn -0.9672 0.0288 -0.2522
vn -0.7142 0.3894 -0.5816
vn -0.2065 0.6475 -0.7336
vn -0.5793 -0.7673 -0.2749
vn -0.4799 -0.8047 -0.3494
vn -0.9030 0.0202 -0.4292
vn -0.0622 0.9330 -0.3544
vn -0.9075 0.1097 -0.4054
vn -0.4679 0.8588 -0.2087
vn -0.8771 -0.0268 -0.4796
vn -0.7866 -0.0599 -0.6146
vn -0.9848 0.0344 -0.1701
vn -0.1494 0.0478 -0.9876
vn -0.1759 0.0258 -0.9841
vn -0.9682 -0.0306 -0.2484
vn -0.2356 -0.9447 -0.2281
vn -0.7204 0.0083 -0.6935
vn -0.6707 -0.0182 -0.7415
vn -0.5718 0.1525 -0.8061
vn -0.8743 -0.0139 -0.4852
vn -0.4313 -0.0074 -0.9022
vn -0.3985 0.0185 -0.9170
vn -0.3099 -0.0194 -0.9506
vn -0.3040 -0.0184 -0.9525
vn -0.7269 -0.6841 0.0595
vn -0.6413 -0.7354 0.2188
vn -0.6925 -0.6991 0.1780
vn -0.5518 -0.7014 0.4512
vn -0.5619 -0.7205 0.4063
vn -0.5490 -0.7016 0.4544
vn -0.6454 -0.6883 0.3313
vn -0.5392 -0.6834 0.4921
vn -0.4820 -0.7115 0.5113
vn -0.3036 -0.7338 0.6078
vn -0.4839 -0.4298 0.7623
vn -0.5156 -0.3540 0.7803
vn -0.3876 -0.6944 0.6063
vn -0.2659 -0.7030 0.6596
vn -0.0698 -0.7332 0.6764
vn -0.1145 -0.7086 0.6963
vn -0.0000 -0.4194 0.9078
vn -0.0000 -0.5146 0.8574
vn -0.0000 -0.6990 0.7152
vn 0.1451 -0.7000 0.6993
vn 0.1122 -0.7218 0.6830
vn 0.3138 -0.7294 0.6079
vn 0.2670 -0.7000 0.6624
vn 0.4464 -0.5175 0.7300
vn 0.4697 -0.4347 0.7684
vn 0.3715 -0.7026 0.6069
vn 0.4930 -0.6953 0.5230
vn 0.4550 -0.7166 0.5286
vn 0.5679 -0.7095 0.4171
vn 0.5687 -0.7105 0.4145
vn 0.5688 -0.7122 0.4113
vn 0.5679 -0.7078 0.4202
vn 0.6429 -0.7270 0.2411
vn 0.6454 -0.6943 0.3183
vn 0.6999 -0.7131 0.0404
vn 0.6968 -0.6946 0.1791
vn 0.6838 -0.7275 0.0557
vn -0.9670 0.0216 0.2538
vn -0.9996 -0.0205 -0.0209
vn -0.6858 -0.6644 0.2972
vn -0.6887 0.0153 0.7249
vn -0.4856 -0.6598 0.5735
vn -0.2584 0.0082 0.9660
vn -0.1518 -0.6583 0.7373
vn 0.2472 0.0207 0.9688
vn 0.2995 -0.6478 0.7005
vn 0.7590 0.0226 0.6507
vn 0.6780 -0.6513 0.3408
vn 0.9583 0.0189 0.2852
vn 0.9897 -0.0465 0.1355
vn -0.5957 0.6435 0.4807
vn -0.9887 -0.0060 0.1501
vn -0.8032 -0.0056 0.5957
vn -0.7635 0.6457 -0.0057
vn -0.6179 -0.0153 0.7861
vn -0.1965 0.6535 0.7310
vn -0.1407 -0.0081 0.9900
vn 0.2220 -0.0067 0.9750
vn 0.1798 0.6600 0.7295
vn 0.5119 0.6535 0.5575
vn 0.6631 -0.0028 0.7485
vn 0.9345 -0.0074 0.3558
vn 0.7368 0.6502 0.1852
vn 0.9944 -0.0156 0.1044
vn -0.9895 0.0195 0.1432
vn -0.9974 0.0355 0.0620
vn -0.9578 -0.0099 0.2874
vn -0.9267 -0.0283 0.3747
vn -0.7806 0.0099 0.6249
vn -0.8348 0.0283 0.5498
vn -0.6800 -0.0195 0.7330
vn -0.6176 -0.0355 0.7857
vn -0.2380 0.0171 0.9711
vn -0.4788 0.0287 0.8775
vn -0.1922 -0.0085 0.9813
vn 0.1022 -0.0142 0.9947
vn 0.0687 0.0094 0.9976
vn 0.2919 -0.0180 0.9563
vn 0.5096 0.0138 0.8603
vn 0.4506 0.0271 0.8923
vn 0.6237 -0.0138 0.7815
vn 0.6746 -0.0271 0.7377
vn 0.8851 0.0122 0.4653
vn 0.8950 -0.0057 0.4460
vn 0.9710 -0.0122 0.2386
vn 0.7906 0.0180 0.6120
vn 0.9657 0.0057 0.2597
vn 0.9976 -0.0180 0.0661
vn -0.9977 -0.0012 0.0682
vn -0.9991 0.0007 0.0434
vn -0.9732 -0.0030 0.2300
vn -0.9730 -0.0031 0.2308
vn -0.9765 0.0175 0.2149
vn -0.9438 0.0040 0.3305
vn -0.8962 -0.0040 0.4435
vn -0.8010 0.0016 0.5987
vn -0.8177 0.0064 0.5757
vn -0.6287 -0.0048 0.7777
vn -0.6594 0.0355 0.7509
vn -0.9364 0.0843 0.3408
vn -0.8227 0.4539 0.3424
vn -0.6279 -0.0049 0.7783
vn -0.4572 0.3464 0.8191
vn -0.5275 0.0006 0.8496
vn -0.4581 0.0003 0.8889
vn -0.5280 -0.0000 0.8493
vn -0.3948 -0.0037 0.9188
vn -0.1797 0.8987 0.4000
vn -0.1902 0.0035 0.9817
vn -0.1342 -0.0044 0.9909
vn 0.1342 -0.0050 0.9909
vn 0.0638 0.0042 0.9980
vn 0.5320 0.0050 0.8467
vn 0.3948 -0.0037 0.9188
vn 0.4031 -0.0035 0.9152
vn 0.3367 0.0061 0.9416
vn 0.5360 0.0104 0.8442
vn 0.5279 0.0192 0.8491
vn 0.6287 -0.0048 0.7777
vn 0.6596 0.0356 0.7508
vn 0.6279 -0.0049 0.7782
vn 0.8010 0.0016 0.5987
vn 0.8962 -0.0040 0.4435
vn 0.8177 0.0064 0.5757
vn 0.7772 0.0223 0.6288
vn 0.9770 -0.0043 0.2131
vn 0.9770 -0.0043 0.2132
vn 0.9438 0.0040 0.3305
vn 0.9763 0.0164 0.2159
vn 0.7733 0.0448 0.6324
vn 0.9990 0.0026 0.0450
vn -0.9785 -0.0664 0.1950
vn -0.9856 0.1637 0.0421
vn -0.9908 0.1088 0.0806
vn -0.9537 -0.0368 0.2986
vn -0.9238 0.0182 0.3824
vn -0.8869 0.0088 0.4619
vn -0.8861 -0.0000 0.4634
vn -0.7316 -0.0182 0.6815
vn -0.7886 -0.0088 0.6149
vn -0.6669 0.0271 0.7446
vn -0.7896 -0.0000 0.6136
vn -0.5215 -0.0231 0.8530
vn -0.4356 0.0230 0.8998
vn -0.2659 -0.0270 0.9636
vn -0.1778 0.0182 0.9839
vn -0.0909 0.0088 0.9958
vn -0.0892 -0.0000 0.9960
vn 0.1717 -0.0222 0.9849
vn 0.0909 -0.0088 0.9958
vn 0.2529 0.0221 0.9672
vn 0.0892 -0.0000 0.9960
vn 0.3310 0.0088 0.9436
vn 0.3326 -0.0000 0.9431
vn 0.5712 -0.0175 0.8206
vn 0.4949 -0.0000 0.8689
vn 0.4964 -0.0088 0.8681
vn 0.6435 0.0305 0.7649
vn 0.7951 -0.0280 0.6059
vn 0.7938 -0.0451 0.6064
vn 0.8886 0.0868 0.4505
vn 0.9319 -0.1030 0.3479
vn 0.9352 -0.1548 0.3185
vn 0.9920 -0.0455 0.1176
vn 0.9704 0.1102 0.2148
vn 0.9987 0.0446 0.0243
vn 0.9589 0.1549 0.2376
vn 0.9903 -0.1153 -0.0773
vn -0.9986 -0.0523 -0.0000
vn -0.9980 -0.0626 -0.0000
vn -0.9948 -0.0573 0.0842
vn -0.9686 -0.0498 0.2436
vn -0.9802 0.1169 0.1595
vn -0.9829 -0.0911 0.1600
vn -0.9949 -0.0359 0.0940
vn -0.9994 0.0258 0.0235
vn -0.9764 0.0574 0.2083
vn -0.8870 -0.0552 0.4585
vn -0.9062 0.0611 0.4183
vn -0.8188 0.0078 0.5741
vn -0.8326 0.0115 0.5537
vn -0.7759 -0.0109 0.6307
vn -0.9086 -0.0510 0.4144
vn -0.7426 -0.0109 0.6696
vn -0.8134 0.0249 0.5811
vn -0.8849 0.0679 0.4607
vn -0.8689 0.0368 0.4936
vn -0.8230 -0.0070 0.5680
vn -0.7343 -0.0089 0.6787
vn -0.7514 0.0120 0.6597
vn -0.7302 0.0007 0.6833
vn -0.7392 0.0178 0.6732
vn -0.5722 0.0035 0.8201
vn -0.5735 0.0020 0.8192
vn -0.5742 0.0004 0.8187
vn -0.5418 -0.0446 0.8394
vn -0.5624 0.0149 0.8267
vn -0.5842 -0.0021 0.8116
vn -0.4064 0.0838 0.9098
vn -0.3715 -0.0289 0.9280
vn -0.5406 0.0567 0.8394
vn -0.4073 -0.0715 0.9105
vn -0.3749 0.0278 0.9266
vn -0.1645 -0.0629 0.9844
vn -0.0861 0.1283 0.9880
vn -0.0000 -0.0477 0.9989
vn -0.1343 0.0588 0.9892
vn -0.0864 -0.0978 0.9914
vn 0.1649 -0.0059 0.9863
vn 0.1923 0.0741 0.9785
vn 0.1341 0.0820 0.9876
vn 0.1923 -0.0701 0.9788
vn 0.3711 -0.0583 0.9268
vn 0.4273 0.0649 0.9018
vn 0.5206 -0.0495 0.8524
vn 0.5589 -0.0030 0.8292
vn 0.3978 0.0749 0.9144
vn 0.5209 0.0103 0.8536
vn 0.4234 0.0005 0.9059
vn 0.4828 -0.0076 0.8757
vn 0.5853 0.0022 0.8108
vn 0.6459 -0.0052 0.7634
vn 0.6390 -0.0023 0.7692
vn 0.6478 -0.0021 0.7618
vn 0.5854 0.0195 0.8105
vn 0.6367 0.0058 0.7711
vn 0.6204 0.0152 0.7842
vn 0.6076 0.0350 0.7935
vn 0.7745 0.0137 0.6325
vn 0.7878 -0.0022 0.6159
vn 0.8017 -0.0162 0.5975
vn 0.7567 0.0173 0.6535
vn 0.8070 -0.0290 0.5898
vn 0.8656 -0.0103 0.5006
vn 0.8398 0.0008 0.5429
vn 0.8775 -0.0157 0.4794
vn 0.7810 0.0041 0.6245
vn 0.8204 -0.0083 0.5718
vn 0.8951 -0.0243 0.4452
vn 0.8322 -0.0087 0.5544
vn 0.9081 0.0586 0.4147
vn 0.8838 0.0670 0.4630
vn 0.9067 -0.0532 0.4185
vn 0.9686 -0.0498 0.2436
vn 0.9802 0.1169 0.1595
vn 0.9980 -0.0626 -0.0000
vn 0.9986 -0.0523 -0.0000
vn 0.9948 -0.0573 0.0842
vn 0.9764 0.0574 0.2083
vn 0.9946 -0.0346 0.0975
vn 0.9829 -0.0911 0.1600
vn 0.9995 0.0249 0.0198
vn -0.0259 0.3172 0.9480
vn -0.0330 -0.1166 0.9926
vn 0.0118 0.0570 0.9983
vn 0.0265 -0.4931 0.8696
vn 0.0082 -0.8812 0.4727
vn -0.0224 -0.7851 0.6189
vn 0.0116 -0.7597 -0.6501
vn -0.0048 -0.8072 -0.5903
vn 0.0219 -0.2276 -0.9735
vn -0.0147 -0.3700 -0.9289
vn 0.0015 0.3961 -0.9182
vn -0.0220 0.3240 -0.9458
vn 0.0116 0.8144 -0.5802
vn -0.0107 0.8724 -0.4886
vn 0.0003 0.9934 0.1151
vn -0.0095 0.9916 0.1287
vn 0.0130 0.7288 0.6846
vn -0.0262 0.6297 0.7764
vn 0.0142 0.2218 0.9750
vn 0.3769 0.7034 0.6026
vn 0.4720 0.6917 0.5466
vn 0.2030 0.9361 0.2871
vn 0.4064 0.7163 0.5673
vn -0.2742 0.5135 -0.8131
vn -0.7042 0.7081 0.0509
vn -0.3710 0.9047 -0.2094
vn -0.7063 0.6948 0.1354
vn -0.3334 0.7033 -0.6278
vn 0.3394 0.8216 -0.4579
vn -0.2881 0.7162 -0.6357
vn -0.1472 0.9365 -0.3184
vn -0.2374 0.6915 -0.6822
vn 0.7109 0.7026 0.0327
vn 0.2531 0.8335 0.4911
vn 0.6951 0.7155 0.0699
vn 0.3410 0.9395 0.0316
vn 0.1122 0.3602 0.9261
vn 0.5361 0.6440 0.5457
vn 0.7074 0.6927 0.1404
vn -0.3770 0.7034 0.6027
vn -0.5663 0.8216 -0.0650
vn -0.4065 0.7162 0.5673
vn -0.2024 0.9364 0.2869
vn -0.4721 0.6915 0.5467
vn 0.9948 -0.0573 -0.0842
vn 0.9686 -0.0498 -0.2436
vn 0.9802 0.1169 -0.1595
vn 0.9951 0.0856 -0.0485
vn 0.9813 -0.1073 -0.1597
vn 0.9720 0.0464 -0.2302
vn 0.8555 -0.0143 -0.5176
vn 0.8875 -0.0423 -0.4588
vn 0.8161 -0.0261 -0.5774
vn 0.9039 0.0641 -0.4229
vn 0.9069 -0.0530 -0.4180
vn 0.7638 -0.0165 -0.6452
vn 0.8352 -0.0076 -0.5500
vn 0.8340 -0.0097 -0.5517
vn 0.9060 -0.0318 -0.4220
vn 0.8844 0.0654 -0.4622
vn 0.7377 -0.0270 -0.6746
vn 0.9217 -0.0350 -0.3864
vn 0.7286 -0.0034 -0.6849
vn 0.7385 0.0133 -0.6742
vn 0.5716 0.0026 -0.8205
vn 0.5139 -0.3560 -0.7805
vn 0.5720 -0.0017 -0.8203
vn 0.5785 -0.0002 -0.8157
vn 0.5419 -0.0425 -0.8393
vn 0.4833 -0.4277 -0.7639
vn 0.5623 0.0145 -0.8268
vn 0.5843 -0.0024 -0.8115
vn 0.4260 0.0629 -0.9026
vn 0.3709 -0.0582 -0.9269
vn 0.5403 0.0565 -0.8396
vn 0.4073 -0.0715 -0.9105
vn 0.3749 0.0278 -0.9267
vn 0.1923 0.0741 -0.9785
vn 0.1649 -0.0059 -0.9863
vn -0.0000 -0.5727 -0.8198
vn -0.0000 -0.0477 -0.9989
vn -0.0000 -0.3381 -0.9411
vn 0.1343 0.0588 -0.9892
vn 0.0864 -0.0978 -0.9914
vn -0.0861 0.1283 -0.9880
vn -0.1645 -0.0629 -0.9844
vn -0.1341 0.0820 -0.9876
vn -0.1923 -0.0701 -0.9788
vn -0.3715 -0.0289 -0.9280
vn -0.4067 0.0849 -0.9096
vn -0.4453 -0.5212 -0.7281
vn -0.5206 -0.0494 -0.8524
vn -0.4705 -0.4316 -0.7696
vn -0.5569 -0.0037 -0.8306
vn -0.5188 0.0036 -0.8549
vn -0.4276 -0.0154 -0.9038
vn -0.4984 -0.0127 -0.8669
vn -0.3970 0.0744 -0.9148
vn -0.5839 0.0023 -0.8118
vn -0.5839 0.0022 -0.8118
vn -0.5840 0.0022 -0.8118
vn -0.6418 -0.0082 -0.7668
vn -0.6416 -0.0029 -0.7670
vn -0.6473 -0.0019 -0.7622
vn -0.6112 0.0134 -0.7914
vn -0.6218 0.0203 -0.7829
vn -0.7606 0.0256 -0.6487
vn -0.7930 -0.0029 -0.6093
vn -0.8016 -0.0185 -0.5975
vn -0.8001 -0.0136 -0.5998
vn -0.8067 -0.0274 -0.5903
vn -0.8285 -0.0059 -0.5599
vn -0.8165 0.0233 -0.5769
vn -0.7529 0.0115 -0.6581
vn -0.7799 0.0040 -0.6259
vn -0.8551 0.0221 -0.5180
vn -0.8952 -0.0168 -0.4454
vn -0.9065 0.0607 -0.4177
vn -0.8845 0.0552 -0.4633
vn -0.9043 -0.0558 -0.4233
vn -0.9686 -0.0498 -0.2436
vn -0.9802 0.1169 -0.1595
vn -0.9948 -0.0573 -0.0842
vn -0.9720 0.0464 -0.2302
vn -0.9813 -0.1073 -0.1597
vn -0.9951 0.0856 -0.0485
vn 0.0002 1.0000 -0.0001
vn 0.0004 1.0000 -0.0003
vn 0.0001 1.0000 -0.0000
vn -0.0000 1.0000 -0.0000
vn 0.0003 1.0000 -0.0003
vn -0.0000 1.0000 0.0001
vn -0.0003 1.0000 -0.0004
vn 0.0001 1.0000 0.0002
vn 0.0004 1.0000 0.0002
vn -0.0000 1.0000 -0.0002
vn -0.0000 1.0000 -0.0001
vn 0.0001 1.0000 0.0001
vn -0.0004 1.0000 -0.0002
vn 0.0001 1.0000 0.0003
vn 0.0002 1.0000 0.0004
vn 0.0002 1.0000 0.0003
vn -0.0005 1.0000 0.0003
vn -0.0006 1.0000 0.0004
vn -0.0001 1.0000 0.0001
vn -0.0003 1.0000 0.0001
vn 0.9818 -0.1605 -0.1018
vn 0.9408 -0.0664 -0.3323
vn 0.9696 0.1637 -0.1820
vn 0.9692 0.1088 -0.2208
vn 0.8989 -0.0328 -0.4368
vn 0.8530 0.0230 -0.5215
vn 0.7400 -0.0224 -0.6723
vn 0.6701 0.0266 -0.7418
vn 0.4779 -0.0352 -0.8777
vn 0.4774 -0.0451 -0.8775
vn 0.2124 0.0373 -0.9765
vn 0.2123 0.0451 -0.9762
vn -0.0615 -0.0301 -0.9976
vn -0.0600 -0.0451 -0.9972
vn -0.2414 0.0867 -0.9665
vn -0.3473 -0.1030 -0.9321
vn -0.3717 -0.1548 -0.9154
vn -0.5608 -0.0455 -0.8267
vn -0.4484 0.1548 -0.8803
vn -0.4731 0.1102 -0.8741
vn -0.6357 0.0445 -0.7707
vn -0.7069 -0.1152 -0.6978
vn -0.7199 -0.1605 -0.6753
vn -0.8582 -0.1850 -0.4788
vn -0.7724 0.2367 -0.5894
vn -0.7920 0.1851 -0.5818
vn -0.8570 -0.2366 -0.4577
vn -0.9651 -0.0445 -0.2581
vn -0.9284 0.1152 -0.3531
vn -0.9851 0.0446 -0.1662
vn -0.9133 0.1605 -0.3743
vn -0.9912 -0.1152 -0.0645
vn -0.9863 -0.1605 -0.0390
vn -0.0000 -1.0000 -0.0000
vn 0.9998 -0.0015 -0.0200
vn 0.9980 -0.0045 -0.0635
vn 0.9890 0.0051 -0.1477
vn 0.9912 0.0041 -0.1323
vn 0.9544 -0.0055 -0.2986
vn 0.9486 -0.0046 -0.3165
vn 0.8751 -0.0026 -0.4838
vn 0.9080 0.0056 -0.4190
vn 0.7283 -0.0040 -0.6852
vn 0.7618 0.0032 -0.6478
vn 0.3816 0.7626 -0.5224
vn 0.2748 0.8849 -0.3760
vn 0.5898 0.0032 -0.8075
vn 0.5187 -0.0047 -0.8550
vn 0.3898 0.0090 -0.9209
vn 0.4698 0.0004 -0.8828
vn 0.3986 0.0005 -0.9171
vn 0.4695 0.0001 -0.8829
vn 0.2706 -0.0048 -0.9627
vn 0.1814 0.0037 -0.9834
vn -0.0000 -0.0048 -1.0000
vn -0.0968 0.0087 -0.9953
vn -0.2706 -0.0075 -0.9627
vn -0.3953 0.0166 -0.9184
vn 0.1354 0.4644 -0.8752
vn -0.4104 0.0005 -0.9119
vn 0.1658 0.0777 -0.9831
vn -0.5187 -0.0047 -0.8550
vn -0.4693 0.0002 -0.8830
vn -0.4695 0.0003 -0.8829
vn -0.2746 0.8849 -0.3762
vn -0.3826 0.7614 -0.5233
vn -0.5895 0.0032 -0.8078
vn -0.7283 -0.0040 -0.6853
vn -0.7618 0.0032 -0.6478
vn -0.8752 -0.0026 -0.4838
vn -0.4994 0.8632 -0.0745
vn -0.9486 -0.0046 -0.3165
vn -0.9548 -0.0025 -0.2971
vn -0.9080 0.0056 -0.4190
vn -0.9960 -0.0011 -0.0896
vn -0.2714 0.3127 -0.9103
vn 0.2779 -0.0153 -0.9605
vn -0.1390 -0.0147 -0.9902
vn 0.0012 1.0000 -0.0003
vn 0.1470 0.9362 -0.3191
vn -0.0056 1.0000 0.0029
vn 0.0005 1.0000 -0.0003
vn -0.0016 1.0000 -0.0028
vn 0.0007 1.0000 -0.0029
vn -0.0154 0.9677 0.2518
vn 0.0003 1.0000 -0.0000
vn 0.0005 1.0000 -0.0001
vn 0.0025 1.0000 0.0028
vn 0.0003 1.0000 0.0002
vn -0.0002 1.0000 -0.0005
vn 0.3368 0.9283 -0.1579
vn 0.0012 1.0000 0.0001
vn 0.0013 1.0000 -0.0068
vn -0.0011 1.0000 -0.0019
vn 0.0006 1.0000 0.0002
vn -0.0000 1.0000 -0.0003
vn 0.0004 1.0000 -0.0000
vn 0.0012 1.0000 0.0003
vn -0.0004 1.0000 -0.0004
vn -0.0003 1.0000 -0.0003
vn -0.0001 1.0000 -0.0002
vn 0.0006 1.0000 -0.0000
vn 0.0013 1.0000 0.0011
vn 0.0003 1.0000 0.0001
vn -0.0002 1.0000 0.0002
vn -0.0001 1.0000 0.0005
vn -0.0002 1.0000 0.0005
vn -0.0002 1.0000 0.0004
vn -0.0001 1.0000 0.0003
vn -0.0028 1.0000 0.0007
vn -0.0016 1.0000 0.0028
vn -0.0011 1.0000 0.0016
vn 0.0053 1.0000 0.0034
vn -0.0006 1.0000 -0.0011
vn -0.0004 1.0000 0.0005
vn -0.0067 1.0000 0.0025
vn -0.3051 0.9283 -0.2127
vn 0.9851 0.0138 -0.1714
vn 0.9941 0.0271 -0.1048
vn 0.9519 -0.0138 -0.3061
vn 0.9290 -0.0271 -0.3692
vn 0.6753 0.0181 -0.7373
vn 0.7374 -0.0083 -0.6754
vn 0.5638 -0.0085 -0.8259
vn 0.8348 0.0267 -0.5498
vn 0.2380 0.0080 -0.9712
vn 0.2204 -0.0051 -0.9754
vn -0.2393 -0.0022 -0.9709
vn -0.2393 0.0051 -0.9709
vn -0.6744 0.0098 -0.7383
vn -0.6631 -0.0051 -0.7485
vn -0.9331 -0.0107 -0.3594
vn -0.9043 0.0121 -0.4267
vn -0.9941 -0.0287 -0.1044
vn 0.5403 0.8393 -0.0599
vn 0.9466 -0.0094 -0.3221
vn 0.9270 -0.0154 -0.3748
vn 0.8004 0.0089 -0.5994
vn 0.8350 0.0154 -0.5500
vn 0.6489 -0.0151 -0.7607
vn 0.6103 -0.0204 -0.7919
vn 0.1786 0.6551 -0.7341
vn 0.4838 0.0140 -0.8751
vn 0.0789 0.0049 -0.9969
vn -0.2462 0.6448 -0.7236
vn -0.2364 -0.0042 -0.9716
vn -0.4838 -0.0140 -0.8751
vn -0.3570 0.8351 -0.4185
vn -0.8004 -0.0089 -0.5994
vn -0.8350 -0.0154 -0.5500
vn -0.9401 0.0212 -0.3402
vn -0.9894 -0.0133 -0.1445
vn 0.6137 -0.6663 -0.4236
vn -0.0148 -0.6593 -0.7517
vn 0.3393 -0.6600 -0.6703
vn -0.3726 -0.6589 -0.6535
vn 0.5527 -0.8161 -0.1687
vn 0.9824 0.0139 -0.1861
vn 0.9939 0.0347 -0.1048
vn 0.5882 0.0263 -0.8083
vn 0.8133 0.0465 -0.5799
vn 0.0385 0.0164 -0.9991
vn -0.4448 0.0080 -0.8956
vn -0.7957 0.0126 -0.6056
vn -0.8782 -0.0216 -0.4779
vn -0.9755 0.0205 -0.2189
vn -0.0000 -1.0000 -0.0001
vn -0.0001 -1.0000 -0.0000
vn 0.0006 -1.0000 -0.0002
vn 0.0004 -1.0000 -0.0002
vn -0.0002 -1.0000 0.0003
vn 0.0004 -1.0000 -0.0007
vn -0.0001 -1.0000 0.0001
vn -0.0000 -1.0000 0.0001
vn 0.0001 -1.0000 -0.0001
vn 0.0005 -1.0000 0.0002
vn -0.0001 -1.0000 -0.0001
vn 0.0002 -1.0000 0.0004
vn 0.0001 -1.0000 -0.0000
vn -0.0002 -1.0000 -0.0004
vn -0.0006 -1.0000 -0.0002
vn 0.0001 -1.0000 0.0001
vn -0.0004 -1.0000 0.0002
vn -0.0004 -1.0000 0.0019
vn -0.0006 -1.0000 0.0001
vn -0.0004 -1.0000 0.0001
vn 0.0002 -1.0000 -0.0004
vn 0.3334 0.7034 -0.6278
vn 0.2373 0.6917 -0.6821
vn 0.2881 0.7163 -0.6355
vn 0.7269 -0.6841 -0.0595
vn 0.6413 -0.7354 -0.2188
vn 0.6925 -0.6991 -0.1780
vn 0.5513 -0.7008 -0.4527
vn 0.5619 -0.7206 -0.4063
vn 0.5484 -0.7007 -0.4565
vn 0.6454 -0.6882 -0.3313
vn 0.5383 -0.6820 -0.4951
vn 0.4831 -0.7100 -0.5124
vn 0.3036 -0.7338 -0.6078
vn 0.3854 -0.6956 -0.6063
vn 0.2660 -0.7030 -0.6596
vn 0.0698 -0.7332 -0.6764
vn 0.1145 -0.7086 -0.6963
vn -0.0000 -0.6989 -0.7152
vn -0.1451 -0.7000 -0.6992
vn -0.1122 -0.7218 -0.6830
vn -0.3138 -0.7294 -0.6079
vn -0.2670 -0.7000 -0.6624
vn -0.3715 -0.7026 -0.6069
vn -0.4545 -0.7169 -0.5287
vn -0.4930 -0.6953 -0.5230
vn -0.5679 -0.7094 -0.4174
vn -0.5686 -0.7104 -0.4147
vn -0.5688 -0.7122 -0.4113
vn -0.5678 -0.7076 -0.4207
vn -0.6429 -0.7270 -0.2411
vn -0.6454 -0.6943 -0.3183
vn -0.6999 -0.7131 -0.0404
vn -0.6968 -0.6946 -0.1791
vn -0.6838 -0.7275 -0.0557
vn 0.9702 0.0149 -0.2418
vn 0.4668 0.8812 -0.0752
vn 0.7467 -0.6102 -0.2648
vn 0.9368 -0.0990 -0.3356
vn 0.1979 -0.9779 -0.0667
vn 0.8169 0.0729 -0.5721
vn 0.7674 0.0205 -0.6409
vn 0.7876 0.0410 -0.6148
vn 0.9027 -0.0115 -0.4301
vn 0.8585 0.0090 -0.5128
vn 0.7344 -0.0107 -0.6786
vn 0.7468 -0.0193 -0.6648
vn 0.4953 0.0127 -0.8686
vn 0.0370 -0.9246 -0.3792
vn 0.0325 -0.9366 -0.3490
vn 0.0983 0.0036 -0.9951
vn 0.4435 -0.0032 -0.8963
vn 0.0980 0.0037 -0.9952
vn -0.9722 -0.0074 0.2339
vn -0.9729 -0.0050 0.2314
vn -0.7792 0.0182 0.6265
vn -0.7323 -0.0208 0.6807
vn -0.5018 0.0209 0.8647
vn -0.4352 -0.0146 0.9002
vn -0.1060 0.0149 0.9943
vn -0.0579 -0.0081 0.9983
vn -0.6819 -0.6646 0.3055
vn -0.9125 0.0068 0.4090
vn -0.2907 -0.9479 0.1301
vn -0.9037 -0.0029 0.4282
vn -0.0001 1.0000 -0.0001
vn 0.0005 1.0000 0.0017
vn 0.6980 -0.0138 0.7160
vn 0.6889 -0.0019 0.7248
vn 0.9322 0.0182 0.3616
vn 0.9556 -0.0208 0.2938
vn 0.9998 0.0209 0.0022
vn 0.9972 -0.0146 -0.0732
vn 0.9141 0.0149 -0.4053
vn 0.8935 -0.0082 -0.4489
vn 0.8096 0.0075 0.5869
vn 0.8227 -0.0029 0.5685
vn -0.0002 1.0000 0.0003
vn 0.0002 1.0000 -0.0000
vn 0.1420 0.8588 -0.4922
vn 0.2859 -0.0049 -0.9583
vn -0.1530 0.0182 -0.9881
vn -0.2233 -0.0208 -0.9745
vn -0.4979 0.0209 -0.8670
vn -0.5620 -0.0146 -0.8270
vn -0.8080 0.0149 -0.5890
vn -0.8356 -0.0082 -0.5493
vn 0.0756 -0.6595 -0.7479
vn 0.1002 0.0060 -0.9949
vn 0.0320 -0.9480 -0.3165
vn 0.0810 -0.0029 -0.9967
vn -0.0004 1.0000 -0.0000
vn -0.0018 1.0000 -0.0003
vn -0.6945 0.0149 -0.7193
vn 0.2360 0.6704 -0.7035
vn -0.6025 -0.6218 -0.5004
vn -0.7663 -0.1140 -0.6323
vn -0.1586 -0.9779 -0.1361
vn -0.9039 0.0729 -0.4214
vn -0.9387 0.0205 -0.3441
vn -0.9263 0.0410 -0.3747
vn -0.8238 -0.0115 -0.5667
vn -0.8733 0.0090 -0.4871
vn -0.9549 -0.0107 -0.2967
vn -0.9491 -0.0193 -0.3143
vn -0.9999 0.0127 0.0054
vn -0.3470 -0.9246 0.1575
vn -0.3185 -0.9366 0.1464
vn -0.9110 0.0036 0.4124
vn -0.9979 -0.0031 0.0640
vn -0.9108 0.0037 0.4128
vn 0.6565 0.7197 -0.2260
vn 0.3883 0.9118 -0.1337
vn 0.3290 0.9008 -0.2835
vn -0.2657 0.0261 0.9637
vn -0.3468 0.0342 0.9373
vn -0.2695 -0.0315 0.9625
vn -0.1005 0.0143 0.9948
vn -0.0353 -0.9409 0.3369
vn -0.0651 -0.7667 0.6387
vn 0.1126 0.0161 0.9935
vn 0.0730 -0.0002 0.9973
vn 0.1759 0.0421 0.9835
vn 0.0097 -0.0260 0.9996
vn -0.0531 -0.0222 0.9983
vn -0.0060 0.0155 0.9999
vn 0.2572 -0.0081 0.9663
vn 0.2694 -0.0005 0.9630
vn 0.2524 -0.0068 0.9676
vn 0.2783 0.0064 0.9605
vn 0.8309 -0.0026 0.5565
vn 0.8235 0.0008 0.5673
vn 0.5493 -0.0031 0.8356
vn 0.5638 0.0024 0.8259
vn -0.3824 0.9132 -0.1407
vn -0.6481 0.7233 -0.2385
vn -0.0007 -1.0000 -0.0001
vn -0.0004 -1.0000 -0.0004
vn -0.0001 -1.0000 -0.0002
vn -0.0017 -1.0000 -0.0009
vn 0.0038 -1.0000 -0.0020
vn 0.0026 -1.0000 -0.0014
vn 0.0008 -1.0000 0.0014
vn -0.0016 -1.0000 -0.0008
vn 0.0010 -1.0000 -0.0001
vn -0.0023 -1.0000 -0.0014
vn -0.0004 -1.0000 -0.0006
vn 0.0001 -1.0000 -0.0005
vn 0.0006 -1.0000 0.0001
vn 0.0003 -1.0000 -0.0002
vn -0.0002 -1.0000 0.0005
vn -0.0001 -1.0000 0.0027
vn 0.0008 -1.0000 -0.0014
vn 0.0011 -1.0000 -0.0001
vn 0.0001 -1.0000 0.0018
vn 0.9988 0.0036 -0.0496
vn 0.9712 0.0032 -0.2384
vn 0.9910 -0.0028 -0.1336
vn 0.9456 -0.0038 -0.3255
vn 0.4078 0.8848 -0.2252
vn 0.8754 0.0052 -0.4834
vn 0.3928 0.8937 -0.2169
vn 0.8426 -0.0026 -0.5385
vn 0.7220 0.0044 -0.6919
vn 0.6536 0.0044 -0.7568
vn 0.4735 0.6871 -0.5510
vn 0.7575 -0.0009 -0.6528
vn 0.2555 0.8976 -0.3593
vn 0.5877 0.0009 -0.8091
vn 0.4319 -0.0032 -0.9019
vn 0.3563 0.0055 -0.9344
vn 0.1928 -0.0052 -0.9812
vn 0.3319 0.0040 -0.9433
vn 0.1701 -0.0066 -0.9854
vn 0.0453 0.8950 -0.4437
vn -0.0000 0.0053 -1.0000
vn -0.0004 0.6859 -0.7277
vn -0.1687 0.6811 -0.7125
vn -0.1701 -0.0066 -0.9854
vn -0.1864 -0.0026 -0.9825
vn -0.1609 0.8923 -0.4219
vn -0.4135 -0.0011 -0.9105
vn -0.5795 0.0033 -0.8150
vn -0.5942 0.0012 -0.8043
vn -0.5831 0.0030 -0.8124
vn -0.5977 0.0009 -0.8017
vn -0.3337 0.8868 -0.3198
vn -0.7220 0.0055 -0.6919
vn -0.5692 0.7070 -0.4197
vn -0.8139 -0.0088 -0.5810
vn -0.8754 0.0052 -0.4834
vn -0.4078 0.8848 -0.2252
vn -0.9711 0.0059 -0.2384
vn -0.9385 -0.0027 -0.3453
vn -0.9988 -0.0047 -0.0496
vn -0.9936 0.0071 -0.1132
vn 0.0013 -0.8828 -0.4697
vn 0.0031 -0.8866 -0.4626
vn -0.0033 -0.7933 -0.6088
vn -0.0090 -0.6877 -0.7259
vn -0.0169 -0.5056 -0.8626
vn 0.0309 -0.3219 -0.9463
vn -0.0251 0.0632 -0.9977
vn 0.0207 0.3450 -0.9384
vn -0.0059 0.5143 -0.8576
vn 0.0161 0.3773 -0.9259
vn -0.0108 0.5406 -0.8412
vn 0.0123 0.7991 -0.6011
vn -0.0063 0.8604 -0.5096
vn 0.0688 0.9952 -0.0690
vn 0.0062 0.9979 -0.0651
vn 0.0041 -1.0000 -0.0009
vn 0.0001 -1.0000 -0.0023
vn 0.0012 -1.0000 0.0083
vn -0.0022 -1.0000 0.0002
vn -0.0041 -1.0000 0.0004
vn -0.0020 -1.0000 0.0016
vn -0.0184 -0.9998 0.0082
vn -0.0013 -1.0000 -0.0014
vn 0.0013 -1.0000 -0.0010
vn 0.0012 -1.0000 -0.0069
vn -0.0054 -0.9999 0.0158
vn 0.0002 -1.0000 0.0036
vn 0.0041 -1.0000 -0.0003
vn 0.0184 -0.9998 -0.0080
vn 0.0032 -1.0000 -0.0006
vn -0.0234 -0.9997 -0.0019
vn -0.0005 -1.0000 0.0034
vn 0.0030 -1.0000 -0.0037
vn -0.0007 -1.0000 0.0046
vn -0.0046 -0.9998 -0.0188
vn -0.1723 -0.9850 -0.0038
vn 0.0224 0.7851 0.6189
vn -0.0082 0.8810 0.4730
vn -0.0263 0.4945 0.8688
vn 0.0329 0.1166 0.9926
vn -0.0003 1.0000 -0.0047
vn -0.0022 1.0000 -0.0001
vn 0.0032 1.0000 0.0007
vn 0.0596 0.9982 -0.0049
vn -0.0001 1.0000 0.0030
vn -0.0004 1.0000 0.0036
vn 0.0014 1.0000 0.0016
vn 0.0052 0.9999 0.0158
vn -0.0054 1.0000 0.0012
vn -0.0016 1.0000 -0.0002
vn -0.0246 0.9997 -0.0077
vn 0.0041 1.0000 0.0003
vn 0.0184 0.9998 0.0080
vn 0.0004 1.0000 -0.0064
vn 0.0031 1.0000 -0.0010
vn 0.0042 1.0000 0.0003
vn -0.0006 1.0000 -0.0036
vn -0.0026 1.0000 -0.0039
vn 0.0013 1.0000 0.0074
vn -0.0148 0.9999 0.0019
vn 0.4758 0.8795 -0.0102
vn 0.5940 0.8044 0.0129
vn 0.8674 0.4975 -0.0129
vn 0.9288 0.3701 0.0168
vn -0.4755 -0.8796 -0.0102
vn -0.5939 -0.8044 0.0129
vn -0.8671 -0.4979 -0.0128
vn -0.9318 -0.3626 0.0188
vn -0.9562 -0.2924 0.0118
vn -0.9995 0.0251 -0.0190
vn -0.9948 0.0982 -0.0259
vn -0.9544 0.2976 0.0249
vn -0.9199 0.3918 0.0155
vn -0.7290 0.6843 -0.0165
vn -0.6800 0.7329 -0.0222
vn -0.5821 0.8131 0.0067
vn -0.4880 -0.8727 -0.0149
vn -0.6472 -0.7620 0.0237
vn -0.9443 -0.3285 -0.0191
vn -0.9735 -0.2284 0.0103
vn -0.9378 0.3470 -0.0102
vn -0.9173 0.3983 0.0045
vn -0.8829 0.4696 0.0031
vn -0.6573 0.7536 -0.0034
vn -0.6122 0.7907 -0.0044
vn -0.5680 0.8230 0.0072
vn 0.5958 0.8030 -0.0134
vn 0.5083 0.8612 0.0050
vn 0.8371 0.5469 0.0150
vn 0.9351 0.3541 0.0140
vn 0.9503 0.3108 -0.0193
vn -0.7893 0.0252 -0.6135
vn -0.5597 -0.6436 -0.5220
vn -0.2798 0.0188 -0.9599
vn -0.1036 -0.6498 -0.7530
vn 0.3281 0.0191 -0.9445
vn 0.3517 -0.6575 -0.6663
vn 0.8113 0.0204 -0.5842
vn 0.6383 -0.6559 -0.4031
vn -0.6907 -0.6592 -0.2974
vn -0.6842 0.0328 -0.7286
vn -0.3634 -0.6375 -0.6794
vn -0.0228 0.0202 -0.9995
vn 0.1918 -0.6524 -0.7332
vn 0.6543 0.0465 -0.7548
vn 0.5957 -0.6425 -0.4820
vn -0.7734 0.0168 -0.6336
vn -0.5592 -0.6331 -0.5353
vn -0.0596 0.0138 -0.9981
vn 0.0282 -0.6304 -0.7758
vn 0.6424 0.0210 -0.7661
vn 0.5830 -0.6393 -0.5015
s 1
usemtl color_727980
f 4462//5182 4463//5183 4464//5184
f 4461//5185 4463//5183 4462//5182
f 4464//5184 4465//5186 4466//5187
f 4463//5183 4465//5186 4464//5184
f 4465//5186 4467//5188 4466//5187
f 4466//5187 4467//5188 4468//5189
f 4467//5188 4469//5190 4468//5189
f 4468//5189 4470//5191 4471//5192
f 4469//5190 4470//5191 4468//5189
f 4473//5193 4474//5194 4475//5195
f 4472//5196 4474//5194 4473//5193
f 4474//5194 4476//5197 4475//5195
f 4475//5195 4476//5197 4477//5198
f 4477//5198 4478//5199 4479//5200
f 4476//5197 4478//5199 4477//5198
f 4478//5199 4480//5201 4479//5200
f 4479//5200 4480//5201 4481//5202
f 4483//5203 4484//5204 4485//5205
f 4482//5185 4484//5204 4483//5203
f 4484//5204 4486//5206 4485//5205
f 4485//5205 4486//5206 4487//5207
f 4486//5206 4488//5208 4487//5207
f 4487//5207 4488//5208 4489//5209
f 4489//5209 4490//5210 4491//5211
f 4488//5208 4490//5210 4489//5209
f 4490//5210 4492//5212 4491//5211
f 4494//5213 4495//5194 4496//5195
f 4493//5196 4495//5194 4494//5213
f 4495//5194 4497//5197 4496//5195
f 4496//5195 4497//5197 4498//5214
f 4498//5214 4499//5199 4500//5200
f 4497//5197 4499//5199 4498//5214
f 4499//5199 4501//5201 4500//5200
f 4500//5200 4501//5201 4502//5202
f 4504//5215 4503//5216 4505//5217
f 4503//5218 4506//5218 4505//5218
f 4505//5219 4506//5219 4507//5219
f 4506//5220 4508//5220 4507//5220
f 5029//5221 4509//5222 4510//5223
f 4509//5222 4511//5224 4510//5223
f 4510//5225 4512//5226 4513//5227
f 4511//5224 4512//5228 4510//5223
f 5029//5229 4510//5230 4514//5231
f 4514//5231 4510//5230 4515//5232
f 4510//5233 4513//5227 4515//5234
f 4517//5235 4518//5236 4519//5237
f 4516//5238 4518//5239 4517//5240
f 4519//5237 4520//5241 4521//5242
f 4518//5243 4520//5243 4519//5243
f 4521//5244 4522//5244 4523//5244
f 4520//5245 4522//5245 4521//5245
f 4523//5246 4524//5247 4525//5248
f 4522//5249 4524//5249 4523//5249
f 4524//5250 4526//5250 4525//5250
f 4525//5248 4527//5251 4528//5252
f 4526//5253 4527//5251 4525//5248
f 4528//5252 4527//5251 4529//5254
f 4527//5251 4530//5255 4529//5254
f 4529//5256 4530//5257 4531//5258
f 4530//5257 4532//5259 4531//5258
f 4531//5260 4532//5260 4533//5260
f 4532//5261 4534//5261 4533//5261
f 4533//5262 4534//5263 4535//5264
f 4534//5265 4536//5265 4535//5265
f 4535//5266 4536//5266 4537//5266
f 4536//5267 4538//5267 4537//5267
f 4537//5268 4538//5269 4539//5270
f 4538//5269 4993//5271 4539//5270
f 4542//5272 4541//5272 4540//5272
f 4541//5273 4544//5273 4543//5273
f 4546//5274 4547//5274 4542//5274
f 4541//5275 4542//5275 4547//5275
f 4541//5276 4545//5277 4544//5278
f 4547//5279 4545//5279 4541//5279
f 4540//5280 4543//5281 4549//5282
f 4541//5283 4543//5283 4540//5283
f 4547//5284 4548//5285 4545//5286
f 4546//5287 4551//5287 4548//5287
f 4551//5288 4550//5289 4548//5290
f 4546//5291 4548//5285 4547//5284
f 4552//5292 4556//5292 4554//5292
f 4554//5293 4557//5294 4555//5295
f 4555//5296 4557//5296 4558//5296
f 4552//5297 4553//5298 4559//5299
f 4554//5300 4553//5301 4552//5302
f 4556//5303 4560//5304 4557//5305
f 4560//5306 4562//5306 4557//5306
f 4562//5307 4558//5307 4557//5307
f 4556//5308 4557//5308 4554//5308
f 4561//5309 4563//5309 4560//5309
f 4560//5310 4563//5310 4562//5310
f 4564//5311 4563//5311 4561//5311
f 4562//5312 4563//5312 4564//5312
f 4566//5313 4532//5313 4567//5313
f 4567//5314 4532//5314 4568//5314
f 4565//5315 4532//5315 4566//5315
f 4532//5316 4569//5316 4568//5316
f 4568//5317 4571//5317 4573//5317
f 4569//5318 4570//5319 4568//5320
f 4568//5321 4570//5321 4571//5321
f 4571//5322 4575//5323 4573//5324
f 4572//5325 4575//5325 4571//5325
f 4572//5326 4574//5327 4575//5328
f 4575//5323 4576//5329 4573//5324
f 4574//5330 4576//5331 4575//5332
f 4516//5333 4577//5334 4578//5335
f 4577//5336 4516//5337 4579//5338
f 4579//5339 4516//5339 4580//5339
f 4516//5340 4581//5340 4580//5340
f 4580//5341 4583//5341 4585//5341
f 4581//5342 4582//5343 4580//5344
f 4580//5345 4582//5345 4583//5345
f 4584//5346 4587//5346 4583//5346
f 4583//5347 4587//5348 4585//5349
f 4584//5350 4586//5351 4587//5352
f 4587//5348 4588//5353 4585//5349
f 4586//5354 4588//5355 4587//5356
f 4590//5357 4591//5357 4592//5357
f 4592//5358 4591//5358 4593//5358
f 4589//5359 4591//5359 4590//5359
f 4591//5360 4594//5360 4593//5360
f 4593//5361 4596//5361 4598//5361
f 4594//5362 4595//5363 4593//5364
f 4593//5365 4595//5365 4596//5365
f 4596//5366 4600//5367 4598//5368
f 4597//5369 4600//5369 4596//5369
f 4597//5370 4599//5371 4600//5372
f 4600//5367 4601//5373 4598//5368
f 4599//5374 4601//5375 4600//5376
f 4602//5377 4604//5378 4603//5379
f 4526//5380 4606//5381 4602//5382
f 4604//5383 4607//5384 4605//5385
f 4602//5386 4607//5386 4604//5386
f 4605//5387 4607//5387 4608//5387
f 4526//5388 4603//5389 4609//5390
f 4602//5391 4603//5391 4526//5391
f 4606//5381 4610//5392 4607//5393
f 4610//5394 4612//5394 4607//5394
f 4612//5395 4608//5395 4607//5395
f 4606//5396 4607//5396 4602//5396
f 4611//5397 4613//5397 4610//5397
f 4610//5398 4613//5398 4612//5398
f 4614//5399 4613//5399 4611//5399
f 4612//5400 4613//5400 4614//5400
f 4615//5401 4617//5401 4616//5401
f 4618//5402 4616//5402 4619//5402
f 4618//5403 4615//5403 4616//5403
f 4620//5404 4619//5405 4621//5406
f 4620//5407 4618//5407 4619//5407
f 4621//5406 4623//5408 4620//5404
f 4623//5409 4621//5409 4622//5409
f 4624//5410 4622//5410 4625//5410
f 4624//5411 4623//5412 4622//5413
f 4625//5414 4626//5414 4624//5414
f 4627//5415 4625//5415 4628//5415
f 4627//5416 4626//5416 4625//5416
f 4629//5417 4627//5418 4628//5419
f 4631//5420 4629//5420 4628//5420
f 4631//5421 4630//5421 4629//5421
f 4632//5422 4631//5422 4633//5422
f 4632//5423 4630//5423 4631//5423
f 4634//5424 4632//5425 4633//5426
f 4636//5427 4634//5427 4633//5427
f 4636//5428 4635//5428 4634//5428
f 4637//5429 4636//5430 4638//5431
f 4637//5429 4635//5432 4636//5430
f 4639//5433 4638//5433 4640//5433
f 4639//5434 4637//5434 4638//5434
f 4641//5435 4640//5435 4642//5435
f 4641//5436 4639//5436 4640//5436
f 4641//5437 4642//5437 4643//5437
f 4644//5438 4645//5439 4646//5440
f 4647//5441 4646//5440 4648//5442
f 4647//5441 4644//5438 4646//5440
f 4649//5443 4648//5442 4650//5444
f 4649//5443 4647//5441 4648//5442
f 4651//5445 4650//5444 4652//5446
f 4651//5445 4649//5443 4650//5444
f 4653//5447 4651//5445 4652//5446
f 4653//5447 4652//5446 4654//5448
f 4655//5449 4653//5447 4654//5448
f 4655//5449 4654//5448 4656//5450
f 4659//5451 4658//5452 4660//5453
f 4659//5451 4657//5454 4658//5452
f 4659//5451 4660//5453 4661//5455
f 4662//5456 4659//5451 4661//5457
f 4662//5456 4661//5457 4663//5458
f 4664//5459 4662//5456 4663//5458
f 4665//5460 4663//5458 4666//5461
f 4665//5460 4664//5459 4663//5458
f 4665//5460 4666//5461 4667//5462
f 4668//5463 4665//5460 4667//5462
f 4668//5463 4667//5462 4669//5464
f 4670//5465 4672//5466 4671//5467
f 4670//5465 4671//5467 4673//5468
f 4674//5469 4670//5470 4673//5471
f 4674//5469 4673//5471 4675//5472
f 4676//5473 4674//5474 4675//5475
f 4676//5473 4675//5475 4677//5476
f 4678//5477 4676//5473 4677//5476
f 4678//5477 4677//5476 4679//5478
f 4680//5479 4678//5480 4679//5481
f 4680//5479 4679//5481 4681//5482
f 4682//5483 4681//5484 4683//5485
f 4682//5483 4680//5486 4681//5484
f 4684//5487 4682//5483 4683//5485
f 4684//5487 4683//5485 4685//5488
f 4686//5489 4687//5489 4688//5489
f 4686//5490 4689//5490 4687//5490
f 4559//5299 4688//5491 4690//5492
f 4559//5299 4686//5493 4688//5491
f 4553//5298 4686//5493 4559//5299
f 4691//5494 4559//5494 4690//5494
f 4691//5495 4690//5495 4692//5495
f 4693//5496 4692//5496 4694//5496
f 4693//5497 4691//5497 4692//5497
f 4695//5498 4694//5498 4696//5498
f 4695//5499 4697//5500 4693//5501
f 4695//5499 4693//5501 4694//5502
f 4589//5503 4695//5504 4696//5505
f 4590//5506 4695//5504 4589//5503
f 4698//5507 4696//5507 4699//5507
f 4698//5508 4589//5503 4696//5505
f 4700//5509 4698//5509 4699//5509
f 4700//5510 4699//5510 4701//5510
f 4702//5511 4701//5511 4703//5511
f 4702//5512 4700//5512 4701//5512
f 4704//5513 4703//5514 4705//5515
f 4704//5516 4702//5516 4703//5516
f 4706//5517 4704//5513 4705//5515
f 4706//5517 4707//5518 4704//5513
f 4706//5519 4705//5519 4708//5519
f 4549//5282 4706//5520 4708//5521
f 4543//5281 4706//5520 4549//5282
f 4549//5522 4708//5522 4709//5522
f 4710//5523 4709//5523 4711//5523
f 4710//5524 4549//5524 4709//5524
f 4712//5525 4711//5526 4713//5527
f 4712//5528 4710//5528 4711//5528
f 4714//5529 4715//5530 4712//5525
f 4714//5529 4712//5525 4713//5527
f 4577//5531 4714//5531 4713//5531
f 4716//5532 4718//5533 4717//5534
f 4719//5535 4717//5534 4720//5536
f 4719//5535 4716//5532 4717//5534
f 4721//5537 4720//5536 4722//5538
f 4721//5537 4719//5535 4720//5536
f 4723//5539 4722//5540 4724//5541
f 4723//5539 4721//5542 4722//5540
f 4725//5543 4724//5541 4726//5544
f 4725//5543 4723//5539 4724//5541
f 4727//5545 4726//5544 4728//5546
f 4727//5545 4725//5543 4726//5544
f 4729//5547 4728//5546 4730//5548
f 4729//5547 4727//5545 4728//5546
f 4731//5549 4730//5550 4732//5551
f 4731//5549 4729//5552 4730//5550
f 4733//5553 4731//5549 4732//5551
f 4733//5553 4732//5551 4734//5554
f 4735//5555 4733//5556 4734//5557
f 4735//5555 4734//5557 4736//5558
f 4737//5559 4736//5558 4738//5560
f 4737//5559 4735//5555 4736//5558
f 4737//5559 4738//5560 4739//5561
f 4740//5562 4737//5559 4739//5561
f 4740//5562 4739//5561 4741//5563
f 4742//5564 4741//5565 4743//5566
f 4742//5564 4740//5567 4741//5565
f 4744//5568 4742//5564 4743//5566
f 4745//5569 4617//5570 4615//5571
f 4748//5572 4615//5572 4618//5572
f 4748//5573 4745//5573 4615//5573
f 4749//5574 4747//5575 4746//5576
f 4750//5577 4747//5577 4749//5577
f 4751//5578 4618//5578 4620//5578
f 4751//5579 4748//5579 4618//5579
f 4752//5580 4751//5581 4620//5582
f 4756//5583 4750//5583 4749//5583
f 4753//5584 4752//5580 4620//5582
f 4754//5585 4750//5586 4756//5587
f 4754//5585 4756//5587 4755//5588
f 4623//5589 4753//5584 4620//5582
f 4754//5585 4755//5588 4753//5590
f 4757//5591 4753//5584 4623//5589
f 4757//5592 4754//5585 4753//5590
f 4504//5593 4623//5412 4758//5594
f 4504//5593 4757//5595 4623//5412
f 4759//5596 4758//5594 4623//5412
f 4624//5411 4759//5596 4623//5412
f 4757//5597 4505//5597 4507//5597
f 4757//5595 4504//5593 4505//5598
f 4760//5599 4759//5599 4624//5599
f 4626//5600 4760//5600 4624//5600
f 4761//5601 4757//5601 4507//5601
f 4762//5602 4761//5602 4507//5602
f 4763//5603 4761//5603 4762//5603
f 4627//5604 4760//5604 4626//5604
f 4764//5605 4760//5605 4627//5605
f 4629//5417 4764//5606 4627//5418
f 4765//5607 4763//5607 4762//5607
f 4766//5608 4765//5608 4762//5608
f 4630//5609 4764//5609 4629//5609
f 4767//5610 4764//5610 4630//5610
f 4768//5611 4765//5611 4766//5611
f 4769//5612 4768//5612 4766//5612
f 4632//5613 4767//5613 4630//5613
f 4770//5614 4767//5614 4632//5614
f 4634//5424 4770//5615 4632//5425
f 4771//5616 4770//5616 4634//5616
f 4772//5617 4768//5617 4769//5617
f 4772//5618 4769//5619 4773//5620
f 4774//5621 4771//5621 4634//5621
f 4635//5622 4774//5623 4634//5624
f 4772//5618 4773//5620 4775//5625
f 4776//5626 4775//5627 4774//5623
f 4776//5626 4774//5623 4635//5622
f 4776//5628 4772//5618 4775//5625
f 4778//5629 4635//5630 4777//5631
f 4778//5629 4776//5632 4635//5630
f 4777//5631 4635//5630 4637//5633
f 4779//5634 4777//5635 4637//5636
f 4780//5637 4778//5629 4781//5638
f 4780//5637 4776//5632 4778//5629
f 4639//5639 4779//5634 4637//5636
f 4780//5637 4781//5638 4782//5640
f 4783//5641 4779//5641 4639//5641
f 4784//5642 4780//5642 4782//5642
f 4784//5643 4782//5643 4785//5643
f 4641//5644 4783//5644 4639//5644
f 4786//5645 4783//5645 4641//5645
f 4643//5646 4786//5647 4641//5648
f 4787//5649 4784//5649 4785//5649
f 4787//5650 4785//5651 4788//5652
f 4802//5653 4790//5654 4789//5655
f 4789//5656 4790//5656 4791//5656
f 4791//5657 4792//5657 4793//5657
f 4790//5658 4792//5658 4791//5658
f 4794//5659 4781//5659 4795//5659
f 4782//5660 4781//5660 4794//5660
f 4795//5661 4778//5661 4796//5661
f 4781//5662 4778//5662 4795//5662
f 4796//5663 4777//5663 4797//5663
f 4778//5664 4777//5664 4796//5664
f 4797//5665 4777//5665 4798//5665
f 4777//5666 4779//5666 4798//5666
f 4799//5667 4800//5668 4801//5669
f 4800//5670 4802//5653 4801//5671
f 4801//5671 4802//5653 4789//5655
f 4707//5672 4706//5672 4803//5672
f 4544//5673 4706//5673 4543//5673
f 4544//5278 4803//5674 4706//5675
f 4689//5676 4686//5677 4804//5678
f 4686//5679 4553//5301 4554//5300
f 4686//5677 4554//5293 4804//5678
f 4806//5680 4566//5680 4567//5680
f 4805//5681 4806//5682 4567//5683
f 4805//5684 4807//5684 4806//5684
f 4714//5685 4577//5336 4579//5338
f 4808//5686 4714//5687 4579//5688
f 4808//5689 4715//5690 4714//5691
f 4695//5692 4590//5692 4592//5692
f 4809//5693 4695//5694 4592//5695
f 4809//5696 4697//5696 4695//5696
f 4786//5647 4643//5646 4810//5697
f 4811//5698 4810//5698 4812//5698
f 4811//5699 4786//5699 4810//5699
f 4813//5700 4787//5650 4788//5652
f 4814//5701 4813//5701 4788//5701
f 4815//5702 4813//5702 4814//5702
f 4800//5703 4812//5704 4816//5705
f 4800//5706 4811//5706 4812//5706
f 4792//5707 4815//5707 4814//5707
f 4802//5708 4800//5703 4816//5705
f 4817//5709 4792//5710 4790//5711
f 4817//5712 4815//5712 4792//5712
f 4818//5713 4802//5708 4816//5705
f 4817//5709 4790//5711 4802//5714
f 4819//5715 4802//5715 4818//5715
f 4819//5716 4817//5716 4802//5716
f 4821//5717 4818//5718 4820//5719
f 4821//5717 4819//5720 4818//5718
f 4822//5721 4820//5719 4818//5718
f 4823//5722 4822//5721 4818//5718
f 4819//5723 4824//5723 4825//5723
f 4819//5720 4821//5717 4824//5724
f 4826//5725 4822//5725 4823//5725
f 4827//5726 4826//5726 4823//5726
f 4828//5727 4819//5727 4825//5727
f 4829//5728 4828//5728 4825//5728
f 4830//5729 4828//5729 4829//5729
f 4831//5730 4826//5730 4827//5730
f 4832//5731 4831//5731 4827//5731
f 4833//5732 4831//5733 4832//5734
f 4834//5735 4830//5735 4829//5735
f 4835//5736 4834//5736 4829//5736
f 4836//5737 4831//5737 4833//5737
f 4837//5738 4836//5738 4833//5738
f 4838//5739 4834//5739 4835//5739
f 4839//5740 4838//5740 4835//5740
f 4840//5741 4836//5741 4837//5741
f 4841//5742 4836//5742 4840//5742
f 4842//5743 4841//5744 4840//5745
f 4843//5746 4841//5746 4842//5746
f 4844//5747 4839//5748 4512//5749
f 4844//5750 4838//5750 4839//5750
f 4509//5751 4843//5752 4842//5753
f 4845//5754 4509//5755 4842//5756
f 4844//5747 4512//5749 4511//5757
f 4846//5758 4511//5757 4509//5755
f 4846//5758 4509//5755 4845//5754
f 4846//5758 4844//5747 4511//5757
f 4514//5759 4846//5759 4845//5759
f 4514//5760 4845//5761 4847//5762
f 4847//5762 4845//5761 4848//5763
f 4849//5764 4847//5764 4848//5764
f 4850//5765 4846//5766 4514//5767
f 4515//5768 4850//5765 4514//5767
f 4851//5769 4849//5769 4848//5769
f 4852//5770 4849//5770 4851//5770
f 4853//5771 4850//5765 4515//5768
f 4853//5772 4515//5772 4854//5772
f 4855//5773 4852//5773 4851//5773
f 4745//5774 4852//5774 4855//5774
f 4617//5570 4745//5569 4855//5775
f 4856//5776 4853//5776 4854//5776
f 4856//5777 4854//5777 4746//5777
f 4747//5575 4856//5778 4746//5576
f 4857//5779 4817//5780 4819//5781
f 4858//5782 4857//5779 4819//5781
f 4858//5782 4819//5781 4828//5782
f 4859//5783 4817//5780 4857//5779
f 4858//5782 4828//5782 4830//5782
f 4859//5783 4815//5782 4817//5780
f 4860//5782 4858//5782 4830//5782
f 4861//5782 4815//5782 4859//5783
f 4860//5782 4830//5782 4834//5782
f 4861//5782 4813//5782 4815//5782
f 4862//5782 4860//5782 4834//5782
f 4743//5782 4787//5782 4813//5782
f 4743//5782 4813//5782 4861//5782
f 4741//5782 4787//5782 4743//5782
f 4838//5782 4862//5782 4834//5782
f 4784//5784 4787//5782 4741//5782
f 4863//5782 4862//5782 4838//5782
f 4864//5785 4863//5782 4838//5782
f 4739//5786 4784//5784 4741//5782
f 4844//5785 4864//5785 4838//5782
f 4780//5787 4784//5784 4739//5786
f 4738//5787 4780//5787 4739//5786
f 4865//5788 4864//5785 4844//5785
f 4846//5789 4865//5788 4844//5785
f 4776//5790 4780//5787 4738//5787
f 4866//5791 4865//5788 4846//5789
f 4736//5792 4776//5790 4738//5787
f 4850//5791 4866//5791 4846//5789
f 4772//5793 4776//5790 4736//5792
f 4867//5789 4866//5791 4850//5791
f 4734//5794 4772//5793 4736//5792
f 4853//5789 4867//5789 4850//5791
f 4768//5782 4772//5793 4734//5794
f 4732//5782 4768//5782 4734//5794
f 4868//5782 4867//5789 4853//5789
f 4856//5782 4868//5782 4853//5789
f 4717//5782 4868//5782 4856//5782
f 4765//5782 4768//5782 4732//5782
f 4765//5782 4732//5782 4730//5782
f 4747//5782 4717//5782 4856//5782
f 4765//5782 4730//5782 4728//5782
f 4763//5782 4765//5782 4728//5782
f 4750//5784 4717//5782 4747//5782
f 4750//5784 4720//5784 4717//5782
f 4763//5782 4728//5782 4726//5782
f 4761//5782 4763//5782 4726//5782
f 4754//5795 4722//5796 4720//5784
f 4754//5795 4720//5784 4750//5784
f 4757//5797 4726//5782 4724//5798
f 4757//5797 4761//5782 4726//5782
f 4754//5795 4724//5798 4722//5796
f 4757//5797 4724//5798 4754//5795
f 4744//5568 4743//5566 4861//5799
f 4869//5800 4744//5801 4861//5802
f 4870//5803 4861//5802 4859//5804
f 4870//5803 4869//5800 4861//5802
f 4871//5805 4859//5804 4857//5806
f 4871//5805 4870//5803 4859//5804
f 4872//5807 4857//5806 4858//5808
f 4872//5807 4871//5805 4857//5806
f 4872//5807 4858//5808 4860//5809
f 4873//5810 4872//5807 4860//5809
f 4874//5811 4860//5809 4862//5812
f 4874//5811 4873//5810 4860//5809
f 4874//5811 4862//5812 4863//5813
f 4875//5814 4874//5811 4863//5813
f 4875//5814 4863//5813 4864//5815
f 4876//5816 4875//5817 4864//5818
f 4876//5816 4864//5818 4865//5819
f 4877//5820 4876//5816 4865//5819
f 4877//5820 4865//5819 4866//5821
f 4878//5822 4877//5823 4866//5824
f 4878//5822 4866//5824 4867//5825
f 4879//5826 4867//5827 4868//5828
f 4879//5826 4878//5829 4867//5827
f 4718//5830 4879//5826 4868//5828
f 4718//5830 4868//5828 4717//5831
f 4877//5832 4880//5832 4881//5832
f 4878//5832 4880//5832 4877//5832
f 4876//5832 4881//5832 4882//5832
f 4876//5832 4877//5832 4881//5832
f 4878//5832 4883//5832 4880//5832
f 4875//5832 4876//5832 4882//5832
f 4879//5832 4884//5832 4883//5832
f 4879//5832 4883//5832 4878//5832
f 4875//5832 4882//5832 4885//5832
f 4718//5832 4884//5832 4879//5832
f 4874//5832 4875//5832 4885//5832
f 4718//5832 4687//5832 4884//5832
f 4874//5832 4885//5832 4886//5832
f 4688//5832 4687//5832 4718//5832
f 4716//5832 4688//5832 4718//5832
f 4873//5832 4874//5832 4886//5832
f 4690//5832 4688//5832 4716//5832
f 4719//5832 4690//5832 4716//5832
f 4887//5832 4873//5832 4886//5832
f 4872//5832 4873//5832 4887//5832
f 4692//5832 4690//5832 4719//5832
f 4721//5832 4692//5832 4719//5832
f 4888//5832 4872//5832 4887//5832
f 4694//5832 4692//5832 4721//5832
f 4723//5832 4694//5832 4721//5832
f 4871//5832 4872//5832 4888//5832
f 4889//5832 4871//5832 4888//5832
f 4696//5832 4694//5832 4723//5832
f 4725//5832 4696//5832 4723//5832
f 4870//5832 4871//5832 4889//5832
f 4890//5832 4870//5832 4889//5832
f 4699//5832 4696//5832 4725//5832
f 4727//5832 4699//5832 4725//5832
f 4869//5832 4870//5832 4890//5832
f 4891//5832 4869//5832 4890//5832
f 4744//5832 4869//5832 4891//5832
f 4701//5832 4727//5832 4729//5832
f 4701//5832 4699//5832 4727//5832
f 4713//5832 4744//5832 4891//5832
f 4701//5832 4729//5832 4731//5832
f 4713//5832 4742//5832 4744//5832
f 4703//5832 4701//5832 4731//5832
f 4711//5832 4742//5832 4713//5832
f 4711//5832 4740//5832 4742//5832
f 4703//5832 4731//5832 4733//5832
f 4705//5832 4703//5832 4733//5832
f 4705//5832 4733//5832 4735//5832
f 4709//5832 4740//5832 4711//5832
f 4709//5832 4737//5832 4740//5832
f 4708//5832 4737//5832 4709//5832
f 4708//5832 4735//5832 4737//5832
f 4708//5832 4705//5832 4735//5832
f 4578//5335 4577//5334 4713//5833
f 4578//5834 4713//5834 4891//5834
f 4892//5835 4578//5836 4891//5837
f 4892//5835 4891//5837 4890//5838
f 4893//5839 4890//5839 4889//5839
f 4893//5840 4892//5840 4890//5840
f 4894//5841 4889//5841 4888//5841
f 4894//5842 4893//5842 4889//5842
f 4895//5843 4894//5844 4888//5845
f 4895//5846 4888//5846 4887//5846
f 4896//5847 4895//5848 4887//5849
f 4896//5847 4897//5850 4895//5848
f 4609//5851 4887//5851 4886//5851
f 4609//5390 4896//5847 4887//5849
f 4603//5389 4896//5847 4609//5390
f 4898//5852 4609//5852 4886//5852
f 4898//5853 4886//5853 4885//5853
f 4899//5854 4898//5854 4885//5854
f 4899//5855 4885//5855 4882//5855
f 4806//5856 4899//5857 4882//5858
f 4806//5856 4807//5859 4899//5857
f 4565//5860 4882//5860 4881//5860
f 4565//5861 4806//5856 4882//5858
f 4566//5862 4806//5856 4565//5861
f 4900//5863 4565//5864 4881//5865
f 4900//5866 4881//5866 4880//5866
f 4901//5867 4900//5867 4880//5867
f 4901//5868 4880//5868 4883//5868
f 4902//5869 4883//5870 4884//5871
f 4902//5872 4901//5872 4883//5872
f 4903//5873 4884//5873 4687//5873
f 4903//5874 4902//5869 4884//5871
f 4689//5875 4903//5874 4687//5876
f 4904//5877 4905//5878 4604//5383
f 4605//5385 4904//5877 4604//5383
f 4608//5879 4904//5877 4605//5385
f 4906//5785 4904//5877 4608//5879
f 4580//5880 4808//5686 4579//5688
f 4612//5881 4906//5785 4608//5879
f 4614//5882 4906//5785 4612//5881
f 4907//5883 4808//5686 4580//5880
f 4909//5884 4588//5885 4910//5781
f 4911//5782 4909//5884 4910//5781
f 4912//5886 4907//5883 4580//5880
f 4913//5782 4911//5782 4910//5781
f 4913//5782 4910//5781 4906//5785
f 4685//5885 4588//5885 4909//5884
f 4685//5885 4585//5887 4588//5885
f 4568//5888 4805//5681 4567//5683
f 4568//5888 4908//5889 4805//5681
f 4913//5782 4906//5785 4614//5882
f 4914//5890 4912//5886 4580//5880
f 4914//5890 4580//5880 4585//5887
f 4568//5888 4915//5891 4908//5889
f 4916//5785 4913//5782 4614//5882
f 4916//5785 4614//5882 4917//5892
f 4568//5888 4917//5892 4915//5891
f 4683//5893 4585//5887 4685//5885
f 4683//5893 4914//5890 4585//5887
f 4573//5894 4917//5892 4568//5888
f 4573//5894 4916//5785 4917//5892
f 4681//5895 4550//5896 4914//5890
f 4681//5895 4914//5890 4683//5893
f 4573//5894 4918//5897 4916//5785
f 4576//5898 4918//5897 4573//5894
f 4576//5898 4919//5899 4918//5897
f 4920//5900 4548//5901 4550//5896
f 4921//5902 4548//5901 4920//5900
f 4921//5902 4545//5277 4548//5901
f 4920//5900 4681//5895 4679//5782
f 4920//5900 4550//5896 4681//5895
f 4922//5789 4919//5899 4576//5898
f 4921//5902 4544//5278 4545//5277
f 4923//5797 4920//5900 4679//5782
f 4803//5674 4544//5278 4921//5902
f 4923//5797 4679//5782 4677//5903
f 4922//5789 4671//5782 4919//5899
f 4601//5904 4677//5903 4675//5905
f 4601//5904 4923//5797 4677//5903
f 4924//5906 4671//5782 4922//5789
f 4598//5903 4601//5904 4675//5905
f 4598//5903 4675//5905 4673//5907
f 4564//5908 4673//5907 4671//5782
f 4564//5908 4671//5782 4924//5906
f 4562//5909 4564//5908 4924//5906
f 4925//5910 4598//5903 4673//5907
f 4925//5910 4673//5907 4564//5908
f 4558//5911 4562//5909 4924//5906
f 4558//5911 4924//5906 4926//5912
f 4925//5910 4593//5913 4598//5903
f 4927//5914 4593//5913 4925//5910
f 4554//5293 4926//5912 4804//5678
f 4555//5295 4558//5911 4926//5912
f 4554//5293 4555//5295 4926//5912
f 4928//5915 4593//5913 4927//5914
f 4809//5693 4592//5695 4593//5913
f 4809//5693 4593//5913 4928//5915
f 4929//5916 4684//5917 4685//5918
f 4929//5916 4685//5918 4909//5919
f 4930//5920 4909//5921 4911//5922
f 4930//5920 4929//5923 4909//5921
f 4931//5924 4911//5922 4913//5925
f 4931//5924 4930//5920 4911//5922
f 4931//5924 4913//5925 4916//5926
f 4932//5927 4931//5924 4916//5926
f 4933//5928 4916//5926 4918//5929
f 4933//5928 4932//5927 4916//5926
f 4933//5928 4918//5929 4919//5930
f 4672//5931 4933//5928 4919//5930
f 4672//5931 4919//5930 4671//5932
f 4934//5782 4935//5782 4930//5782
f 4935//5782 4929//5782 4930//5782
f 4934//5782 4930//5782 4931//5782
f 4669//5782 4929//5782 4935//5782
f 4669//5782 4684//5782 4929//5782
f 4936//5782 4931//5782 4932//5782
f 4936//5782 4934//5782 4931//5782
f 4667//5782 4684//5782 4669//5782
f 4667//5782 4682//5782 4684//5782
f 4937//5782 4932//5782 4933//5782
f 4937//5782 4936//5782 4932//5782
f 4666//5782 4680//5782 4682//5782
f 4666//5782 4682//5782 4667//5782
f 4672//5782 4937//5782 4933//5782
f 4672//5782 4938//5782 4937//5782
f 4678//5782 4680//5782 4666//5782
f 4678//5782 4666//5782 4663//5782
f 4672//5782 4658//5782 4938//5782
f 4676//5782 4663//5782 4661//5782
f 4676//5782 4678//5782 4663//5782
f 4670//5782 4658//5782 4672//5782
f 4670//5782 4660//5782 4658//5782
f 4674//5782 4661//5782 4660//5782
f 4674//5782 4676//5782 4661//5782
f 4674//5782 4660//5782 4670//5782
f 4939//5933 4668//5463 4669//5934
f 4939//5933 4669//5934 4935//5935
f 4940//5936 4939//5937 4935//5938
f 4940//5936 4935//5938 4934//5939
f 4941//5940 4940//5941 4934//5942
f 4942//5943 4934//5942 4936//5944
f 4942//5943 4941//5940 4934//5942
f 4942//5943 4936//5944 4937//5945
f 4943//5946 4942//5943 4937//5947
f 4943//5946 4937//5947 4938//5948
f 4657//5454 4943//5949 4938//5950
f 4657//5454 4938//5950 4658//5452
f 4668//5463 4939//5933 4940//5782
f 4943//5946 4941//5940 4942//5943
f 4662//5456 4664//5459 4665//5460
f 4659//5451 4940//5782 4941//5940
f 4659//5451 4943//5946 4657//5454
f 4659//5451 4668//5463 4940//5782
f 4659//5451 4665//5460 4668//5463
f 4659//5451 4941//5940 4943//5946
f 4659//5451 4662//5456 4665//5460
f 4646//5440 4645//5832 4946//5832
f 4947//5951 4944//5952 4948//5953
f 4947//5951 4946//5832 4945//5954
f 4947//5951 4945//5954 4944//5952
f 4654//5448 4947//5951 4656//5955
f 4654//5448 4652//5446 4650//5444
f 4654//5448 4946//5832 4947//5951
f 4654//5448 4646//5440 4946//5832
f 4654//5448 4650//5444 4648//5442
f 4654//5448 4648//5442 4646//5440
f 4949//5956 4655//5957 4656//5955
f 4949//5956 4656//5955 4947//5951
f 4950//5958 4947//5951 4948//5953
f 4950//5958 4949//5959 4947//5951
f 4951//5960 4948//5953 4944//5952
f 4951//5960 4950//5958 4948//5953
f 4952//5961 4944//5952 4945//5954
f 4952//5961 4951//5960 4944//5952
f 4953//5962 4945//5954 4946//5963
f 4953//5962 4952//5961 4945//5954
f 4954//5964 4946//5963 4645//5439
f 4954//5964 4953//5962 4946//5963
f 4644//5438 4954//5964 4645//5439
f 4465//5965 4463//5966 4955//5832
f 4461//5967 4616//5968 4955//5832
f 4461//5967 4955//5832 4463//5966
f 4467//5832 4955//5832 4956//5968
f 4467//5832 4465//5965 4955//5832
f 4495//5832 4957//5832 4958//5832
f 4497//5832 4495//5832 4958//5832
f 4493//5832 4957//5832 4495//5832
f 4469//5965 4956//5968 4959//5832
f 4469//5965 4467//5832 4956//5968
f 4493//5832 4960//5969 4957//5832
f 4961//5970 4616//5968 4461//5967
f 4499//5971 4958//5832 4962//5972
f 4499//5971 4497//5832 4958//5832
f 4963//5966 4959//5832 4960//5969
f 4963//5966 4960//5969 4493//5832
f 4616//5968 4961//5970 4964//5973
f 4501//5972 4499//5971 4962//5972
f 4619//5974 4616//5968 4964//5973
f 4953//5975 4469//5965 4959//5832
f 4953//5975 4959//5832 4963//5966
f 4952//5832 4963//5966 4965//5832
f 4952//5832 4953//5975 4963//5966
f 4953//5975 4470//5832 4469//5965
f 4954//5832 4470//5832 4953//5975
f 4951//5832 4952//5832 4965//5832
f 4966//5976 4501//5972 4962//5972
f 4619//5974 4964//5973 4968//5972
f 4644//5832 4470//5832 4954//5832
f 4951//5832 4965//5832 4967//5832
f 4644//5832 4968//5972 4470//5832
f 4950//5973 4967//5832 4969//5977
f 4950//5973 4951//5832 4967//5832
f 4966//5976 4969//5977 4501//5972
f 4621//5832 4619//5974 4968//5972
f 4647//5971 4968//5972 4644//5832
f 4647//5971 4621//5832 4968//5972
f 4970//5832 4950//5973 4969//5977
f 4970//5832 4969//5977 4966//5976
f 4476//5832 4474//5966 4647//5971
f 4476//5832 4647//5971 4649//5832
f 4474//5966 4622//5978 4621//5832
f 4474//5966 4621//5832 4647//5971
f 4472//5965 4622//5978 4474//5966
f 4472//5965 4625//5965 4622//5978
f 4476//5832 4649//5832 4651//5832
f 4478//5832 4476//5832 4651//5832
f 4484//5832 4949//5832 4950//5973
f 4486//5975 4970//5832 4971//5979
f 4486//5975 4950//5973 4970//5832
f 4486//5975 4484//5832 4950//5973
f 4972//5973 4625//5965 4472//5965
f 4482//5832 4655//5832 4949//5832
f 4482//5832 4949//5832 4484//5832
f 4478//5832 4651//5832 4653//5980
f 4642//5981 4486//5975 4971//5979
f 4488//5982 4486//5975 4642//5981
f 4480//5977 4478//5832 4653//5980
f 4482//5832 4653//5980 4655//5832
f 4973//5972 4653//5980 4482//5832
f 4625//5965 4972//5973 4974//5977
f 4490//5983 4488//5982 4642//5981
f 4642//5981 4492//5984 4490//5983
f 4628//5832 4625//5965 4974//5977
f 4628//5832 4974//5977 4975//5832
f 4628//5832 4975//5832 4976//5832
f 4640//5832 4492//5984 4642//5981
f 4640//5832 4977//5980 4492//5984
f 4640//5832 4978//5832 4977//5980
f 4631//5832 4628//5832 4976//5832
f 4638//5981 4978//5832 4640//5832
f 4631//5832 4976//5832 4480//5977
f 4638//5981 4973//5972 4978//5832
f 4633//5985 4631//5832 4480//5977
f 4636//5832 4653//5980 4973//5972
f 4636//5832 4480//5977 4653//5980
f 4636//5832 4973//5972 4638//5981
f 4633//5985 4480//5977 4636//5832
f 4897//5986 4896//5986 4905//5986
f 4604//5378 4896//5987 4603//5379
f 4604//5383 4905//5878 4896//5988
f 4810//5989 4643//5989 4642//5989
f 4812//5990 4642//5990 4971//5990
f 4812//5991 4810//5991 4642//5991
f 4816//5992 4971//5993 4970//5994
f 4816//5995 4812//5995 4971//5995
f 4970//5994 4818//5996 4816//5992
f 4818//5997 4970//5997 4966//5997
f 4823//5998 4966//5998 4962//5998
f 4823//5722 4818//5718 4966//5999
f 4962//6000 4827//6000 4823//6000
f 4832//6001 4962//6001 4958//6001
f 4832//6002 4827//6002 4962//6002
f 4833//5732 4832//5734 4958//6003
f 4957//6004 4833//6004 4958//6004
f 4957//6005 4837//6005 4833//6005
f 4840//6006 4957//6006 4960//6006
f 4840//6007 4837//6007 4957//6007
f 4842//5743 4840//5745 4960//6008
f 4959//6009 4845//6009 4842//6009
f 4959//6010 4842//6010 4960//6010
f 4848//6011 4959//6012 4956//6013
f 4848//6011 4845//6014 4959//6012
f 4851//6015 4956//6015 4955//6015
f 4851//6016 4848//6016 4956//6016
f 4855//6017 4955//6017 4616//6017
f 4855//6018 4851//6018 4955//6018
f 4855//6019 4616//6019 4617//6019
f 4807//6020 4805//6020 4979//6020
f 4899//5857 4807//5859 4530//6021
f 4530//6022 4807//6023 4979//6024
f 4979//6025 4980//6026 4981//6027
f 4805//5681 4908//5889 4979//6028
f 4979//6029 4908//6029 4980//6029
f 4980//6026 4915//6030 4981//6027
f 4908//6031 4915//6031 4980//6031
f 4915//6032 4982//6032 4981//6032
f 4611//6033 4982//6034 4614//6035
f 4915//6036 4917//6036 4982//6036
f 4982//6037 4917//6037 4614//6037
f 4898//5782 4526//5253 4609//5782
f 4527//5251 4526//5253 4898//5782
f 4899//5857 4527//5251 4898//5782
f 4530//6021 4527//5251 4899//5857
f 4704//6038 4707//6038 4983//6038
f 4707//6039 4803//6039 4983//6039
f 4984//6040 4921//6040 4985//6040
f 4921//6041 4920//6041 4985//6041
f 4985//6042 4920//6042 4986//6042
f 4920//6043 4923//6043 4986//6043
f 4986//6044 4923//6044 4599//6044
f 4923//6045 4601//5375 4599//5374
f 4983//6046 4803//6047 4984//6048
f 4984//6049 4803//6049 4921//6049
f 4987//6050 4704//6050 4983//5899
f 4702//5782 4704//6050 4987//6050
f 4988//5782 4702//5782 4987//6050
f 4700//5782 4702//5782 4988//5782
f 4698//5508 4988//5782 4989//5792
f 4698//5508 4700//5782 4988//5782
f 4589//5503 4989//5792 4591//6051
f 4698//5508 4989//5792 4589//5503
f 4895//6052 4897//6052 4524//6052
f 4897//6053 4905//6053 4524//6053
f 4990//6054 4904//6054 4991//6054
f 4904//6055 4906//6055 4991//6055
f 4991//6056 4906//6056 4992//6056
f 4906//6057 4910//6057 4992//6057
f 4992//6058 4910//6058 4586//6058
f 4910//6059 4588//5355 4586//5354
f 4524//6060 4905//6060 4990//6060
f 4990//6061 4905//6061 4904//6061
f 4522//5784 4895//5843 4524//6062
f 4894//5844 4895//5843 4522//5784
f 4520//5782 4894//5844 4522//5784
f 4893//5782 4894//5844 4520//5782
f 4893//5782 4520//5782 4518//5782
f 4892//5782 4893//5782 4518//5782
f 4892//5782 4518//5782 4516//5781
f 4578//6063 4892//5782 4516//5781
f 4903//5874 4689//5875 4993//6064
f 4689//5676 4804//5678 4993//6065
f 4994//6066 4926//6066 4995//6066
f 4926//6067 4924//6067 4995//6067
f 4995//6068 4924//6068 4996//6068
f 4924//6069 4922//6069 4996//6069
f 4996//6070 4922//6070 4574//6070
f 4922//6071 4576//5331 4574//5330
f 4993//6072 4804//6073 4994//6074
f 4994//6075 4804//6075 4926//6075
f 4538//5782 4903//5874 4993//6064
f 4902//5869 4903//5874 4538//5782
f 4901//5782 4538//5782 4536//5782
f 4901//5782 4902//5869 4538//5782
f 4900//5863 4536//5782 4534//6076
f 4900//5863 4901//5782 4536//5782
f 4565//5864 4534//6076 4532//6077
f 4900//5863 4534//6076 4565//5864
f 4697//6078 4809//6078 4998//6078
f 4693//5501 4697//5500 4997//6079
f 4997//6080 4697//6081 4998//6082
f 4998//6083 4999//6084 5000//6085
f 4809//5693 4928//5915 4998//6086
f 4998//6087 4928//6087 4999//6087
f 4999//6084 4927//6088 5000//6085
f 4928//6089 4927//6089 4999//6089
f 4927//6090 5001//6090 5000//6090
f 4561//6091 5001//6092 4564//6093
f 4927//6094 4925//6094 5001//6094
f 5001//6095 4925//6095 4564//6095
f 4691//5782 4552//6096 4559//5782
f 5002//6097 4552//6096 4691//5782
f 4693//5501 5002//6097 4691//5782
f 5003//6098 5002//6097 4693//5501
f 4997//6079 5003//6098 4693//5501
f 4715//5690 4808//5689 5005//6099
f 4712//5525 4715//5530 5004//6100
f 5004//6101 4715//6101 5005//6101
f 5005//6102 5006//6103 5004//6104
f 5006//6105 5007//6106 5008//6107
f 5005//6108 5007//6106 5006//6105
f 4808//5686 4907//5883 5005//6109
f 5005//6110 4907//6110 5007//6110
f 5007//6111 4912//6112 5008//6113
f 5007//6111 4907//6114 4912//6112
f 4551//5288 4914//6115 4550//5289
f 5009//6116 4914//6116 4551//6116
f 5008//6117 4914//6117 5009//6117
f 4912//6118 4914//6118 5008//6118
f 5010//6119 4549//5282 4710//5782
f 5010//6119 4540//5280 4549//5282
f 5004//6120 4710//5782 4712//5782
f 5004//6120 5010//6119 4710//5782
f 4524//5965 4990//6121 4526//5380
f 4990//6121 4606//5381 4526//5380
f 4990//6121 4991//6122 4606//5381
f 4991//6122 4610//5392 4606//5381
f 5004//6104 4581//5342 4516//6123
f 4991//6122 4611//6033 4610//5392
f 4991//6122 4992//5971 4611//6033
f 5004//6104 5006//6103 4581//5342
f 5006//6103 5008//6124 4581//5342
f 4581//5342 5008//6124 4582//5343
f 4582//5343 5008//6124 4583//6125
f 5008//6124 5009//6126 4583//6125
f 4583//6125 5009//6126 4584//5350
f 4981//6127 4569//5318 4979//6024
f 4530//6022 4569//5318 4532//6128
f 4979//6024 4569//5318 4530//6022
f 4981//6127 4570//5319 4569//5318
f 5009//6126 4551//6129 4584//5350
f 4982//6034 4571//6130 4981//6127
f 4981//6127 4571//6130 4570//5319
f 4611//6033 4572//5326 4982//6034
f 4982//6034 4572//5326 4571//6130
f 4992//5971 4572//5326 4611//6033
f 4992//5971 4574//5327 4572//5326
f 4586//5351 4574//5327 4992//5971
f 4540//6131 4983//6046 4542//6132
f 4546//6133 4985//6134 4551//6129
f 4542//6132 4984//6048 4546//6133
f 4546//6133 4984//6048 4985//6134
f 4985//6134 4986//5965 4551//6129
f 4551//6129 4986//5965 4584//5350
f 4983//6046 4984//6048 4542//6132
f 4584//5350 4986//5965 4586//5351
f 4986//5965 4599//5371 4586//5351
f 4586//5351 4599//5371 4574//5327
f 4574//5327 4599//5371 4996//5980
f 4599//5371 4597//5370 4996//5980
f 4597//5370 4561//6091 4996//5980
f 4996//5980 4561//6091 4995//6135
f 4561//6091 4560//5304 4995//6135
f 4596//6136 5001//6092 4597//5370
f 4597//5370 5001//6092 4561//6091
f 4995//6135 4556//5303 4994//6074
f 4560//5304 4556//5303 4995//6135
f 4595//5363 5000//6137 4596//6136
f 4596//6136 5000//6137 5001//6092
f 4556//5303 4993//6072 4994//6074
f 4556//5303 4552//6138 4993//6072
f 4595//5363 4594//5362 5000//6137
f 4594//5362 4998//6082 5000//6137
f 4591//6139 4997//6080 4594//5362
f 4594//5362 4997//6080 4998//6082
f 4539//5270 4993//5271 5011//6140
f 5011//6141 4552//6141 5012//6141
f 4993//6142 4552//6142 5011//6142
f 4552//6096 5002//6097 5012//6143
f 5012//6144 5002//6145 5013//6146
f 5002//6147 5003//6147 5013//6147
f 5013//6148 4997//6149 5014//6150
f 5003//6098 4997//6079 5013//6151
f 5014//6150 4997//6149 5015//6152
f 4997//6153 4591//6153 5015//6153
f 4591//6154 4989//6154 5015//6154
f 5015//6155 4989//6156 5016//6157
f 4989//6156 4988//6158 5016//6157
f 5016//6159 4988//6160 5017//6161
f 5017//6161 4988//6160 5018//6162
f 4988//6163 4987//6164 5018//6162
f 5018//6162 4987//6164 5019//6165
f 4987//6166 4983//6166 5019//6166
f 5019//6167 4983//6168 5020//6169
f 4983//6168 4540//6170 5020//6169
f 5020//6171 4540//6172 5021//6173
f 4540//6174 5010//6174 5021//6174
f 5021//6173 5010//6175 5022//6176
f 5022//6177 5004//6177 5023//6177
f 5010//6119 5004//6120 5022//6178
f 5023//6179 5004//6179 4517//6179
f 5004//6180 4516//5238 4517//5240
f 4525//5248 4521//5242 4523//5246
f 4519//5237 4521//5242 4525//5248
f 4529//5256 4525//5248 4528//5252
f 4529//5256 4519//5237 4525//5248
f 5022//6176 5023//5782 4517//5235
f 5021//6173 5022//6176 4517//5235
f 5021//6173 4517//5235 4519//5237
f 5021//6173 4519//5237 4529//5256
f 5021//6173 4529//5256 4531//5258
f 4535//5264 4531//5258 4533//5262
f 4539//5270 4535//5264 4537//5268
f 4539//5270 4531//5258 4535//5264
f 5017//6161 5018//6162 5019//6165
f 5017//6161 5019//6165 5020//6171
f 5017//6161 5021//6173 4531//5258
f 5017//6161 5020//6171 5021//6173
f 5015//6152 5016//6159 5017//6161
f 5013//6146 4539//5270 5011//5782
f 5013//6146 5011//5782 5012//6144
f 5014//6150 5017//6161 4531//5258
f 5014//6150 4531//5258 4539//5270
f 5014//6150 5015//6152 5017//6161
f 5014//6150 4539//5270 5013//6146
f 4756//6181 4508//6181 4755//6181
f 4508//6182 4506//6183 4755//6184
f 4506//6183 4503//6185 4755//6184
f 4755//6186 4503//6186 4753//6186
f 4503//6187 5024//6187 4753//6187
f 4753//6188 5024//6189 4752//6190
f 5024//6189 5025//6191 4752//6190
f 4752//6192 5025//6192 4751//6192
f 5025//6193 5026//6194 4751//6195
f 4839//6196 4513//5227 4512//5226
f 4835//6197 4513//5227 4839//6196
f 4854//6198 4513//5227 4746//6199
f 4515//5234 4513//5227 4854//6198
f 4829//6200 4793//6201 4835//6197
f 4825//6202 4793//6201 4829//6200
f 4835//6197 4793//6201 4513//5227
f 4749//6203 4508//6204 4756//6205
f 4746//6199 4508//6204 4749//6203
f 4513//5227 4508//6204 4746//6199
f 4793//6201 4508//6204 4513//5227
f 4792//6206 4814//6207 4793//6201
f 4508//6204 4762//6208 4507//6209
f 4814//6207 4788//6210 4793//6201
f 4793//6201 4794//6211 4508//6204
f 4793//6201 4788//6210 4794//6211
f 4508//6204 4766//6212 4762//6208
f 4794//6211 4766//6212 4508//6204
f 4788//6210 4785//6213 4794//6211
f 4794//6211 4769//6214 4766//6212
f 4785//6213 4782//6215 4794//6211
f 4794//6211 4773//6216 4769//6214
f 4849//6217 5028//6217 4847//6217
f 5027//6218 5028//6218 4849//6218
f 5028//6219 5029//6219 4847//6219
f 4847//6220 5029//5229 4514//5231
f 4748//6221 5026//6194 4745//6222
f 4751//6195 5026//6194 4748//6221
f 4760//6223 5026//6194 4759//6224
f 4764//6225 5026//6194 4760//6223
f 4852//6226 5027//6227 4849//6228
f 4745//6222 5027//6227 4852//6226
f 5026//6194 5027//6227 4745//6222
f 4767//6229 4798//6230 4764//6225
f 4770//6231 4798//6230 4767//6229
f 4764//6225 4798//6230 5026//6194
f 5027//6227 4836//6232 4841//6233
f 4779//6234 4783//6235 4798//6230
f 4783//6235 4786//6236 4798//6230
f 4798//6230 4799//5667 5026//6194
f 5026//6194 4799//5667 5027//6227
f 4799//5667 4831//6237 5027//6227
f 5027//6227 4831//6237 4836//6232
f 4798//6230 4786//6236 4799//5667
f 4799//5667 4826//6238 4831//6237
f 4786//6236 4811//6239 4799//5667
f 4799//5667 4822//6240 4826//6238
f 4811//6239 4800//5668 4799//5667
f 5027//6241 4841//6241 5028//6241
f 4841//6242 4843//6242 5028//6242
f 5028//6243 4843//6243 5029//6243
f 4843//6244 4509//5222 5029//5221
f 4793//6245 4825//6245 4791//6245
f 4825//6246 4824//6246 4791//6246
f 4791//6247 4824//6247 4789//6247
f 4824//6248 4821//6249 4789//6250
f 4789//6250 4821//6249 4801//6251
f 4821//6252 4820//6253 4801//6254
f 4801//6254 4820//6253 4799//6255
f 4820//6256 4822//6256 4799//6256
f 4773//6216 4794//6211 4775//6257
f 4794//6258 4795//6258 4775//6258
f 4775//6259 4795//6259 4774//6259
f 4795//6260 4796//6260 4774//6260
f 4774//6261 4796//6261 4771//6261
f 4796//6262 4797//6263 4771//6264
f 4771//6264 4797//6263 4770//6265
f 4797//6266 4798//6266 4770//6266
f 4759//6267 5025//6267 4758//6267
f 5026//6194 5025//6268 4759//6224
f 5025//6269 5024//6270 4758//6271
f 4758//6271 5024//6270 4504//5215
f 5024//6270 4503//5216 4504//5215
f 4502//5202 4969//6272 5030//6273
f 4501//5201 4969//6272 4502//5202
f 5030//6273 4967//6274 5031//6275
f 4969//6272 4967//6274 5030//6273
f 5031//6275 4965//6276 5032//6277
f 4967//6274 4965//6276 5031//6275
f 5032//6277 4963//6278 5033//6279
f 4965//6276 4963//6278 5032//6277
f 5033//6279 4493//5196 4494//5213
f 4963//6278 4493//5196 5033//6279
f 5033//6279 4494//5213 4496//5832
f 4502//5202 4498//5832 4500//5200
f 5031//6275 5033//6279 4496//5832
f 5031//6275 5032//6277 5033//6279
f 5030//6273 4498//5832 4502//5202
f 5030//6273 4496//5832 4498//5832
f 5030//6273 5031//6275 4496//5832
f 4491//5211 4492//5212 5034//6280
f 5034//6280 4977//6281 5035//6282
f 4492//5212 4977//6281 5034//6280
f 4977//6281 4978//6283 5035//6282
f 5035//6282 4978//6283 5036//6284
f 5036//6284 4973//6285 5037//6286
f 4978//6283 4973//6285 5036//6284
f 4973//6285 4482//5185 5037//6286
f 5037//6286 4482//5185 4483//5203
f 4489//5209 4485//5832 4487//5207
f 5035//6282 4491//5211 5034//6280
f 5035//6282 4483//5203 4485//5832
f 5035//6282 4485//5832 4489//5209
f 5035//6282 5037//6286 4483//5203
f 5035//6282 4489//5209 4491//5211
f 5035//6282 5036//6284 5037//6286
f 4481//5202 4976//6272 5038//6273
f 4480//5201 4976//6272 4481//5202
f 5038//6273 4975//6274 5039//6275
f 4976//6272 4975//6274 5038//6273
f 5039//6275 4974//6276 5040//6277
f 4975//6274 4974//6276 5039//6275
f 5040//6277 4972//6278 5041//6279
f 4974//6276 4972//6278 5040//6277
f 5041//6279 4472//5196 4473//5193
f 4972//6278 4472//5196 5041//6279
f 4479//5200 4475//5832 4477//5198
f 5039//6275 5040//6277 5041//6279
f 5038//6273 4473//5193 4475//5832
f 5038//6273 5041//6279 4473//5193
f 5038//6273 4475//5832 4479//5200
f 5038//6273 5039//6275 5041//6279
f 5038//6273 4479//5200 4481//5202
f 4471//5192 4968//6287 5042//6288
f 4470//5191 4968//6287 4471//5192
f 5042//6288 4964//6289 5043//6290
f 4968//6287 4964//6289 5042//6288
f 5043//6290 4961//6291 5044//6292
f 4964//6289 4961//6291 5043//6290
f 4961//6291 4461//5185 5044//6292
f 5044//6292 4461//5185 4462//5182
f 4471//5192 4466//5832 4468//5189
f 5042//6288 5044//6292 4462//5832
f 5042//6288 4462//5832 4464//5832
f 5042//6288 4464//5832 4466//5832
f 5042//6288 4466//5832 4471//5192
f 5042//6288 5043//6290 5044//6292
o Holybro_Brushless_Motor_2216-880KV001
v -170.288803 16.999977 -158.719131
v -170.304047 17.999977 -158.844666
v -169.869553 16.999977 -160.139938
v -169.927490 17.999977 -160.031830
v -169.080200 17.999977 -160.684784
v -168.769211 16.999977 -160.761444
v -168.041443 17.999977 -160.700638
v -167.347351 16.999977 -160.396439
v -167.130463 17.999977 -160.139938
v -166.718964 16.999977 -159.054916
v -166.718964 17.999977 -158.945099
v -160.788803 16.999977 -150.719131
v -160.804047 17.999977 -150.844666
v -160.369553 16.999977 -152.139938
v -160.296707 17.999977 -152.222153
v -159.063232 16.999977 -152.809616
v -158.936768 17.999977 -152.809616
v -157.703293 16.999977 -152.222153
v -157.630463 17.999977 -152.139938
v -157.218964 16.999977 -151.054916
v -157.218964 17.999977 -150.945099
v -151.288803 16.999977 -158.719131
v -151.304047 17.999977 -158.844666
v -150.869553 16.999977 -160.139938
v -150.796707 17.999977 -160.222153
v -149.563232 16.999977 -160.809616
v -149.436768 17.999977 -160.809616
v -148.203293 16.999977 -160.222153
v -148.018250 17.999977 -160.022797
v -147.718964 16.999977 -159.054916
v -147.746674 17.999977 -158.787170
v -160.788803 16.999975 -166.719131
v -160.804047 17.999975 -166.844666
v -160.369553 16.999975 -168.139938
v -160.296707 17.999975 -168.222153
v -159.063232 16.999975 -168.809616
v -158.936768 17.999975 -168.809616
v -157.703293 16.999975 -168.222153
v -157.630463 17.999975 -168.139938
v -157.218964 16.999975 -167.054916
v -157.218964 17.999975 -166.945099
v -167.227692 21.857283 -150.768875
v -167.274979 21.602232 -147.894699
v -166.941696 22.427610 -147.652313
v -166.790421 22.597355 -151.211182
v -166.229095 22.946165 -147.176865
v -166.049881 22.987885 -151.954590
v -167.274979 21.397726 -170.105316
v -167.179794 22.009336 -167.173676
v -166.996506 22.375097 -170.311661
v -166.800354 22.579348 -166.803101
v -166.201889 22.955799 -170.837814
v -166.109650 22.983509 -166.112930
v -170.142990 21.910423 -167.227509
v -170.726471 22.906654 -166.399979
v -146.918625 45.000370 -158.798859
v -146.939484 24.999962 -159.867172
v -147.542755 44.999985 -162.833374
v -147.710052 24.999979 -163.305832
v -148.978302 44.999981 -165.749023
v -149.355850 24.999973 -166.280792
v -151.142914 44.999977 -168.179321
v -151.763397 24.999973 -168.677704
v -153.149445 44.999977 -169.540070
v -154.829010 25.000000 -170.347809
v -155.552704 44.999981 -170.604584
v -158.133743 44.999981 -171.063522
v -158.139130 24.999975 -171.042450
v -160.715607 24.999973 -170.932266
v -162.443054 45.000004 -170.616516
v -163.170990 24.999989 -170.347824
v -164.846893 45.003071 -169.535446
v -166.236618 24.999971 -168.677689
v -166.857117 44.999977 -168.179306
v -168.644150 24.999973 -166.280807
v -169.021698 44.999981 -165.749023
v -170.289948 24.999979 -163.305862
v -170.745544 44.999989 -162.019150
v -171.060516 24.999962 -159.867111
v -150.648880 45.000034 -150.207611
v -151.039139 46.813187 -150.673981
v -151.404037 45.000904 -151.177231
v -149.437439 47.077080 -149.085327
v -150.792847 49.000702 -150.349136
v -151.697510 48.997799 -151.697922
v -152.009720 44.999855 -152.677490
v -151.787338 46.400085 -151.960037
v -152.095032 48.994728 -153.203918
v -149.251572 45.000000 -149.069031
v -152.073196 45.000099 -153.841995
v -151.541428 49.000458 -155.124969
v -151.493423 44.999271 -155.167511
v -151.976883 48.998909 -154.203476
v -170.728531 45.000011 -156.189590
v -172.373413 47.070244 -155.670303
v -170.574921 49.003510 -156.208313
v -169.504059 49.000561 -156.330627
v -168.991959 45.002022 -156.325745
v -168.744003 47.917789 -156.289368
v -167.961349 48.999489 -156.113800
v -172.420380 44.999977 -155.577164
v -167.663788 45.005188 -155.996796
v -166.491272 45.000351 -155.192520
v -167.261734 48.988434 -155.790878
v -166.631836 46.752647 -155.273193
v -166.385300 48.999966 -154.993134
v -166.175812 45.000328 -170.844193
v -166.209076 46.999977 -170.825897
v -164.696823 48.989223 -169.400330
v -163.310516 48.999878 -167.341919
v -163.859283 45.000431 -168.216461
v -163.225357 45.002384 -166.983215
v -162.746841 45.008797 -165.420990
v -162.623978 45.001877 -163.963287
v -162.621613 48.998802 -164.116684
v -163.086731 45.000313 -162.008530
v -162.693848 46.488541 -163.439728
v -163.043686 48.999332 -162.133331
v -145.150909 47.000473 -159.330765
v -145.153946 44.999977 -159.330292
v -147.143555 48.988808 -158.733261
v -149.619034 48.999874 -158.561859
v -148.584381 45.000507 -158.600174
v -149.972519 45.002392 -158.667557
v -151.565094 45.011726 -159.034103
v -152.889496 45.001644 -159.656677
v -152.757919 48.998802 -159.578003
v -154.351151 45.000313 -161.034897
v -153.308060 46.488407 -159.979019
v -154.264664 48.999332 -160.935318
v -165.670639 45.000237 -146.818314
v -165.636993 46.999977 -146.843811
v -165.200500 45.003071 -148.668701
v -165.158554 48.989223 -148.866241
v -164.069077 48.999878 -151.096024
v -164.552063 45.000431 -150.183502
v -163.800995 45.002384 -151.349121
v -162.687302 45.008797 -152.544678
v -161.486313 45.001877 -153.379929
v -161.620377 48.998802 -153.305252
v -159.562180 45.000313 -153.956512
v -160.997940 46.488529 -153.581207
v -159.691757 48.999332 -153.931396
v -155.763184 47.221012 -170.057495
v -155.196960 47.070152 -172.246277
v -155.612213 49.000786 -170.433121
v -156.059708 49.000561 -169.431519
v -156.319977 45.002022 -168.990463
v -156.475494 47.917561 -168.793884
v -157.018875 48.999489 -168.203827
v -155.254074 44.999977 -172.333817
v -157.268951 45.005188 -168.004669
v -158.551773 45.000351 -167.391373
v -157.648346 48.988434 -167.759430
v -158.411591 46.752895 -167.472778
v -158.777390 48.999966 -167.399292
v -172.656540 18.992868 -156.718597
v -170.844086 16.999409 -157.497192
v -172.850006 18.999977 -159.000000
v -172.028732 19.007494 -154.219238
v -169.406235 16.999836 -153.280762
v -170.480804 18.996469 -151.226105
v -167.809219 17.001326 -151.069717
v -166.134857 17.000139 -149.492752
v -167.771423 19.016356 -148.229797
v -165.249161 18.996332 -146.640121
v -162.319244 16.999552 -147.587326
v -162.720810 18.989815 -145.628082
v -160.146835 18.997055 -145.197571
v -158.081619 17.000051 -147.149292
v -157.853180 18.997053 -145.197571
v -155.279190 18.989822 -145.628098
v -155.278397 17.000086 -147.730942
v -152.748718 18.996544 -146.640961
v -151.865158 17.000139 -149.492752
v -150.825714 18.998873 -147.815277
v -148.841827 19.014151 -149.502075
v -150.190811 17.001326 -151.069687
v -147.199997 18.997360 -151.749435
v -148.593750 16.999836 -153.280807
v -145.971252 19.007500 -154.219269
v -147.386261 17.000126 -156.499573
v -145.343460 18.992872 -156.718582
v -147.155914 16.999409 -160.502792
v -145.149994 18.999977 -159.000000
v -162.189926 16.999977 -158.612701
v -162.186157 14.499975 -159.681931
v -161.837051 14.499977 -157.397568
v -161.689789 16.999977 -157.228424
v -160.558350 16.999977 -156.181320
v -160.434494 14.499977 -156.116318
v -158.999985 16.999977 -155.770386
v -158.999969 14.499977 -155.786652
v -157.499115 14.499977 -156.140320
v -157.156616 16.999977 -156.329361
v -156.069611 14.499977 -157.575424
v -155.861908 16.999977 -158.123062
v -155.811890 14.499975 -159.457550
v -161.845856 58.499981 -157.990829
v -162.004669 52.999981 -159.298782
v -161.799347 52.999981 -157.868195
v -161.988861 58.499981 -159.429001
v -161.050934 58.499981 -156.783951
v -160.952759 52.999981 -156.696976
v -159.724609 58.499981 -156.060226
v -159.720963 52.999981 -156.075012
v -158.275406 52.999981 -156.060211
v -158.279053 58.499981 -156.075012
v -156.992218 58.499981 -156.733719
v -157.002304 52.999981 -156.745132
v -156.168976 52.999981 -157.926346
v -156.183228 58.499981 -157.931763
v -155.995331 58.499981 -159.298767
v -156.011139 52.999981 -159.428955
v -162.794510 52.999981 -157.654541
v -162.985138 48.999981 -158.428009
v -162.985138 52.999981 -159.571991
v -162.262833 48.999981 -156.641541
v -161.734589 52.999981 -156.045273
v -161.272263 48.999977 -155.708069
v -159.966110 52.999981 -155.080276
v -159.961227 48.999981 -155.100006
v -158.517853 48.999977 -155.029160
v -158.038773 52.999981 -155.100006
v -157.052094 48.999981 -155.476654
v -156.396317 52.999981 -155.929306
v -155.694366 48.999981 -156.718201
v -155.458176 52.999977 -157.141113
v -155.116226 48.999977 -158.042740
v -155.012589 52.999981 -158.515793
v -155.014877 48.999981 -159.571991
v -172.760086 46.990959 -157.280838
v -172.850006 24.599977 -159.000000
v -172.720993 24.599977 -157.114090
v -172.849106 47.000469 -159.330780
v -172.038910 24.599976 -154.239105
v -171.519943 44.999985 -153.005722
v -170.833710 24.599977 -151.803757
v -168.748428 45.000000 -149.069031
v -169.093887 24.599966 -149.475983
v -167.245041 46.994705 -147.843475
v -166.176865 24.599981 -147.117874
v -168.563110 47.076591 -149.085129
v -162.689865 24.599976 -145.619476
v -161.638275 44.999977 -145.374680
v -159.000061 24.599976 -145.119690
v -158.115616 44.999977 -145.149612
v -155.310104 24.599976 -145.619492
v -154.651718 44.999981 -145.820786
v -151.823090 24.599981 -147.117889
v -152.338394 45.000519 -146.859253
v -150.754974 46.994701 -147.843475
v -152.363007 46.999977 -146.843811
v -148.906128 24.599966 -149.475967
v -147.166290 24.599977 -151.803757
v -146.480057 44.999985 -153.005737
v -145.961105 24.599976 -154.239075
v -145.572769 45.000008 -155.626114
v -145.156921 24.599979 -157.925613
v -145.245071 46.998447 -157.239960
v -145.614822 47.055393 -155.656631
v -171.619019 24.599977 -156.422043
v -171.859070 24.099977 -159.919739
v -171.549591 24.099977 -156.102905
v -171.836548 24.599977 -159.918198
v -170.381546 24.599977 -152.971283
v -170.225006 24.099977 -152.684586
v -168.222076 24.599977 -150.008972
v -167.991089 24.099977 -149.777969
v -165.947235 24.599977 -148.189896
v -165.947235 24.099977 -148.189896
v -163.653656 24.599977 -146.990479
v -163.347610 24.099977 -146.876328
v -160.081665 24.599977 -146.165848
v -160.828751 24.099977 -146.280792
v -157.918350 24.099977 -146.165848
v -157.171249 24.599977 -146.280792
v -154.652405 24.599977 -146.876312
v -154.346359 24.099977 -146.990479
v -152.052765 24.599977 -148.189896
v -151.151352 24.099977 -148.788055
v -150.008926 24.599977 -149.777969
v -148.697617 24.099977 -151.287643
v -148.189896 24.599977 -152.052765
v -147.311234 24.099977 -153.661911
v -146.942093 24.599977 -154.502625
v -146.424774 24.099977 -156.264435
v -146.280792 24.599977 -157.171249
v -146.140930 24.099977 -159.919693
v -146.163452 24.599977 -159.918106
v -172.907639 20.000456 -159.000000
v -172.907639 22.999544 -159.000000
v -172.858307 24.099947 -159.929672
v -172.221024 20.000071 -154.780777
v -172.720993 24.099977 -157.114090
v -172.221024 22.999895 -154.780777
v -172.045212 24.099983 -154.259949
v -170.826736 20.052942 -151.768143
v -170.336075 20.592056 -151.041458
v -170.101868 21.445263 -150.722641
v -170.425079 24.099266 -151.147827
v -170.378250 22.526442 -151.099487
v -170.932312 22.982071 -151.957443
v -167.802689 24.099905 -148.268188
v -166.996506 20.624844 -147.688339
v -166.201950 20.044184 -147.162262
v -163.407776 19.999943 -145.839600
v -165.371902 24.099977 -146.702789
v -162.579193 23.000143 -145.539886
v -162.699615 24.100016 -145.621658
v -159.896698 19.999903 -145.149689
v -158.999985 24.100021 -145.119324
v -158.103256 23.000048 -145.149704
v -155.420837 19.999798 -145.539886
v -155.300385 24.100016 -145.621658
v -154.592255 23.000010 -145.839584
v -151.738663 20.059875 -147.196060
v -151.039398 20.598700 -147.665466
v -151.823914 24.099392 -147.133957
v -151.946869 22.981127 -147.075882
v -150.720673 21.453129 -147.897858
v -151.095367 22.514381 -147.621964
v -149.546646 24.099977 -148.877914
v -147.622650 20.484953 -151.097946
v -147.902481 21.577061 -150.717346
v -147.076385 20.018837 -151.942184
v -147.621033 24.099413 -151.079010
v -147.650391 22.429930 -151.061020
v -147.168884 22.949720 -151.775757
v -145.778961 20.000071 -154.780823
v -145.954773 24.099985 -154.260010
v -145.778961 22.999895 -154.780823
v -145.092361 20.000456 -159.000000
v -145.279007 24.099977 -157.114090
v -145.092361 22.999544 -159.000000
v -145.141693 24.099947 -159.929672
v -150.766464 21.839092 -167.236282
v -147.752625 22.265921 -167.085938
v -151.206635 22.594309 -166.794617
v -147.147369 22.960321 -166.183151
v -151.951874 22.988480 -166.046844
v -151.784973 22.970970 -151.767242
v -150.948471 22.285870 -150.951645
v -150.727173 21.352623 -150.728516
v -151.077133 20.550503 -151.075104
v -151.853104 20.021555 -151.833191
v -151.769684 20.030504 -166.247543
v -147.273575 20.093288 -166.399948
v -150.867874 20.840500 -167.127014
v -147.856964 21.089561 -167.227539
v -152.853119 48.991451 -148.861694
v -170.854340 48.991634 -158.745987
v -162.384933 49.000599 -170.435287
v -164.534546 46.998714 -171.716431
v -162.804993 47.076588 -172.239334
v -147.409805 49.000790 -156.212021
v -167.210770 49.000599 -150.350937
v -145.343460 18.992874 -161.281433
v -145.778961 20.000071 -163.219177
v -145.971252 19.007500 -163.780731
v -145.778961 22.999893 -163.219193
v -145.954773 24.099983 -163.740005
v -147.519669 18.996561 -166.774841
v -147.598053 24.099348 -166.884430
v -150.305298 19.010036 -169.821671
v -150.200119 24.099960 -169.734726
v -151.028061 20.594894 -170.328873
v -150.718811 21.567757 -170.100647
v -151.811020 20.038528 -170.845093
v -152.744354 18.997652 -171.358063
v -151.058380 22.427704 -170.347763
v -151.770935 22.946169 -170.823181
v -155.420868 19.999796 -172.460129
v -155.279251 18.989809 -172.371933
v -152.628098 24.099974 -171.297211
v -155.420837 23.000139 -172.460129
v -155.300400 24.100012 -172.378357
v -157.853226 18.997047 -172.802444
v -159.896698 19.999901 -172.850327
v -160.146805 18.997051 -172.802444
v -159.000031 24.100018 -172.880692
v -159.896744 23.000044 -172.850311
v -162.720795 18.989817 -172.371933
v -163.407822 19.999943 -172.160400
v -162.699600 24.100012 -172.378357
v -163.407791 23.000006 -172.160416
v -165.251328 18.996538 -171.359024
v -166.229187 20.053831 -170.823059
v -167.174255 18.998865 -170.184753
v -166.941696 20.572342 -170.347702
v -166.175568 24.099392 -170.869736
v -169.147964 19.014006 -168.508652
v -168.453354 24.099974 -169.122086
v -170.247467 20.733999 -167.085922
v -170.799088 18.997049 -166.251495
v -170.852646 20.039633 -166.183182
v -170.381592 24.099438 -166.916199
v -172.028732 19.007492 -163.780762
v -172.221039 20.000071 -163.219223
v -172.045212 24.099983 -163.740051
v -172.221024 22.999895 -163.219238
v -172.656540 18.992868 -161.281418
v -150.008972 24.099974 -168.222076
v -152.832382 24.099974 -170.295135
v -148.189896 24.099974 -165.947235
v -146.990479 24.099976 -163.653656
v -156.259628 24.099974 -171.597305
v -159.918106 24.099974 -171.836548
v -162.620270 24.099974 -171.329483
v -165.167664 24.099974 -170.295120
v -167.414963 24.099974 -168.711380
v -169.407730 24.099974 -166.587128
v -171.057922 24.099976 -163.497360
v -146.876328 24.599976 -163.347610
v -148.189896 24.599974 -165.947235
v -149.777969 24.599974 -167.991089
v -152.821548 24.599974 -170.314957
v -156.264465 24.599974 -171.575256
v -159.919693 24.599974 -171.859070
v -163.497360 24.599974 -171.057922
v -165.947235 24.599974 -169.810104
v -168.099991 24.599974 -168.099991
v -170.225021 24.599974 -165.315414
v -171.329483 24.599977 -162.620270
v -170.292160 24.599974 -167.070374
v -167.739365 24.599972 -169.783554
v -165.371902 24.599974 -171.297211
v -171.703369 24.599974 -164.517853
v -162.721405 24.599977 -172.370148
v -172.593491 24.599979 -161.850021
v -159.000015 24.599974 -172.882217
v -155.278610 24.599977 -172.370148
v -152.628098 24.599974 -171.297211
v -150.260666 24.599972 -169.783554
v -147.707825 24.599974 -167.070343
v -146.296631 24.599974 -164.517853
v -145.406525 24.599979 -161.850037
v -145.611389 45.000004 -162.758316
v -147.373993 44.999985 -166.577728
v -149.657471 44.999977 -169.262939
v -151.816330 45.000523 -170.839752
v -153.465485 46.998714 -171.716431
v -151.790924 46.999977 -170.825897
v -158.050690 44.999981 -172.849777
v -162.729706 45.000023 -172.394913
v -168.342529 44.999977 -169.262939
v -170.626007 44.999985 -166.577728
v -172.388626 45.000004 -162.758301
v -172.846237 45.000290 -159.301651
v -154.540237 48.999989 -167.588120
v -153.293411 48.991451 -169.392517
v -155.343811 48.999969 -164.974625
v -148.606400 48.999367 -156.323349
v -161.784897 48.997547 -169.175690
v -150.014511 48.998463 -156.135254
v -155.694366 48.999981 -161.281815
v -155.181229 48.999996 -162.759628
v -156.727737 48.999977 -162.291931
v -158.038773 48.999981 -162.899994
v -160.740692 48.992191 -168.002579
v -159.966095 48.999981 -162.919724
v -159.706390 48.997265 -167.490753
v -161.663605 48.999981 -162.006516
v -162.774719 48.999981 -160.431473
v -155.653946 48.999969 -152.846344
v -153.792389 48.999989 -150.843704
v -164.165298 48.999996 -160.427353
v -157.653564 48.999996 -153.813065
v -166.002274 48.999969 -159.179062
v -166.000000 48.997654 -154.142899
v -168.667435 48.999989 -158.568222
v -165.926102 48.992191 -152.991257
v -166.419983 48.997547 -151.500320
v -155.205521 52.999981 -160.345474
v -156.265427 52.999981 -161.954758
v -157.581573 52.999977 -162.740067
v -159.000000 52.999981 -163.016724
v -160.876068 52.999981 -162.574615
v -162.305649 52.999981 -161.281799
v -156.552841 52.999981 -160.768799
v -158.005386 52.999981 -161.888214
v -159.786118 52.999981 -161.915359
v -161.347855 52.999981 -160.954147
v -156.478333 58.499981 -160.660858
v -157.829315 58.499981 -161.821442
v -159.994644 58.499981 -161.888214
v -161.447174 58.499981 -160.768799
v -157.499115 14.499975 -161.859680
v -159.069962 14.499975 -162.220016
v -156.355408 14.499975 -160.825348
v -160.932724 14.499975 -161.623215
v -155.964447 16.999977 -160.076477
v -157.067291 16.999977 -161.623230
v -158.930054 16.999977 -162.220016
v -160.767410 16.999977 -161.737320
v -162.019730 16.999977 -160.145325
v -170.613739 17.000126 -161.500443
v -169.406235 16.999834 -164.719238
v -162.721588 17.000082 -170.269073
v -159.918365 17.000050 -170.850723
v -167.809219 17.001324 -166.930283
v -166.134857 17.000137 -168.507263
v -169.466537 16.999977 -157.503036
v -155.680786 16.999550 -170.412689
v -168.005569 16.999977 -157.258102
v -159.966537 16.999975 -165.503036
v -158.505569 16.999975 -165.258102
v -151.865128 17.000137 -168.507248
v -167.029068 16.999977 -158.031143
v -157.529068 16.999975 -166.031143
v -150.190811 17.001324 -166.930328
v -148.593765 16.999834 -164.719223
v -159.966537 16.999977 -149.503036
v -150.639084 16.999977 -157.656555
v -158.505569 16.999977 -149.258102
v -157.529068 16.999977 -150.031143
v -148.252686 16.999977 -157.687424
v -149.660156 16.999977 -157.225311
v -162.245193 46.724262 -170.096954
v -161.981277 44.999947 -169.502457
v -161.567642 46.424908 -168.857117
v -160.977722 45.001255 -168.196213
v -159.779053 45.004688 -167.512650
v -152.775665 44.999954 -148.622131
v -153.627075 44.999882 -150.521698
v -155.212418 44.999969 -152.493500
v -157.321548 44.999985 -153.717560
v -155.115021 44.999985 -147.559845
v -159.000000 44.999992 -146.889023
v -162.884979 44.999985 -147.559830
v -154.344131 44.999855 -167.892090
v -155.259018 44.999973 -165.533417
v -155.264481 44.999985 -163.094757
v -171.079544 44.999962 -158.792648
v -169.028809 44.999855 -158.586060
v -166.528564 44.999973 -158.973129
v -164.413971 44.999985 -160.187637
v -167.324707 44.999977 -150.211731
v -166.987640 46.724449 -150.641144
v -166.604736 44.999947 -151.166946
v -166.252701 46.424976 -151.847748
v -165.975311 45.001255 -152.689133
v -165.982651 45.004688 -154.068970
v -169.897049 44.999981 -153.773865
v -168.469955 44.999977 -151.540634
v -147.221405 45.000420 -156.174194
v -148.708328 45.006302 -156.327423
v -150.002472 45.010906 -156.138824
v -150.599411 44.999977 -155.885971
v -151.111740 47.573078 -155.529800
v -148.102951 44.999981 -153.773880
v -170.932266 24.999977 -157.284393
v -170.303787 24.999979 -154.724487
v -168.639130 24.999977 -151.710159
v -166.894318 24.999977 -149.889465
v -164.821350 24.999969 -148.415543
v -161.682526 24.999981 -147.218781
v -159.000000 24.999977 -146.945038
v -156.317490 24.999981 -147.218781
v -153.178680 24.999964 -148.415527
v -151.105682 24.999977 -149.889465
v -149.360870 24.999977 -151.710159
v -147.696213 24.999977 -154.724503
v -147.067734 24.999977 -157.284393
v -167.180222 20.991854 -150.824936
v -166.800339 20.420597 -151.196915
v -166.107193 20.015472 -151.889511
v -166.050476 20.012314 -166.049225
v -166.793396 20.405649 -166.794632
v -167.230896 21.157085 -167.235535
v -157.847351 17.999975 -165.603561
v -159.269196 17.999975 -165.238556
v -160.196365 17.999975 -165.707306
v -148.072525 17.999977 -157.968185
v -148.870728 17.999977 -157.340668
v -149.922668 17.999977 -157.285126
v -150.696365 17.999977 -157.707306
v -157.847351 17.999977 -149.603561
v -159.269196 17.999977 -149.238556
v -160.196365 17.999977 -149.707306
v -167.347351 17.999977 -157.603561
v -168.769196 17.999977 -157.238556
v -169.696365 17.999977 -157.707306
vn 0.9977 0.0002 -0.0674
vn 0.8641 0.0028 0.5033
vn 0.8322 -0.0117 0.5543
vn 0.9875 0.0284 -0.1550
vn 0.6096 -0.0502 0.7911
vn 0.4900 0.0859 0.8675
vn 0.2996 0.0200 0.9539
vn 0.1600 -0.7434 0.6494
vn 0.0051 -0.9420 0.3355
vn -0.2468 0.1212 0.9615
vn -0.6396 0.0426 0.7675
vn -0.3697 0.0259 0.9288
vn -0.6117 -0.6434 0.4604
vn -0.9976 0.0252 0.0642
vn -0.7647 -0.6437 -0.0302
vn 0.7760 -0.6291 -0.0453
vn 0.7734 0.0168 0.6336
vn 0.5591 -0.6331 0.5353
vn 0.0450 0.0158 0.9989
vn -0.0351 -0.6269 0.7783
vn -0.7091 0.0145 0.7050
vn -0.5859 -0.6372 0.5007
vn -0.9985 0.0127 0.0541
vn 0.9982 -0.0134 -0.0582
vn 0.7222 -0.0168 0.6914
vn 0.9893 0.0152 -0.1448
vn -0.0402 -0.6273 0.7778
vn -0.6934 0.0190 0.7203
vn -0.6265 -0.6322 0.4560
vn -0.9995 0.0272 0.0146
vn -0.7582 -0.6447 -0.0975
vn 0.9978 -0.0633 -0.0180
vn 0.9998 -0.0134 0.0153
vn 0.9289 -0.3700 -0.0175
vn 0.8642 -0.5030 0.0127
vn 0.5941 -0.8043 -0.0131
vn 0.4744 -0.8803 0.0101
vn 0.9999 0.0088 -0.0146
vn 0.9978 0.0636 0.0177
vn 0.9341 -0.3567 -0.0136
vn 0.9503 -0.3108 0.0193
vn 0.8368 -0.5473 -0.0149
vn 0.5086 -0.8610 -0.0049
vn 0.0624 -0.9980 0.0046
vn 0.0684 -0.9953 0.0686
vn 0.5958 -0.8030 0.0134
vn -0.0048 -0.0286 0.9996
vn -0.0048 -0.3625 0.9320
vn 0.0228 0.0194 0.9996
vn 0.0273 -0.6292 0.7767
vn 0.0030 -0.5465 0.8375
vn -0.0180 -0.8548 0.5186
vn 0.0116 -0.9967 0.0802
vn -0.4322 0.8966 0.0969
vn -0.9758 0.0030 0.2187
vn -0.6718 0.6969 0.2510
vn -0.9999 0.0003 0.0148
vn -0.9882 -0.0071 0.1529
vn -0.9988 -0.0016 0.0488
vn -0.8750 0.0036 0.4841
vn -0.4140 0.8810 0.2290
vn -0.8971 -0.0029 0.4417
vn -0.7055 0.0042 0.7087
vn -0.7467 -0.0036 0.6651
vn -0.2207 0.8872 0.4052
vn -0.4784 0.0047 0.8781
vn -0.2199 0.8881 0.4036
vn -0.5613 -0.0032 0.8276
vn -0.4050 -0.0029 0.9143
vn -0.2037 0.0015 0.9790
vn -0.0276 0.7397 0.6723
vn -0.0820 0.0011 0.9966
vn -0.1250 0.6998 0.7033
vn 0.0509 -0.0000 0.9987
vn 0.1032 -0.0068 0.9946
vn 0.2315 0.0046 0.9728
vn 0.3967 -0.0021 0.9180
vn 0.2464 0.0041 0.9692
vn 0.4102 -0.0027 0.9120
vn 0.2183 0.8899 0.4007
vn 0.4784 0.0044 0.8781
vn 0.2207 0.8872 0.4052
vn 0.5593 -0.0033 0.8290
vn 0.7055 0.0042 0.7087
vn 0.7467 -0.0036 0.6651
vn 0.4140 0.8810 0.2290
vn 0.8750 0.0036 0.4841
vn 0.6657 0.7030 0.2502
vn 0.9077 -0.0063 0.4195
vn 0.9931 -0.0032 0.1171
vn 0.7306 0.6799 0.0620
vn 0.9958 -0.0039 0.0911
vn 0.7889 0.0118 -0.6144
vn 0.7017 0.0267 -0.7119
vn 0.9264 0.0445 -0.3740
vn 0.8690 -0.0380 -0.4934
vn 0.8304 -0.0108 -0.5570
vn 0.2440 0.9555 -0.1657
vn 0.5566 0.8293 -0.0498
vn 0.8612 0.0215 -0.5079
vn 0.2982 0.8816 -0.3660
vn 0.9332 0.0897 0.3480
vn 0.8234 0.4530 0.3418
vn 0.7064 -0.0299 -0.7072
vn 0.9638 -0.0134 -0.2664
vn 0.9660 -0.0093 -0.2584
vn 0.9669 -0.0077 -0.2552
vn 0.3565 0.9195 0.1656
vn 0.3470 -0.9251 0.1545
vn 0.3628 -0.9183 0.1583
vn 0.3895 0.9022 0.1855
vn 0.9930 -0.0133 0.1173
vn 0.9629 -0.0149 -0.2693
vn 0.9984 0.0141 -0.0544
vn 0.0782 0.0017 0.9969
vn -0.2792 0.9317 0.2323
vn 0.1130 0.1169 0.9867
vn 0.0596 0.8602 0.5065
vn -0.1390 -0.0599 0.9885
vn 0.3402 0.0346 0.9397
vn -0.7704 0.0480 0.6358
vn -0.7754 0.0223 0.6311
vn -0.1993 0.4304 0.8803
vn -0.2798 0.4901 0.8255
vn 0.2933 -0.0068 0.9560
vn -0.0941 -0.9184 0.3842
vn -0.0798 -0.9447 0.3181
vn -0.2404 0.0083 0.9706
vn -0.3069 -0.0182 0.9516
vn -0.4122 0.1524 0.8983
vn 0.0351 -0.0155 0.9993
vn -0.5657 -0.0074 0.8246
vn -0.5948 0.0185 0.8037
vn -0.6682 -0.0194 0.7437
vn -0.6729 -0.0183 0.7395
vn -0.6868 0.0012 0.7269
vn -0.8294 0.0123 0.5585
vn -0.7015 -0.0182 0.7124
vn -0.8003 -0.0212 0.5992
vn -0.9773 -0.0376 0.2087
vn -0.3323 -0.9277 0.1701
vn -0.3657 -0.9109 0.1912
vn -0.8892 0.0221 0.4570
vn -0.9561 0.0059 0.2928
vn -0.9936 -0.0760 0.0834
vn -0.9995 0.0299 0.0044
vn -0.9984 0.0138 -0.0553
vn -0.9896 -0.0102 -0.1436
vn -0.3313 -0.9400 -0.0810
vn -0.2127 -0.9757 -0.0520
vn -0.9725 0.0354 -0.2302
vn -0.9777 -0.0280 -0.2081
vn -0.9255 -0.0019 -0.3786
vn -0.8768 -0.0056 -0.4808
vn -0.9649 0.0022 -0.2626
vn -0.2884 0.0002 -0.9575
vn -0.2073 0.0024 -0.9783
vn 0.8569 -0.0041 -0.5155
vn 0.2694 0.5146 -0.8140
vn -0.2877 -0.0005 -0.9577
vn 0.3187 0.5511 -0.7712
vn -0.0690 0.0125 -0.9975
vn -0.1184 -0.0211 -0.9927
vn 0.3078 -0.0376 -0.9507
vn 0.0172 -0.9286 -0.3708
vn 0.0180 -0.9115 -0.4110
vn 0.0485 0.0221 -0.9986
vn 0.2243 0.0059 -0.9745
vn 0.4959 0.0300 -0.8679
vn 0.5470 0.0138 -0.8370
vn 0.6191 -0.0102 -0.7852
vn 0.4247 -0.0760 -0.9022
vn 0.2359 -0.9398 -0.2472
vn 0.1514 -0.9757 -0.1582
vn 0.6856 0.0354 -0.7271
vn 0.6690 -0.0280 -0.7427
vn 0.7907 -0.0019 -0.6122
vn 0.8548 -0.0056 -0.5190
vn 0.7099 0.0022 -0.7043
vn 0.9729 0.0012 0.2314
vn 0.8984 0.0123 0.4390
vn 0.9691 -0.0132 0.2462
vn 0.9191 -0.0212 0.3935
vn 0.6694 -0.0376 0.7420
vn 0.3134 -0.9277 0.2027
vn 0.3484 -0.9109 0.2211
vn 0.8404 0.0221 0.5416
vn 0.7317 0.0059 0.6816
vn 0.5036 0.0299 0.8634
vn 0.4513 0.0138 0.8923
vn 0.3704 -0.0103 0.9288
vn 0.5690 -0.0761 0.8188
vn 0.0955 -0.9400 0.3274
vn 0.0613 -0.9757 0.2102
vn 0.2869 0.0354 0.9573
vn 0.3087 -0.0280 0.9508
vn 0.1349 -0.0019 0.9909
vn 0.0221 -0.0056 0.9997
vn 0.2550 0.0022 0.9669
vn -0.9672 0.0288 -0.2522
vn -0.7142 0.3894 -0.5816
vn -0.2065 0.6475 -0.7336
vn -0.5793 -0.7673 -0.2749
vn -0.4799 -0.8047 -0.3494
vn -0.9030 0.0202 -0.4293
vn -0.0622 0.9330 -0.3544
vn -0.9075 0.1097 -0.4055
vn -0.4679 0.8588 -0.2087
vn -0.8771 -0.0268 -0.4796
vn -0.7866 -0.0598 -0.6146
vn -0.9848 0.0343 -0.1701
vn -0.1493 0.0478 -0.9876
vn -0.1624 0.0259 -0.9864
vn -0.9682 -0.0306 -0.2484
vn -0.2356 -0.9447 -0.2281
vn -0.7204 0.0083 -0.6935
vn -0.6707 -0.0182 -0.7415
vn -0.5718 0.1524 -0.8061
vn -0.8743 -0.0139 -0.4852
vn -0.4313 -0.0074 -0.9022
vn -0.3985 0.0185 -0.9170
vn -0.3100 -0.0194 -0.9506
vn -0.3040 -0.0183 -0.9525
vn -0.7269 -0.6841 0.0595
vn -0.6413 -0.7354 0.2188
vn -0.6925 -0.6991 0.1780
vn -0.5518 -0.7014 0.4512
vn -0.5619 -0.7205 0.4063
vn -0.5490 -0.7016 0.4544
vn -0.6454 -0.6882 0.3313
vn -0.5392 -0.6834 0.4921
vn -0.4820 -0.7115 0.5113
vn -0.3036 -0.7338 0.6078
vn -0.4839 -0.4298 0.7623
vn -0.5157 -0.3539 0.7803
vn -0.3876 -0.6944 0.6063
vn -0.2659 -0.7030 0.6596
vn -0.0698 -0.7332 0.6764
vn -0.1145 -0.7086 0.6963
vn -0.0000 -0.5727 0.8198
vn -0.0000 -0.3381 0.9411
vn -0.0000 -0.6989 0.7152
vn 0.1451 -0.7000 0.6992
vn 0.1122 -0.7218 0.6830
vn 0.3138 -0.7294 0.6079
vn 0.2670 -0.7000 0.6624
vn 0.4464 -0.5176 0.7300
vn 0.4697 -0.4347 0.7683
vn 0.3715 -0.7026 0.6069
vn 0.4930 -0.6953 0.5230
vn 0.4550 -0.7166 0.5286
vn 0.5679 -0.7095 0.4171
vn 0.5687 -0.7105 0.4145
vn 0.5688 -0.7122 0.4113
vn 0.5679 -0.7078 0.4202
vn 0.6429 -0.7270 0.2411
vn 0.6454 -0.6943 0.3183
vn 0.6999 -0.7131 0.0404
vn 0.6968 -0.6946 0.1791
vn 0.6838 -0.7275 0.0557
vn -1.0000 -0.0018 0.0006
vn -0.9760 -0.0376 -0.2143
vn -0.9864 -0.0660 0.1507
vn -0.8260 0.0105 0.5636
vn -0.9400 0.0324 0.3396
vn -0.4803 -0.7785 0.4041
vn -0.4877 0.0001 0.8730
vn -0.3483 -0.6565 0.6691
vn 0.0126 0.0130 0.9998
vn 0.0021 -0.6619 0.7496
vn 0.3597 -0.6554 0.6642
vn 0.4445 0.0068 0.8957
vn 0.2568 -0.9320 0.2558
vn 0.8969 0.0222 0.4416
vn 0.8093 0.0607 0.5842
vn 0.9499 -0.0105 0.3123
vn 0.9894 -0.0525 0.1355
vn -0.7092 0.6586 0.2515
vn -0.9931 -0.0049 -0.1170
vn -0.9271 -0.0045 0.3749
vn -0.7458 0.6571 -0.1093
vn -0.5099 0.6581 0.5540
vn -0.6483 -0.0033 0.7613
vn -0.1823 0.6556 0.7328
vn -0.2366 -0.0028 0.9716
vn 0.2393 -0.0019 0.9709
vn 0.1798 0.6600 0.7295
vn 0.5007 0.6557 0.5651
vn 0.6631 -0.0028 0.7485
vn 0.9358 -0.0030 0.3526
vn 0.7013 0.6605 0.2682
vn 0.7485 0.6588 -0.0760
vn 0.9902 -0.0045 -0.1394
vn -0.9852 0.0140 0.1707
vn -0.9947 0.0283 0.0989
vn -0.9517 -0.0140 0.3067
vn -0.9267 -0.0283 0.3747
vn -0.8091 0.0193 0.5874
vn -0.8348 0.0283 0.5498
vn -0.7277 -0.0062 0.6859
vn -0.6857 -0.0179 0.7277
vn -0.2416 0.0130 0.9703
vn -0.4375 0.0018 0.8992
vn -0.2393 -0.0051 0.9709
vn -0.4789 0.0186 0.8777
vn 0.1190 -0.0079 0.9929
vn 0.0687 0.0094 0.9976
vn 0.2920 -0.0180 0.9563
vn 0.5096 0.0138 0.8603
vn 0.4505 0.0271 0.8923
vn 0.6237 -0.0138 0.7815
vn 0.6746 -0.0271 0.7377
vn 0.8851 0.0122 0.4653
vn 0.8950 -0.0057 0.4460
vn 0.9710 -0.0122 0.2386
vn 0.7906 0.0180 0.6121
vn 0.9657 0.0057 0.2597
vn 0.9976 -0.0180 0.0661
vn -0.9977 -0.0012 0.0682
vn -0.9991 0.0007 0.0434
vn -0.9732 -0.0030 0.2298
vn -0.9730 -0.0031 0.2308
vn -0.9764 0.0176 0.2151
vn -0.9438 0.0040 0.3305
vn -0.8962 -0.0040 0.4435
vn -0.8010 0.0016 0.5987
vn -0.8177 0.0064 0.5757
vn -0.6287 -0.0048 0.7777
vn -0.6594 0.0355 0.7509
vn -0.9364 0.0843 0.3408
vn -0.8226 0.4539 0.3424
vn -0.6279 -0.0049 0.7782
vn -0.5325 0.0055 0.8464
vn -0.5362 0.0106 0.8440
vn -0.4030 -0.0034 0.9152
vn -0.5279 0.0197 0.8491
vn -0.3948 -0.0037 0.9188
vn -0.3371 0.0061 0.9415
vn -0.1342 -0.0050 0.9909
vn -0.0638 0.0042 0.9980
vn 0.1342 -0.0044 0.9909
vn 0.1902 0.0035 0.9817
vn 0.3948 -0.0037 0.9188
vn 0.4573 0.3483 0.8182
vn 0.1795 0.8987 0.4001
vn 0.4581 0.0003 0.8889
vn 0.5275 0.0006 0.8496
vn 0.5280 -0.0001 0.8493
vn 0.6287 -0.0048 0.7777
vn 0.6595 0.0356 0.7508
vn 0.6279 -0.0049 0.7783
vn 0.8010 0.0016 0.5987
vn 0.8962 -0.0040 0.4435
vn 0.8177 0.0064 0.5757
vn 0.7807 0.0075 0.6248
vn 0.9770 -0.0041 0.2131
vn 0.6540 0.7217 0.2265
vn 0.4392 0.8854 0.1521
vn 0.9450 0.0043 0.3272
vn 0.9771 0.0117 0.2126
vn 0.2802 0.0139 0.9598
vn 0.9990 0.0026 0.0450
vn -0.9863 -0.0265 0.1627
vn -0.9976 0.0281 -0.0628
vn -0.9656 0.0224 0.2591
vn -0.9971 0.0451 -0.0616
vn -0.8998 -0.0231 0.4356
vn -0.8530 0.0230 0.5215
vn -0.7446 -0.0270 0.6669
vn -0.6815 0.0182 0.7316
vn -0.6149 0.0088 0.7886
vn -0.6136 -0.0000 0.7896
vn -0.3824 -0.0182 0.9238
vn -0.4619 -0.0088 0.8869
vn -0.2986 0.0368 0.9537
vn -0.4634 -0.0000 0.8861
vn -0.0778 -0.1129 0.9906
vn -0.1944 0.0655 0.9787
vn -0.0389 -0.1683 0.9850
vn 0.1944 -0.0655 0.9787
vn 0.0389 0.1683 0.9850
vn 0.0778 0.1129 0.9906
vn 0.2986 -0.0368 0.9537
vn 0.3842 0.0084 0.9232
vn 0.4827 -0.1407 0.8644
vn 0.4843 -0.1567 0.8608
vn 0.6895 -0.1939 0.6978
vn 0.6057 0.1594 0.7795
vn 0.6222 0.1123 0.7748
vn 0.6933 -0.2367 0.6806
vn 0.8533 -0.0446 0.5195
vn 0.7709 0.1605 0.6164
vn 0.7913 0.1152 0.6004
vn 0.8981 0.0455 0.4374
vn 0.9325 -0.1102 0.3439
vn 0.9352 -0.1548 0.3185
vn 0.9911 -0.0867 0.1014
vn 0.9720 0.1030 0.2111
vn 0.9964 0.0281 -0.0798
vn 0.9589 0.1548 0.2376
vn 0.9957 0.0451 -0.0810
vn -0.9986 -0.0523 -0.0000
vn -0.9980 -0.0626 -0.0000
vn -0.9948 -0.0573 0.0842
vn -0.9686 -0.0498 0.2436
vn -0.9802 0.1169 0.1595
vn -0.9951 0.0856 0.0485
vn -0.9946 -0.0346 -0.0975
vn -0.9995 0.0249 -0.0198
vn -0.9813 -0.1073 0.1597
vn -0.9720 0.0464 0.2302
vn -0.8870 -0.0552 0.4585
vn -0.9062 0.0611 0.4183
vn -0.8188 0.0078 0.5740
vn -0.8326 0.0114 0.5537
vn -0.7759 -0.0109 0.6307
vn -0.9086 -0.0510 0.4144
vn -0.7427 -0.0109 0.6696
vn -0.8134 0.0249 0.5812
vn -0.8849 0.0679 0.4607
vn -0.8689 0.0368 0.4936
vn -0.8230 -0.0071 0.5680
vn -0.7343 -0.0089 0.6787
vn -0.7514 0.0120 0.6597
vn -0.7302 0.0007 0.6833
vn -0.7392 0.0178 0.6732
vn -0.5723 0.0034 0.8201
vn -0.5735 0.0020 0.8192
vn -0.5744 0.0003 0.8185
vn -0.5417 -0.0447 0.8394
vn -0.5624 0.0149 0.8267
vn -0.5846 -0.0022 0.8113
vn -0.4262 0.0621 0.9025
vn -0.3711 -0.0583 0.9268
vn -0.5406 0.0567 0.8394
vn -0.4073 -0.0715 0.9105
vn -0.3749 0.0278 0.9267
vn -0.1923 0.0741 0.9785
vn -0.1649 -0.0059 0.9863
vn -0.0000 -0.0477 0.9989
vn -0.1343 0.0588 0.9892
vn -0.0864 -0.0978 0.9914
vn 0.0861 0.1283 0.9880
vn 0.1645 -0.0629 0.9844
vn 0.1341 0.0820 0.9876
vn 0.1923 -0.0701 0.9788
vn 0.3715 -0.0289 0.9280
vn 0.4074 0.0875 0.9090
vn 0.5206 -0.0495 0.8524
vn 0.5589 -0.0030 0.8292
vn 0.3978 0.0749 0.9144
vn 0.5209 0.0103 0.8536
vn 0.4234 0.0005 0.9059
vn 0.4827 -0.0076 0.8757
vn 0.5852 0.0022 0.8109
vn 0.6460 -0.0052 0.7633
vn 0.6391 -0.0022 0.7691
vn 0.6478 -0.0021 0.7618
vn 0.5854 0.0195 0.8105
vn 0.6367 0.0057 0.7711
vn 0.6204 0.0152 0.7842
vn 0.6076 0.0350 0.7935
vn 0.7744 0.0137 0.6325
vn 0.7878 -0.0023 0.6159
vn 0.8017 -0.0162 0.5975
vn 0.7568 0.0173 0.6534
vn 0.8070 -0.0290 0.5898
vn 0.8656 -0.0103 0.5006
vn 0.8398 0.0008 0.5429
vn 0.8775 -0.0157 0.4794
vn 0.7810 0.0041 0.6245
vn 0.8203 -0.0083 0.5718
vn 0.8951 -0.0243 0.4452
vn 0.8322 -0.0087 0.5544
vn 0.9081 0.0587 0.4147
vn 0.8838 0.0670 0.4630
vn 0.9067 -0.0532 0.4185
vn 0.9686 -0.0498 0.2436
vn 0.9802 0.1169 0.1595
vn 0.9980 -0.0626 -0.0000
vn 0.9986 -0.0523 -0.0000
vn 0.9948 -0.0573 0.0842
vn 0.9720 0.0464 0.2302
vn 0.9813 -0.1073 0.1597
vn 0.9949 -0.0359 -0.0940
vn 0.9951 0.0856 0.0485
vn 0.9994 0.0258 -0.0235
vn -0.0259 0.3172 0.9480
vn -0.0330 -0.1166 0.9926
vn 0.0119 0.0570 0.9983
vn 0.0265 -0.4931 0.8696
vn 0.0082 -0.8812 0.4727
vn -0.0224 -0.7851 0.6189
vn 0.0116 -0.7597 -0.6501
vn -0.0048 -0.8072 -0.5903
vn 0.0219 -0.2276 -0.9735
vn -0.0146 -0.3700 -0.9289
vn 0.0014 0.3961 -0.9182
vn -0.0220 0.3240 -0.9458
vn 0.0116 0.8144 -0.5802
vn -0.0107 0.8725 -0.4886
vn 0.0004 0.9933 0.1152
vn -0.0095 0.9916 0.1287
vn 0.0130 0.7288 0.6846
vn -0.0262 0.6297 0.7764
vn 0.0142 0.2218 0.9750
vn 0.3769 0.7034 0.6026
vn 0.4720 0.6917 0.5466
vn 0.2030 0.9361 0.2871
vn 0.4064 0.7163 0.5673
vn -0.2742 0.5135 -0.8131
vn -0.7043 0.7081 0.0509
vn -0.3710 0.9047 -0.2094
vn -0.7064 0.6948 0.1354
vn -0.3334 0.7033 -0.6278
vn 0.3317 0.8262 -0.4554
vn -0.2881 0.7162 -0.6357
vn -0.1472 0.9365 -0.3184
vn -0.2374 0.6915 -0.6822
vn 0.7109 0.7026 0.0327
vn 0.2185 0.7999 0.5589
vn 0.6951 0.7155 0.0700
vn 0.3410 0.9395 0.0315
vn 0.7074 0.6928 0.1403
vn -0.3769 0.7034 0.6026
vn -0.5602 0.8262 -0.0596
vn -0.4065 0.7162 0.5674
vn -0.2023 0.9364 0.2869
vn -0.4721 0.6915 0.5467
vn 0.9948 -0.0573 -0.0842
vn 0.9686 -0.0498 -0.2436
vn 0.9802 0.1169 -0.1595
vn 0.9829 -0.0911 -0.1600
vn 0.9764 0.0574 -0.2083
vn 0.8555 -0.0143 -0.5176
vn 0.8875 -0.0423 -0.4588
vn 0.8161 -0.0260 -0.5774
vn 0.9039 0.0641 -0.4229
vn 0.9069 -0.0530 -0.4180
vn 0.7638 -0.0164 -0.6452
vn 0.8351 -0.0076 -0.5500
vn 0.8340 -0.0097 -0.5517
vn 0.9059 -0.0320 -0.4223
vn 0.8844 0.0654 -0.4622
vn 0.7377 -0.0270 -0.6746
vn 0.9215 -0.0352 -0.3868
vn 0.7286 -0.0034 -0.6849
vn 0.7385 0.0133 -0.6742
vn 0.5716 0.0026 -0.8205
vn 0.5139 -0.3561 -0.7804
vn 0.5720 -0.0017 -0.8203
vn 0.5784 -0.0003 -0.8157
vn 0.5419 -0.0425 -0.8393
vn 0.4833 -0.4277 -0.7639
vn 0.5623 0.0146 -0.8268
vn 0.5844 -0.0024 -0.8115
vn 0.4062 0.0842 -0.9099
vn 0.3713 -0.0290 -0.9281
vn 0.5403 0.0564 -0.8396
vn 0.4073 -0.0715 -0.9105
vn 0.3749 0.0278 -0.9266
vn 0.1645 -0.0629 -0.9844
vn 0.0861 0.1283 -0.9880
vn -0.0000 -0.4194 -0.9078
vn -0.0000 -0.0477 -0.9989
vn -0.0000 -0.5146 -0.8574
vn 0.1343 0.0588 -0.9892
vn 0.0864 -0.0978 -0.9914
vn -0.1649 -0.0060 -0.9863
vn -0.1923 0.0741 -0.9785
vn -0.1341 0.0820 -0.9876
vn -0.1923 -0.0701 -0.9788
vn -0.3711 -0.0583 -0.9268
vn -0.4265 0.0629 -0.9023
vn -0.4453 -0.5212 -0.7281
vn -0.5206 -0.0494 -0.8524
vn -0.4705 -0.4316 -0.7696
vn -0.5569 -0.0037 -0.8306
vn -0.5188 0.0036 -0.8549
vn -0.4276 -0.0154 -0.9038
vn -0.4984 -0.0127 -0.8669
vn -0.3970 0.0744 -0.9148
vn -0.5840 0.0023 -0.8118
vn -0.5840 0.0022 -0.8118
vn -0.6418 -0.0082 -0.7668
vn -0.6416 -0.0029 -0.7670
vn -0.6473 -0.0019 -0.7622
vn -0.6112 0.0134 -0.7914
vn -0.6218 0.0203 -0.7829
vn -0.7606 0.0256 -0.6487
vn -0.7929 -0.0029 -0.6093
vn -0.8016 -0.0185 -0.5976
vn -0.8001 -0.0136 -0.5997
vn -0.8067 -0.0274 -0.5903
vn -0.8285 -0.0059 -0.5600
vn -0.8164 0.0233 -0.5769
vn -0.7529 0.0115 -0.6581
vn -0.7799 0.0040 -0.6259
vn -0.8551 0.0220 -0.5180
vn -0.8952 -0.0168 -0.4454
vn -0.9065 0.0607 -0.4177
vn -0.8845 0.0552 -0.4633
vn -0.9043 -0.0558 -0.4233
vn -0.9686 -0.0498 -0.2436
vn -0.9802 0.1169 -0.1595
vn -0.9948 -0.0573 -0.0842
vn -0.9764 0.0574 -0.2083
vn -0.9829 -0.0911 -0.1600
vn 0.0002 1.0000 -0.0001
vn 0.0004 1.0000 -0.0003
vn 0.0001 1.0000 -0.0000
vn -0.0000 1.0000 -0.0000
vn 0.0005 1.0000 -0.0003
vn -0.0000 1.0000 -0.0001
vn -0.0000 1.0000 0.0001
vn -0.0003 1.0000 -0.0004
vn 0.0001 1.0000 0.0002
vn 0.0004 1.0000 0.0002
vn -0.0000 1.0000 -0.0002
vn 0.0001 1.0000 0.0001
vn -0.0004 1.0000 -0.0002
vn 0.0001 1.0000 0.0003
vn 0.0002 1.0000 0.0004
vn 0.0002 1.0000 0.0001
vn -0.0003 1.0000 0.0004
vn -0.0005 1.0000 0.0004
vn -0.0001 1.0000 0.0001
vn -0.0003 1.0000 0.0001
vn 0.9548 -0.0305 -0.2956
vn 0.9242 0.0175 -0.3815
vn 0.8869 0.0088 -0.4619
vn 0.8861 -0.0000 -0.4634
vn 0.7309 -0.0175 -0.6822
vn 0.7886 -0.0088 -0.6149
vn 0.6655 0.0306 -0.7458
vn 0.7896 -0.0000 -0.6136
vn 0.4779 -0.0353 -0.8777
vn 0.4774 -0.0452 -0.8775
vn 0.2124 0.0373 -0.9765
vn 0.2123 0.0451 -0.9762
vn -0.0615 -0.0301 -0.9976
vn -0.0600 -0.0451 -0.9972
vn -0.2414 0.0867 -0.9665
vn -0.3473 -0.1030 -0.9321
vn -0.3717 -0.1548 -0.9154
vn -0.5608 -0.0455 -0.8267
vn -0.4484 0.1549 -0.8803
vn -0.4731 0.1102 -0.8741
vn -0.6357 0.0445 -0.7707
vn -0.7069 -0.1152 -0.6978
vn -0.7199 -0.1605 -0.6753
vn -0.8582 -0.1852 -0.4788
vn -0.7724 0.2367 -0.5894
vn -0.7920 0.1851 -0.5818
vn -0.8570 -0.2367 -0.4577
vn -0.9665 -0.0858 -0.2419
vn -0.9306 0.1081 -0.3498
vn -0.9133 0.1605 -0.3743
vn -0.0000 -1.0000 -0.0000
vn 0.9998 -0.0015 -0.0200
vn 0.9980 -0.0045 -0.0635
vn 0.9890 0.0051 -0.1477
vn 0.9912 0.0041 -0.1323
vn 0.9544 -0.0055 -0.2986
vn 0.9486 -0.0046 -0.3165
vn 0.8752 -0.0026 -0.4838
vn 0.9080 0.0056 -0.4190
vn 0.7283 -0.0040 -0.6853
vn 0.7618 0.0032 -0.6478
vn 0.3816 0.7626 -0.5224
vn 0.2747 0.8849 -0.3760
vn 0.5898 0.0032 -0.8075
vn 0.5387 -0.0025 -0.8425
vn 0.4629 0.0004 -0.8864
vn 0.4698 0.0006 -0.8828
vn 0.3805 -0.0033 -0.9248
vn 0.4695 0.0002 -0.8829
vn 0.3752 -0.0033 -0.9269
vn 0.3076 0.0186 -0.9513
vn 0.3250 0.0013 -0.9457
vn 0.1814 0.0015 -0.9834
vn 0.1363 -0.0048 -0.9907
vn -0.1363 -0.0013 -0.9907
vn -0.0968 0.0061 -0.9953
vn -0.4627 0.0002 -0.8865
vn -0.3752 -0.0033 -0.9269
vn -0.3806 -0.0029 -0.9247
vn -0.3192 0.0333 -0.9471
vn 0.1224 0.4541 -0.8825
vn -0.3531 -0.0013 -0.9356
vn 0.1658 0.0777 -0.9831
vn -0.5387 -0.0025 -0.8425
vn -0.4697 0.0006 -0.8828
vn -0.4695 0.0003 -0.8829
vn -0.2746 0.8849 -0.3762
vn -0.3826 0.7614 -0.5233
vn -0.5895 0.0032 -0.8078
vn -0.7283 -0.0040 -0.6852
vn -0.7618 0.0032 -0.6478
vn -0.8752 -0.0026 -0.4838
vn -0.4994 0.8632 -0.0745
vn -0.9486 -0.0046 -0.3165
vn -0.9548 -0.0025 -0.2972
vn -0.9080 0.0056 -0.4190
vn -0.9960 -0.0011 -0.0896
vn -0.2632 0.3131 -0.9125
vn 0.2779 -0.0153 -0.9605
vn -0.1247 -0.0147 -0.9921
vn 0.0012 1.0000 -0.0003
vn 0.1470 0.9362 -0.3191
vn -0.0056 1.0000 0.0029
vn 0.0009 1.0000 -0.0010
vn -0.0016 1.0000 -0.0028
vn 0.0007 1.0000 -0.0029
vn 0.0205 0.7718 0.6355
vn 0.0446 0.9439 0.3272
vn 0.0003 1.0000 -0.0000
vn 0.0005 1.0000 -0.0001
vn 0.0002 1.0000 -0.0003
vn -0.0002 1.0000 -0.0005
vn 0.2903 0.9473 -0.1357
vn 0.0013 1.0000 -0.0068
vn -0.0011 1.0000 -0.0019
vn 0.0002 1.0000 -0.0002
vn -0.0000 1.0000 -0.0003
vn -0.0004 1.0000 -0.0004
vn -0.0003 1.0000 -0.0003
vn -0.0001 1.0000 -0.0002
vn 0.0006 1.0000 -0.0000
vn 0.0013 1.0000 0.0014
vn 0.0003 1.0000 0.0001
vn -0.0001 1.0000 0.0002
vn -0.0001 1.0000 0.0005
vn -0.0002 1.0000 0.0004
vn -0.0002 1.0000 0.0002
vn -0.0001 1.0000 0.0003
vn -0.0028 1.0000 0.0007
vn -0.0016 1.0000 0.0028
vn -0.0011 1.0000 0.0016
vn 0.0053 1.0000 0.0034
vn -0.0006 1.0000 -0.0011
vn -0.0004 1.0000 0.0005
vn -0.0067 1.0000 0.0025
vn -0.2627 0.9473 -0.1836
vn 0.9851 0.0138 -0.1714
vn 0.9941 0.0271 -0.1048
vn 0.9519 -0.0138 -0.3061
vn 0.9290 -0.0271 -0.3692
vn 0.6881 0.0155 -0.7254
vn 0.7374 -0.0083 -0.6754
vn 0.5657 -0.0129 -0.8245
vn 0.8348 0.0267 -0.5498
vn 0.3585 0.0124 -0.9334
vn 0.3773 -0.0061 -0.9261
vn -0.1676 0.0166 -0.9857
vn 0.0102 -0.0267 -0.9996
vn -0.2377 -0.0206 -0.9711
vn 0.1914 0.0174 -0.9814
vn -0.4660 0.0206 -0.8845
vn -0.5282 -0.0166 -0.8490
vn -0.9047 0.0156 -0.4257
vn -0.8168 -0.0267 -0.5762
vn -0.9355 -0.0204 -0.3527
vn -0.6705 0.0267 -0.7414
vn -0.9536 0.0145 -0.3009
vn -0.9941 -0.0299 -0.1044
vn 0.6232 0.6553 -0.4269
vn 0.7974 -0.0062 -0.6035
vn 0.3635 0.0073 -0.9316
vn 0.3249 -0.0014 -0.9457
vn -0.0705 0.0057 -0.9975
vn -0.2585 -0.0050 -0.9660
vn -0.5241 -0.0157 -0.8515
vn -0.6049 0.6548 -0.4531
vn -0.2806 0.8881 -0.3641
vn -0.8916 -0.0020 -0.4529
vn 0.3862 -0.9096 -0.1534
vn -0.0305 -0.6557 -0.7544
vn 0.3393 -0.6600 -0.6703
vn 0.5891 -0.7924 -0.1583
vn 0.9885 0.0233 -0.1495
vn 0.9975 0.0479 -0.0524
vn 0.5882 0.0263 -0.8083
vn 0.7296 -0.0105 -0.6838
vn 0.8133 0.0465 -0.5799
vn 0.0207 0.0175 -0.9996
vn -0.5447 0.0110 -0.8386
vn -0.6050 -0.0201 -0.7960
vn -0.9216 0.0161 -0.3877
vn -0.0001 -1.0000 -0.0001
vn 0.0006 -1.0000 -0.0002
vn 0.0004 -1.0000 -0.0002
vn -0.0000 -1.0000 -0.0001
vn -0.0001 -1.0000 -0.0000
vn -0.0002 -1.0000 0.0004
vn 0.0004 -1.0000 -0.0019
vn -0.0000 -1.0000 0.0001
vn -0.0001 -1.0000 0.0001
vn 0.0001 -1.0000 0.0001
vn 0.0006 -1.0000 0.0002
vn 0.0002 -1.0000 0.0004
vn 0.0001 -1.0000 -0.0001
vn 0.0001 -1.0000 -0.0000
vn -0.0002 -1.0000 -0.0004
vn -0.0005 -1.0000 -0.0002
vn -0.0004 -1.0000 0.0002
vn -0.0004 -1.0000 0.0006
vn -0.0005 -1.0000 0.0001
vn 0.0002 -1.0000 -0.0003
vn 0.3333 0.7034 -0.6278
vn 0.2373 0.6917 -0.6821
vn 0.2881 0.7163 -0.6356
vn 0.7269 -0.6841 -0.0595
vn 0.6413 -0.7354 -0.2188
vn 0.6925 -0.6991 -0.1780
vn 0.5513 -0.7008 -0.4527
vn 0.5619 -0.7206 -0.4063
vn 0.5484 -0.7007 -0.4565
vn 0.6454 -0.6882 -0.3313
vn 0.5383 -0.6820 -0.4951
vn 0.4831 -0.7100 -0.5124
vn 0.3036 -0.7338 -0.6078
vn 0.3854 -0.6956 -0.6063
vn 0.2660 -0.7030 -0.6596
vn 0.0698 -0.7332 -0.6764
vn 0.1145 -0.7086 -0.6963
vn -0.0000 -0.6989 -0.7152
vn -0.1451 -0.7000 -0.6993
vn -0.1122 -0.7218 -0.6830
vn -0.3138 -0.7294 -0.6079
vn -0.2670 -0.7000 -0.6624
vn -0.3715 -0.7026 -0.6069
vn -0.4930 -0.6953 -0.5230
vn -0.4545 -0.7169 -0.5287
vn -0.5679 -0.7094 -0.4174
vn -0.5686 -0.7104 -0.4147
vn -0.5688 -0.7122 -0.4113
vn -0.5678 -0.7076 -0.4207
vn -0.6454 -0.6943 -0.3183
vn -0.6429 -0.7270 -0.2411
vn -0.6999 -0.7131 -0.0404
vn -0.6968 -0.6946 -0.1791
vn -0.6838 -0.7275 -0.0557
vn 0.5867 -0.7723 -0.2437
vn 0.9237 0.0094 -0.3829
vn 0.3104 -0.9419 -0.1283
vn 0.9682 0.0224 -0.2493
vn 0.4668 0.8812 -0.0752
vn 0.9656 -0.0331 -0.2578
vn 0.8736 -0.0337 -0.4855
vn 0.7921 0.0457 -0.6086
vn 0.7543 0.0078 -0.6565
vn 0.7710 0.0241 -0.6363
vn 0.9028 -0.0085 -0.4301
vn 0.8790 0.0152 -0.4767
vn 0.7344 -0.0107 -0.6786
vn 0.7468 -0.0193 -0.6648
vn 0.4953 0.0127 -0.8686
vn 0.0371 -0.9246 -0.3792
vn 0.0325 -0.9365 -0.3490
vn 0.0984 0.0036 -0.9951
vn 0.4435 -0.0032 -0.8963
vn 0.0980 0.0037 -0.9952
vn -0.9705 -0.0138 0.2407
vn -0.9729 -0.0050 0.2314
vn -0.7792 0.0182 0.6265
vn -0.7323 -0.0208 0.6807
vn -0.5018 0.0209 0.8647
vn -0.4352 -0.0146 0.9002
vn -0.1060 0.0149 0.9943
vn -0.0579 -0.0081 0.9983
vn -0.6819 -0.6646 0.3055
vn -0.9125 0.0068 0.4090
vn -0.2908 -0.9479 0.1305
vn -0.9037 -0.0029 0.4282
vn -0.0001 1.0000 -0.0000
vn -0.0001 1.0000 -0.0003
vn 0.0002 1.0000 0.0003
vn 0.0004 1.0000 0.0011
vn 0.0005 1.0000 0.0017
vn 0.6980 -0.0138 0.7160
vn 0.6889 -0.0019 0.7248
vn 0.9322 0.0182 0.3616
vn 0.9556 -0.0208 0.2938
vn 0.9998 0.0209 0.0022
vn 0.9972 -0.0146 -0.0732
vn 0.9141 0.0149 -0.4053
vn 0.8935 -0.0081 -0.4489
vn 0.8096 0.0075 0.5869
vn 0.8227 -0.0029 0.5685
vn 0.0002 1.0000 -0.0000
vn 0.1420 0.8588 -0.4922
vn 0.2858 -0.0049 -0.9583
vn -0.1530 0.0182 -0.9881
vn -0.2234 -0.0208 -0.9745
vn -0.4979 0.0209 -0.8670
vn -0.5620 -0.0146 -0.8270
vn -0.8080 0.0149 -0.5890
vn -0.8356 -0.0082 -0.5493
vn 0.0756 -0.6595 -0.7479
vn 0.1002 0.0060 -0.9949
vn 0.0320 -0.9480 -0.3165
vn 0.0810 -0.0029 -0.9967
vn -0.0004 1.0000 -0.0000
vn -0.0018 1.0000 -0.0003
vn -0.5057 -0.7742 -0.3806
vn -0.7986 0.0062 -0.6019
vn -0.2683 -0.9418 -0.2027
vn -0.7000 0.0224 -0.7138
vn 0.2360 0.6704 -0.7035
vn -0.7065 -0.0379 -0.7067
vn -0.8572 -0.0337 -0.5138
vn -0.9232 0.0457 -0.3817
vn -0.9457 0.0078 -0.3249
vn -0.9366 0.0241 -0.3496
vn -0.8238 -0.0085 -0.5668
vn -0.8523 0.0152 -0.5229
vn -0.9549 -0.0107 -0.2967
vn -0.9491 -0.0193 -0.3143
vn -0.9999 0.0127 0.0054
vn -0.3470 -0.9246 0.1575
vn -0.3185 -0.9365 0.1463
vn -0.9110 0.0036 0.4124
vn -0.9979 -0.0031 0.0640
vn -0.9108 0.0037 0.4128
vn 0.6565 0.7197 -0.2260
vn 0.3883 0.9118 -0.1337
vn 0.3290 0.9008 -0.2835
vn -0.3007 -0.0051 0.9537
vn -0.3041 0.0024 0.9526
vn -0.0650 -0.7882 0.6119
vn -0.1025 0.0016 0.9947
vn -0.0459 -0.9084 0.4155
vn -0.0926 0.0051 0.9957
vn 0.1324 -0.0044 0.9912
vn 0.1442 -0.0005 0.9895
vn 0.6359 0.0139 0.7716
vn 0.6771 0.0041 0.7359
vn 0.6866 0.0005 0.7270
vn 0.1311 -0.9484 0.2887
vn 0.3903 -0.0495 0.9193
vn 0.1820 -0.8905 0.4170
vn 0.6263 0.0168 0.7794
vn 0.5177 -0.0369 0.8548
vn 0.5092 -0.0268 0.8602
vn 0.4825 0.0007 0.8759
vn 0.5504 -0.0703 0.8320
vn 0.0002 1.0000 0.0002
vn -0.0007 -1.0000 -0.0001
vn -0.0004 -1.0000 -0.0004
vn 0.0058 -1.0000 -0.0055
vn 0.0008 -1.0000 0.0025
vn -0.0016 -1.0000 -0.0008
vn -0.0023 -1.0000 -0.0014
vn -0.0004 -1.0000 -0.0006
vn 0.0002 -1.0000 -0.0000
vn -0.0002 -1.0000 0.0005
vn -0.0001 -1.0000 0.0027
vn 0.0017 -1.0000 -0.0019
vn 0.0011 -1.0000 -0.0001
vn 0.0001 -1.0000 0.0018
vn 0.9988 0.0036 -0.0496
vn 0.9712 0.0032 -0.2384
vn 0.9910 -0.0028 -0.1336
vn 0.9456 -0.0038 -0.3255
vn 0.4079 0.8848 -0.2252
vn 0.8754 0.0052 -0.4834
vn 0.5693 0.7069 -0.4197
vn 0.8426 -0.0026 -0.5385
vn 0.6536 0.0044 -0.7568
vn 0.4732 0.6871 -0.5513
vn 0.7575 -0.0009 -0.6528
vn 0.3302 0.7113 -0.6205
vn 0.5877 0.0009 -0.8091
vn 0.4319 -0.0032 -0.9019
vn 0.1928 -0.0052 -0.9812
vn 0.1712 0.8613 -0.4783
vn 0.1702 -0.0066 -0.9854
vn 0.1015 0.0028 -0.9948
vn -0.0000 0.0052 -1.0000
vn -0.0000 0.0004 -1.0000
vn -0.1015 0.0028 -0.9948
vn -0.1702 -0.0066 -0.9854
vn -0.1864 -0.0026 -0.9825
vn -0.1707 0.8619 -0.4775
vn -0.1609 0.8923 -0.4219
vn -0.4135 -0.0011 -0.9105
vn -0.5795 0.0033 -0.8150
vn -0.5942 0.0012 -0.8043
vn -0.5832 0.0030 -0.8123
vn -0.5977 0.0009 -0.8017
vn -0.3337 0.8868 -0.3198
vn -0.7220 0.0055 -0.6919
vn -0.5692 0.7070 -0.4197
vn -0.8139 -0.0088 -0.5810
vn -0.8754 0.0052 -0.4834
vn -0.4078 0.8848 -0.2252
vn -0.9711 0.0058 -0.2384
vn -0.9387 -0.0027 -0.3447
vn -0.9988 -0.0049 -0.0496
vn -0.9934 0.0072 -0.1146
vn 0.0013 -0.8828 -0.4697
vn 0.0031 -0.8865 -0.4626
vn -0.0033 -0.7933 -0.6088
vn -0.0090 -0.6877 -0.7259
vn -0.0169 -0.5056 -0.8626
vn 0.0309 -0.3219 -0.9463
vn -0.0251 0.0633 -0.9977
vn 0.0207 0.3450 -0.9384
vn -0.0059 0.5143 -0.8576
vn 0.0161 0.3773 -0.9259
vn -0.0108 0.5406 -0.8412
vn 0.0123 0.7991 -0.6011
vn -0.0063 0.8604 -0.5096
vn 0.0688 0.9953 -0.0689
vn 0.0062 0.9979 -0.0651
vn 0.0041 -1.0000 -0.0009
vn 0.0001 -1.0000 -0.0023
vn 0.0012 -1.0000 0.0083
vn -0.0022 -1.0000 0.0002
vn -0.0041 -1.0000 0.0004
vn -0.0020 -1.0000 0.0016
vn -0.0184 -0.9998 0.0082
vn -0.0013 -1.0000 -0.0014
vn 0.0013 -1.0000 -0.0010
vn 0.0012 -1.0000 -0.0069
vn -0.0054 -0.9999 0.0158
vn 0.0002 -1.0000 0.0036
vn 0.0041 -1.0000 -0.0003
vn 0.0184 -0.9998 -0.0080
vn 0.0032 -1.0000 -0.0006
vn -0.0234 -0.9997 -0.0019
vn -0.0005 -1.0000 0.0034
vn 0.0030 -1.0000 -0.0037
vn -0.0007 -1.0000 0.0046
vn -0.0046 -0.9998 -0.0188
vn -0.1723 -0.9850 -0.0038
vn 0.0224 0.7851 0.6189
vn -0.0082 0.8810 0.4730
vn -0.0263 0.4945 0.8688
vn 0.0329 0.1165 0.9926
vn -0.0003 1.0000 -0.0047
vn -0.0022 1.0000 -0.0001
vn 0.0041 1.0000 0.0007
vn 0.0626 0.9980 -0.0048
vn -0.0003 1.0000 0.0029
vn -0.0004 1.0000 0.0036
vn 0.0015 1.0000 0.0014
vn 0.0052 0.9999 0.0158
vn -0.0042 1.0000 0.0011
vn -0.0015 1.0000 -0.0004
vn -0.0198 0.9998 -0.0078
vn 0.0054 1.0000 0.0003
vn 0.0228 0.9997 0.0078
vn 0.0004 1.0000 -0.0064
vn 0.0031 1.0000 -0.0010
vn -0.0007 1.0000 -0.0033
vn 0.0042 1.0000 0.0003
vn -0.0022 1.0000 -0.0037
vn 0.0013 1.0000 0.0074
vn -0.0116 0.9999 0.0018
vn 0.4758 0.8795 -0.0102
vn 0.5940 0.8044 0.0129
vn 0.8674 0.4975 -0.0129
vn 0.9288 0.3701 0.0168
vn -0.4755 -0.8796 -0.0102
vn -0.5939 -0.8044 0.0129
vn -0.8671 -0.4979 -0.0128
vn -0.9318 -0.3625 0.0188
vn -0.9563 -0.2923 0.0118
vn -0.9995 0.0251 -0.0190
vn -0.9948 0.0982 -0.0259
vn -0.9544 0.2975 0.0249
vn -0.9199 0.3918 0.0155
vn -0.7290 0.6843 -0.0166
vn -0.6800 0.7329 -0.0222
vn -0.5822 0.8131 0.0067
vn -0.4880 -0.8727 -0.0150
vn -0.6472 -0.7620 0.0237
vn -0.9443 -0.3284 -0.0191
vn -0.9735 -0.2284 0.0103
vn -0.9378 0.3471 -0.0102
vn -0.9173 0.3983 0.0045
vn -0.8829 0.4695 0.0031
vn -0.6573 0.7536 -0.0034
vn -0.6122 0.7907 -0.0044
vn -0.5680 0.8230 0.0072
vn 0.5958 0.8030 -0.0134
vn 0.5083 0.8612 0.0050
vn 0.8371 0.5469 0.0150
vn 0.9351 0.3541 0.0140
vn 0.9503 0.3108 -0.0193
vn -0.8466 0.0144 -0.5320
vn -0.5018 -0.6331 -0.5894
vn -0.2506 0.0177 -0.9679
vn 0.1025 -0.6374 -0.7637
vn 0.5513 0.0543 -0.8325
vn 0.5421 -0.6491 -0.5336
vn -0.6966 0.0403 -0.7163
vn -0.6287 -0.6549 -0.4194
vn -0.2614 -0.6417 -0.7210
vn 0.0667 0.0410 -0.9969
vn 0.1820 -0.6575 -0.7311
vn 0.6624 0.0220 -0.7488
vn 0.5368 -0.6518 -0.5357
s 1
usemtl color_727980
f 5046//6293 5047//6294 5048//6295
f 5045//6296 5047//6294 5046//6293
f 5048//6295 5047//6294 5049//6297
f 5047//6298 5050//6299 5049//6300
f 5049//6300 5050//6299 5051//6301
f 5050//6302 5052//6303 5051//6304
f 5051//6304 5052//6303 5053//6305
f 5053//6305 5054//6306 5055//6307
f 5052//6303 5054//6306 5053//6305
f 5057//6308 5058//6309 5059//6310
f 5056//6296 5058//6309 5057//6308
f 5059//6310 5060//6311 5061//6312
f 5058//6309 5060//6311 5059//6310
f 5061//6312 5062//6313 5063//6314
f 5060//6311 5062//6313 5061//6312
f 5063//6314 5064//6315 5065//6307
f 5062//6313 5064//6315 5063//6314
f 5067//6316 5068//6309 5069//6317
f 5066//6318 5068//6309 5067//6316
f 5069//6317 5070//6311 5071//6319
f 5068//6309 5070//6311 5069//6317
f 5071//6319 5072//6320 5073//6321
f 5070//6311 5072//6320 5071//6319
f 5073//6321 5074//6322 5075//6323
f 5072//6320 5074//6322 5073//6321
f 5077//6308 5078//6309 5079//6317
f 5076//6296 5078//6309 5077//6308
f 5079//6317 5080//6311 5081//6312
f 5078//6309 5080//6311 5079//6317
f 5081//6312 5082//6313 5083//6314
f 5080//6311 5082//6313 5081//6312
f 5083//6314 5084//6315 5085//6307
f 5082//6313 5084//6315 5083//6314
f 5087//6324 5086//6325 5088//6326
f 5086//6327 5089//6327 5088//6327
f 5088//6328 5089//6328 5090//6328
f 5089//6329 5091//6329 5090//6329
f 5614//6330 5092//6331 5093//6332
f 5092//6331 5094//6333 5093//6332
f 5093//6332 5094//6333 5095//6334
f 5095//6335 5096//6336 5097//6337
f 5094//6338 5096//6338 5095//6338
f 5614//6339 5093//6340 5098//6341
f 5098//6342 5095//6342 5099//6342
f 5093//6340 5095//6343 5098//6341
f 5095//6344 5097//6337 5099//6345
f 5101//6346 5102//6347 5103//6348
f 5100//6349 5102//6350 5101//6351
f 5103//6348 5104//6352 5105//6353
f 5102//6354 5104//6354 5103//6354
f 5105//6355 5106//6355 5107//6355
f 5104//6356 5106//6356 5105//6356
f 5107//6357 5108//6358 5109//6359
f 5106//6360 5108//6360 5107//6360
f 5108//6361 5110//6361 5109//6361
f 5109//6362 5111//6363 5112//6364
f 5110//6365 5111//6363 5109//6362
f 5112//6364 5111//6363 5113//6366
f 5111//6363 5114//6367 5113//6366
f 5113//6368 5114//6369 5115//6370
f 5114//6369 5116//6371 5115//6370
f 5115//6372 5116//6373 5117//6374
f 5116//6375 5118//6375 5117//6375
f 5117//6376 5118//6376 5119//6376
f 5118//6377 5120//6377 5119//6377
f 5119//6378 5120//6379 5121//6380
f 5120//6381 5122//6381 5121//6381
f 5121//6380 5122//6382 5123//6383
f 5122//6382 5578//6384 5123//6383
f 5126//6385 5125//6385 5124//6385
f 5125//6386 5128//6386 5127//6386
f 5130//6387 5131//6387 5126//6387
f 5125//6388 5126//6388 5131//6388
f 5125//6389 5129//6390 5128//6391
f 5131//6392 5129//6392 5125//6392
f 5124//6393 5127//6394 5133//6395
f 5125//6396 5127//6396 5124//6396
f 5131//6397 5132//6398 5129//6399
f 5135//6400 5134//6401 5136//6402
f 5135//6400 5137//6403 5134//6401
f 5134//6404 5137//6404 5132//6404
f 5130//6405 5132//6398 5131//6397
f 5134//6406 5132//6406 5130//6406
f 5138//6407 5142//6407 5140//6407
f 5140//6408 5143//6409 5141//6410
f 5141//6411 5143//6411 5144//6411
f 5138//6412 5139//6413 5145//6414
f 5140//6415 5139//6416 5138//6417
f 5142//6418 5146//6419 5143//6420
f 5146//6421 5148//6421 5143//6421
f 5148//6422 5144//6422 5143//6422
f 5142//6423 5143//6423 5140//6423
f 5147//6424 5149//6424 5146//6424
f 5146//6425 5149//6425 5148//6425
f 5150//6426 5149//6426 5147//6426
f 5148//6427 5149//6427 5150//6427
f 5152//6428 5116//6428 5153//6428
f 5153//6429 5116//6429 5154//6429
f 5151//6430 5116//6430 5152//6430
f 5116//6431 5155//6431 5154//6431
f 5154//6432 5157//6432 5159//6432
f 5155//6433 5156//6434 5154//6435
f 5154//6436 5156//6436 5157//6436
f 5158//6437 5161//6437 5157//6437
f 5157//6438 5161//6439 5159//6440
f 5158//6441 5160//6442 5161//6443
f 5161//6439 5162//6444 5159//6440
f 5160//6445 5162//6446 5161//6447
f 5100//6448 5163//6449 5164//6450
f 5163//6451 5100//6452 5165//6453
f 5165//6454 5100//6454 5166//6454
f 5100//6455 5167//6455 5166//6455
f 5166//6456 5169//6456 5171//6456
f 5167//6457 5168//6458 5166//6459
f 5166//6460 5168//6460 5169//6460
f 5169//6461 5173//6462 5171//6463
f 5170//6464 5173//6464 5169//6464
f 5170//6465 5172//6466 5173//6467
f 5173//6462 5174//6468 5171//6463
f 5172//6469 5174//6470 5173//6471
f 5176//6472 5177//6472 5178//6472
f 5178//6473 5177//6473 5179//6473
f 5175//6474 5177//6474 5176//6474
f 5177//6475 5180//6475 5179//6475
f 5179//6476 5182//6476 5184//6476
f 5180//6477 5181//6478 5179//6479
f 5179//6480 5181//6480 5182//6480
f 5182//6481 5186//6482 5184//6483
f 5183//6484 5186//6484 5182//6484
f 5183//6485 5185//6486 5186//6487
f 5186//6482 5187//6488 5184//6483
f 5185//6489 5187//6490 5186//6491
f 5188//6492 5190//6493 5189//6494
f 5110//6495 5192//6496 5188//6497
f 5190//6498 5193//6499 5191//6500
f 5188//6501 5193//6501 5190//6501
f 5191//6502 5193//6502 5194//6502
f 5110//6503 5189//6504 5195//6505
f 5188//6506 5189//6506 5110//6506
f 5192//6496 5196//6507 5193//6508
f 5196//6509 5198//6509 5193//6509
f 5198//6510 5194//6510 5193//6510
f 5192//6511 5193//6511 5188//6511
f 5197//6512 5199//6512 5196//6512
f 5196//6513 5199//6513 5198//6513
f 5200//6514 5199//6514 5197//6514
f 5198//6515 5199//6515 5200//6515
f 5201//6516 5203//6516 5202//6516
f 5204//6517 5202//6517 5205//6517
f 5204//6518 5201//6518 5202//6518
f 5206//6519 5205//6520 5207//6521
f 5206//6522 5204//6522 5205//6522
f 5207//6521 5209//6523 5206//6519
f 5209//6524 5207//6524 5208//6524
f 5210//6525 5208//6525 5211//6525
f 5210//6526 5209//6527 5208//6528
f 5211//6529 5212//6529 5210//6529
f 5213//6530 5211//6530 5214//6530
f 5213//6531 5212//6531 5211//6531
f 5215//6532 5213//6533 5214//6534
f 5217//6535 5215//6535 5214//6535
f 5217//6536 5216//6536 5215//6536
f 5218//6537 5217//6537 5219//6537
f 5218//6538 5216//6538 5217//6538
f 5220//6539 5218//6540 5219//6541
f 5222//6542 5220//6542 5219//6542
f 5222//6543 5221//6543 5220//6543
f 5223//6544 5222//6545 5224//6546
f 5223//6544 5221//6547 5222//6545
f 5225//6548 5224//6548 5226//6548
f 5225//6549 5223//6549 5224//6549
f 5227//6550 5226//6550 5228//6550
f 5227//6551 5225//6551 5226//6551
f 5227//6552 5228//6552 5229//6552
f 5230//6553 5231//6554 5232//6555
f 5233//6556 5230//6557 5232//6558
f 5234//6559 5232//6558 5235//6560
f 5234//6559 5233//6556 5232//6558
f 5236//6561 5235//6560 5237//6562
f 5236//6561 5234//6559 5235//6560
f 5236//6561 5237//6562 5238//6563
f 5239//6564 5236//6561 5238//6563
f 5239//6564 5238//6563 5240//6565
f 5241//6566 5239//6567 5240//6568
f 5241//6566 5240//6568 5242//6569
f 5243//6570 5244//6571 5245//6572
f 5243//6570 5246//6573 5244//6571
f 5247//6574 5245//6572 5248//6575
f 5247//6574 5243//6570 5245//6572
f 5249//6576 5248//6575 5250//6577
f 5249//6576 5247//6574 5248//6575
f 5249//6576 5250//6577 5251//6578
f 5252//6579 5249//6576 5251//6578
f 5253//6580 5251//6578 5254//6581
f 5253//6580 5252//6579 5251//6578
f 5253//6580 5254//6581 5255//6582
f 5256//6583 5253//6580 5255//6582
f 5257//6584 5255//6582 5258//6585
f 5257//6584 5256//6583 5255//6582
f 5259//6586 5261//6587 5260//6588
f 5259//6586 5260//6588 5262//6589
f 5263//6590 5259//6591 5262//6592
f 5263//6590 5262//6592 5264//6593
f 5265//6594 5264//6595 5266//6596
f 5265//6594 5263//6597 5264//6595
f 5265//6594 5266//6596 5267//6598
f 5268//6599 5265//6594 5267//6598
f 5268//6599 5267//6598 5269//6600
f 5270//6601 5268//6602 5269//6603
f 5270//6601 5269//6603 5271//6604
f 5272//6605 5271//6606 5273//6607
f 5272//6605 5270//6608 5271//6606
f 5274//6609 5272//6605 5273//6607
f 5274//6609 5273//6607 5275//6610
f 5276//6611 5277//6611 5278//6611
f 5276//6612 5279//6612 5277//6612
f 5145//6414 5278//6613 5280//6614
f 5145//6414 5276//6615 5278//6613
f 5139//6413 5276//6615 5145//6414
f 5281//6616 5145//6616 5280//6616
f 5281//6617 5280//6617 5282//6617
f 5283//6618 5282//6618 5284//6618
f 5283//6619 5281//6619 5282//6619
f 5285//6620 5284//6620 5286//6620
f 5285//6621 5287//6622 5283//6623
f 5285//6621 5283//6623 5284//6624
f 5175//6625 5285//6626 5286//6627
f 5176//6628 5285//6626 5175//6625
f 5175//6625 5286//6627 5288//6629
f 5289//6630 5175//6630 5288//6630
f 5289//6631 5288//6631 5290//6631
f 5291//6632 5289//6632 5290//6632
f 5291//6633 5290//6633 5292//6633
f 5293//6634 5291//6634 5292//6634
f 5293//6635 5292//6635 5294//6635
f 5295//6636 5293//6637 5294//6638
f 5296//6639 5295//6636 5294//6638
f 5296//6639 5297//6640 5295//6636
f 5296//6641 5294//6641 5298//6641
f 5133//6395 5296//6642 5298//6643
f 5127//6394 5296//6642 5133//6395
f 5133//6644 5298//6644 5299//6644
f 5300//6645 5299//6645 5301//6645
f 5300//6646 5133//6646 5299//6646
f 5302//6647 5301//6648 5303//6648
f 5302//6649 5300//6650 5301//6651
f 5304//6652 5305//6653 5302//6647
f 5304//6652 5302//6647 5303//6648
f 5163//6654 5304//6654 5303//6654
f 5306//6655 5307//6656 5308//6657
f 5306//6655 5309//6658 5307//6656
f 5310//6659 5308//6657 5311//6660
f 5310//6659 5306//6655 5308//6657
f 5312//6661 5311//6660 5313//6662
f 5312//6661 5310//6659 5311//6660
f 5314//6663 5313//6662 5315//6664
f 5314//6663 5312//6661 5313//6662
f 5316//6665 5315//6666 5317//6667
f 5316//6665 5314//6668 5315//6666
f 5318//6669 5317//6667 5319//6670
f 5318//6669 5316//6665 5317//6667
f 5318//6669 5319//6670 5320//6671
f 5321//6672 5318//6673 5320//6674
f 5322//6675 5321//6672 5320//6674
f 5322//6675 5320//6674 5323//6676
f 5324//6677 5322//6675 5323//6676
f 5324//6677 5323//6676 5325//6678
f 5326//6679 5324//6680 5325//6681
f 5326//6679 5325//6681 5327//6682
f 5328//6683 5326//6684 5327//6685
f 5328//6683 5327//6685 5329//6686
f 5330//6687 5328//6683 5329//6686
f 5330//6687 5329//6686 5331//6688
f 5332//6689 5331//6690 5333//6691
f 5332//6689 5330//6692 5331//6690
f 5334//6693 5332//6689 5333//6691
f 5335//6694 5203//6695 5201//6696
f 5338//6697 5201//6697 5204//6697
f 5338//6698 5335//6698 5201//6698
f 5339//6699 5337//6700 5336//6701
f 5340//6702 5339//6702 5336//6702
f 5341//6703 5339//6703 5340//6703
f 5342//6704 5204//6704 5206//6704
f 5342//6705 5338//6705 5204//6705
f 5343//6706 5342//6707 5206//6708
f 5347//6709 5341//6709 5340//6709
f 5344//6710 5343//6706 5206//6708
f 5345//6711 5341//6712 5347//6713
f 5345//6711 5347//6713 5346//6714
f 5209//6715 5344//6710 5206//6708
f 5345//6711 5346//6714 5344//6716
f 5348//6717 5344//6710 5209//6715
f 5348//6718 5345//6711 5344//6716
f 5087//6719 5209//6527 5349//6720
f 5087//6719 5348//6721 5209//6527
f 5350//6722 5349//6720 5209//6527
f 5210//6526 5350//6722 5209//6527
f 5348//6723 5088//6723 5090//6723
f 5348//6721 5087//6719 5088//6724
f 5351//6725 5350//6725 5210//6725
f 5212//6726 5351//6726 5210//6726
f 5352//6727 5348//6727 5090//6727
f 5353//6728 5352//6728 5090//6728
f 5354//6729 5352//6729 5353//6729
f 5355//6730 5351//6730 5212//6730
f 5213//6731 5355//6731 5212//6731
f 5215//6532 5355//6732 5213//6533
f 5356//6733 5354//6733 5353//6733
f 5357//6734 5356//6734 5353//6734
f 5358//6735 5355//6735 5215//6735
f 5216//6736 5358//6736 5215//6736
f 5359//6737 5356//6737 5357//6737
f 5360//6738 5359//6738 5357//6738
f 5218//6739 5358//6739 5216//6739
f 5361//6740 5358//6740 5218//6740
f 5220//6539 5361//6741 5218//6540
f 5362//6742 5361//6742 5220//6742
f 5363//6743 5359//6743 5360//6743
f 5363//6744 5360//6745 5364//6746
f 5365//6747 5362//6747 5220//6747
f 5221//6748 5365//6749 5220//6750
f 5363//6744 5364//6746 5366//6751
f 5367//6752 5366//6753 5365//6749
f 5367//6752 5365//6749 5221//6748
f 5367//6754 5363//6744 5366//6751
f 5369//6755 5221//6756 5368//6757
f 5369//6755 5367//6758 5221//6756
f 5368//6757 5221//6756 5223//6759
f 5370//6760 5368//6761 5223//6762
f 5371//6763 5369//6755 5372//6764
f 5371//6763 5367//6758 5369//6755
f 5225//6765 5370//6760 5223//6762
f 5371//6763 5372//6764 5373//6766
f 5374//6767 5370//6767 5225//6767
f 5375//6768 5371//6768 5373//6768
f 5375//6769 5373//6769 5376//6769
f 5227//6770 5374//6770 5225//6770
f 5377//6771 5374//6771 5227//6771
f 5229//6772 5377//6773 5227//6774
f 5378//6775 5375//6775 5376//6775
f 5378//6776 5376//6776 5379//6776
f 5380//6777 5378//6778 5379//6779
f 5394//6780 5382//6781 5381//6782
f 5381//6783 5382//6783 5383//6783
f 5383//6784 5384//6784 5385//6784
f 5382//6785 5384//6785 5383//6785
f 5386//6786 5372//6786 5387//6786
f 5373//6787 5372//6787 5386//6787
f 5387//6788 5369//6788 5388//6788
f 5372//6789 5369//6789 5387//6789
f 5388//6790 5368//6790 5389//6790
f 5369//6791 5368//6791 5388//6791
f 5389//6792 5368//6792 5390//6792
f 5368//6793 5370//6793 5390//6793
f 5391//6794 5392//6795 5393//6796
f 5392//6797 5394//6780 5393//6798
f 5393//6798 5394//6780 5381//6782
f 5297//6799 5296//6799 5395//6799
f 5128//6800 5296//6800 5127//6800
f 5128//6391 5395//6801 5296//6802
f 5279//6803 5276//6804 5396//6805
f 5276//6806 5139//6416 5140//6415
f 5276//6804 5140//6408 5396//6805
f 5398//6807 5152//6807 5153//6807
f 5397//6808 5398//6809 5153//6810
f 5397//6811 5399//6811 5398//6811
f 5304//6812 5163//6451 5165//6453
f 5400//6813 5304//6814 5165//6815
f 5400//6816 5305//6816 5304//6816
f 5285//6817 5176//6817 5178//6817
f 5401//6818 5285//6819 5178//6820
f 5401//6821 5287//6821 5285//6821
f 5377//6773 5229//6772 5402//6822
f 5403//6823 5402//6823 5404//6823
f 5403//6824 5377//6824 5402//6824
f 5405//6825 5380//6777 5379//6779
f 5406//6826 5380//6826 5405//6826
f 5392//6827 5404//6828 5407//6829
f 5392//6830 5403//6830 5404//6830
f 5384//6831 5406//6831 5405//6831
f 5394//6832 5392//6827 5407//6829
f 5408//6833 5384//6834 5382//6835
f 5408//6836 5406//6836 5384//6836
f 5409//6837 5394//6832 5407//6829
f 5408//6833 5382//6835 5394//6838
f 5410//6839 5394//6839 5409//6839
f 5410//6840 5408//6840 5394//6840
f 5412//6841 5409//6842 5411//6843
f 5412//6841 5410//6844 5409//6842
f 5413//6845 5411//6843 5409//6842
f 5414//6846 5413//6845 5409//6842
f 5410//6847 5415//6847 5416//6847
f 5410//6844 5412//6841 5415//6848
f 5417//6849 5413//6849 5414//6849
f 5418//6850 5417//6850 5414//6850
f 5419//6851 5410//6851 5416//6851
f 5420//6852 5419//6852 5416//6852
f 5421//6853 5419//6853 5420//6853
f 5422//6854 5417//6854 5418//6854
f 5423//6855 5417//6855 5422//6855
f 5424//6856 5423//6857 5422//6858
f 5425//6859 5421//6859 5420//6859
f 5426//6860 5425//6860 5420//6860
f 5427//6861 5423//6861 5424//6861
f 5428//6862 5423//6862 5427//6862
f 5429//6863 5425//6863 5426//6863
f 5430//6864 5429//6864 5426//6864
f 5431//6865 5428//6865 5427//6865
f 5432//6866 5428//6866 5431//6866
f 5433//6867 5432//6868 5431//6869
f 5434//6870 5432//6870 5433//6870
f 5435//6871 5430//6872 5096//6873
f 5435//6874 5429//6874 5430//6874
f 5092//6875 5434//6876 5433//6876
f 5436//6877 5092//6878 5433//6879
f 5435//6871 5096//6873 5094//6880
f 5437//6881 5094//6880 5092//6878
f 5437//6881 5092//6878 5436//6877
f 5437//6881 5435//6871 5094//6880
f 5098//6882 5437//6882 5436//6882
f 5098//6883 5436//6884 5438//6885
f 5438//6885 5436//6884 5439//6886
f 5440//6887 5438//6887 5439//6887
f 5441//6888 5437//6889 5098//6890
f 5099//6891 5441//6888 5098//6890
f 5442//6892 5440//6892 5439//6892
f 5443//6893 5440//6893 5442//6893
f 5444//6894 5441//6888 5099//6891
f 5444//6895 5099//6895 5445//6895
f 5446//6896 5443//6896 5442//6896
f 5335//6897 5443//6897 5446//6897
f 5203//6695 5335//6694 5446//6898
f 5337//6899 5444//6899 5445//6899
f 5337//6700 5445//6900 5336//6701
f 5447//6901 5408//6902 5410//6903
f 5448//6904 5447//6901 5410//6903
f 5448//6904 5410//6903 5419//6904
f 5449//6905 5408//6902 5447//6901
f 5448//6904 5419//6904 5421//6904
f 5450//6906 5408//6902 5449//6905
f 5450//6906 5406//6906 5408//6902
f 5451//6904 5448//6904 5421//6904
f 5333//6904 5406//6906 5450//6906
f 5333//6904 5380//6904 5406//6906
f 5451//6904 5421//6904 5425//6904
f 5452//6904 5451//6904 5425//6904
f 5378//6904 5380//6904 5333//6904
f 5331//6904 5378//6904 5333//6904
f 5429//6904 5452//6904 5425//6904
f 5375//6907 5378//6904 5331//6904
f 5453//6904 5452//6904 5429//6904
f 5454//6908 5453//6904 5429//6904
f 5329//6909 5375//6907 5331//6904
f 5435//6908 5454//6908 5429//6904
f 5371//6910 5375//6907 5329//6909
f 5327//6910 5371//6910 5329//6909
f 5455//6911 5454//6908 5435//6908
f 5437//6906 5455//6911 5435//6908
f 5367//6912 5371//6910 5327//6910
f 5456//6913 5455//6911 5437//6906
f 5325//6914 5367//6912 5327//6910
f 5441//6913 5456//6913 5437//6906
f 5363//6915 5367//6912 5325//6914
f 5457//6906 5456//6913 5441//6913
f 5323//6916 5363//6915 5325//6914
f 5444//6906 5457//6906 5441//6913
f 5359//6904 5363//6915 5323//6916
f 5307//6904 5457//6906 5444//6906
f 5320//6904 5359//6904 5323//6916
f 5337//6904 5307//6904 5444//6906
f 5356//6904 5359//6904 5320//6904
f 5356//6904 5320//6904 5319//6904
f 5339//6904 5307//6904 5337//6904
f 5339//6904 5308//6904 5307//6904
f 5354//6904 5356//6904 5319//6904
f 5354//6904 5319//6904 5317//6904
f 5341//6907 5308//6904 5339//6904
f 5341//6907 5311//6917 5308//6904
f 5352//6904 5354//6904 5317//6904
f 5352//6904 5317//6904 5315//6904
f 5345//6918 5311//6917 5341//6907
f 5348//6919 5315//6904 5313//6920
f 5348//6919 5352//6904 5315//6904
f 5345//6918 5313//6920 5311//6917
f 5348//6919 5313//6920 5345//6918
f 5458//6921 5333//6691 5450//6922
f 5458//6921 5334//6693 5333//6691
f 5459//6923 5450//6922 5449//6924
f 5459//6923 5458//6921 5450//6922
f 5460//6925 5449//6926 5447//6927
f 5460//6925 5459//6928 5449//6926
f 5461//6929 5447//6927 5448//6930
f 5461//6929 5460//6925 5447//6927
f 5461//6929 5448//6930 5451//6931
f 5462//6932 5461//6929 5451//6931
f 5463//6933 5451//6931 5452//6934
f 5463//6933 5462//6932 5451//6931
f 5463//6933 5452//6934 5453//6935
f 5464//6936 5463//6933 5453//6935
f 5464//6936 5453//6935 5454//6937
f 5465//6938 5464//6939 5454//6940
f 5465//6938 5454//6940 5455//6941
f 5466//6942 5465//6938 5455//6941
f 5466//6942 5455//6941 5456//6943
f 5467//6944 5466//6945 5456//6946
f 5467//6944 5456//6946 5457//6947
f 5468//6948 5457//6949 5307//6656
f 5468//6948 5467//6950 5457//6949
f 5309//6658 5468//6948 5307//6656
f 5466//6951 5469//6951 5470//6951
f 5467//6951 5469//6951 5466//6951
f 5465//6951 5466//6951 5470//6951
f 5465//6951 5470//6951 5471//6951
f 5467//6951 5472//6951 5469//6951
f 5464//6951 5465//6951 5471//6951
f 5464//6951 5471//6951 5473//6951
f 5468//6951 5472//6951 5467//6951
f 5468//6951 5474//6951 5472//6951
f 5309//6951 5474//6951 5468//6951
f 5463//6951 5464//6951 5473//6951
f 5463//6951 5473//6951 5475//6951
f 5309//6951 5277//6951 5474//6951
f 5278//6951 5277//6951 5309//6951
f 5306//6951 5278//6951 5309//6951
f 5462//6951 5463//6951 5475//6951
f 5476//6951 5462//6951 5475//6951
f 5280//6951 5278//6951 5306//6951
f 5310//6951 5280//6951 5306//6951
f 5461//6951 5462//6951 5476//6951
f 5477//6951 5461//6951 5476//6951
f 5282//6951 5280//6951 5310//6951
f 5478//6951 5461//6951 5477//6951
f 5284//6951 5282//6951 5310//6951
f 5312//6951 5284//6951 5310//6951
f 5460//6951 5461//6951 5478//6951
f 5479//6951 5460//6951 5478//6951
f 5286//6951 5284//6951 5312//6951
f 5314//6951 5286//6951 5312//6951
f 5459//6951 5460//6951 5479//6951
f 5316//6951 5286//6951 5314//6951
f 5458//6951 5459//6951 5479//6951
f 5480//6951 5458//6951 5479//6951
f 5288//6951 5286//6951 5316//6951
f 5481//6951 5458//6951 5480//6951
f 5318//6951 5288//6951 5316//6951
f 5334//6951 5458//6951 5481//6951
f 5290//6951 5288//6951 5318//6951
f 5303//6951 5334//6951 5481//6951
f 5290//6951 5318//6951 5321//6951
f 5303//6951 5332//6951 5334//6951
f 5292//6951 5290//6951 5321//6951
f 5292//6951 5321//6951 5322//6951
f 5301//6951 5332//6951 5303//6951
f 5301//6951 5330//6951 5332//6951
f 5294//6951 5292//6951 5322//6951
f 5294//6951 5322//6951 5324//6951
f 5299//6951 5330//6951 5301//6951
f 5299//6951 5328//6951 5330//6951
f 5294//6951 5324//6951 5326//6951
f 5298//6951 5326//6951 5328//6951
f 5298//6951 5328//6951 5299//6951
f 5298//6951 5294//6951 5326//6951
f 5164//6450 5163//6449 5303//6952
f 5164//6953 5303//6953 5481//6953
f 5482//6954 5164//6955 5481//6956
f 5482//6954 5481//6956 5480//6957
f 5483//6958 5480//6958 5479//6958
f 5483//6959 5482//6959 5480//6959
f 5484//6960 5479//6960 5478//6960
f 5484//6961 5483//6961 5479//6961
f 5485//6962 5484//6963 5478//6964
f 5485//6965 5478//6965 5477//6965
f 5486//6966 5485//6967 5477//6968
f 5486//6966 5487//6969 5485//6967
f 5486//6966 5477//6968 5476//6970
f 5195//6505 5486//6971 5476//6972
f 5189//6504 5486//6971 5195//6505
f 5488//6973 5195//6973 5476//6973
f 5488//6974 5476//6974 5475//6974
f 5489//6975 5475//6975 5473//6975
f 5489//6976 5488//6976 5475//6976
f 5398//6977 5473//6978 5471//6979
f 5398//6980 5489//6981 5473//6982
f 5398//6980 5399//6983 5489//6981
f 5151//6984 5471//6984 5470//6984
f 5151//6985 5398//6977 5471//6979
f 5152//6986 5398//6977 5151//6985
f 5490//6987 5151//6988 5470//6989
f 5490//6990 5470//6990 5469//6990
f 5491//6991 5490//6991 5469//6991
f 5491//6992 5469//6992 5472//6992
f 5492//6993 5472//6994 5474//6995
f 5492//6996 5491//6996 5472//6996
f 5493//6997 5474//6997 5277//6997
f 5493//6998 5492//6993 5474//6995
f 5279//6999 5493//6998 5277//7000
f 5494//7001 5495//7002 5190//6498
f 5191//6500 5494//7001 5190//6498
f 5194//7003 5494//7001 5191//6500
f 5496//6908 5494//7001 5194//7003
f 5166//7004 5400//6813 5165//6815
f 5198//7005 5496//6908 5194//7003
f 5200//7006 5496//6908 5198//7005
f 5497//7007 5400//6813 5166//7004
f 5499//7008 5497//7007 5166//7004
f 5500//7009 5174//7010 5501//6903
f 5502//6904 5500//7009 5501//6903
f 5503//6904 5502//6904 5501//6903
f 5503//6904 5501//6903 5496//6908
f 5275//7010 5174//7010 5500//7009
f 5275//7010 5171//7011 5174//7010
f 5154//7012 5397//6808 5153//6810
f 5154//7012 5498//7013 5397//6808
f 5503//6904 5496//6908 5200//7006
f 5135//6400 5499//7008 5166//7004
f 5135//6400 5166//7004 5171//7011
f 5154//7012 5504//7014 5498//7013
f 5505//6908 5503//6904 5200//7006
f 5505//6908 5200//7006 5506//7015
f 5154//7012 5506//7015 5504//7014
f 5273//7016 5171//7011 5275//7010
f 5273//7016 5135//6400 5171//7011
f 5159//7017 5506//7015 5154//7012
f 5159//7017 5505//6908 5506//7015
f 5271//6907 5135//6400 5273//7016
f 5159//7017 5507//7018 5505//6908
f 5271//6907 5137//6403 5135//6400
f 5162//7019 5507//7018 5159//7017
f 5162//7019 5508//7020 5507//7018
f 5509//7021 5132//7022 5137//6403
f 5510//7023 5132//7022 5509//7021
f 5510//7023 5129//6390 5132//7022
f 5509//7021 5271//6907 5269//6904
f 5509//7021 5137//6403 5271//6907
f 5511//6906 5508//7020 5162//7019
f 5510//7023 5128//6391 5129//6390
f 5512//6919 5509//7021 5269//6904
f 5395//6801 5128//6391 5510//7023
f 5512//6919 5269//6904 5267//7024
f 5511//6906 5260//6904 5508//7020
f 5187//7025 5267//7024 5266//7025
f 5187//7025 5512//6919 5267//7024
f 5513//7026 5260//6904 5511//6906
f 5184//7027 5266//7025 5264//6917
f 5184//7027 5187//7025 5266//7025
f 5184//7027 5264//6917 5262//7028
f 5150//7029 5262//7028 5260//6904
f 5150//7029 5260//6904 5513//7026
f 5148//7030 5150//7029 5513//7026
f 5514//7031 5184//7027 5262//7028
f 5514//7031 5262//7028 5150//7029
f 5144//7032 5148//7030 5513//7026
f 5144//7032 5513//7026 5515//7033
f 5514//7031 5179//7034 5184//7027
f 5516//7035 5179//7034 5514//7031
f 5140//6408 5515//7033 5396//6805
f 5141//6410 5144//7032 5515//7033
f 5140//6408 5141//6410 5515//7033
f 5517//7036 5179//7034 5516//7035
f 5401//6818 5178//6820 5179//7034
f 5401//6818 5179//7034 5517//7036
f 5518//7037 5274//7038 5275//7039
f 5518//7037 5275//7039 5500//7040
f 5519//7041 5500//7042 5502//7043
f 5519//7041 5518//7044 5500//7042
f 5520//7045 5502//7043 5503//7046
f 5520//7045 5519//7041 5502//7043
f 5521//7047 5503//7048 5505//7049
f 5521//7050 5520//7045 5503//7046
f 5522//7051 5521//7047 5505//7049
f 5522//7051 5505//7049 5507//7052
f 5523//7053 5507//7054 5508//7055
f 5523//7056 5522//7051 5507//7052
f 5261//7057 5523//7053 5508//7055
f 5261//7057 5508//7055 5260//7058
f 5524//6904 5518//6904 5519//6904
f 5525//6904 5524//6904 5519//6904
f 5525//6904 5519//6904 5520//6904
f 5258//6904 5274//6904 5518//6904
f 5258//6904 5518//6904 5524//6904
f 5525//6904 5520//6904 5521//6904
f 5526//6904 5525//6904 5521//6904
f 5255//6904 5274//6904 5258//6904
f 5526//6904 5521//6904 5522//6904
f 5255//6904 5272//6904 5274//6904
f 5527//6904 5526//6904 5522//6904
f 5254//6904 5270//6904 5272//6904
f 5254//6904 5272//6904 5255//6904
f 5523//6904 5527//6904 5522//6904
f 5268//6904 5270//6904 5254//6904
f 5268//6904 5254//6904 5251//6904
f 5261//6904 5527//6904 5523//6904
f 5261//6904 5244//6904 5527//6904
f 5261//6904 5245//6904 5244//6904
f 5265//6904 5251//6904 5250//6904
f 5265//6904 5268//6904 5251//6904
f 5259//6904 5245//6904 5261//6904
f 5265//6904 5250//6904 5248//6904
f 5263//6904 5265//6904 5248//6904
f 5263//6904 5248//6904 5245//6904
f 5263//6904 5245//6904 5259//6904
f 5528//7059 5258//6585 5524//7060
f 5528//7059 5257//6584 5258//6585
f 5529//7061 5524//7060 5525//7062
f 5529//7061 5528//7059 5524//7060
f 5530//7063 5525//7062 5526//7064
f 5530//7063 5529//7061 5525//7062
f 5530//7063 5526//7064 5527//7065
f 5531//7066 5530//7067 5527//7068
f 5246//6573 5527//7068 5244//6571
f 5246//6573 5531//7066 5527//7068
f 5253//6580 5256//6583 5257//6584
f 5253//6580 5528//7059 5529//6904
f 5253//6580 5257//6584 5528//7059
f 5252//6579 5529//6904 5530//7067
f 5252//6579 5253//6580 5529//6904
f 5247//6574 5249//6576 5252//6579
f 5247//6574 5531//7066 5246//6573
f 5247//6574 5246//6573 5243//6570
f 5247//6574 5252//6579 5530//7067
f 5247//6574 5530//7067 5531//7066
f 5534//7069 5535//6951 5533//7070
f 5534//7069 5533//7070 5532//7071
f 5534//7069 5231//6951 5535//6951
f 5242//7072 5231//6951 5534//7069
f 5240//6565 5231//6951 5242//7072
f 5238//6563 5237//6562 5235//6560
f 5238//6563 5235//6560 5232//6558
f 5240//6565 5232//6558 5231//6951
f 5240//6565 5238//6563 5232//6558
f 5536//7073 5241//7074 5242//7072
f 5536//7073 5242//7072 5534//7069
f 5537//7075 5534//7076 5532//7071
f 5537//7075 5536//7077 5534//7076
f 5538//7078 5532//7071 5533//7070
f 5538//7078 5537//7075 5532//7071
f 5539//7079 5533//7070 5535//7080
f 5539//7079 5538//7078 5533//7070
f 5540//7081 5535//7080 5231//6554
f 5540//7081 5539//7079 5535//7080
f 5230//6553 5540//7081 5231//6554
f 5050//6951 5047//7082 5541//6951
f 5045//7083 5202//7084 5541//6951
f 5045//7083 5541//6951 5047//7082
f 5050//6951 5541//6951 5542//7084
f 5052//7085 5050//6951 5542//7084
f 5078//6951 5543//6951 5544//7086
f 5080//7086 5078//6951 5544//7086
f 5076//7086 5543//6951 5078//6951
f 5052//7085 5542//7084 5545//6951
f 5076//7086 5546//7087 5543//6951
f 5547//7088 5202//7084 5045//7083
f 5080//7086 5544//7086 5548//7089
f 5076//7086 5545//6951 5546//7087
f 5082//7090 5080//7086 5548//7089
f 5549//7091 5202//7084 5547//7088
f 5548//7089 5084//7089 5082//7090
f 5205//7092 5202//7084 5549//7091
f 5539//7086 5052//7085 5545//6951
f 5539//7086 5545//6951 5076//7086
f 5539//7086 5076//7086 5550//6951
f 5540//6951 5052//7085 5539//7086
f 5540//6951 5054//6951 5052//7085
f 5538//6951 5539//7086 5550//6951
f 5538//6951 5550//6951 5551//6951
f 5552//7093 5084//7089 5548//7089
f 5230//6951 5054//6951 5540//6951
f 5230//6951 5553//6951 5054//6951
f 5537//7094 5538//6951 5551//6951
f 5233//7090 5553//6951 5230//6951
f 5552//7093 5554//7095 5084//7089
f 5207//6951 5205//7092 5549//7091
f 5537//7094 5551//6951 5554//7095
f 5233//7090 5549//7091 5553//6951
f 5233//7090 5207//6951 5549//7091
f 5555//6951 5554//7095 5552//7093
f 5555//6951 5537//7094 5554//7095
f 5058//7086 5207//6951 5233//7090
f 5058//7086 5208//7096 5207//6951
f 5058//7086 5233//7090 5234//6951
f 5060//6951 5234//6951 5236//6951
f 5060//6951 5058//7086 5234//6951
f 5056//7085 5208//7096 5058//7086
f 5056//7085 5211//7085 5208//7096
f 5060//6951 5236//6951 5239//7091
f 5068//7085 5536//6951 5537//7094
f 5068//7085 5555//6951 5556//7097
f 5068//7085 5537//7094 5555//6951
f 5070//7090 5068//7085 5556//7097
f 5066//6951 5536//6951 5068//7085
f 5066//6951 5241//6951 5536//6951
f 5062//7095 5060//6951 5239//7091
f 5228//7098 5070//7090 5556//7097
f 5211//7085 5056//7085 5557//7094
f 5072//7099 5070//7090 5228//7098
f 5558//7089 5241//6951 5066//6951
f 5558//7089 5239//7091 5241//6951
f 5074//7100 5072//7099 5228//7098
f 5214//6951 5211//7085 5557//7094
f 5214//6951 5557//7094 5559//6951
f 5214//6951 5559//6951 5560//6951
f 5226//6951 5074//7100 5228//7098
f 5226//6951 5561//7091 5074//7100
f 5217//6951 5214//6951 5560//6951
f 5226//6951 5562//6951 5561//7091
f 5224//7098 5562//6951 5226//6951
f 5217//6951 5560//6951 5064//6951
f 5219//7101 5217//6951 5064//6951
f 5224//7098 5558//7089 5562//6951
f 5222//6951 5062//7095 5239//7091
f 5222//6951 5239//7091 5558//7089
f 5222//6951 5558//7089 5224//7098
f 5219//7101 5062//7095 5222//6951
f 5219//7101 5064//6951 5062//7095
f 5487//7102 5486//7102 5495//7102
f 5190//6493 5486//7103 5189//6494
f 5190//6498 5495//7002 5486//7104
f 5402//7105 5229//7105 5228//7105
f 5404//7106 5228//7106 5556//7106
f 5404//7107 5402//7107 5228//7107
f 5407//7108 5556//7109 5555//7110
f 5407//7111 5404//7111 5556//7111
f 5555//7110 5409//7112 5407//7108
f 5409//7113 5555//7113 5552//7113
f 5414//7114 5552//7114 5548//7114
f 5414//6846 5409//6842 5552//7115
f 5548//7116 5418//7116 5414//7116
f 5422//7117 5548//7117 5544//7117
f 5422//7118 5418//7118 5548//7118
f 5424//6856 5422//6858 5544//7119
f 5543//7120 5424//7120 5544//7120
f 5543//7121 5427//7121 5424//7121
f 5431//7122 5543//7122 5546//7122
f 5431//7123 5427//7123 5543//7123
f 5433//6867 5431//6869 5546//7124
f 5545//7125 5433//7125 5546//7125
f 5545//7126 5436//7126 5433//7126
f 5439//7127 5545//7128 5542//7129
f 5439//7127 5436//7130 5545//7128
f 5442//7131 5439//7131 5542//7131
f 5442//7132 5542//7132 5541//7132
f 5446//7133 5541//7133 5202//7133
f 5446//7134 5442//7134 5541//7134
f 5446//7135 5202//7135 5203//7135
f 5114//7136 5563//7137 5564//7138
f 5399//7139 5397//7139 5563//7139
f 5489//6981 5399//6983 5114//7140
f 5114//7141 5399//7141 5563//7141
f 5563//7142 5565//7142 5564//7142
f 5564//7143 5565//7144 5566//7145
f 5397//6808 5498//7013 5563//7146
f 5563//7147 5498//7147 5565//7147
f 5565//7144 5504//7148 5566//7145
f 5498//7149 5504//7149 5565//7149
f 5504//7150 5567//7150 5566//7150
f 5197//7151 5567//7152 5200//7153
f 5504//7154 5506//7154 5567//7154
f 5567//7155 5506//7155 5200//7155
f 5488//6904 5110//6365 5195//6904
f 5111//6363 5110//6365 5488//6904
f 5489//6981 5111//6363 5488//6904
f 5114//7140 5111//6363 5489//6981
f 5295//7156 5297//7156 5568//7156
f 5297//7157 5395//7157 5568//7157
f 5569//7158 5510//7158 5570//7158
f 5510//7159 5509//7159 5570//7159
f 5570//7160 5509//7160 5571//7160
f 5509//7161 5512//7161 5571//7161
f 5571//7162 5512//7162 5185//7162
f 5512//7163 5187//6490 5185//6489
f 5568//7164 5395//7165 5569//7166
f 5569//7167 5395//7167 5510//7167
f 5572//7168 5295//6636 5568//7169
f 5293//6637 5295//6636 5572//7168
f 5573//6904 5293//6637 5572//7168
f 5291//6904 5293//6637 5573//6904
f 5289//6904 5291//6904 5573//6904
f 5289//6904 5573//6904 5574//7170
f 5175//7171 5574//7170 5177//7172
f 5175//7171 5289//6904 5574//7170
f 5485//7173 5487//7173 5108//7173
f 5487//7174 5495//7174 5108//7174
f 5575//7175 5494//7175 5576//7175
f 5494//7176 5496//7176 5576//7176
f 5576//7177 5496//7177 5577//7177
f 5496//7178 5501//7178 5577//7178
f 5577//7179 5501//7179 5172//7179
f 5501//7180 5174//6470 5172//6469
f 5108//7181 5495//7181 5575//7181
f 5575//7182 5495//7182 5494//7182
f 5106//6907 5485//6962 5108//7027
f 5484//6963 5485//6962 5106//6907
f 5104//6904 5484//6963 5106//6907
f 5483//6904 5484//6963 5104//6904
f 5483//6904 5104//6904 5102//6904
f 5482//6904 5483//6904 5102//6904
f 5482//6904 5102//6904 5100//6903
f 5164//7183 5482//6904 5100//6903
f 5493//6998 5279//6999 5578//7184
f 5279//6803 5396//6805 5578//7185
f 5579//7186 5515//7186 5580//7186
f 5515//7187 5513//7187 5580//7187
f 5580//7188 5513//7188 5581//7188
f 5513//7189 5511//7189 5581//7189
f 5581//7190 5511//7190 5160//7190
f 5511//7191 5162//6446 5160//6445
f 5578//7192 5396//7193 5579//7194
f 5579//7195 5396//7195 5515//7195
f 5122//6904 5493//6998 5578//7184
f 5492//6993 5493//6998 5122//6904
f 5491//6904 5122//6904 5120//6904
f 5491//6904 5492//6993 5122//6904
f 5490//6987 5120//6904 5118//7196
f 5490//6987 5491//6904 5120//6904
f 5151//6988 5118//7196 5116//7197
f 5490//6987 5118//7196 5151//6988
f 5582//7198 5583//7199 5584//7200
f 5287//7201 5401//7201 5583//7201
f 5283//6623 5287//6622 5582//7202
f 5582//7203 5287//7203 5583//7203
f 5583//7204 5585//7204 5584//7204
f 5584//7205 5585//7206 5586//7207
f 5401//6818 5517//7036 5583//7208
f 5583//7209 5517//7209 5585//7209
f 5585//7206 5516//7210 5586//7207
f 5517//7211 5516//7211 5585//7211
f 5516//7212 5587//7212 5586//7212
f 5147//7213 5587//7214 5150//7215
f 5516//7216 5514//7216 5587//7216
f 5587//7217 5514//7217 5150//7217
f 5281//6904 5138//7218 5145//6904
f 5588//7219 5138//7218 5281//6904
f 5283//6623 5588//7219 5281//6904
f 5589//7220 5588//7219 5283//6623
f 5582//7202 5589//7220 5283//6623
f 5305//6653 5400//7221 5590//7222
f 5302//6647 5305//6653 5590//7222
f 5590//7223 5497//7224 5591//7225
f 5400//6813 5497//7007 5590//7226
f 5497//7007 5499//7008 5591//7227
f 5591//7228 5499//7228 5592//7228
f 5136//7229 5594//7230 5135//7231
f 5592//7232 5594//7233 5593//7234
f 5593//7235 5594//7230 5136//7229
f 5499//7236 5594//7237 5592//7238
f 5135//7239 5594//7237 5499//7236
f 5595//6904 5133//6395 5300//6650
f 5595//6904 5124//6393 5133//6395
f 5302//6649 5595//6904 5300//6650
f 5590//7240 5595//6904 5302//6649
f 5108//7085 5575//7241 5110//6495
f 5575//7241 5192//6496 5110//6495
f 5575//7241 5576//7242 5192//6496
f 5576//7242 5196//6507 5192//6496
f 5590//7223 5167//6457 5100//7086
f 5576//7242 5197//7151 5196//6507
f 5576//7242 5577//7090 5197//7151
f 5590//7223 5591//7225 5167//6457
f 5591//7225 5592//7232 5167//6457
f 5167//6457 5592//7232 5168//6458
f 5592//7232 5593//7234 5168//6458
f 5168//6458 5593//7234 5169//7243
f 5169//7243 5593//7234 5170//6465
f 5566//7244 5155//6433 5564//7138
f 5114//7136 5155//6433 5116//7245
f 5564//7138 5155//6433 5114//7136
f 5593//7234 5136//6402 5170//6465
f 5566//7244 5156//6434 5155//6433
f 5567//7152 5157//7246 5566//7244
f 5566//7244 5157//7246 5156//6434
f 5197//7151 5158//6441 5567//7152
f 5567//7152 5158//6441 5157//7246
f 5577//7090 5158//6441 5197//7151
f 5577//7090 5160//6442 5158//6441
f 5172//6466 5160//6442 5577//7090
f 5124//7247 5568//7164 5126//7248
f 5130//7095 5570//7089 5134//6401
f 5134//6401 5570//7089 5136//6402
f 5126//7248 5569//7166 5130//7095
f 5130//7095 5569//7166 5570//7089
f 5570//7089 5571//7082 5136//6402
f 5136//6402 5571//7082 5170//6465
f 5568//7164 5569//7166 5126//7248
f 5170//6465 5571//7082 5172//6466
f 5571//7082 5185//6486 5172//6466
f 5172//6466 5185//6486 5160//6442
f 5160//6442 5185//6486 5581//7091
f 5185//6486 5183//6485 5581//7091
f 5183//6485 5147//7213 5581//7091
f 5581//7091 5147//7213 5580//7249
f 5147//7213 5146//6419 5580//7249
f 5182//7250 5587//7214 5183//6485
f 5183//6485 5587//7214 5147//7213
f 5580//7249 5142//6418 5579//7194
f 5146//6419 5142//6418 5580//7249
f 5181//6478 5586//7251 5182//7250
f 5182//7250 5586//7251 5587//7214
f 5142//6418 5578//7192 5579//7194
f 5142//6418 5138//7252 5578//7192
f 5181//6478 5180//6477 5586//7251
f 5180//6477 5584//7200 5586//7251
f 5177//7253 5582//7198 5180//6477
f 5180//6477 5582//7198 5584//7200
f 5123//6383 5578//6384 5596//7254
f 5596//7255 5138//7255 5597//7255
f 5578//7256 5138//7256 5596//7256
f 5138//7218 5588//7219 5597//7257
f 5597//7258 5588//7259 5598//7260
f 5588//7261 5589//7261 5598//7261
f 5598//7260 5582//7262 5599//7263
f 5589//7220 5582//7202 5598//7264
f 5599//7263 5582//7262 5600//7265
f 5582//7266 5177//7266 5600//7266
f 5177//7267 5574//7267 5600//7267
f 5600//7265 5574//7268 5601//7269
f 5574//7268 5573//7270 5601//7269
f 5601//7271 5573//7272 5602//7273
f 5602//7273 5573//7272 5603//7274
f 5573//7275 5572//7276 5603//7277
f 5603//7277 5572//7276 5604//7278
f 5572//7279 5568//7279 5604//7279
f 5604//7280 5568//7281 5605//7282
f 5568//7281 5124//7283 5605//7282
f 5605//7284 5124//7285 5606//7286
f 5124//7287 5595//7287 5606//7287
f 5606//7286 5595//7288 5607//7289
f 5607//7290 5590//7290 5608//7290
f 5595//7291 5590//7291 5607//7291
f 5608//7292 5590//7292 5101//7292
f 5590//7293 5100//6349 5101//6351
f 5112//6904 5107//6357 5109//6359
f 5115//6372 5112//6904 5113//6904
f 5115//6372 5107//6357 5112//6904
f 5606//7286 5607//7289 5608//6904
f 5119//6378 5105//6353 5107//6357
f 5119//6378 5107//6357 5115//6372
f 5119//6378 5115//6372 5117//6374
f 5605//7284 5608//6904 5101//6346
f 5605//7284 5101//6346 5103//6348
f 5605//7284 5606//7286 5608//6904
f 5119//6378 5103//6348 5105//6353
f 5121//6380 5103//6348 5119//6378
f 5603//7277 5604//7278 5605//7284
f 5601//7269 5603//7277 5605//7284
f 5601//7269 5602//6904 5603//7277
f 5601//7269 5605//7284 5103//6348
f 5597//7258 5123//6383 5596//6904
f 5597//7258 5103//6348 5121//6380
f 5597//7258 5601//7269 5103//6348
f 5597//7258 5121//6380 5123//6383
f 5600//7265 5601//7269 5597//7258
f 5599//7263 5600//7265 5597//7258
f 5599//7263 5597//7258 5598//7260
f 5347//7294 5091//7294 5346//7294
f 5091//7295 5089//7296 5346//7297
f 5089//7296 5086//7298 5346//7297
f 5346//7299 5086//7299 5344//7299
f 5086//7300 5609//7300 5344//7300
f 5344//7301 5609//7302 5343//7303
f 5609//7302 5610//7304 5343//7303
f 5343//7305 5610//7305 5342//7305
f 5610//7306 5611//7307 5342//7308
f 5430//7309 5097//6337 5096//6336
f 5426//7310 5097//6337 5430//7309
f 5445//7311 5097//6337 5336//7312
f 5099//6345 5097//6337 5445//7311
f 5420//7313 5385//7314 5426//7310
f 5416//7315 5385//7314 5420//7313
f 5426//7310 5385//7314 5097//6337
f 5340//7316 5091//7317 5347//7318
f 5336//7312 5091//7317 5340//7316
f 5097//6337 5091//7317 5336//7312
f 5385//7314 5091//7317 5097//6337
f 5384//7319 5405//7320 5385//7314
f 5091//7317 5353//7321 5090//7322
f 5405//7320 5379//7323 5385//7314
f 5385//7314 5386//7324 5091//7317
f 5385//7314 5379//7323 5386//7324
f 5386//7324 5357//7325 5091//7317
f 5091//7317 5357//7325 5353//7321
f 5379//7323 5376//7326 5386//7324
f 5386//7324 5360//7327 5357//7325
f 5376//7326 5373//7328 5386//7324
f 5386//7324 5364//7329 5360//7327
f 5440//7330 5613//7330 5438//7330
f 5612//7331 5613//7331 5440//7331
f 5613//7332 5614//7332 5438//7332
f 5438//7333 5614//6339 5098//6341
f 5338//7334 5611//7307 5335//7335
f 5342//7308 5611//7307 5338//7334
f 5351//7336 5611//7307 5350//7337
f 5355//7338 5611//7307 5351//7336
f 5443//7339 5612//7340 5440//7341
f 5335//7335 5612//7340 5443//7339
f 5611//7307 5612//7340 5335//7335
f 5358//7342 5390//7343 5355//7338
f 5361//7344 5390//7343 5358//7342
f 5355//7338 5390//7343 5611//7307
f 5612//7340 5428//7345 5432//7346
f 5370//7347 5374//7348 5390//7343
f 5612//7340 5423//7349 5428//7345
f 5374//7348 5377//7350 5390//7343
f 5390//7343 5391//6794 5611//7307
f 5611//7307 5391//6794 5612//7340
f 5391//6794 5423//7349 5612//7340
f 5390//7343 5377//7350 5391//6794
f 5391//6794 5417//7351 5423//7349
f 5377//7350 5403//7352 5391//6794
f 5391//6794 5413//7353 5417//7351
f 5403//7352 5392//6795 5391//6794
f 5612//7354 5432//7354 5613//7354
f 5432//7355 5434//7355 5613//7355
f 5613//7356 5434//7356 5614//7356
f 5434//7357 5092//6331 5614//6330
f 5385//7358 5416//7358 5383//7358
f 5416//7359 5415//7359 5383//7359
f 5383//7360 5415//7360 5381//7360
f 5415//7361 5412//7362 5381//7363
f 5381//7363 5412//7362 5393//7364
f 5412//7365 5411//7366 5393//7367
f 5393//7367 5411//7366 5391//7368
f 5411//7369 5413//7369 5391//7369
f 5364//7329 5386//7324 5366//7370
f 5386//7371 5387//7371 5366//7371
f 5366//7372 5387//7372 5365//7372
f 5387//7373 5388//7373 5365//7373
f 5365//7374 5388//7374 5362//7374
f 5388//7375 5389//7376 5362//7377
f 5362//7377 5389//7376 5361//7378
f 5389//7379 5390//7379 5361//7379
f 5350//7380 5610//7380 5349//7380
f 5611//7307 5610//7381 5350//7337
f 5610//7382 5609//7383 5349//7384
f 5349//7384 5609//7383 5087//6324
f 5609//7383 5086//6325 5087//6324
f 5085//6307 5554//7385 5615//7386
f 5084//6315 5554//7385 5085//6307
f 5554//7385 5551//7387 5615//7386
f 5615//7386 5551//7387 5616//7388
f 5551//7387 5550//7389 5616//7388
f 5616//7388 5550//7389 5617//7390
f 5617//7390 5076//6296 5077//6308
f 5550//7389 5076//6296 5617//7390
f 5085//6307 5079//6951 5081//6312
f 5085//6307 5081//6312 5083//6314
f 5615//7386 5616//7388 5617//7390
f 5615//7386 5077//6308 5079//6951
f 5615//7386 5617//7390 5077//6308
f 5615//7386 5079//6951 5085//6307
f 5075//6323 5561//7391 5618//7392
f 5074//6322 5561//7391 5075//6323
f 5618//7392 5561//7391 5619//7393
f 5619//7393 5562//7394 5620//7395
f 5561//7391 5562//7394 5619//7393
f 5620//7395 5558//7396 5621//7397
f 5562//7394 5558//7396 5620//7395
f 5621//7397 5066//6318 5067//6316
f 5558//7396 5066//6318 5621//7397
f 5073//6321 5069//6951 5071//6319
f 5618//7392 5621//7397 5067//6951
f 5618//7392 5067//6951 5069//6951
f 5618//7392 5069//6951 5073//6321
f 5618//7392 5073//6321 5075//6323
f 5618//7392 5620//7395 5621//7397
f 5618//7392 5619//7393 5620//7395
f 5065//6307 5560//7385 5622//7386
f 5064//6315 5560//7385 5065//6307
f 5560//7385 5559//7387 5622//7386
f 5622//7386 5559//7387 5623//7388
f 5559//7387 5557//7389 5623//7388
f 5623//7388 5557//7389 5624//7390
f 5624//7390 5056//6296 5057//6308
f 5557//7389 5056//6296 5624//7390
f 5063//6314 5057//6308 5059//6310
f 5063//6314 5059//6310 5061//6312
f 5622//7386 5623//7388 5624//7390
f 5622//7386 5624//7390 5057//6308
f 5622//7386 5057//6308 5063//6314
f 5622//7386 5063//6314 5065//6307
f 5055//6307 5553//7385 5625//7386
f 5054//6306 5553//7385 5055//6307
f 5553//7385 5549//7387 5625//7386
f 5625//7386 5549//7387 5626//7388
f 5549//7387 5547//7389 5626//7388
f 5626//7388 5547//7389 5627//7390
f 5627//7390 5045//6296 5046//6293
f 5547//7389 5045//6296 5627//7390
f 5053//6305 5049//6300 5051//6301
f 5625//7386 5627//7390 5046//6951
f 5625//7386 5046//6951 5048//6951
f 5625//7386 5048//6951 5049//6300
f 5625//7386 5049//6300 5053//6305
f 5625//7386 5053//6305 5055//6307
f 5625//7386 5626//7388 5627//7390
o Holybro_Brushless_Motor_2216-880KV002
v -170.127884 17.000023 159.542404
v -170.124405 17.000023 158.278717
v -170.243683 18.000023 159.227127
v -169.972031 18.000023 158.011642
v -169.414032 17.000023 157.428741
v -169.184921 18.000023 157.287354
v -168.400497 17.000023 157.141495
v -168.151459 18.000023 157.181030
v -167.274796 17.000023 157.584610
v -167.195053 18.000023 157.660172
v -166.744995 17.000023 158.513916
v -166.653580 18.000023 159.039093
v -160.057648 17.000027 165.625778
v -160.023285 18.000027 165.504089
v -159.122726 17.000027 164.476669
v -159.217865 18.000027 164.554062
v -157.958191 18.000027 164.278351
v -157.867798 17.000027 164.327774
v -156.696777 17.000027 165.213089
v -156.918015 18.000027 164.963379
v -156.519897 18.000027 165.956192
v -151.289856 17.000023 157.694870
v -151.311417 18.000023 157.359634
v -150.889343 17.000023 156.060318
v -150.802353 18.000023 155.968536
v -149.527466 17.000023 155.477310
v -149.647675 18.000023 155.501602
v -148.604477 18.000023 155.737946
v -148.514709 17.000023 155.821548
v -147.941803 17.000023 156.491318
v -147.829041 18.000023 156.735809
v -147.778824 17.000023 157.532074
v -161.462936 17.000023 150.327560
v -161.396759 18.000023 150.640930
v -161.315430 18.000023 149.379837
v -161.243240 17.000023 149.280624
v -160.337860 17.000023 148.425430
v -160.218216 18.000023 148.384598
v -158.666885 17.000023 148.625992
v -158.978790 18.000023 148.507736
v -158.036301 18.000023 149.387848
v -157.978394 17.000023 149.716354
v -166.475174 21.857342 167.004059
v -166.271790 21.602287 169.871429
v -165.918610 22.427713 170.083847
v -166.078140 22.597408 166.525330
v -165.167343 22.946213 170.495377
v -165.405228 22.987932 165.720215
v -168.207565 21.397718 147.745300
v -167.758347 22.286591 150.741425
v -167.948151 22.375139 147.515488
v -167.202393 22.955853 146.922073
v -166.698730 22.983557 151.620941
v -170.813843 21.910452 150.862122
v -171.322983 22.906704 151.737381
v -146.943268 45.000412 157.234589
v -147.057129 25.000004 156.172256
v -147.916580 45.000027 153.269943
v -148.124481 25.000023 152.813736
v -149.600800 45.000023 150.490448
v -150.023315 25.000021 149.993515
v -151.969025 45.000019 148.257980
v -152.630508 25.000021 147.815643
v -154.086533 45.000023 147.077286
v -155.830124 25.000048 146.418991
v -156.577469 45.000031 146.215012
v -158.327087 25.000023 146.050781
v -160.910385 45.000023 146.145035
v -160.903198 25.000021 146.165543
v -164.140289 25.000036 147.146027
v -163.441940 45.000031 146.827530
v -165.739059 45.003113 148.101410
v -167.048782 25.000019 149.077057
v -167.623459 45.000019 149.627594
v -169.238190 25.000021 151.674561
v -169.568054 45.000023 152.237381
v -170.618454 25.000023 154.781631
v -170.960190 45.000031 156.103241
v -171.086395 25.000006 158.274490
v -149.910553 45.000076 166.118256
v -150.339996 46.813190 165.687653
v -150.747284 45.000946 165.218201
v -148.605927 47.077145 167.130676
v -150.066284 49.000744 165.989807
v -151.085052 48.997845 164.725052
v -151.481506 44.999897 163.776306
v -151.197388 46.400146 164.471741
v -151.612335 48.994770 163.259384
v -148.419327 45.000042 167.130722
v -151.646210 45.000141 162.621857
v -151.228256 49.000500 161.297363
v -151.184158 44.999313 161.250824
v -151.581757 48.998951 162.253296
v -170.435150 45.000053 161.909088
v -172.028503 47.070286 162.569763
v -170.283752 49.003551 161.877045
v -169.227737 49.000603 161.661865
v -168.717087 45.002064 161.622101
v -168.466934 47.917801 161.636734
v -167.671875 48.999531 161.743408
v -172.067184 45.000023 162.666626
v -167.365265 45.005230 161.834030
v -166.127075 45.000393 162.533112
v -166.946777 48.988476 162.004150
v -166.274170 46.752827 162.464951
v -166.004150 49.000008 162.722488
v -167.176987 45.000370 146.913467
v -167.208527 47.000023 146.934570
v -165.577805 48.989265 148.222916
v -164.017349 48.999920 150.152679
v -164.640259 45.000473 149.329285
v -163.901276 45.002426 150.502563
v -163.288391 45.008839 152.017212
v -163.038956 45.001923 153.458588
v -163.049973 48.998844 153.305557
v -163.329605 45.000355 155.446304
v -163.062927 46.488556 153.986237
v -163.297592 48.999374 155.318237
v -145.228638 47.000523 156.550629
v -145.231613 45.000023 156.551361
v -147.161621 48.988850 157.319519
v -149.612671 48.999916 157.706024
v -148.585373 45.000549 157.577682
v -149.974152 45.002434 157.631546
v -151.592499 45.011768 157.405197
v -152.966202 45.001686 156.900406
v -152.828186 48.998844 156.967361
v -154.542374 45.000355 155.654831
v -153.411224 46.488441 156.615814
v -154.447495 48.999374 155.746552
v -164.280212 45.001316 168.920609
v -164.548447 47.000023 170.775543
v -164.548447 45.000023 170.775543
v -164.248093 48.989265 168.719101
v -163.357117 48.999920 166.402893
v -163.758728 45.000473 167.354034
v -163.112122 45.002426 166.127396
v -162.106842 45.008839 164.839294
v -160.983246 45.001923 163.902557
v -161.110306 48.998844 163.988632
v -159.116653 45.000355 163.160461
v -160.514328 46.488632 163.659500
v -159.243515 48.999374 163.196762
v -156.735443 47.221390 146.789703
v -156.362106 47.070194 144.559830
v -156.617752 49.000828 146.402283
v -156.976227 49.000603 147.439026
v -157.197098 45.002064 147.901154
v -157.334869 47.917866 148.110504
v -157.824738 48.999531 148.745651
v -156.448212 45.000053 144.418137
v -158.056564 45.005230 148.965912
v -159.281052 45.000393 149.688660
v -158.413147 48.988476 149.243286
v -159.148468 46.752880 149.595352
v -159.506500 49.000008 149.700439
v -172.401917 18.992922 161.550262
v -170.347839 17.000172 161.590256
v -170.926193 16.999454 157.622360
v -172.793488 19.000023 159.294266
v -171.558670 19.007536 163.985291
v -168.864456 16.999884 164.691452
v -169.755768 18.996521 166.832108
v -167.080704 17.001375 166.755066
v -165.275314 17.000191 168.180069
v -166.795517 19.016401 169.580902
v -164.144333 18.996378 170.944672
v -161.308105 16.999601 169.745697
v -161.537598 18.989870 171.732452
v -158.935684 18.997089 171.937012
v -157.048401 17.000101 169.812729
v -156.650772 18.997082 171.737106
v -154.124039 18.989868 171.083878
v -154.306610 17.000135 168.988983
v -151.691528 18.996599 169.854340
v -151.059891 17.000191 166.936401
v -149.878220 18.998913 168.516891
v -148.048935 19.014189 166.663666
v -149.529327 17.001375 165.219513
v -146.609161 18.997406 164.281693
v -148.131134 16.999882 162.877716
v -145.600418 19.007540 161.714325
v -147.208725 17.000172 159.565842
v -145.192780 18.992912 159.169632
v -147.328156 16.999454 155.557770
v -145.198898 19.000023 156.880051
v -162.140244 17.000023 158.751007
v -162.156158 14.500026 158.754379
v -161.521271 17.000023 160.086487
v -161.432083 14.500026 160.194260
v -160.302933 17.000023 161.030930
v -160.173874 14.500026 161.084900
v -158.714706 17.000023 161.304489
v -158.716125 14.500026 161.288300
v -157.251816 14.500026 160.805145
v -157.260590 17.000023 160.791473
v -156.188492 17.000023 159.683136
v -155.952805 14.500026 159.250916
v -155.784653 17.000023 158.194962
v -155.860107 14.500023 157.353470
v -161.743256 58.500023 159.340515
v -162.027573 53.000023 157.710632
v -161.686234 53.000023 159.458649
v -161.998627 58.500023 157.524582
v -160.846161 58.500023 160.473557
v -160.499619 53.000023 160.731964
v -159.192780 58.500023 161.135498
v -158.732315 53.000023 161.103394
v -157.420914 58.500023 160.663147
v -157.056381 53.000023 160.430756
v -156.215652 58.500023 159.351898
v -156.082382 53.000023 158.909973
v -156.029022 58.500023 157.527618
v -156.056122 53.000023 157.399277
v -162.952454 53.000023 158.833191
v -162.916321 49.000023 159.004303
v -162.362534 53.000023 160.247665
v -162.362534 49.000023 160.247665
v -161.462769 53.000023 161.269058
v -161.322250 49.000023 161.373169
v -159.617065 53.000023 162.076157
v -159.613937 49.000023 162.056076
v -158.169800 49.000023 162.000854
v -157.698669 53.000023 161.888519
v -156.748627 49.000023 161.427338
v -156.134827 53.000023 160.919281
v -155.504242 49.000023 160.072113
v -155.305832 53.000023 159.630280
v -155.043777 49.000023 158.702286
v -154.981750 53.000023 158.221924
v -155.076080 49.000023 157.170059
v -172.554077 46.991013 160.999069
v -172.793488 24.600023 159.294266
v -172.500610 24.600023 161.161758
v -172.821426 47.000511 158.964676
v -171.570496 24.600023 163.966461
v -170.946045 45.000027 165.149841
v -170.157684 24.600027 166.287384
v -167.841980 45.000042 168.829971
v -168.221603 24.600016 168.454666
v -166.237473 46.994747 169.919846
v -165.110291 24.600031 170.549530
v -167.658783 47.076630 168.797806
v -162.179108 45.000023 171.595261
v -161.505966 24.600025 171.738358
v -158.670135 45.000019 171.961914
v -157.786514 24.600025 171.914658
v -155.180359 45.000019 171.430679
v -154.154160 24.600025 171.095184
v -151.299637 45.000389 169.647690
v -150.811035 24.600031 169.298569
v -149.810257 46.994747 168.482681
v -151.324982 47.000023 169.618637
v -148.110748 24.600016 166.695312
v -146.580322 24.600027 164.224640
v -146.001495 45.000027 162.967529
v -145.592026 24.600021 161.693680
v -145.326019 45.000050 160.277939
v -145.112152 24.600025 157.951172
v -145.140213 46.998489 158.641754
v -145.370575 47.055447 160.251221
v -171.507614 24.600023 161.017502
v -171.687256 24.100023 160.283188
v -171.863922 24.600023 158.291367
v -170.694839 24.600025 163.474869
v -170.963242 24.100023 162.768234
v -169.628113 24.100027 165.356796
v -169.159668 24.600027 165.950119
v -167.399536 24.600027 167.847748
v -167.149323 24.100027 168.057709
v -164.309250 24.600027 169.819885
v -164.010040 24.100027 169.950836
v -160.788635 24.600027 170.841476
v -160.464615 24.100027 170.882828
v -157.876236 24.600027 170.888260
v -157.876236 24.100027 170.888260
v -155.328156 24.600027 170.433441
v -155.016235 24.100027 170.336456
v -151.998474 24.600027 168.899979
v -151.726517 24.100027 168.719055
v -149.235580 24.600027 166.490479
v -149.766846 24.100027 167.028168
v -148.060806 24.100027 164.872238
v -147.621735 24.600023 164.065796
v -146.886658 24.100023 162.386185
v -146.592194 24.600023 161.516510
v -146.230392 24.100023 159.716278
v -146.166000 24.600023 158.800385
v -146.266235 24.100023 156.050125
v -146.288528 24.600023 156.053680
v -172.850906 20.000502 159.299240
v -172.850906 22.999588 159.299240
v -172.882797 24.099993 158.368790
v -171.799255 20.000118 163.442444
v -172.500610 24.100023 161.161758
v -171.799240 22.999939 163.442490
v -171.578613 24.100031 163.946213
v -170.147629 20.052986 166.322266
v -169.595535 20.592056 167.003387
v -169.334412 21.445229 167.300613
v -169.693466 24.099316 166.905167
v -169.642548 22.526485 166.949295
v -170.269272 22.982117 166.142914
v -166.830048 24.099955 169.545334
v -165.976395 20.624903 170.052719
v -165.139008 20.044228 170.507568
v -162.240280 19.999992 171.581635
v -164.272079 24.100027 170.892914
v -161.388687 23.000191 171.807983
v -161.515869 24.100065 171.737015
v -158.682449 19.999950 171.962906
v -157.786423 24.100071 171.915024
v -156.895660 23.000095 171.806595
v -154.257523 19.999847 171.184113
v -154.144623 24.100067 171.092148
v -153.458206 23.000057 170.813339
v -150.733704 20.059927 169.213318
v -150.078033 20.598745 168.684753
v -150.813217 24.099442 169.282623
v -150.930634 22.981174 169.351181
v -149.780762 21.453161 168.425476
v -150.129944 22.514400 168.732941
v -148.696609 24.100027 167.346802
v -146.973450 20.485010 164.967560
v -147.219025 21.577183 165.371094
v -146.502838 20.018885 164.078934
v -146.970169 24.099463 164.986282
v -146.997833 22.430010 165.006729
v -146.580460 22.949770 164.252762
v -145.457748 20.000118 161.138031
v -145.587555 24.100031 161.672363
v -145.457748 22.999939 161.138046
v -145.141495 20.000502 156.875000
v -145.163040 24.100023 158.770020
v -145.141495 22.999588 156.875000
v -145.271667 24.099993 155.953110
v -151.511841 21.839149 149.164612
v -148.496353 22.265976 149.051727
v -151.911865 22.594395 149.643021
v -147.814697 22.960375 149.898331
v -152.589050 22.988529 150.452835
v -151.178238 22.971020 164.663559
v -150.273865 22.285975 165.403137
v -150.033951 21.352673 165.606155
v -150.412796 20.550545 165.291367
v -151.251862 20.021605 164.603806
v -152.425049 20.030554 150.237045
v -147.959335 20.093338 149.693359
v -151.603317 20.840576 149.282303
v -148.612625 21.089615 148.919754
v -151.989090 48.991497 167.651169
v -170.783264 48.991680 159.373383
v -163.364914 49.000641 146.990417
v -165.617828 46.998753 145.901413
v -163.940582 47.076630 145.229843
v -147.207123 49.000832 159.854385
v -166.421906 49.000641 167.418930
v -145.590439 18.992928 154.624207
v -146.193207 20.000116 152.731720
v -146.433762 19.007538 152.188980
v -146.193237 22.999937 152.731674
v -146.413818 24.100031 152.228058
v -148.237183 18.996593 149.341339
v -148.324844 24.099398 149.238998
v -151.277695 19.010077 146.548935
v -151.165436 24.100010 146.626282
v -152.041962 20.594952 146.106613
v -151.714020 21.567825 146.306992
v -152.866913 20.038586 145.660599
v -153.841476 18.997709 145.230881
v -152.073822 22.427755 146.090439
v -152.825119 22.946220 145.678940
v -156.603714 19.999844 144.366318
v -156.454865 18.989866 144.441864
v -153.720306 24.100023 145.281387
v -155.752151 23.000053 144.592682
v -156.476578 24.100061 144.437302
v -159.056747 18.997087 144.237305
v -159.310059 23.000092 144.211411
v -161.096588 19.999947 144.367706
v -161.341644 18.997089 144.437210
v -160.205994 24.100067 144.259308
v -163.868393 18.989868 145.090454
v -163.734894 23.000187 144.990219
v -164.534256 19.999989 145.361008
v -163.847809 24.100061 145.082184
v -166.300903 18.996588 146.320023
v -167.228317 20.053879 146.939148
v -168.114182 18.998915 147.657425
v -167.896652 20.572340 147.474792
v -167.178940 24.099442 146.887970
v -169.934311 19.014065 149.499176
v -169.295776 24.100023 148.827515
v -170.905594 20.734024 151.012314
v -171.382370 18.997103 151.891602
v -171.429810 20.039679 151.964386
v -171.024384 24.099489 151.193039
v -172.392014 19.007542 154.460098
v -172.534653 20.000116 155.036301
v -172.404877 24.100031 154.502090
v -172.534653 22.999937 155.036301
v -172.799622 18.992912 157.004669
v -151.459656 24.100023 147.679321
v -149.507141 24.100023 149.378372
v -153.836563 24.100023 146.297424
v -147.437973 24.100023 152.404510
v -157.364212 24.100023 145.298965
v -161.029678 24.100023 145.379486
v -163.677261 24.100023 146.120117
v -166.124817 24.100023 147.372559
v -168.225540 24.100023 149.146133
v -170.025558 24.100023 151.435944
v -171.400208 24.100023 154.657837
v -171.826385 24.100023 157.373917
v -147.297562 24.600023 152.699493
v -149.289337 24.600023 149.621811
v -152.067474 24.600023 147.230011
v -154.697174 24.600023 145.977615
v -157.367096 24.600023 145.321350
v -161.033234 24.600023 145.357193
v -164.527344 24.600023 146.467087
v -166.859161 24.600023 147.923676
v -168.854691 24.600023 149.814911
v -170.728943 24.600023 152.774155
v -171.594284 24.600023 155.555252
v -170.948761 24.600023 151.031677
v -168.642075 24.600021 148.106277
v -166.415619 24.600023 146.392090
v -172.132141 24.600023 153.697464
v -163.868851 24.600027 145.092270
v -172.786346 24.600025 156.432693
v -160.206100 24.600023 144.257782
v -156.454147 24.600027 144.443573
v -153.720306 24.600023 145.281387
v -151.229919 24.600021 146.582993
v -148.450439 24.600023 149.063293
v -146.822067 24.600023 151.483124
v -145.702805 24.600025 154.063324
v -145.986053 45.000046 153.176376
v -148.074860 45.000027 149.525040
v -150.583633 45.000019 147.049057
v -152.871765 45.000565 145.666367
v -154.591125 46.998760 144.936722
v -152.845245 47.000023 145.677948
v -161.148956 45.000023 144.372818
v -163.889984 45.000023 145.130569
v -169.197601 45.000019 148.677490
v -171.238403 45.000027 151.551544
v -172.661423 45.000046 155.510071
v -172.816040 45.000332 158.993439
v -155.301880 49.000031 149.142960
v -154.217102 48.991493 147.236832
v -155.874634 49.000011 151.816589
v -148.408798 48.999409 159.847763
v -162.657425 48.997589 148.192841
v -149.795227 48.998505 160.157867
v -155.902023 49.000023 155.525909
v -155.519638 49.000038 154.009003
v -157.019501 49.000023 154.609711
v -158.378525 49.000023 154.118240
v -161.514847 48.992233 149.270599
v -160.300262 49.000023 154.266556
v -160.439941 48.997307 149.690292
v -161.911652 49.000023 155.324188
v -162.881271 49.000023 156.990021
v -155.126495 49.000011 163.925797
v -153.097504 49.000031 165.758575
v -164.266190 49.000038 157.115356
v -157.202835 49.000038 163.137009
v -165.987366 49.000011 158.519043
v -165.546249 48.997696 163.535873
v -168.589188 49.000031 159.359863
v -165.372253 48.992233 164.676682
v -165.734314 48.997593 166.205002
v -155.333420 53.000023 156.416107
v -156.244720 53.000023 155.183807
v -157.524124 53.000023 154.339981
v -159.834229 53.000023 154.118332
v -161.926392 53.000023 155.310196
v -162.861710 53.000023 156.995529
v -156.712524 53.000023 156.111816
v -157.834045 53.000023 155.307831
v -159.630203 53.000023 155.084579
v -161.232407 53.000023 156.058228
v -156.628891 58.500023 156.212860
v -158.075821 58.500023 155.174438
v -159.615982 58.500023 155.151871
v -160.936035 58.500023 155.743591
v -157.750305 14.500023 155.107529
v -159.767349 14.500023 154.921402
v -156.520844 14.500023 156.038193
v -161.381531 14.500023 155.923004
v -162.088608 14.500023 157.213837
v -156.241379 17.000023 156.319122
v -158.114304 17.000023 154.964233
v -159.970169 17.000023 155.017166
v -161.285294 17.000023 155.821457
v -162.104263 17.000023 157.209442
v -169.861328 16.999882 153.296738
v -163.297501 16.999598 147.007217
v -159.114197 17.000097 146.201492
v -168.463043 17.001371 150.954788
v -166.932556 17.000187 149.237976
v -169.477722 17.000023 160.352768
v -160.878708 17.000023 151.448120
v -168.464935 17.000023 160.697037
v -156.270920 17.000132 146.536636
v -167.476746 17.000023 160.376480
v -159.472748 17.000023 151.914810
v -152.717010 17.000185 147.994308
v -158.089005 17.000023 150.956924
v -166.795685 17.000023 159.551559
v -150.911728 17.001371 149.419205
v -159.868134 17.000027 166.856750
v -149.128036 16.999882 151.482742
v -159.131348 17.000027 167.632233
v -150.226944 17.000023 158.920288
v -158.107407 17.000027 167.807632
v -157.120972 17.000027 167.393707
v -148.227890 17.000023 158.442719
v -156.593887 17.000027 166.498444
v -148.961792 17.000023 158.930695
v -163.138138 45.006462 147.466324
v -162.413177 46.424942 148.491348
v -161.767853 45.001297 149.098343
v -160.514175 45.004730 149.674805
v -151.891068 44.999996 167.883072
v -152.904755 44.999924 166.064972
v -154.655991 45.000011 164.238754
v -156.863770 45.000027 163.203217
v -154.129028 45.000027 169.145233
v -157.940674 45.000034 170.152069
v -161.869263 45.000027 169.822403
v -155.132965 44.999897 148.822952
v -155.838867 45.000015 151.252579
v -155.631805 45.000027 153.682343
v -171.011703 45.000004 159.346527
v -168.950897 44.999897 159.373611
v -166.493805 45.000015 158.770126
v -164.493103 45.000027 157.375916
v -166.523285 45.000019 167.567551
v -166.123138 45.006462 166.984573
v -165.597931 46.425018 165.844238
v -165.394928 45.001297 164.981918
v -165.522522 45.004730 163.607956
v -169.396317 45.000023 164.243118
v -167.779984 45.000023 166.343491
v -147.016129 45.000462 159.875656
v -148.510803 45.006344 159.852600
v -149.783524 45.010948 160.153259
v -150.356125 45.000019 160.457153
v -150.835510 47.573215 160.856659
v -147.685120 45.000023 162.343658
v -170.733521 25.000023 160.836197
v -169.884369 25.000023 163.331528
v -167.963242 25.000027 166.189423
v -166.066437 25.000027 167.851059
v -163.872879 25.000017 169.138718
v -160.641785 25.000029 170.057327
v -157.945541 25.000027 170.096252
v -155.296951 25.000029 169.589706
v -152.274628 25.000011 168.124069
v -150.337875 25.000027 166.474991
v -148.758377 25.000025 164.509125
v -147.362793 25.000021 161.361237
v -146.959824 25.000023 158.756256
v -166.350388 20.715302 166.845337
v -165.456635 20.015522 165.790039
v -166.634232 20.012362 151.679260
v -167.439255 20.405674 151.001465
v -167.913544 21.157133 150.600342
v -158.151489 18.000023 151.066833
v -159.379211 18.000023 151.871567
v -160.621307 18.000023 151.638855
v -147.990402 18.000023 158.208405
v -149.218124 18.000023 159.013153
v -150.660492 18.000023 158.675507
v -157.028976 18.000027 167.347397
v -158.639740 18.000027 167.835068
v -159.827515 18.000027 166.972488
v -167.366745 18.000023 160.322189
v -168.574722 18.000023 160.693344
v -169.539185 18.000023 160.307220
vn 0.9313 0.0272 -0.3633
vn 0.9365 0.0233 0.3498
vn 0.9850 -0.0152 -0.1720
vn 0.8571 -0.0359 0.5139
vn 0.5528 0.0321 0.8327
vn 0.3117 -0.6479 0.6950
vn -0.0494 0.0265 0.9984
vn -0.1474 -0.6551 0.7410
vn -0.6558 0.0210 0.7546
vn -0.5557 -0.6461 0.5232
vn -0.9651 0.0068 0.2620
vn -0.7701 -0.6362 -0.0472
vn 0.9520 -0.0020 0.3061
vn 0.5755 -0.0016 0.8178
vn 0.4091 -0.6469 0.6435
vn 0.9715 0.0021 0.2371
vn -0.1613 -0.6219 0.7663
vn 0.1176 0.0596 0.9913
vn -0.2845 0.0217 0.9584
vn -0.8658 0.0184 0.5001
vn -0.5626 -0.6426 0.5201
vn -0.7656 -0.6431 0.0161
vn 0.7730 -0.6343 -0.0126
vn 0.7616 0.0294 0.6474
vn 0.7007 -0.0020 0.7134
vn 0.9713 0.0341 -0.2354
vn 0.1632 0.0028 0.9866
vn 0.0788 -0.6499 0.7559
vn -0.4065 -0.6435 0.6486
vn -0.3214 0.0502 0.9456
vn -0.5775 0.0164 0.8162
vn -0.8953 0.0074 0.4454
vn -0.7316 -0.6457 0.2188
vn -0.9903 -0.0002 -0.1393
vn 0.9834 -0.0082 -0.1815
vn 0.9728 0.0082 -0.2316
vn 0.9942 -0.0859 0.0641
vn 0.9774 0.0502 0.2051
vn 0.8610 0.0117 0.5085
vn 0.8289 -0.0028 0.5593
vn 0.3391 0.0045 0.9407
vn 0.2159 -0.6216 0.7530
vn -0.5301 0.0198 0.8477
vn -0.2700 -0.6408 0.7187
vn -0.7275 -0.6251 0.2829
vn -0.9853 -0.0010 0.1706
vn 0.9930 -0.0613 -0.1012
vn 0.9968 0.0433 -0.0669
vn 0.9238 -0.3699 -0.0984
vn 0.8620 -0.5030 -0.0626
vn 0.5906 -0.8043 -0.0648
vn 0.4734 -0.8803 -0.0313
vn 0.9932 -0.0480 -0.1063
vn 0.9954 0.0617 -0.0730
vn 0.9602 -0.2612 -0.0987
vn 0.7717 -0.6329 -0.0628
vn 0.5815 -0.8115 -0.0575
vn 0.0934 -0.9956 -0.0041
vn 0.0880 -0.9933 0.0744
vn 0.5850 -0.8091 -0.0566
vn 0.0695 -0.0774 0.9946
vn 0.0684 -0.2456 0.9670
vn 0.1145 -0.3104 0.9437
vn 0.1074 -0.6246 0.7735
vn 0.0284 -0.7998 0.5996
vn 0.0194 -0.9933 0.1139
vn -0.4221 0.8966 0.1341
vn -0.9530 0.0030 0.3029
vn -0.6474 0.6969 0.3086
vn -0.9948 0.0003 0.1019
vn -0.9711 -0.0071 0.2384
vn -0.9908 -0.0016 0.1357
vn -0.8295 0.0036 0.5585
vn -0.3924 0.8810 0.2642
vn -0.8552 -0.0029 0.5182
vn -0.6411 0.0042 0.7675
vn -0.6859 -0.0036 0.7277
vn -0.1846 0.8872 0.4229
vn -0.4001 0.0047 0.9165
vn -0.1825 0.8899 0.4181
vn -0.4870 -0.0032 0.8734
vn -0.3271 -0.0026 0.9450
vn -0.3140 -0.0017 0.9494
vn -0.1602 0.0038 0.9871
vn -0.1459 0.0046 0.9893
vn -0.0162 -0.0068 0.9998
vn 0.0860 0.7397 0.6674
vn 0.0366 -0.0000 0.9993
vn 0.1235 0.6805 0.7222
vn 0.3047 0.6926 0.6538
vn 0.1860 0.6998 0.6897
vn 0.4850 -0.0030 0.8745
vn 0.5531 0.0044 0.8331
vn 0.2552 0.8872 0.3844
vn 0.6294 -0.0033 0.7771
vn 0.7646 0.0042 0.6445
vn 0.8019 -0.0036 0.5975
vn 0.4324 0.8810 0.1921
vn 0.9139 0.0036 0.4060
vn 0.6850 0.7030 0.1912
vn 0.9408 -0.0063 0.3388
vn 0.9995 -0.0032 0.0300
vn 0.7333 0.6799 -0.0019
vn 1.0000 -0.0039 0.0039
vn 0.7323 0.0118 -0.6808
vn 0.6370 0.0267 -0.7704
vn 0.8902 0.0445 -0.4533
vn 0.8227 -0.0380 -0.5672
vn 0.7787 -0.0108 -0.6273
vn 0.2287 0.9555 -0.1863
vn 0.5501 0.8293 -0.0981
vn 0.8136 0.0215 -0.5810
vn 0.2652 0.8815 -0.3906
vn 0.9600 0.0897 0.2653
vn 0.8500 0.4530 0.2688
vn 0.6420 -0.0299 -0.7661
vn 0.9369 -0.0135 -0.3494
vn 0.9398 -0.0093 -0.3416
vn 0.9409 -0.0077 -0.3385
vn 0.3696 0.9195 0.1339
vn 0.3591 -0.9251 0.1236
vn 0.3752 -0.9183 0.1261
vn 0.4042 0.9022 0.1509
vn 0.9995 -0.0133 0.0303
vn 0.9358 -0.0149 -0.3523
vn 0.9899 0.0141 -0.1412
vn 0.1647 0.0017 0.9863
vn -0.2579 0.9317 0.2557
vn 0.1986 0.1170 0.9731
vn 0.1035 0.8602 0.4994
vn -0.0523 -0.0599 0.9968
vn 0.4208 0.0346 0.9065
vn -0.7120 0.0480 0.7005
vn -0.7176 0.0223 0.6961
vn -0.1218 0.4304 0.8944
vn -0.2068 0.4901 0.8468
vn 0.3755 -0.0068 0.9268
vn -0.0603 -0.9184 0.3910
vn -0.0517 -0.9447 0.3239
vn -0.1549 0.0083 0.9879
vn -0.2228 -0.0182 0.9747
vn -0.3324 0.1525 0.9307
vn 0.1220 -0.0155 0.9924
vn -0.4916 -0.0074 0.8708
vn -0.5225 0.0185 0.8524
vn -0.6010 -0.0194 0.7990
vn -0.6059 -0.0184 0.7954
vn -0.6209 0.0012 0.7839
vn -0.7776 0.0123 0.6287
vn -0.6368 -0.0182 0.7708
vn -0.7450 -0.0212 0.6667
vn -0.9553 -0.0376 0.2931
vn -0.3157 -0.9280 0.1979
vn -0.3476 -0.9109 0.2224
vn -0.8460 0.0221 0.5328
vn -0.9270 0.0059 0.3751
vn -0.9826 -0.0761 0.1697
vn -0.9954 0.0299 0.0915
vn -0.9994 0.0138 0.0319
vn -0.9983 -0.0103 -0.0568
vn -0.3371 -0.9400 -0.0518
vn -0.2164 -0.9757 -0.0333
vn -0.9889 0.0354 -0.1446
vn -0.9921 -0.0280 -0.1221
vn -0.9550 -0.0019 -0.2965
vn -0.9154 -0.0056 -0.4025
vn -0.9841 0.0022 -0.1775
vn -0.3707 0.0002 -0.9287
vn -0.2918 0.0025 -0.9565
vn 0.8087 -0.0041 -0.5882
vn 0.1974 0.5146 -0.8344
vn -0.3700 -0.0005 -0.9290
vn 0.2502 0.5511 -0.7960
vn -0.1557 0.0125 -0.9877
vn -0.2044 -0.0211 -0.9786
vn 0.2237 -0.0376 -0.9739
vn -0.0152 -0.9286 -0.3709
vn -0.0179 -0.9115 -0.4110
vn -0.0387 0.0221 -0.9990
vn 0.1386 0.0059 -0.9903
vn 0.4183 0.0300 -0.9078
vn 0.4720 0.0138 -0.8815
vn 0.5483 -0.0102 -0.8362
vn 0.3444 -0.0760 -0.9357
vn 0.2134 -0.9398 -0.2668
vn 0.1370 -0.9757 -0.1708
vn 0.6196 0.0354 -0.7841
vn 0.6018 -0.0280 -0.7982
vn 0.7343 -0.0019 -0.6788
vn 0.8063 -0.0056 -0.5915
vn 0.6458 0.0022 -0.7635
vn 0.9897 -0.0000 0.1431
vn 0.9896 -0.0007 0.1439
vn 0.9333 0.0106 0.3590
vn 0.9486 -0.0202 0.3158
vn 0.7315 -0.0376 0.6808
vn 0.3296 -0.9279 0.1742
vn 0.3664 -0.9109 0.1899
vn 0.8844 0.0221 0.4662
vn 0.7883 0.0059 0.6153
vn 0.5769 0.0299 0.8163
vn 0.5273 0.0138 0.8495
vn 0.4500 -0.0103 0.8930
vn 0.6382 -0.0760 0.7661
vn 0.1237 -0.9400 0.3178
vn 0.0794 -0.9757 0.2041
vn 0.3693 0.0354 0.9287
vn 0.3904 -0.0280 0.9202
vn 0.2207 -0.0019 0.9753
vn 0.1091 -0.0056 0.9940
vn 0.3383 0.0022 0.9410
vn -0.9855 0.0288 -0.1670
vn -0.7623 0.3893 -0.5171
vn -0.2696 0.6475 -0.7128
vn -0.6034 -0.7661 -0.2213
vn -0.5088 -0.8050 -0.3051
vn -0.9384 0.0225 -0.3449
vn -0.0928 0.9330 -0.3476
vn -0.9394 0.1097 -0.3248
vn -0.4843 0.8588 -0.1671
vn -0.9155 -0.0268 -0.4014
vn -0.8371 -0.0599 -0.5437
vn -0.4707 0.8817 -0.0338
vn -0.2449 0.0783 -0.9664
vn -0.2001 0.4549 -0.8678
vn -0.9862 -0.0279 -0.1632
vn -0.2546 -0.9447 -0.2067
vn -0.7781 0.0083 -0.6281
vn -0.7327 -0.0182 -0.6803
vn -0.6399 0.1525 -0.7532
vn -0.9133 -0.0139 -0.4071
vn -0.5083 -0.0074 -0.8612
vn -0.4769 0.0185 -0.8787
vn -0.3916 -0.0194 -0.9200
vn -0.3859 -0.0183 -0.9224
vn -0.6937 -0.7131 0.1012
vn -0.6764 -0.7275 0.1151
vn -0.6194 -0.7270 0.2962
vn -0.6785 -0.6946 0.2391
vn -0.5103 -0.7014 0.4976
vn -0.5243 -0.7205 0.4538
vn -0.5072 -0.7016 0.5005
vn -0.6141 -0.6883 0.3863
vn -0.4943 -0.6834 0.5372
vn -0.4356 -0.7115 0.5513
vn -0.2495 -0.7338 0.6319
vn -0.4156 -0.4298 0.8016
vn -0.4457 -0.3539 0.8222
vn -0.3333 -0.6944 0.6377
vn -0.2074 -0.7030 0.6803
vn -0.0106 -0.7332 0.6799
vn -0.0534 -0.7086 0.7036
vn 0.0715 -0.5727 0.8167
vn 0.0820 -0.3381 0.9375
vn 0.0623 -0.6990 0.7124
vn 0.2055 -0.7000 0.6839
vn 0.1713 -0.7218 0.6706
vn 0.3655 -0.7294 0.5782
vn 0.3237 -0.7000 0.6366
vn 0.5083 -0.5176 0.6883
vn 0.5349 -0.4347 0.7245
vn 0.4230 -0.7026 0.5723
vn 0.5367 -0.6953 0.4780
vn 0.4993 -0.7166 0.4870
vn 0.6022 -0.7095 0.3660
vn 0.6027 -0.7105 0.3633
vn 0.6025 -0.7122 0.3602
vn 0.6023 -0.7078 0.3691
vn 0.6614 -0.7270 0.1842
vn 0.6707 -0.6943 0.2608
vn 0.7008 -0.7131 -0.0208
vn 0.7097 -0.6946 0.1177
vn 0.6861 -0.7275 -0.0041
vn -0.7837 0.0058 0.6212
vn -0.9782 -0.0041 0.2077
vn -0.5696 -0.6593 0.4907
vn -0.9790 0.0065 0.2039
vn -0.4039 0.0082 0.9148
vn -0.2752 -0.6596 0.6995
vn 0.0860 0.0041 0.9963
vn 0.0674 -0.6619 0.7466
vn 0.4190 -0.6545 0.6293
vn 0.5401 0.0065 0.8416
vn 0.8624 0.0134 0.5060
vn 0.7066 -0.6511 0.2772
vn 0.9834 0.0105 0.1814
vn 0.9977 -0.0465 0.0487
vn -0.6943 0.6549 0.2985
vn -0.9920 -0.0066 -0.1261
vn -0.8920 -0.0089 0.4520
vn -0.7507 0.6434 -0.1499
vn -0.4535 0.6574 0.6018
vn -0.4938 -0.0150 0.8695
vn -0.0449 0.6476 0.7606
vn 0.0900 -0.0160 0.9958
vn 0.3902 0.6548 0.6473
vn 0.6357 -0.0152 0.7718
vn 0.6953 0.6476 0.3117
vn 0.9588 -0.0119 0.2838
vn 0.7444 0.6559 -0.1250
vn 0.9743 -0.0045 -0.2252
vn -0.9210 0.0064 0.3895
vn -0.9793 -0.0039 0.2026
vn -0.9135 -0.0000 0.4069
vn -0.9853 0.0044 0.1708
vn -0.5921 0.0039 0.8059
vn -0.7377 -0.0064 0.6751
vn -0.5656 -0.0044 0.8246
vn -0.7504 -0.0000 0.6610
vn -0.1588 0.0090 0.9873
vn -0.1702 -0.0051 0.9854
vn 0.2050 -0.0079 0.9787
vn 0.1554 0.0094 0.9878
vn 0.3742 -0.0180 0.9272
vn 0.5826 0.0138 0.8126
vn 0.5266 0.0271 0.8497
vn 0.6895 -0.0138 0.7242
vn 0.7363 -0.0271 0.6761
vn 0.9222 0.0122 0.3864
vn 0.9305 -0.0057 0.3663
vn 0.9881 -0.0122 0.1531
vn 0.8409 0.0180 0.5408
vn 0.9846 0.0057 0.1746
vn 0.9996 -0.0180 -0.0211
vn -0.9879 -0.0012 0.1549
vn -0.9915 0.0007 0.1303
vn -0.9495 -0.0030 0.3138
vn -0.9492 -0.0031 0.3148
vn -0.9540 0.0176 0.2993
vn -0.9114 0.0040 0.4115
vn -0.8542 -0.0040 0.5200
vn -0.7458 0.0016 0.6662
vn -0.7644 0.0064 0.6447
vn -0.5585 -0.0048 0.8295
vn -0.5911 0.0352 0.8058
vn -0.9031 0.0843 0.4211
vn -0.7896 0.4541 0.4127
vn -0.5577 -0.0049 0.8300
vn -0.4090 0.0012 0.9125
vn -0.4514 0.0007 0.8923
vn -0.3789 0.0002 0.9254
vn -0.4519 -0.0000 0.8920
vn -0.3132 -0.0037 0.9497
vn -0.3270 -0.0015 0.9450
vn -0.1039 0.0035 0.9946
vn -0.0474 -0.0044 0.9989
vn 0.2201 -0.0050 0.9755
vn 0.1505 0.0042 0.9886
vn 0.6038 0.0051 0.7971
vn 0.4734 -0.0037 0.8809
vn 0.4813 -0.0035 0.8766
vn 0.4175 0.0061 0.9087
vn 0.6074 0.0105 0.7943
vn 0.5999 0.0192 0.7998
vn 0.6940 -0.0048 0.7199
vn 0.7222 0.0354 0.6908
vn 0.6934 -0.0049 0.7206
vn 0.8501 0.0016 0.5266
vn 0.9315 -0.0040 0.3637
vn 0.8647 0.0064 0.5022
vn 0.8322 0.0076 0.5545
vn 0.9919 -0.0041 0.1272
vn 0.9919 -0.0041 0.1271
vn 0.6713 0.7217 0.1687
vn 0.4508 0.8854 0.1132
vn 0.9699 0.0043 0.2436
vn 0.9919 0.0115 0.1264
vn 0.3628 0.0140 0.9317
vn 0.9991 0.0026 -0.0422
vn -0.9578 -0.0665 0.2796
vn -0.9782 0.1637 0.1278
vn -0.9791 0.1193 0.1649
vn -0.8983 -0.1232 0.4217
vn -0.9473 0.0656 0.3135
vn -0.8761 -0.1683 0.4519
vn -0.7556 -0.0655 0.6518
vn -0.8377 0.1683 0.5195
vn -0.8234 0.1129 0.5561
vn -0.6780 -0.0328 0.7343
vn -0.6044 0.0231 0.7963
vn -0.4451 -0.0230 0.8952
vn -0.3556 0.0230 0.9344
vn -0.1809 -0.0270 0.9831
vn -0.0913 0.0182 0.9957
vn -0.0038 0.0088 1.0000
vn -0.0021 -0.0000 1.0000
vn 0.2628 -0.0182 0.9647
vn 0.1774 -0.0088 0.9841
vn 0.3488 0.0270 0.9368
vn 0.1757 -0.0000 0.9844
vn 0.5124 -0.0230 0.8584
vn 0.5925 0.0329 0.8049
vn 0.7552 -0.1087 0.6464
vn 0.6782 0.0665 0.7319
vn 0.7736 -0.1636 0.6122
vn 0.8953 -0.0445 0.4432
vn 0.8217 0.1605 0.5469
vn 0.8407 0.1152 0.5292
vn 0.9328 0.0455 0.3575
vn 0.9589 -0.1102 0.2614
vn 0.9594 -0.1549 0.2358
vn 0.9961 -0.0867 0.0147
vn 0.9867 0.1030 0.1256
vn 0.9857 0.0281 -0.1664
vn 0.9760 0.1548 0.1531
vn 0.9848 0.0451 -0.1675
vn -0.9948 -0.0523 0.0871
vn -0.9942 -0.0625 0.0870
vn -0.9837 -0.0573 0.1706
vn -0.9437 -0.0499 0.3271
vn -0.9626 0.1169 0.2443
vn -0.9871 0.0856 0.1351
vn -0.9993 -0.0348 -0.0104
vn -0.9974 0.0249 0.0673
vn -0.9637 -0.1073 0.2446
vn -0.9483 0.0464 0.3140
vn -0.8436 -0.0552 0.5341
vn -0.8663 0.0611 0.4957
vn -0.7655 0.0078 0.6433
vn -0.7812 0.0115 0.6241
vn -0.7180 -0.0109 0.6960
vn -0.8691 -0.0510 0.4921
vn -0.6815 -0.0109 0.7318
vn -0.7597 0.0249 0.6498
vn -0.8414 0.0679 0.5361
vn -0.8226 0.0368 0.5674
vn -0.7704 -0.0071 0.6375
vn -0.6724 -0.0089 0.7402
vn -0.6911 0.0119 0.7226
vn -0.6678 0.0007 0.7443
vn -0.6778 0.0178 0.7351
vn -0.4988 0.0037 0.8667
vn -0.4999 0.0019 0.8661
vn -0.5068 0.0032 0.8621
vn -0.4666 -0.0446 0.8834
vn -0.4883 0.0149 0.8726
vn -0.5116 -0.0022 0.8592
vn -0.3459 0.0621 0.9362
vn -0.2889 -0.0583 0.9556
vn -0.4653 0.0567 0.8833
vn -0.3264 -0.0715 0.9425
vn -0.2927 0.0278 0.9558
vn -0.1063 0.0741 0.9916
vn -0.0783 -0.0060 0.9969
vn 0.0871 -0.0477 0.9951
vn -0.0476 0.0588 0.9971
vn 0.0003 -0.0979 0.9952
vn 0.1719 0.1283 0.9767
vn 0.2496 -0.0629 0.9663
vn 0.2197 0.0820 0.9721
vn 0.2769 -0.0701 0.9583
vn 0.4510 -0.0289 0.8921
vn 0.4851 0.0875 0.8701
vn 0.5929 -0.0495 0.8038
vn 0.6291 -0.0030 0.7773
vn 0.4760 0.0749 0.8763
vn 0.5933 0.0103 0.8049
vn 0.5007 0.0005 0.8656
vn 0.5572 -0.0076 0.8303
vn 0.6537 0.0022 0.7568
vn 0.7099 -0.0052 0.7042
vn 0.7036 -0.0023 0.7106
vn 0.7117 -0.0021 0.7025
vn 0.6538 0.0195 0.7564
vn 0.7015 0.0057 0.7127
vn 0.6864 0.0152 0.7271
vn 0.6745 0.0350 0.7375
vn 0.8267 0.0138 0.5625
vn 0.8385 -0.0023 0.5449
vn 0.8507 -0.0162 0.5254
vn 0.8108 0.0173 0.5851
vn 0.8554 -0.0290 0.5172
vn 0.9059 -0.0103 0.4233
vn 0.8839 0.0008 0.4677
vn 0.9159 -0.0157 0.4011
vn 0.8324 0.0041 0.5541
vn 0.8671 -0.0083 0.4981
vn 0.9305 -0.0243 0.3655
vn 0.8774 -0.0087 0.4797
vn 0.9408 0.0586 0.3339
vn 0.9208 0.0670 0.3842
vn 0.9397 -0.0532 0.3379
vn 0.9861 -0.0499 0.1583
vn 0.9904 0.1169 0.0735
vn 0.9942 -0.0626 -0.0870
vn 0.9948 -0.0523 -0.0871
vn 0.9984 -0.0573 -0.0028
vn 0.9884 0.0464 0.1446
vn 0.9915 -0.1073 0.0736
vn 0.9829 -0.0359 -0.1804
vn 0.9956 0.0856 -0.0384
vn 0.9935 0.0259 -0.1105
vn 0.0568 0.3172 0.9466
vn 0.0536 -0.1166 0.9917
vn 0.0988 0.0570 0.9935
vn 0.1021 -0.4932 0.8639
vn 0.0494 -0.8812 0.4702
vn 0.0316 -0.7851 0.6185
vn -0.0451 -0.7598 -0.6486
vn -0.0562 -0.8072 -0.5876
vn -0.0630 -0.2276 -0.9717
vn -0.0956 -0.3700 -0.9241
vn -0.0786 0.3961 -0.9148
vn -0.1044 0.3240 -0.9403
vn -0.0390 0.8144 -0.5790
vn -0.0532 0.8724 -0.4858
vn 0.0104 0.9933 0.1147
vn 0.0018 0.9916 0.1291
vn 0.0727 0.7288 0.6809
vn 0.0416 0.6297 0.7758
vn 0.0991 0.2218 0.9700
vn 0.4280 0.7034 0.5675
vn 0.5178 0.6917 0.5034
vn 0.2273 0.9361 0.2683
vn 0.4543 0.7163 0.5297
vn -0.3441 0.5135 -0.7861
vn -0.6971 0.7081 0.1121
vn -0.3878 0.9047 -0.1763
vn -0.6919 0.6948 0.1964
vn -0.3868 0.7034 -0.5964
vn 0.2982 0.8216 -0.4858
vn -0.3424 0.7162 -0.6082
vn -0.1743 0.9365 -0.3044
vn -0.2959 0.6915 -0.6589
vn 0.7110 0.7026 -0.0294
vn 0.2665 0.7999 0.5378
vn 0.6985 0.7155 0.0092
vn 0.3425 0.9395 0.0017
vn 0.7169 0.6928 0.0781
vn -0.3230 0.7034 0.6332
vn -0.5698 0.8216 -0.0154
vn -0.3555 0.7162 0.6006
vn -0.1766 0.9364 0.3034
vn -0.4226 0.6915 0.5858
vn 0.9837 -0.0573 -0.1706
vn 0.9437 -0.0499 -0.3271
vn 0.9626 0.1170 -0.2444
vn 0.9652 -0.0911 -0.2450
vn 0.9545 0.0574 -0.2927
vn 0.8071 -0.0143 -0.5902
vn 0.8441 -0.0423 -0.5344
vn 0.7626 -0.0261 -0.6463
vn 0.8636 0.0641 -0.5000
vn 0.8670 -0.0530 -0.4954
vn 0.7047 -0.0165 -0.7093
vn 0.7840 -0.0076 -0.6207
vn 0.7827 -0.0096 -0.6223
vn 0.8653 -0.0319 -0.5003
vn 0.8407 0.0654 -0.5375
vn 0.6761 -0.0270 -0.7363
vn 0.8839 -0.0349 -0.4664
vn 0.6661 -0.0034 -0.7458
vn 0.6769 0.0133 -0.7359
vn 0.4980 0.0026 -0.8672
vn 0.4439 -0.3560 -0.8223
vn 0.4983 -0.0017 -0.8670
vn 0.5052 -0.0003 -0.8630
vn 0.4667 -0.0425 -0.8834
vn 0.4149 -0.4277 -0.8031
vn 0.4880 0.0145 -0.8727
vn 0.5114 -0.0024 -0.8593
vn 0.3253 0.0842 -0.9418
vn 0.2890 -0.0290 -0.9569
vn 0.4651 0.0564 -0.8835
vn 0.3465 -0.0538 -0.9365
vn 0.2923 0.0577 -0.9546
vn 0.0780 -0.0629 -0.9950
vn 0.1063 -0.0701 -0.9919
vn -0.0003 0.1283 -0.9917
vn -0.0820 -0.3381 -0.9375
vn -0.0871 -0.0477 -0.9951
vn -0.0715 -0.5727 -0.8167
vn 0.0475 0.0820 -0.9955
vn -0.2503 -0.0059 -0.9682
vn -0.1725 -0.0978 -0.9801
vn -0.2768 0.0741 -0.9581
vn -0.2200 0.0588 -0.9737
vn -0.4505 -0.0583 -0.8909
vn -0.5035 0.0629 -0.8617
vn -0.5070 -0.5212 -0.6865
vn -0.5929 -0.0494 -0.8038
vn -0.5358 -0.4316 -0.7257
vn -0.6271 -0.0037 -0.7789
vn -0.5813 0.0028 -0.8137
vn -0.4865 -0.0161 -0.8735
vn -0.5648 -0.0130 -0.8251
vn -0.4764 0.0246 -0.8789
vn -0.6528 0.0023 -0.7575
vn -0.7062 -0.0082 -0.7080
vn -0.7061 -0.0029 -0.7082
vn -0.7113 -0.0019 -0.7029
vn -0.6779 0.0134 -0.7350
vn -0.6877 0.0203 -0.7257
vn -0.8143 0.0256 -0.5799
vn -0.8430 -0.0029 -0.5378
vn -0.8507 -0.0184 -0.5254
vn -0.8493 -0.0135 -0.5277
vn -0.8551 -0.0274 -0.5177
vn -0.8741 -0.0059 -0.4856
vn -0.8636 0.0233 -0.5036
vn -0.8073 0.0115 -0.5900
vn -0.8315 0.0040 -0.5556
vn -0.8970 0.0220 -0.4415
vn -0.9306 -0.0168 -0.3657
vn -0.9395 0.0607 -0.3371
vn -0.9215 0.0552 -0.3844
vn -0.9377 -0.0559 -0.3428
vn -0.9861 -0.0499 -0.1583
vn -0.9904 0.1170 -0.0735
vn -0.9984 -0.0573 0.0029
vn -0.9908 0.0574 -0.1225
vn -0.9931 -0.0911 -0.0737
vn 0.0004 1.0000 -0.0003
vn 0.0001 1.0000 -0.0000
vn -0.0000 1.0000 -0.0000
vn -0.0000 1.0000 -0.0001
vn -0.0000 1.0000 0.0001
vn -0.0003 1.0000 -0.0003
vn 0.0001 1.0000 0.0002
vn -0.0003 1.0000 -0.0004
vn 0.0004 1.0000 0.0002
vn -0.0000 1.0000 -0.0002
vn -0.0004 1.0000 -0.0002
vn -0.0000 1.0000 0.0002
vn 0.0003 1.0000 0.0004
vn 0.0004 1.0000 0.0004
vn -0.0003 1.0000 0.0004
vn -0.0004 1.0000 0.0004
vn -0.0001 1.0000 0.0001
vn -0.0003 1.0000 0.0001
vn 0.9232 -0.0266 -0.3833
vn 0.8811 0.0224 -0.4724
vn 0.7768 -0.0231 -0.6294
vn 0.7124 0.0328 -0.7010
vn 0.5323 -0.1087 -0.8395
vn 0.6279 0.0664 -0.7754
vn 0.4958 -0.1636 -0.8529
vn 0.2952 -0.0858 -0.9516
vn 0.4009 0.1081 -0.9097
vn 0.1168 0.0301 -0.9927
vn 0.4244 0.1605 -0.8911
vn 0.1152 0.0451 -0.9923
vn -0.1483 -0.0302 -0.9885
vn -0.1466 -0.0451 -0.9882
vn -0.3248 0.0867 -0.9418
vn -0.4272 -0.1030 -0.8983
vn -0.4500 -0.1548 -0.8795
vn -0.6307 -0.0455 -0.7747
vn -0.5234 0.1549 -0.8379
vn -0.5475 0.1102 -0.8295
vn -0.7004 0.0445 -0.7123
vn -0.7651 -0.1152 -0.6336
vn -0.7760 -0.1605 -0.6100
vn -0.8967 -0.1851 -0.4021
vn -0.8208 0.2367 -0.5199
vn -0.8397 0.1852 -0.5105
vn -0.8937 -0.2367 -0.3813
vn -0.9839 -0.0445 -0.1730
vn -0.9557 0.1152 -0.2709
vn -0.9958 0.0445 -0.0797
vn -0.9425 0.1605 -0.2933
vn -0.9931 -0.1153 0.0222
vn -0.9859 -0.1605 0.0471
vn -0.0000 -1.0000 -0.0000
vn 0.9943 -0.0015 -0.1070
vn 0.9886 -0.0045 -0.1502
vn 0.9724 0.0051 -0.2334
vn 0.9759 0.0041 -0.2182
vn 0.9247 -0.0055 -0.3806
vn 0.9174 -0.0046 -0.3980
vn 0.8296 -0.0026 -0.5583
vn 0.8680 0.0056 -0.4966
vn 0.6658 -0.0040 -0.7461
vn 0.7024 0.0032 -0.7117
vn 0.3346 0.7626 -0.5536
vn 0.2409 0.8849 -0.3986
vn 0.5172 0.0032 -0.8559
vn 0.4632 -0.0025 -0.8862
vn 0.3839 0.0004 -0.9234
vn 0.3910 0.0006 -0.9204
vn 0.2984 -0.0031 -0.9544
vn 0.3908 0.0001 -0.9205
vn 0.2930 -0.0033 -0.9561
vn 0.2371 0.0316 -0.9710
vn 0.2703 -0.0013 -0.9628
vn 0.0495 -0.0013 -0.9988
vn 0.0096 0.0061 -0.9999
vn -0.2221 -0.0048 -0.9750
vn -0.2665 0.0015 -0.9638
vn -0.5382 0.0002 -0.8428
vn -0.4546 -0.0033 -0.8907
vn -0.4598 -0.0029 -0.8880
vn -0.3874 0.0205 -0.9217
vn 0.0731 0.0235 -0.9970
vn -0.4062 0.0013 -0.9138
vn 0.0690 0.0474 -0.9965
vn -0.6101 -0.0025 -0.7924
vn -0.5449 0.0006 -0.8385
vn -0.5447 0.0003 -0.8386
vn -0.3063 0.8849 -0.3508
vn -0.4268 0.7614 -0.4879
vn -0.6576 0.0032 -0.7533
vn -0.7853 -0.0040 -0.6192
vn -0.8153 0.0032 -0.5790
vn -0.9140 -0.0026 -0.4057
vn -0.5039 0.8632 -0.0307
vn -0.9726 -0.0046 -0.2326
vn -0.9771 -0.0025 -0.2128
vn -0.9410 0.0056 -0.3383
vn -1.0000 -0.0011 -0.0025
vn -0.3512 0.3127 -0.8825
vn 0.1930 -0.0153 -0.9811
vn -0.2275 -0.0147 -0.9737
vn 0.0011 1.0000 -0.0004
vn 0.1186 0.9362 -0.3307
vn -0.0053 1.0000 0.0034
vn 0.0008 1.0000 -0.0010
vn -0.0019 1.0000 -0.0027
vn 0.0005 1.0000 -0.0029
vn 0.0758 0.7718 0.6313
vn 0.0729 0.9439 0.3221
vn 0.0003 1.0000 -0.0000
vn 0.0005 1.0000 -0.0001
vn 0.0002 1.0000 -0.0003
vn -0.0002 1.0000 -0.0005
vn 0.3217 0.9283 -0.1866
vn 0.0007 1.0000 -0.0069
vn -0.0012 1.0000 -0.0018
vn 0.0002 1.0000 -0.0002
vn -0.0000 1.0000 -0.0003
vn -0.0004 1.0000 -0.0004
vn -0.0004 1.0000 -0.0003
vn -0.0001 1.0000 -0.0002
vn 0.0006 1.0000 -0.0001
vn 0.0015 1.0000 0.0013
vn 0.0003 1.0000 0.0001
vn -0.0001 1.0000 0.0002
vn -0.0001 1.0000 0.0005
vn -0.0002 1.0000 0.0002
vn -0.0025 1.0000 0.0009
vn -0.0001 1.0000 0.0003
vn -0.0014 1.0000 0.0029
vn -0.0009 1.0000 0.0016
vn 0.0056 1.0000 0.0029
vn -0.0007 1.0000 -0.0010
vn -0.0003 1.0000 0.0005
vn -0.0065 1.0000 0.0031
vn -0.3225 0.9283 -0.1853
vn 0.9664 0.0138 -0.2566
vn 0.9812 0.0271 -0.1911
vn 0.9216 -0.0138 -0.3879
vn 0.8933 -0.0271 -0.4487
vn 0.6866 0.0128 -0.7269
vn 0.6724 -0.0057 -0.7402
vn 0.4966 -0.0129 -0.8679
vn 0.8039 0.0180 -0.5945
vn 0.3391 0.0192 -0.9405
vn 0.2702 -0.0043 -0.9628
vn -0.4004 0.0127 -0.9162
vn -0.0769 -0.0280 -0.9966
vn -0.3305 -0.0104 -0.9437
vn 0.0955 0.0348 -0.9948
vn -0.7153 0.0098 -0.6988
vn -0.7258 -0.0051 -0.6879
vn -0.9628 -0.0040 -0.2703
vn -0.9616 0.0051 -0.2744
vn 0.5836 0.6553 -0.4796
vn 0.7560 0.0005 -0.6546
vn 0.3148 0.0063 -0.9491
vn 0.3715 -0.0062 -0.9284
vn -0.2089 -0.0151 -0.9778
vn -0.2020 0.0125 -0.9793
vn -0.6634 0.0114 -0.7482
vn -0.7432 -0.0125 -0.6690
vn 0.5642 -0.6633 -0.4917
vn 0.0333 -0.9320 -0.3610
vn 0.2896 -0.6513 -0.7014
vn 0.5380 -0.8155 -0.2134
vn 0.8282 0.0259 -0.5599
vn 0.9704 0.0502 -0.2363
vn 0.4318 0.0112 -0.9019
vn -0.2986 0.0123 -0.9543
vn -0.0285 0.0360 -0.9989
vn -0.3826 0.0025 -0.9239
vn -0.7076 0.0001 -0.7066
vn -0.7281 -0.0068 -0.6854
vn -0.9620 0.0041 -0.2729
vn -0.9631 -0.0065 -0.2691
vn 0.0006 -1.0000 0.0020
vn 0.0006 -1.0000 0.0001
vn 0.0004 -1.0000 0.0001
vn 0.0001 -1.0000 0.0001
vn 0.0004 -1.0000 -0.0002
vn 0.0001 -1.0000 -0.0000
vn -0.0000 -1.0000 0.0001
vn -0.0000 -1.0000 -0.0001
vn -0.0002 -1.0000 0.0004
vn -0.0001 -1.0000 0.0001
vn -0.0001 -1.0000 -0.0000
vn -0.0001 -1.0000 -0.0001
vn 0.0002 -1.0000 0.0003
vn -0.0002 -1.0000 -0.0004
vn 0.0002 -1.0000 -0.0001
vn -0.0005 -1.0000 -0.0001
vn -0.0004 -1.0000 0.0002
vn 0.0001 -1.0000 -0.0001
vn -0.0003 -1.0000 0.0007
vn -0.0006 -1.0000 0.0002
vn 0.0001 -1.0000 -0.0004
vn 0.2774 0.7034 -0.6545
vn 0.1769 0.6917 -0.7002
vn 0.2316 0.7163 -0.6582
vn 0.7190 -0.6841 -0.1226
vn 0.6198 -0.7354 -0.2738
vn 0.6743 -0.6991 -0.2377
vn 0.5097 -0.7008 -0.4991
vn 0.5243 -0.7206 -0.4537
vn 0.5064 -0.7007 -0.5025
vn 0.6141 -0.6882 -0.3863
vn 0.4931 -0.6820 -0.5402
vn 0.4366 -0.7100 -0.5525
vn 0.2596 -0.7294 -0.6329
vn 0.3311 -0.6956 -0.6376
vn 0.2083 -0.6999 -0.6831
vn 0.0836 -0.7000 -0.7092
vn 0.0523 -0.7218 -0.6902
vn -0.1285 -0.7332 -0.6677
vn -0.0623 -0.6990 -0.7124
vn -0.1747 -0.7086 -0.6837
vn -0.3554 -0.7338 -0.5790
vn -0.3224 -0.7030 -0.6339
vn -0.4230 -0.7026 -0.5723
vn -0.5367 -0.6953 -0.4780
vn -0.4988 -0.7169 -0.4871
vn -0.6021 -0.7095 -0.3662
vn -0.6026 -0.7104 -0.3635
vn -0.6025 -0.7122 -0.3602
vn -0.6023 -0.7076 -0.3696
vn -0.6707 -0.6943 -0.2608
vn -0.6579 -0.7354 -0.1620
vn -0.7053 -0.6991 -0.1170
vn -0.7293 -0.6842 0.0041
vn 0.9454 0.0149 -0.3254
vn 0.9662 0.0357 -0.2551
vn 0.7098 -0.6203 -0.3338
vn 0.8978 -0.1120 -0.4259
vn 0.1905 -0.9779 -0.0859
vn 0.7639 0.0729 -0.6412
vn 0.7086 0.0205 -0.7053
vn 0.7310 0.0409 -0.6811
vn 0.8618 -0.0115 -0.5071
vn 0.8105 0.0090 -0.5857
vn 0.6725 -0.0107 -0.7400
vn 0.6860 -0.0193 -0.7273
vn 0.4177 0.0127 -0.9085
vn 0.0039 -0.9246 -0.3810
vn 0.0020 -0.9365 -0.3505
vn 0.0112 0.0036 -0.9999
vn 0.3637 -0.0032 -0.9315
vn 0.0108 0.0037 -0.9999
vn -0.9481 -0.0074 0.3178
vn -0.9490 -0.0050 0.3153
vn -0.7216 0.0182 0.6920
vn -0.6702 -0.0208 0.7419
vn -0.4246 0.0209 0.9052
vn -0.3551 -0.0146 0.9347
vn -0.0190 0.0149 0.9997
vn 0.0293 -0.0081 0.9995
vn -0.6527 -0.6646 0.3637
vn -0.8734 0.0068 0.4870
vn -0.2783 -0.9479 0.1553
vn -0.8629 -0.0029 0.5054
vn -0.0001 1.0000 -0.0001
vn 0.1385 0.9187 -0.3697
vn 0.2639 0.6580 -0.7052
vn -0.0002 1.0000 0.0007
vn 0.7578 -0.0138 0.6524
vn 0.7495 -0.0019 0.6620
vn 0.9601 0.0182 0.2790
vn 0.9776 -0.0208 0.2094
vn 0.9962 0.0209 -0.0849
vn 0.9870 -0.0146 -0.1598
vn 0.8753 0.0149 -0.4834
vn 0.8510 -0.0081 -0.5251
vn 0.8577 0.0075 0.5141
vn 0.8691 -0.0029 0.4946
vn 0.0001 1.0000 -0.0001
vn 0.0002 1.0000 -0.0000
vn 0.0985 0.8588 -0.5027
vn 0.2012 -0.0049 -0.9795
vn -0.2385 0.0182 -0.9710
vn -0.3074 -0.0208 -0.9513
vn -0.5716 0.0209 -0.8203
vn -0.6319 -0.0146 -0.7749
vn -0.8563 0.0149 -0.5163
vn -0.8803 -0.0081 -0.4744
vn 0.0102 -0.6595 -0.7517
vn 0.0131 0.0060 -0.9999
vn 0.0043 -0.9480 -0.3181
vn -0.0062 -0.0029 -1.0000
vn -0.0004 1.0000 -0.0000
vn -0.0018 1.0000 -0.0002
vn -0.7546 0.0149 -0.6561
vn 0.1738 0.6704 -0.7213
vn -0.6435 -0.6220 -0.4460
vn -0.8185 -0.1140 -0.5631
vn -0.1699 -0.9779 -0.1218
vn -0.9372 0.0729 -0.3410
vn -0.9651 0.0205 -0.2610
vn -0.9554 0.0410 -0.2925
vn -0.8701 -0.0115 -0.4928
vn -0.9125 0.0090 -0.4091
vn -0.9771 -0.0107 -0.2124
vn -0.9729 -0.0193 -0.2304
vn -0.9956 0.0127 0.0925
vn -0.3319 -0.9246 0.1872
vn -0.3046 -0.9365 0.1736
vn -0.8716 0.0036 0.4902
vn -0.9886 -0.0032 0.1508
vn -0.8714 0.0037 0.4906
vn 0.6343 0.7197 -0.2823
vn 0.3752 0.9118 -0.1670
vn 0.3030 0.9008 -0.3111
vn -0.2164 -0.0051 0.9763
vn -0.2200 0.0023 0.9755
vn -0.0114 -0.7882 0.6153
vn -0.0154 0.0016 0.9999
vn -0.0095 -0.9084 0.4180
vn -0.0055 0.0051 1.0000
vn 0.2183 -0.0044 0.9759
vn 0.2299 -0.0004 0.9732
vn 0.7007 0.0139 0.7133
vn 0.7386 0.0041 0.6741
vn 0.7474 0.0005 0.6644
vn 0.1557 -0.9484 0.2762
vn 0.4689 -0.0495 0.8818
vn 0.2176 -0.8905 0.3996
vn 0.6919 0.0168 0.7218
vn 0.5902 -0.0368 0.8064
vn 0.5823 -0.0268 0.8126
vn 0.5570 0.0007 0.8305
vn 0.6208 -0.0703 0.7808
vn 0.0002 1.0000 0.0002
vn -0.0007 -1.0000 -0.0000
vn -0.0004 -1.0000 -0.0004
vn 0.0053 -1.0000 -0.0060
vn 0.0009 -1.0000 0.0013
vn -0.0017 -1.0000 -0.0006
vn -0.0024 -1.0000 -0.0012
vn -0.0004 -1.0000 -0.0006
vn -0.0001 -1.0000 0.0005
vn 0.0002 -1.0000 0.0027
vn 0.0007 -1.0000 -0.0014
vn 0.0011 -1.0000 -0.0002
vn 0.0002 -1.0000 0.0006
vn 0.9906 0.0036 -0.1365
vn 0.9467 0.0032 -0.3222
vn 0.9756 -0.0028 -0.2195
vn 0.9136 -0.0038 -0.4066
vn 0.3867 0.8848 -0.2599
vn 0.8299 0.0052 -0.5579
vn 0.5306 0.7069 -0.4677
vn 0.7925 -0.0026 -0.6099
vn 0.5851 0.0044 -0.8109
vn 0.4233 0.6871 -0.5905
vn 0.6977 -0.0009 -0.7163
vn 0.2749 0.7113 -0.6469
vn 0.5165 0.0012 -0.8563
vn 0.3503 -0.0031 -0.9366
vn 0.1066 -0.0052 -0.9943
vn 0.1288 0.8613 -0.4914
vn 0.0836 -0.0066 -0.9965
vn 0.0144 0.0028 -0.9999
vn -0.0872 0.0053 -0.9962
vn -0.0872 0.0003 -0.9962
vn -0.1879 0.0028 -0.9822
vn -0.2554 -0.0066 -0.9668
vn -0.2714 -0.0026 -0.9625
vn -0.2116 0.8619 -0.4608
vn -0.1970 0.8923 -0.4063
vn -0.4912 -0.0011 -0.8710
vn -0.6483 0.0033 -0.7614
vn -0.6620 0.0012 -0.7495
vn -0.6517 0.0030 -0.7585
vn -0.6653 0.0009 -0.7466
vn -0.3603 0.8868 -0.2895
vn -0.7795 0.0055 -0.6263
vn -0.6036 0.7070 -0.3685
vn -0.8614 -0.0088 -0.5079
vn -0.9142 0.0052 -0.4053
vn -0.4259 0.8848 -0.1888
vn -0.9882 0.0058 -0.1529
vn -0.9652 -0.0027 -0.2616
vn -0.9993 -0.0049 0.0376
vn -0.9996 0.0072 -0.0276
vn -0.0396 -0.8828 -0.4680
vn -0.0372 -0.8866 -0.4611
vn -0.0563 -0.7933 -0.6062
vn -0.0722 -0.6877 -0.7224
vn -0.0920 -0.5056 -0.8579
vn -0.0516 -0.3219 -0.9454
vn -0.1200 0.1238 -0.9850
vn -0.0587 0.3444 -0.9370
vn -0.0636 0.5693 -0.8197
vn -0.0611 0.6605 -0.7483
vn -0.0593 0.8056 -0.5895
vn -0.0601 0.8077 -0.5865
vn 0.0747 0.9932 -0.0890
vn -0.0033 0.9950 -0.0994
vn 0.0031 -1.0000 -0.0011
vn -0.0000 -1.0000 -0.0022
vn 0.0019 -1.0000 0.0081
vn -0.0022 -1.0000 0.0004
vn -0.0053 -1.0000 0.0009
vn -0.0019 -1.0000 0.0016
vn -0.0221 -0.9997 0.0100
vn -0.0014 -1.0000 -0.0013
vn 0.0013 -1.0000 -0.0011
vn 0.0006 -1.0000 -0.0069
vn -0.0040 -0.9999 0.0163
vn 0.0005 -1.0000 0.0036
vn 0.0041 -1.0000 -0.0007
vn 0.0176 -0.9998 -0.0096
vn 0.0031 -1.0000 -0.0009
vn -0.0235 -0.9997 0.0001
vn -0.0002 -1.0000 0.0035
vn 0.0026 -1.0000 -0.0039
vn -0.0003 -1.0000 0.0046
vn -0.0063 -0.9998 -0.0184
vn -0.1719 -0.9850 0.0112
vn 0.0763 0.7851 0.6146
vn 0.0331 0.8810 0.4719
vn 0.0496 0.4945 0.8678
vn 0.1193 0.1166 0.9860
vn -0.0007 1.0000 -0.0046
vn -0.0022 1.0000 0.0001
vn 0.0042 1.0000 0.0004
vn 0.0956 0.9953 -0.0125
vn -0.0000 1.0000 0.0029
vn -0.0000 1.0000 0.0036
vn 0.0016 1.0000 0.0013
vn 0.0066 0.9999 0.0153
vn -0.0041 1.0000 0.0014
vn -0.0015 1.0000 -0.0003
vn -0.0204 0.9998 -0.0060
vn 0.0054 1.0000 -0.0002
vn 0.0234 0.9997 0.0058
vn -0.0001 1.0000 -0.0064
vn 0.0030 1.0000 -0.0013
vn -0.0010 1.0000 -0.0032
vn 0.0042 1.0000 -0.0000
vn -0.0025 1.0000 -0.0035
vn 0.0020 1.0000 0.0073
vn -0.0114 0.9999 0.0029
vn 0.4731 0.8795 -0.0516
vn 0.5929 0.8044 -0.0389
vn 0.8630 0.4975 -0.0884
vn 0.9268 0.3701 -0.0642
vn -0.4746 -0.8797 0.0313
vn -0.5905 -0.8044 0.0647
vn -0.8650 -0.4979 0.0628
vn -0.9266 -0.3625 0.1000
vn -0.9516 -0.2923 0.0951
vn -0.9974 0.0250 0.0682
vn -0.9933 0.0982 0.0610
vn -0.9486 0.2975 0.1080
vn -0.9151 0.3918 0.0957
vn -0.7277 0.6843 0.0470
vn -0.6793 0.7329 0.0371
vn -0.5794 0.8131 0.0574
vn -0.4874 -0.8727 0.0276
vn -0.6426 -0.7620 0.0800
vn -0.9424 -0.3284 0.0633
vn -0.9689 -0.2284 0.0952
vn -0.9351 0.3471 0.0716
vn -0.9134 0.3983 0.0844
vn -0.8793 0.4695 0.0801
vn -0.6552 0.7536 0.0539
vn -0.6103 0.7907 0.0490
vn -0.5652 0.8230 0.0567
vn 0.5858 0.8092 -0.0455
vn 0.9639 0.2573 -0.0687
vn 0.7708 0.6330 -0.0720
vn 0.5830 0.8113 -0.0442
vn -0.8842 -0.0108 -0.4670
vn -0.6664 -0.6198 -0.4143
vn -0.2860 -0.0053 -0.9582
vn -0.1688 -0.6400 -0.7496
vn 0.1838 -0.0596 -0.9811
vn 0.3135 0.0994 -0.9444
vn 0.5540 0.0162 -0.8324
vn 0.4081 -0.7211 -0.5599
vn 0.2438 -0.9511 -0.1895
vn 0.8834 0.0859 -0.4606
vn -0.6543 -0.6334 -0.4132
vn -0.7148 0.0059 -0.6993
vn -0.3297 -0.0045 -0.9441
vn -0.1395 -0.6394 -0.7561
vn 0.3866 0.0288 -0.9218
vn 0.4997 -0.6211 -0.6038
vn -0.9887 -0.0082 -0.1500
vn -0.5340 -0.6332 -0.5603
vn -0.8604 0.0557 -0.5066
vn -0.6424 0.0236 -0.7660
vn -0.1563 -0.0156 -0.9876
vn 0.1291 -0.6357 -0.7611
vn 0.4007 -0.0112 -0.9161
vn 0.1853 -0.9490 -0.2551
vn 0.7241 0.0502 -0.6879
vn 0.9076 0.0117 -0.4197
vn 0.9312 -0.0028 -0.3645
vn -0.9577 -0.0112 -0.2874
vn -0.4716 -0.6415 -0.6051
vn -0.7702 0.0502 -0.6359
vn -0.5442 0.0143 -0.8388
vn -0.0102 -0.0001 -0.9999
vn 0.0381 -0.6436 -0.7644
vn 0.5743 0.0127 -0.8186
vn 0.4733 -0.6532 -0.5910
s 1
usemtl color_727980
f 5628//7398 5629//7399 5630//7400
f 5630//7400 5629//7399 5631//7401
f 5631//7401 5632//7402 5633//7403
f 5629//7399 5632//7402 5631//7401
f 5632//7402 5634//7404 5633//7403
f 5633//7403 5634//7404 5635//7405
f 5635//7405 5636//7406 5637//7407
f 5634//7404 5636//7406 5635//7405
f 5637//7407 5638//7408 5639//7409
f 5636//7406 5638//7408 5637//7407
f 5641//7410 5642//7411 5643//7412
f 5640//7413 5642//7411 5641//7410
f 5643//7412 5642//7411 5644//7414
f 5642//7415 5645//7416 5644//7414
f 5644//7414 5646//7417 5647//7418
f 5645//7416 5646//7417 5644//7414
f 5647//7418 5646//7417 5648//7419
f 5650//7420 5651//7421 5652//7422
f 5649//7423 5651//7421 5650//7420
f 5652//7422 5653//7424 5654//7425
f 5651//7421 5653//7424 5652//7422
f 5654//7425 5653//7424 5655//7426
f 5653//7427 5656//7428 5655//7426
f 5655//7426 5657//7429 5658//7430
f 5656//7428 5657//7429 5655//7426
f 5657//7429 5659//7431 5658//7430
f 5661//7432 5660//7433 5662//7434
f 5660//7435 5663//7436 5662//7437
f 5662//7437 5664//7438 5665//7439
f 5663//7436 5664//7438 5662//7437
f 5665//7439 5666//7440 5667//7441
f 5664//7438 5666//7440 5665//7439
f 5667//7441 5666//7440 5668//7442
f 5666//7440 5669//7443 5668//7442
f 5671//7444 5670//7445 5672//7446
f 5670//7447 5673//7447 5672//7447
f 5672//7448 5673//7448 5674//7448
f 5673//7449 5675//7449 5674//7449
f 6198//7450 5676//7451 5677//7452
f 5676//7451 5678//7453 5677//7452
f 5677//7454 5679//7455 5680//7456
f 5678//7453 5679//7457 5677//7452
f 6198//7458 5677//7459 5681//7460
f 5681//7460 5677//7459 5682//7461
f 5677//7462 5680//7456 5682//7463
f 5684//7464 5685//7465 5686//7466
f 5683//7467 5685//7468 5684//7469
f 5686//7466 5687//7470 5688//7471
f 5685//7472 5687//7472 5686//7472
f 5688//7473 5689//7473 5690//7473
f 5687//7474 5689//7474 5688//7474
f 5690//7475 5691//7476 5692//7477
f 5689//7478 5691//7478 5690//7478
f 5691//7479 5693//7480 5692//7481
f 5692//7481 5693//7480 5694//7482
f 5693//7483 5695//7484 5694//7485
f 5694//7485 5695//7484 5696//7486
f 5696//7486 5695//7484 5697//7487
f 5695//7484 5698//7488 5697//7487
f 5698//7489 5699//7489 5697//7489
f 5697//7487 5699//7490 5700//7491
f 5699//7492 5701//7492 5700//7492
f 5700//7493 5701//7493 5702//7493
f 5701//7494 5703//7494 5702//7494
f 5702//7495 5703//7496 5704//7497
f 5703//7498 5705//7498 5704//7498
f 5704//7497 5705//7499 5706//7500
f 5705//7499 6164//7501 5706//7500
f 5709//7502 5708//7502 5707//7502
f 5708//7503 5711//7503 5710//7503
f 5713//7504 5714//7504 5709//7504
f 5708//7505 5709//7505 5714//7505
f 5708//7506 5712//7507 5711//7508
f 5714//7509 5712//7509 5708//7509
f 5707//7510 5710//7511 5716//7512
f 5708//7513 5710//7513 5707//7513
f 5714//7514 5715//7515 5712//7516
f 5718//7517 5717//7518 5719//7519
f 5718//7517 5720//7520 5717//7518
f 5717//7521 5720//7521 5715//7521
f 5713//7522 5715//7515 5714//7514
f 5717//7523 5715//7523 5713//7523
f 5721//7524 5725//7524 5723//7524
f 5723//7525 5726//7526 5724//7527
f 5724//7528 5726//7528 5727//7528
f 5721//7529 5722//7530 5728//7531
f 5723//7532 5722//7533 5721//7534
f 5725//7535 5729//7536 5726//7537
f 5729//7538 5731//7538 5726//7538
f 5731//7539 5727//7539 5726//7539
f 5725//7540 5726//7540 5723//7540
f 5730//7541 5732//7541 5729//7541
f 5729//7542 5732//7542 5731//7542
f 5733//7543 5732//7543 5730//7543
f 5731//7544 5732//7544 5733//7544
f 5735//7545 5699//7545 5736//7545
f 5736//7546 5699//7546 5737//7546
f 5734//7547 5699//7547 5735//7547
f 5699//7548 5738//7548 5737//7548
f 5737//7549 5740//7549 5742//7549
f 5738//7550 5739//7551 5737//7552
f 5737//7553 5739//7553 5740//7553
f 5741//7554 5744//7554 5740//7554
f 5740//7555 5744//7556 5742//7557
f 5741//7558 5743//7559 5744//7560
f 5744//7556 5745//7561 5742//7557
f 5743//7562 5745//7563 5744//7564
f 5683//7565 5746//7566 5747//7567
f 5746//7568 5683//7569 5748//7570
f 5748//7571 5683//7571 5749//7571
f 5683//7572 5750//7572 5749//7572
f 5749//7573 5752//7573 5754//7573
f 5750//7574 5751//7575 5749//7576
f 5749//7577 5751//7577 5752//7577
f 5752//7578 5756//7579 5754//7580
f 5753//7581 5756//7581 5752//7581
f 5753//7582 5755//7583 5756//7584
f 5756//7579 5757//7585 5754//7580
f 5755//7586 5757//7587 5756//7588
f 5758//7589 5759//7589 5760//7589
f 5759//7590 5758//7590 5761//7590
f 5761//7591 5758//7591 5762//7591
f 5758//7592 5763//7592 5762//7592
f 5762//7593 5765//7593 5767//7593
f 5763//7594 5764//7595 5762//7596
f 5762//7597 5764//7597 5765//7597
f 5765//7598 5769//7599 5767//7600
f 5766//7601 5769//7601 5765//7601
f 5766//7602 5768//7603 5769//7604
f 5769//7599 5770//7605 5767//7600
f 5768//7606 5770//7607 5769//7608
f 5771//7609 5773//7610 5772//7611
f 5693//7612 5775//7613 5771//7614
f 5773//7615 5776//7616 5774//7617
f 5771//7618 5776//7618 5773//7618
f 5774//7619 5776//7619 5777//7619
f 5693//7620 5772//7621 5778//7622
f 5771//7623 5772//7623 5693//7623
f 5775//7613 5779//7624 5776//7625
f 5779//7626 5781//7626 5776//7626
f 5781//7627 5777//7627 5776//7627
f 5775//7628 5776//7628 5771//7628
f 5780//7629 5782//7629 5779//7629
f 5779//7630 5782//7630 5781//7630
f 5783//7631 5782//7631 5780//7631
f 5781//7632 5782//7632 5783//7632
f 5784//7633 5786//7633 5785//7633
f 5784//7634 5787//7634 5786//7634
f 5788//7635 5785//7635 5789//7635
f 5788//7636 5784//7636 5785//7636
f 5790//7637 5789//7638 5791//7639
f 5790//7640 5788//7640 5789//7640
f 5791//7639 5793//7641 5790//7637
f 5793//7642 5791//7642 5792//7642
f 5794//7643 5792//7643 5795//7643
f 5794//7644 5793//7645 5792//7646
f 5795//7647 5796//7647 5794//7647
f 5797//7648 5795//7648 5798//7648
f 5797//7649 5796//7649 5795//7649
f 5799//7650 5797//7651 5798//7652
f 5801//7653 5799//7653 5798//7653
f 5801//7654 5800//7654 5799//7654
f 5802//7655 5801//7655 5803//7655
f 5802//7656 5800//7656 5801//7656
f 5804//7657 5802//7658 5803//7659
f 5806//7660 5804//7660 5803//7660
f 5806//7661 5805//7661 5804//7661
f 5807//7662 5806//7663 5808//7664
f 5807//7662 5805//7665 5806//7663
f 5809//7666 5808//7666 5810//7666
f 5809//7667 5807//7667 5808//7667
f 5811//7668 5810//7668 5812//7668
f 5811//7669 5809//7669 5810//7669
f 5811//7670 5812//7670 5813//7670
f 5816//7671 5815//7672 5817//7673
f 5816//7671 5814//7674 5815//7672
f 5818//7675 5817//7673 5819//7676
f 5818//7675 5816//7671 5817//7673
f 5820//7677 5819//7676 5821//7678
f 5820//7677 5818//7675 5819//7676
f 5820//7677 5821//7678 5822//7679
f 5823//7680 5820//7677 5822//7679
f 5824//7681 5822//7679 5825//7682
f 5824//7681 5823//7680 5822//7679
f 5826//7683 5824//7681 5825//7682
f 5826//7683 5825//7682 5827//7684
f 5828//7685 5829//7686 5830//7687
f 5828//7685 5831//7688 5829//7686
f 5832//7689 5830//7687 5833//7690
f 5832//7689 5828//7685 5830//7687
f 5834//7691 5833//7690 5835//7692
f 5834//7691 5832//7689 5833//7690
f 5836//7693 5835//7692 5837//7694
f 5836//7693 5834//7691 5835//7692
f 5838//7695 5837//7694 5839//7696
f 5838//7695 5836//7693 5837//7694
f 5840//7697 5839//7696 5841//7698
f 5840//7697 5838//7695 5839//7696
f 5844//7699 5843//7700 5845//7701
f 5844//7699 5842//7702 5843//7700
f 5846//7703 5845//7704 5847//7705
f 5846//7703 5844//7706 5845//7704
f 5848//7707 5847//7705 5849//7708
f 5848//7707 5846//7703 5847//7705
f 5848//7707 5849//7708 5850//7709
f 5851//7710 5848//7707 5850//7709
f 5851//7710 5850//7709 5852//7711
f 5853//7712 5851//7713 5852//7714
f 5853//7712 5852//7714 5854//7715
f 5855//7716 5854//7717 5856//7718
f 5855//7716 5853//7719 5854//7717
f 5857//7720 5855//7716 5856//7718
f 5857//7720 5856//7718 5858//7721
f 5859//7722 5860//7722 5861//7722
f 5859//7723 5862//7723 5860//7723
f 5728//7531 5861//7724 5863//7725
f 5728//7531 5859//7726 5861//7724
f 5722//7530 5859//7726 5728//7531
f 5864//7727 5728//7727 5863//7727
f 5864//7728 5863//7728 5865//7728
f 5866//7729 5865//7729 5867//7729
f 5866//7730 5864//7730 5865//7730
f 5868//7731 5867//7731 5869//7731
f 5868//7732 5870//7733 5866//7734
f 5868//7732 5866//7734 5867//7735
f 5760//7736 5868//7737 5869//7738
f 5759//7739 5868//7737 5760//7736
f 5871//7740 5869//7740 5872//7740
f 5871//7741 5760//7736 5869//7738
f 5873//7742 5871//7742 5872//7742
f 5873//7743 5872//7743 5874//7743
f 5875//7744 5874//7744 5876//7744
f 5875//7745 5873//7745 5874//7745
f 5877//7746 5876//7747 5878//7748
f 5877//7749 5875//7749 5876//7749
f 5879//7750 5877//7746 5878//7748
f 5879//7750 5880//7751 5877//7746
f 5879//7752 5878//7752 5881//7752
f 5716//7512 5879//7753 5881//7754
f 5710//7511 5879//7753 5716//7512
f 5716//7755 5881//7755 5882//7755
f 5883//7756 5882//7756 5884//7756
f 5883//7757 5716//7757 5882//7757
f 5885//7758 5884//7759 5886//7760
f 5885//7761 5883//7762 5884//7763
f 5887//7764 5888//7765 5885//7758
f 5887//7764 5885//7758 5886//7760
f 5746//7766 5887//7766 5886//7766
f 5889//7767 5891//7768 5890//7769
f 5892//7770 5890//7769 5893//7771
f 5892//7770 5889//7767 5890//7769
f 5892//7770 5893//7771 5894//7772
f 5895//7773 5892//7774 5894//7775
f 5896//7776 5894//7775 5897//7777
f 5896//7776 5895//7773 5894//7775
f 5898//7778 5897//7777 5899//7779
f 5898//7778 5896//7776 5897//7777
f 5900//7780 5899//7779 5901//7781
f 5900//7780 5898//7778 5899//7779
f 5902//7782 5901//7781 5903//7783
f 5902//7782 5900//7780 5901//7781
f 5904//7784 5903//7785 5905//7786
f 5904//7784 5902//7787 5903//7785
f 5906//7788 5904//7784 5905//7786
f 5906//7788 5905//7786 5907//7789
f 5908//7790 5906//7788 5907//7789
f 5908//7790 5907//7789 5909//7791
f 5908//7790 5909//7791 5910//7792
f 5911//7793 5908//7794 5910//7795
f 5911//7793 5910//7795 5912//7796
f 5913//7797 5911//7793 5912//7796
f 5913//7797 5912//7796 5914//7798
f 5915//7799 5914//7800 5916//7801
f 5915//7799 5913//7802 5914//7800
f 5917//7803 5915//7799 5916//7801
f 5918//7804 5787//7805 5784//7806
f 5921//7807 5784//7807 5788//7807
f 5921//7808 5918//7808 5784//7808
f 5922//7809 5920//7810 5919//7811
f 5923//7812 5922//7812 5919//7812
f 5924//7813 5922//7813 5923//7813
f 5925//7814 5788//7814 5790//7814
f 5925//7815 5921//7815 5788//7815
f 5926//7816 5925//7817 5790//7818
f 5930//7819 5924//7819 5923//7819
f 5927//7820 5926//7816 5790//7818
f 5928//7821 5924//7822 5930//7823
f 5928//7821 5930//7823 5929//7824
f 5793//7825 5927//7820 5790//7818
f 5928//7821 5929//7824 5927//7826
f 5931//7827 5927//7820 5793//7825
f 5931//7828 5928//7821 5927//7826
f 5671//7829 5793//7645 5932//7830
f 5671//7829 5931//7831 5793//7645
f 5933//7832 5932//7830 5793//7645
f 5794//7644 5933//7832 5793//7645
f 5931//7833 5672//7833 5674//7833
f 5931//7831 5671//7829 5672//7834
f 5934//7835 5933//7835 5794//7835
f 5796//7836 5934//7836 5794//7836
f 5935//7837 5931//7837 5674//7837
f 5936//7838 5935//7838 5674//7838
f 5937//7839 5935//7839 5936//7839
f 5938//7840 5934//7840 5796//7840
f 5797//7841 5938//7841 5796//7841
f 5799//7650 5938//7842 5797//7651
f 5939//7843 5937//7843 5936//7843
f 5940//7844 5939//7844 5936//7844
f 5941//7845 5938//7845 5799//7845
f 5800//7846 5941//7846 5799//7846
f 5942//7847 5939//7847 5940//7847
f 5943//7848 5942//7848 5940//7848
f 5802//7849 5941//7849 5800//7849
f 5944//7850 5941//7850 5802//7850
f 5804//7657 5944//7851 5802//7658
f 5945//7852 5944//7852 5804//7852
f 5946//7853 5942//7853 5943//7853
f 5946//7854 5943//7855 5947//7856
f 5948//7857 5945//7857 5804//7857
f 5805//7858 5948//7859 5804//7860
f 5946//7854 5947//7856 5949//7861
f 5950//7862 5949//7863 5948//7859
f 5950//7862 5948//7859 5805//7858
f 5950//7864 5946//7854 5949//7861
f 5952//7865 5805//7866 5951//7867
f 5952//7865 5950//7868 5805//7866
f 5951//7867 5805//7866 5807//7869
f 5953//7870 5951//7871 5807//7872
f 5954//7873 5952//7865 5955//7874
f 5954//7873 5950//7868 5952//7865
f 5809//7875 5953//7870 5807//7872
f 5954//7873 5955//7874 5956//7876
f 5957//7877 5953//7877 5809//7877
f 5958//7878 5954//7878 5956//7878
f 5958//7879 5956//7879 5959//7879
f 5811//7880 5957//7880 5809//7880
f 5960//7881 5957//7881 5811//7881
f 5813//7882 5960//7883 5811//7884
f 5961//7885 5958//7885 5959//7885
f 5961//7886 5959//7886 5962//7886
f 5963//7887 5961//7888 5962//7889
f 5977//7890 5965//7891 5964//7892
f 5964//7893 5965//7893 5966//7893
f 5966//7894 5967//7894 5968//7894
f 5965//7895 5967//7895 5966//7895
f 5969//7896 5955//7896 5970//7896
f 5956//7897 5955//7897 5969//7897
f 5970//7898 5952//7898 5971//7898
f 5955//7899 5952//7899 5970//7899
f 5971//7900 5951//7900 5972//7900
f 5952//7901 5951//7901 5971//7901
f 5972//7902 5951//7902 5973//7902
f 5951//7903 5953//7903 5973//7903
f 5974//7904 5975//7905 5976//7906
f 5975//7907 5977//7890 5976//7908
f 5976//7908 5977//7890 5964//7892
f 5880//7909 5879//7909 5978//7909
f 5711//7910 5879//7910 5710//7910
f 5711//7508 5978//7911 5879//7912
f 5862//7913 5859//7914 5979//7915
f 5859//7916 5722//7533 5723//7532
f 5859//7914 5723//7525 5979//7915
f 5981//7917 5735//7917 5736//7917
f 5980//7918 5981//7919 5736//7920
f 5980//7921 5982//7921 5981//7921
f 5887//7922 5746//7568 5748//7570
f 5983//7923 5887//7924 5748//7925
f 5983//7926 5888//7926 5887//7926
f 5868//7927 5759//7927 5761//7927
f 5984//7928 5868//7929 5761//7930
f 5984//7931 5870//7931 5868//7931
f 5960//7883 5813//7882 5985//7932
f 5986//7933 5985//7933 5987//7933
f 5986//7934 5960//7934 5985//7934
f 5988//7935 5963//7887 5962//7889
f 5989//7936 5963//7936 5988//7936
f 5975//7937 5987//7938 5990//7939
f 5975//7940 5986//7940 5987//7940
f 5967//7941 5989//7941 5988//7941
f 5977//7942 5975//7937 5990//7939
f 5991//7943 5967//7944 5965//7945
f 5991//7946 5989//7946 5967//7946
f 5992//7947 5977//7942 5990//7939
f 5991//7943 5965//7945 5977//7948
f 5993//7949 5977//7949 5992//7949
f 5993//7950 5991//7950 5977//7950
f 5995//7951 5992//7952 5994//7953
f 5995//7951 5993//7954 5992//7952
f 5996//7955 5994//7953 5992//7952
f 5997//7956 5996//7955 5992//7952
f 5993//7957 5998//7957 5999//7957
f 5993//7954 5995//7951 5998//7958
f 6000//7959 5996//7959 5997//7959
f 6001//7960 6000//7960 5997//7960
f 6002//7961 5993//7961 5999//7961
f 6003//7962 6002//7962 5999//7962
f 6004//7963 6002//7963 6003//7963
f 6005//7964 6000//7964 6001//7964
f 6006//7965 6004//7965 6003//7965
f 6007//7966 6000//7966 6005//7966
f 6008//7967 6007//7968 6005//7969
f 6009//7970 6004//7970 6006//7970
f 6010//7971 6007//7971 6008//7971
f 6011//7972 6009//7972 6006//7972
f 6012//7973 6007//7973 6010//7973
f 6013//7974 6009//7974 6011//7974
f 6014//7975 6012//7975 6010//7975
f 6015//7976 6012//7976 6014//7976
f 6016//7977 6015//7978 6014//7979
f 6017//7980 6015//7980 6016//7980
f 6018//7981 6011//7982 5679//7983
f 6018//7984 6013//7984 6011//7984
f 5676//7985 6017//7985 6016//7985
f 6019//7986 5676//7987 6016//7988
f 6018//7981 5679//7983 5678//7989
f 6020//7990 5678//7989 5676//7987
f 6020//7990 5676//7987 6019//7986
f 6020//7990 6018//7981 5678//7989
f 5681//7991 6020//7991 6019//7991
f 5681//7992 6019//7993 6021//7994
f 6021//7994 6019//7993 6022//7995
f 6023//7996 6021//7996 6022//7996
f 6024//7997 6020//7998 5681//7999
f 5682//8000 6024//7997 5681//7999
f 6025//8001 6023//8001 6022//8001
f 6026//8002 6023//8002 6025//8002
f 6027//8003 6024//7997 5682//8000
f 6027//8004 5682//8004 6028//8004
f 6029//8005 6026//8005 6025//8005
f 5918//8006 6026//8006 6029//8006
f 5787//7805 5918//7804 6029//8007
f 5920//8008 6027//8008 6028//8008
f 5920//7810 6028//8009 5919//7811
f 6031//8010 5993//8011 6030//8012
f 6031//8010 5991//8010 5993//8011
f 6032//8012 6030//8012 5993//8011
f 6032//8012 5993//8011 6002//8012
f 6032//8012 6002//8012 6004//8012
f 6033//8013 5991//8010 6031//8010
f 6033//8013 5989//8013 5991//8010
f 6034//8012 6032//8012 6004//8012
f 5916//8012 5989//8013 6033//8013
f 5916//8012 5963//8012 5989//8013
f 6034//8012 6004//8012 6009//8012
f 6035//8012 6034//8012 6009//8012
f 5961//8012 5963//8012 5916//8012
f 5914//8012 5961//8012 5916//8012
f 6013//8012 6035//8012 6009//8012
f 5958//8014 5961//8012 5914//8012
f 6036//8012 6035//8012 6013//8012
f 6037//8015 6036//8012 6013//8012
f 5912//8016 5958//8014 5914//8012
f 6018//8017 6037//8015 6013//8012
f 5954//8018 5958//8014 5912//8016
f 5910//8018 5954//8018 5912//8016
f 6038//8019 6037//8015 6018//8017
f 6020//8013 6038//8019 6018//8017
f 5950//8014 5954//8018 5910//8018
f 6039//8020 6038//8019 6020//8013
f 5909//8021 5950//8014 5910//8018
f 6024//8020 6039//8020 6020//8013
f 5946//8022 5950//8014 5909//8021
f 5907//8023 5946//8022 5909//8021
f 6040//8013 6039//8020 6024//8020
f 6027//8013 6040//8013 6024//8020
f 5942//8012 5946//8022 5907//8023
f 5905//8012 5942//8012 5907//8023
f 6041//8012 6040//8013 6027//8013
f 5920//8012 6041//8012 6027//8013
f 5890//8012 6041//8012 5920//8012
f 5939//8012 5942//8012 5905//8012
f 5939//8012 5905//8012 5903//8012
f 5939//8012 5903//8012 5901//8012
f 5922//8012 5890//8012 5920//8012
f 5937//8012 5939//8012 5901//8012
f 5924//8014 5890//8012 5922//8012
f 5924//8014 5893//8012 5890//8012
f 5937//8012 5901//8012 5899//8012
f 5924//8014 5894//8024 5893//8012
f 5935//8012 5937//8012 5899//8012
f 5928//8025 5894//8024 5924//8014
f 5931//8026 5899//8012 5897//8027
f 5931//8026 5935//8012 5899//8012
f 5928//8025 5897//8027 5894//8024
f 5931//8026 5897//8027 5928//8025
f 6042//8028 5916//7801 6033//8029
f 6042//8028 5917//7803 5916//7801
f 6043//8030 6033//8029 6031//8031
f 6043//8030 6042//8028 6033//8029
f 6044//8032 6031//8031 6030//8033
f 6044//8032 6043//8030 6031//8031
f 6044//8032 6030//8033 6032//8034
f 6045//8035 6032//8036 6034//8037
f 6045//8035 6044//8038 6032//8036
f 6046//8039 6045//8035 6034//8037
f 6047//8040 6034//8037 6035//8041
f 6047//8040 6046//8039 6034//8037
f 6047//8040 6035//8041 6036//8042
f 6048//8043 6047//8040 6036//8042
f 6048//8043 6036//8042 6037//8044
f 6049//8045 6048//8046 6037//8047
f 6049//8045 6037//8047 6038//8048
f 6050//8049 6049//8045 6038//8048
f 6050//8049 6038//8048 6039//8050
f 6051//8051 6050//8052 6039//8053
f 6051//8051 6039//8053 6040//8054
f 6052//8055 6040//8056 6041//8057
f 6052//8055 6051//8058 6040//8056
f 5891//8059 6052//8055 6041//8057
f 5891//8059 6041//8057 5890//8060
f 6050//8061 6053//8061 6054//8061
f 6051//8061 6053//8061 6050//8061
f 6049//8061 6050//8061 6054//8061
f 6049//8061 6054//8061 6055//8061
f 6051//8061 6056//8061 6053//8061
f 6048//8061 6049//8061 6055//8061
f 6048//8061 6055//8061 6057//8061
f 6052//8061 6056//8061 6051//8061
f 6052//8061 6058//8061 6056//8061
f 5891//8061 6058//8061 6052//8061
f 6047//8061 6048//8061 6057//8061
f 6047//8061 6057//8061 6059//8061
f 5891//8061 5860//8061 6058//8061
f 5861//8061 5860//8061 5891//8061
f 5889//8061 5861//8061 5891//8061
f 6046//8061 6047//8061 6059//8061
f 6060//8061 6046//8061 6059//8061
f 5863//8061 5861//8061 5889//8061
f 5892//8061 5863//8061 5889//8061
f 6045//8061 6046//8061 6060//8061
f 6061//8061 6045//8061 6060//8061
f 5865//8061 5863//8061 5892//8061
f 5895//8061 5865//8061 5892//8061
f 6044//8061 6045//8061 6061//8061
f 6062//8061 6044//8061 6061//8061
f 5867//8061 5865//8061 5895//8061
f 5896//8061 5867//8061 5895//8061
f 6043//8061 6044//8061 6062//8061
f 6063//8061 6043//8061 6062//8061
f 5869//8061 5867//8061 5896//8061
f 5898//8061 5869//8061 5896//8061
f 6042//8061 6043//8061 6063//8061
f 6064//8061 6042//8061 6063//8061
f 5872//8061 5869//8061 5898//8061
f 5900//8061 5872//8061 5898//8061
f 6065//8061 6042//8061 6064//8061
f 5917//8061 6042//8061 6065//8061
f 5874//8061 5872//8061 5900//8061
f 5874//8061 5900//8061 5902//8061
f 5886//8061 5917//8061 6065//8061
f 5874//8061 5902//8061 5904//8061
f 5886//8061 5915//8061 5917//8061
f 5876//8061 5874//8061 5904//8061
f 5884//8061 5915//8061 5886//8061
f 5884//8061 5913//8061 5915//8061
f 5876//8061 5904//8061 5906//8061
f 5878//8061 5876//8061 5906//8061
f 5882//8061 5913//8061 5884//8061
f 5882//8061 5911//8061 5913//8061
f 5878//8061 5906//8061 5908//8061
f 5881//8061 5908//8061 5911//8061
f 5881//8061 5911//8061 5882//8061
f 5881//8061 5878//8061 5908//8061
f 5747//7567 5746//7566 5886//8062
f 5747//8063 5886//8063 6065//8063
f 6066//8064 5747//8065 6065//8066
f 6066//8064 6065//8066 6064//8067
f 6067//8068 6064//8068 6063//8068
f 6067//8069 6066//8069 6064//8069
f 6068//8070 6063//8070 6062//8070
f 6068//8071 6067//8071 6063//8071
f 6069//8072 6068//8073 6062//8074
f 6069//8075 6062//8075 6061//8075
f 6070//8076 6069//8077 6061//8078
f 6070//8076 6071//8079 6069//8077
f 6070//8076 6061//8078 6060//8080
f 5778//7622 6070//8081 6060//8082
f 5772//7621 6070//8081 5778//7622
f 5778//8083 6060//8083 6059//8083
f 6072//8084 5778//8084 6059//8084
f 6072//8085 6059//8085 6057//8085
f 6073//8086 6072//8086 6057//8086
f 5981//8087 6057//8088 6055//8089
f 5981//8090 6073//8091 6057//8092
f 5981//8090 5982//8093 6073//8091
f 5734//8094 6055//8094 6054//8094
f 5734//8095 5981//8087 6055//8089
f 5735//8096 5981//8087 5734//8095
f 6074//8097 5734//8098 6054//8099
f 6074//8100 6054//8100 6053//8100
f 6075//8101 6074//8101 6053//8101
f 6075//8102 6053//8102 6056//8102
f 6076//8103 6056//8104 6058//8105
f 6076//8106 6075//8106 6056//8106
f 6077//8107 6058//8107 5860//8107
f 6077//8108 6076//8103 6058//8105
f 5862//8109 6077//8108 5860//8110
f 6078//8111 6079//8112 5773//7615
f 5774//7617 6078//8111 5773//7615
f 5777//8113 6078//8111 5774//7617
f 6080//8015 6078//8111 5777//8113
f 5749//8114 5983//7923 5748//7925
f 5781//8115 6080//8015 5777//8113
f 5783//8116 6080//8015 5781//8115
f 6081//8117 5983//7923 5749//8114
f 6083//8118 6081//8117 5749//8114
f 6084//8119 5757//8120 6085//8011
f 6086//8012 6084//8119 6085//8011
f 6087//8012 6086//8012 6085//8011
f 6087//8012 6085//8011 6080//8015
f 5858//8120 5757//8120 6084//8119
f 5858//8120 5754//8121 5757//8120
f 5737//8122 5980//7918 5736//7920
f 5737//8122 6082//8123 5980//7918
f 6087//8012 6080//8015 5783//8116
f 5718//7517 6083//8118 5749//8114
f 5718//7517 5749//8114 5754//8121
f 5737//8122 6088//8124 6082//8123
f 6089//8015 6087//8012 5783//8116
f 6089//8015 5783//8116 6090//8125
f 5737//8122 6090//8125 6088//8124
f 5856//8126 5754//8121 5858//8120
f 5856//8126 5718//7517 5754//8121
f 5742//8127 6090//8125 5737//8122
f 5742//8127 6089//8015 6090//8125
f 5854//8014 5718//7517 5856//8126
f 5742//8127 6091//8128 6089//8015
f 5854//8014 5720//7520 5718//7517
f 5745//8129 6091//8128 5742//8127
f 5745//8129 6092//8130 6091//8128
f 6093//8131 5715//8132 5720//7520
f 6094//8133 5715//8132 6093//8131
f 6094//8133 5712//7507 5715//8132
f 6093//8131 5854//8014 5852//8012
f 6093//8131 5720//7520 5854//8014
f 6095//8013 6092//8130 5745//8129
f 6094//8133 5711//7508 5712//7507
f 6096//8026 6093//8131 5852//8012
f 5978//7911 5711//7508 6094//8133
f 6096//8026 5852//8012 5850//8134
f 6095//8013 5843//8012 6092//8130
f 5770//8135 5850//8134 5849//8135
f 5770//8135 6096//8026 5850//8134
f 6097//8135 5843//8012 6095//8013
f 5767//8136 5849//8135 5847//8024
f 5767//8136 5770//8135 5849//8135
f 5733//8137 5845//8138 5843//8012
f 5733//8137 5843//8012 6097//8135
f 5731//8139 5733//8137 6097//8135
f 6098//8140 5847//8024 5845//8138
f 6098//8140 5767//8136 5847//8024
f 6098//8140 5845//8138 5733//8137
f 5727//8141 5731//8139 6097//8135
f 5727//8141 6097//8135 6099//8142
f 6098//8140 5762//8143 5767//8136
f 6100//8144 5762//8143 6098//8140
f 5723//7525 6099//8142 5979//7915
f 5724//7527 5727//8141 6099//8142
f 5723//7525 5724//7527 6099//8142
f 6101//8145 5762//8143 6100//8144
f 5984//7928 5761//7930 5762//8143
f 5984//7928 5762//8143 6101//8145
f 6102//8146 5857//8147 5858//8148
f 6102//8146 5858//8148 6084//8149
f 6103//8150 6084//8151 6086//8152
f 6103//8150 6102//8153 6084//8151
f 6104//8154 6103//8150 6086//8152
f 6104//8154 6086//8152 6087//8155
f 6105//8156 6087//8157 6089//8158
f 6105//8159 6104//8154 6087//8155
f 6106//8160 6089//8158 6091//8161
f 6106//8160 6105//8156 6089//8158
f 6106//8160 6091//8161 6092//8162
f 6107//8163 6106//8160 6092//8162
f 5842//7702 6092//8162 5843//7700
f 5842//7702 6107//8163 6092//8162
f 6108//8012 6102//8012 6103//8012
f 6109//8012 6103//8012 6104//8012
f 6109//8012 6108//8012 6103//8012
f 5841//8012 5857//8012 6102//8012
f 5841//8012 6102//8012 6108//8012
f 6110//8012 6104//8012 6105//8012
f 6110//8012 6109//8012 6104//8012
f 5839//8012 5857//8012 5841//8012
f 5839//8012 5855//8012 5857//8012
f 6111//8012 6105//8012 6106//8012
f 6111//8012 6110//8012 6105//8012
f 5837//8012 5853//8012 5855//8012
f 5837//8012 5855//8012 5839//8012
f 6107//8012 6111//8012 6106//8012
f 6107//8012 5829//8012 6111//8012
f 5851//8012 5853//8012 5837//8012
f 5835//8012 5851//8012 5837//8012
f 5842//8012 5829//8012 6107//8012
f 5842//8012 5830//8012 5829//8012
f 5848//8012 5851//8012 5835//8012
f 5848//8012 5835//8012 5833//8012
f 5844//8012 5830//8012 5842//8012
f 5846//8012 5848//8012 5833//8012
f 5846//8012 5833//8012 5830//8012
f 5846//8012 5830//8012 5844//8012
f 6112//8164 5841//7698 6108//8165
f 6112//8164 5840//7697 5841//7698
f 6113//8166 6108//8165 6109//8167
f 6113//8166 6112//8164 6108//8165
f 6113//8166 6109//8167 6110//8168
f 6114//8169 6113//8166 6110//8168
f 6115//8170 6114//8169 6110//8168
f 6115//8170 6110//8168 6111//8171
f 5831//7688 6111//8171 5829//7686
f 5831//7688 6115//8170 6111//8171
f 5838//7695 6112//8164 6113//8012
f 5838//7695 5840//7697 6112//8164
f 5834//7691 5836//7693 5838//7695
f 5834//7691 6113//8012 6114//8012
f 5834//7691 5838//7695 6113//8012
f 5832//7689 6114//8012 6115//8012
f 5832//7689 6115//8012 5831//7688
f 5832//7689 5831//7688 5828//7685
f 5832//7689 5834//7691 6114//8012
f 6118//8172 6119//8061 6117//8173
f 6118//8172 6117//8173 6116//8174
f 6118//8172 6120//8061 6119//8061
f 5827//8175 6120//8061 6118//8172
f 5825//7682 5815//8061 6120//8061
f 5825//7682 6120//8061 5827//8175
f 5822//7679 5821//7678 5819//7676
f 5822//7679 5819//7676 5817//7673
f 5825//7682 5817//7673 5815//8061
f 5825//7682 5822//7679 5817//7673
f 6121//8176 5826//8177 5827//8175
f 6121//8176 5827//8175 6118//8172
f 6121//8176 6118//8172 6116//8174
f 6122//8178 6121//8176 6116//8174
f 6122//8178 6116//8174 6117//8173
f 6123//8179 6122//8180 6117//8181
f 6124//8182 6117//8181 6119//8183
f 6124//8182 6123//8179 6117//8181
f 6125//8184 6119//8183 6120//8185
f 6125//8184 6124//8182 6119//8183
f 6125//8184 6120//8185 5815//7672
f 5814//7674 6125//8184 5815//7672
f 5632//8186 5629//8187 5786//8188
f 5634//8189 5786//8188 6126//8190
f 5634//8189 5632//8186 5786//8188
f 5628//8188 5786//8188 5629//8187
f 5664//8191 5663//8189 6127//8192
f 5664//8191 6127//8192 6128//8061
f 5660//8192 6127//8192 5663//8189
f 5785//8061 5786//8188 5628//8188
f 5636//8193 6126//8190 6129//8061
f 5636//8193 5634//8189 6126//8190
f 5660//8192 6130//8194 6127//8192
f 6131//8195 5785//8061 5628//8188
f 5666//8061 5664//8191 6128//8061
f 6132//8196 6129//8061 6130//8194
f 6132//8196 6130//8194 5660//8192
f 5785//8061 6131//8195 6133//8061
f 5666//8061 6128//8061 6134//8061
f 6134//8061 5669//8061 5666//8061
f 5789//8188 5785//8061 6133//8061
f 5789//8188 6133//8061 6135//8189
f 6124//8197 5636//8193 6129//8061
f 6124//8197 6129//8061 6132//8196
f 6125//8061 5636//8193 6124//8197
f 6123//8061 6132//8196 6136//8061
f 6123//8061 6124//8197 6132//8196
f 6125//8061 5638//8061 5636//8193
f 6137//8198 6138//8191 5669//8061
f 6137//8198 5669//8061 6134//8061
f 5814//8061 5638//8061 6125//8061
f 5814//8061 6139//8061 5638//8061
f 6122//8061 6123//8061 6136//8061
f 6122//8061 6136//8061 6138//8191
f 5816//8192 6139//8061 5814//8061
f 5791//8061 5789//8188 6135//8189
f 5816//8192 6135//8189 6139//8061
f 5816//8192 5791//8061 6135//8189
f 6121//8193 6122//8061 6138//8191
f 6140//8061 6138//8191 6137//8198
f 6140//8061 6121//8193 6138//8191
f 5642//8061 5640//8196 5818//8061
f 5640//8196 5791//8061 5816//8192
f 5640//8196 5792//8199 5791//8061
f 5640//8196 5816//8192 5818//8061
f 5642//8061 5818//8061 5820//8061
f 5640//8196 5795//8193 5792//8199
f 5645//8061 5642//8061 5820//8061
f 6141//8200 5795//8193 5640//8196
f 5645//8061 5820//8061 5823//8061
f 5651//8197 6140//8061 6142//8201
f 5651//8197 6121//8193 6140//8061
f 5649//8061 6121//8193 5651//8197
f 5649//8061 5826//8061 6121//8193
f 5653//8195 5651//8197 6142//8201
f 5812//8202 5653//8195 6142//8201
f 5795//8193 6141//8200 6143//8203
f 5646//8191 5645//8061 5823//8061
f 5646//8191 5823//8061 5824//8189
f 5649//8061 5824//8189 5826//8061
f 5656//8204 5653//8195 5812//8202
f 6144//8192 5824//8189 5649//8061
f 5657//8205 5656//8204 5812//8202
f 5798//8061 5795//8193 6143//8203
f 5798//8061 6145//8061 6146//8061
f 5798//8061 6143//8203 6145//8061
f 5812//8202 5659//8202 5657//8205
f 5810//8191 5659//8202 5812//8202
f 5810//8191 6147//8189 5659//8202
f 5801//8061 6146//8061 6148//8061
f 5801//8061 5798//8061 6146//8061
f 5810//8191 6149//8061 6147//8189
f 5808//8202 6144//8192 6149//8061
f 5808//8202 6149//8061 5810//8191
f 5801//8061 6148//8061 5646//8191
f 5803//8206 5801//8061 5646//8191
f 5806//8061 5646//8191 5824//8189
f 5806//8061 5824//8189 6144//8192
f 5806//8061 6144//8192 5808//8202
f 5803//8206 5646//8191 5806//8061
f 6071//8207 6070//8207 6079//8207
f 5773//7610 6070//8208 5772//7611
f 5773//7615 6079//8112 6070//8209
f 5985//8210 5813//8210 5812//8210
f 5987//8211 5812//8211 6142//8211
f 5987//8212 5985//8212 5812//8212
f 5990//8213 6142//8214 6140//8215
f 5990//8216 5987//8216 6142//8216
f 6140//8215 5992//8217 5990//8213
f 5992//8218 6140//8218 6137//8218
f 5997//8219 6137//8219 6134//8219
f 5997//7956 5992//7952 6137//8220
f 6134//8221 6001//8221 5997//8221
f 6005//8222 6134//8222 6128//8222
f 6005//8223 6001//8223 6134//8223
f 6008//8224 6128//8224 6127//8224
f 6008//7967 6005//7969 6128//8225
f 6127//8226 6010//8226 6008//8226
f 6014//8227 6127//8227 6130//8227
f 6014//8228 6010//8228 6127//8228
f 6016//7977 6014//7979 6130//8229
f 6129//8230 6016//8230 6130//8230
f 6129//8231 6019//8231 6016//8231
f 6022//8232 6129//8233 6126//8234
f 6022//8232 6019//8235 6129//8233
f 6025//8236 6022//8236 6126//8236
f 6025//8237 6126//8237 5786//8237
f 6029//8238 6025//8238 5786//8238
f 6029//8239 5786//8239 5787//8239
f 5982//8240 5980//8240 6150//8240
f 6073//8091 5982//8093 5698//8241
f 5698//8242 5982//8243 6150//8244
f 6150//8245 6151//8246 6152//8247
f 5980//7918 6082//8123 6150//8248
f 6150//8249 6082//8249 6151//8249
f 6151//8246 6088//8250 6152//8247
f 6082//8251 6088//8251 6151//8251
f 6088//8252 6153//8252 6152//8252
f 5780//8253 6153//8254 5783//8255
f 6088//8256 6090//8256 6153//8256
f 6153//8257 6090//8257 5783//8257
f 5695//7484 5778//7622 6072//8012
f 5695//7484 5693//7620 5778//7622
f 5698//7488 6072//8012 6073//8012
f 5698//7488 5695//7484 6072//8012
f 5877//8258 5880//8258 6154//8258
f 5880//8259 5978//8259 6154//8259
f 6155//8260 6094//8260 6156//8260
f 6094//8261 6093//8261 6156//8261
f 6156//8262 6093//8262 6157//8262
f 6093//8263 6096//8263 6157//8263
f 6157//8264 6096//8264 5768//8264
f 6096//8265 5770//7607 5768//7606
f 6154//8266 5978//8267 6155//8268
f 6155//8269 5978//8269 6094//8269
f 6158//8270 5877//8270 6154//8130
f 5875//8012 5877//8270 6158//8270
f 6159//8012 5875//8012 6158//8270
f 5873//8012 5875//8012 6159//8012
f 5871//8016 6159//8012 6160//8271
f 5871//8016 5873//8012 6159//8012
f 5871//8016 6160//8271 5758//8272
f 5760//8273 5871//8016 5758//8272
f 6069//8274 6071//8274 5691//8274
f 6071//8275 6079//8275 5691//8275
f 6161//8276 6078//8276 6162//8276
f 6078//8277 6080//8277 6162//8277
f 6162//8278 6080//8278 6163//8278
f 6080//8279 6085//8279 6163//8279
f 6163//8280 6085//8280 5755//8280
f 6085//8281 5757//7587 5755//7586
f 5691//8282 6079//8282 6161//8282
f 6161//8283 6079//8283 6078//8283
f 5689//8014 6069//8072 5691//8138
f 6068//8073 6069//8072 5689//8014
f 5687//8012 6068//8073 5689//8014
f 6067//8012 6068//8073 5687//8012
f 6067//8012 5687//8012 5685//8012
f 6066//8012 6067//8012 5685//8012
f 6066//8012 5685//8012 5683//8284
f 5747//8285 6066//8012 5683//8284
f 6077//8108 5862//8109 6164//8286
f 5862//7913 5979//7915 6164//8287
f 6165//8288 6099//8288 6166//8288
f 6099//8289 6097//8289 6166//8289
f 6166//8290 6097//8290 6167//8290
f 6097//8291 6095//8291 6167//8291
f 6167//8292 6095//8292 5743//8292
f 6095//8293 5745//7563 5743//7562
f 6164//8294 5979//8295 6165//8296
f 6165//8297 5979//8297 6099//8297
f 5705//8012 6077//8108 6164//8286
f 6076//8103 6077//8108 5705//8012
f 6075//8012 5705//8012 5703//8012
f 6075//8012 6076//8103 5705//8012
f 6074//8097 5703//8012 5701//8298
f 6074//8097 6075//8012 5703//8012
f 5734//8098 5701//8298 5699//8299
f 6074//8097 5701//8298 5734//8098
f 5870//8300 5984//8300 6169//8300
f 5866//7734 5870//7733 6168//8301
f 6168//8302 5870//8303 6169//8304
f 6169//8305 6170//8306 6171//8307
f 5984//7928 6101//8145 6169//8308
f 6169//8309 6101//8309 6170//8309
f 6170//8306 6100//8310 6171//8307
f 6101//8311 6100//8311 6170//8311
f 6100//8312 6172//8312 6171//8312
f 5730//8313 6172//8314 5733//8315
f 6100//8316 6098//8316 6172//8316
f 6172//8317 6098//8317 5733//8317
f 5864//8012 5721//8318 5728//8012
f 6173//8319 5721//8318 5864//8012
f 5866//7734 6173//8319 5864//8012
f 6174//8320 6173//8319 5866//7734
f 6168//8301 6174//8320 5866//7734
f 5888//7765 5983//8321 6175//8322
f 5885//7758 5888//7765 6175//8322
f 6175//8323 6081//8324 6176//8325
f 5983//7923 6081//8117 6175//8326
f 6081//8117 6083//8118 6176//8327
f 6176//8328 6083//8328 6177//8328
f 5719//8329 6179//8330 5718//8331
f 6177//8332 6179//8333 6178//8334
f 6178//8335 6179//8330 5719//8329
f 6083//8336 6179//8337 6177//8338
f 5718//8339 6179//8337 6083//8336
f 6180//8012 5716//7512 5883//7762
f 6180//8012 5707//7510 5716//7512
f 5885//7761 6180//8012 5883//7762
f 6175//8340 6180//8012 5885//7761
f 5691//8193 6161//8341 5693//7612
f 6161//8341 5775//7613 5693//7612
f 6161//8341 6162//8342 5775//7613
f 6162//8342 5779//7624 5775//7613
f 6175//8323 5750//7574 5683//8196
f 6162//8342 5780//8253 5779//7624
f 6162//8342 6163//8195 5780//8253
f 6175//8323 6176//8325 5750//7574
f 6176//8325 6177//8332 5750//7574
f 5750//7574 6177//8332 5751//7575
f 6177//8332 6178//8334 5751//7575
f 5751//7575 6178//8334 5752//8343
f 5752//8343 6178//8334 5753//7582
f 6152//8344 5738//7550 6150//8244
f 5698//8242 5738//7550 5699//8345
f 6150//8244 5738//7550 5698//8242
f 6178//8334 5719//7519 5753//7582
f 6152//8344 5739//7551 5738//7550
f 6153//8254 5740//8346 6152//8344
f 6152//8344 5740//8346 5739//7551
f 5780//8253 5741//7558 6153//8254
f 6153//8254 5741//7558 5740//8346
f 6163//8195 5741//7558 5780//8253
f 6163//8195 5743//7559 5741//7558
f 5755//7583 5743//7559 6163//8195
f 5707//8347 6154//8266 5709//8200
f 5713//8191 6156//8192 5717//7518
f 5717//7518 6156//8192 5719//7519
f 5709//8200 6155//8268 5713//8191
f 5713//8191 6155//8268 6156//8192
f 6156//8192 6157//8197 5719//7519
f 5719//7519 6157//8197 5753//7582
f 6154//8266 6155//8268 5709//8200
f 5753//7582 6157//8197 5755//7583
f 6157//8197 5768//7603 5755//7583
f 5755//7583 5768//7603 5743//7559
f 5743//7559 5768//7603 6167//8189
f 5768//7603 5766//7602 6167//8189
f 5766//7602 5730//8313 6167//8189
f 6167//8189 5730//8313 6166//8348
f 5730//8313 5729//7536 6166//8348
f 5765//8349 6172//8314 5766//7602
f 5766//7602 6172//8314 5730//8313
f 6166//8348 5725//7535 6165//8296
f 5729//7536 5725//7535 6166//8348
f 5764//7595 6171//8350 5765//8349
f 5765//8349 6171//8350 6172//8314
f 5725//7535 6164//8294 6165//8296
f 5725//7535 5721//8351 6164//8294
f 5764//7595 5763//7594 6171//8350
f 5763//7594 6169//8304 6171//8350
f 5758//8352 6168//8302 5763//7594
f 5763//7594 6168//8302 6169//8304
f 5706//7500 6164//7501 6181//8353
f 6181//8354 5721//8354 6182//8354
f 6164//8355 5721//8355 6181//8355
f 5721//8318 6173//8319 6182//8356
f 6182//8357 6173//8358 6183//8359
f 6173//8360 6174//8360 6183//8360
f 6183//8359 6168//8361 6184//8362
f 6174//8320 6168//8301 6183//8363
f 6184//8362 6168//8361 6185//8364
f 6168//8365 5758//8365 6185//8365
f 5758//8272 6160//8271 6185//8366
f 6185//8364 6160//8367 6186//8368
f 6160//8367 6159//8369 6186//8368
f 6186//8370 6159//8371 6187//8372
f 6187//8372 6159//8371 6188//8373
f 6159//8374 6158//8375 6188//8376
f 6188//8376 6158//8375 6189//8377
f 6158//8378 6154//8378 6189//8378
f 6189//8379 6154//8380 6190//8381
f 6154//8380 5707//8382 6190//8381
f 6190//8383 5707//8384 6191//8385
f 5707//8386 6180//8386 6191//8386
f 6191//8385 6180//8387 6192//8388
f 6192//8389 6175//8389 6193//8389
f 6180//8390 6175//8390 6192//8390
f 6193//8391 6175//8391 5684//8391
f 6175//8392 5683//7467 5684//7469
f 5694//8012 5690//7475 5692//7477
f 5696//7486 5690//7475 5694//8012
f 5697//7487 5690//7475 5696//7486
f 6191//8385 6192//8388 6193//8012
f 5702//7495 5688//7471 5690//7475
f 5702//7495 5690//7475 5697//7487
f 5702//7495 5697//7487 5700//7491
f 6190//8383 6193//8012 5684//7464
f 6190//8383 5684//7464 5686//7466
f 6190//8383 6191//8385 6193//8012
f 5702//7495 5686//7466 5688//7471
f 5704//7497 5686//7466 5702//7495
f 6188//8376 6189//8377 6190//8383
f 6186//8368 6188//8376 6190//8383
f 6186//8368 6187//8012 6188//8376
f 6186//8368 6190//8383 5686//7466
f 6182//8357 5706//7500 6181//8012
f 6182//8357 5686//7466 5704//7497
f 6182//8357 6186//8368 5686//7466
f 6182//8357 5704//7497 5706//7500
f 6185//8364 6186//8368 6182//8357
f 6184//8362 6185//8364 6182//8357
f 6184//8362 6182//8357 6183//8359
f 5930//8393 5675//8393 5929//8393
f 5675//8394 5673//8395 5929//8396
f 5673//8395 5670//8397 5929//8396
f 5929//8398 5670//8398 5927//8398
f 5670//8399 6194//8399 5927//8399
f 5927//8400 6194//8401 5926//8402
f 5926//8402 6194//8401 5925//8403
f 6194//8404 6195//8405 5925//8406
f 6011//8407 5680//7456 5679//7455
f 6006//8408 5680//7456 6011//8407
f 6028//8409 5680//7456 5919//8410
f 5682//7463 5680//7456 6028//8409
f 6003//8411 5968//8412 6006//8408
f 5999//8413 5968//8412 6003//8411
f 6006//8408 5968//8412 5680//7456
f 5923//8414 5675//8415 5930//8416
f 5919//8410 5675//8415 5923//8414
f 5680//7456 5675//8415 5919//8410
f 5968//8412 5675//8415 5680//7456
f 5967//8417 5988//8418 5968//8412
f 5675//8415 5936//8419 5674//8420
f 5988//8418 5962//8421 5968//8412
f 5968//8412 5969//8422 5675//8415
f 5968//8412 5962//8421 5969//8422
f 5969//8422 5940//8423 5675//8415
f 5675//8415 5940//8423 5936//8419
f 5962//8421 5959//8424 5969//8422
f 5969//8422 5943//8425 5940//8423
f 5959//8424 5956//8426 5969//8422
f 5969//8422 5947//8427 5943//8425
f 6023//8428 6197//8428 6021//8428
f 6196//8429 6197//8429 6023//8429
f 6197//8430 6198//8430 6021//8430
f 6021//8431 6198//7458 5681//7460
f 5921//8432 6195//8405 5918//8433
f 5925//8406 6195//8405 5921//8432
f 5934//8434 6195//8405 5933//8435
f 5938//8436 6195//8405 5934//8434
f 6026//8437 6196//8438 6023//8439
f 5918//8433 6196//8438 6026//8437
f 6195//8405 6196//8438 5918//8433
f 5941//8440 5973//8441 5938//8436
f 5944//8442 5973//8441 5941//8440
f 5938//8436 5973//8441 6195//8405
f 6196//8438 6012//8443 6015//8444
f 5953//8445 5957//8446 5973//8441
f 6196//8438 6007//8447 6012//8443
f 5957//8446 5960//8448 5973//8441
f 5973//8441 5974//7904 6195//8405
f 6195//8405 5974//7904 6196//8438
f 5974//7904 6007//8447 6196//8438
f 5973//8441 5960//8448 5974//7904
f 5974//7904 6000//8449 6007//8447
f 5960//8448 5986//8450 5974//7904
f 5974//7904 5996//8451 6000//8449
f 5986//8450 5975//7905 5974//7904
f 6196//8452 6015//8452 6197//8452
f 6015//8453 6017//8453 6197//8453
f 6197//8454 6017//8454 6198//8454
f 6017//8455 5676//7451 6198//7450
f 5968//8456 5999//8456 5966//8456
f 5999//8457 5998//8457 5966//8457
f 5966//8458 5998//8458 5964//8458
f 5998//8459 5995//8460 5964//8461
f 5964//8461 5995//8460 5976//8462
f 5995//8463 5994//8464 5976//8465
f 5976//8465 5994//8464 5974//8466
f 5994//8467 5996//8467 5974//8467
f 5947//8427 5969//8422 5949//8468
f 5969//8469 5970//8469 5949//8469
f 5949//8470 5970//8470 5948//8470
f 5970//8471 5971//8471 5948//8471
f 5948//8472 5971//8472 5945//8472
f 5971//8473 5972//8474 5945//8475
f 5945//8475 5972//8474 5944//8476
f 5972//8477 5973//8477 5944//8477
f 5933//8478 6194//8479 5932//8480
f 6195//8405 6194//8481 5933//8435
f 5932//8480 6194//8479 5671//7444
f 6194//8479 5670//7445 5671//7444
f 5669//7443 6138//8482 5668//7442
f 5668//7442 6138//8482 6199//8483
f 6199//8483 6136//8484 6200//8485
f 6138//8482 6136//8484 6199//8483
f 6200//8485 6136//8484 6201//8486
f 6136//8487 6132//8488 6201//8489
f 6201//8489 6132//8488 5661//8490
f 6132//8491 5660//7433 5661//7432
f 5668//7442 5665//7439 5667//7441
f 5668//7442 5662//8061 5665//7439
f 6199//8483 6200//8485 6201//8489
f 6199//8483 5661//8490 5662//8061
f 6199//8483 6201//8489 5661//8490
f 6199//8483 5662//8061 5668//7442
f 5658//7430 5659//7431 6202//8492
f 5659//7431 6147//8493 6202//8492
f 6202//8492 6149//8494 6203//8495
f 6147//8493 6149//8494 6202//8492
f 6149//8494 6144//8496 6203//8495
f 6203//8495 6144//8496 6204//8497
f 6144//8496 5649//7423 6204//8497
f 6204//8497 5649//7423 5650//7420
f 5655//7426 5652//8061 5654//7425
f 6202//8492 6203//8495 6204//8497
f 6202//8492 5650//7420 5652//8061
f 6202//8492 5652//8061 5655//7426
f 6202//8492 6204//8497 5650//7420
f 6202//8492 5655//7426 5658//7430
f 5646//7417 6148//8498 5648//7419
f 5648//7419 6148//8498 6205//8499
f 6148//8500 6146//8501 6205//8499
f 6205//8499 6145//8502 6206//8503
f 6146//8501 6145//8502 6205//8499
f 6145//8502 6143//8504 6206//8503
f 6206//8503 6143//8504 6207//8505
f 6143//8506 6141//8507 6207//8508
f 6207//8508 5640//7413 5641//7410
f 6141//8507 5640//7413 6207//8508
f 5647//7418 5641//8061 5643//7412
f 5647//7418 5643//7412 5644//7414
f 6205//8499 6207//8505 5641//8061
f 6205//8499 6206//8503 6207//8505
f 6205//8499 5641//8061 5647//7418
f 6205//8499 5647//7418 5648//7419
f 5638//7408 6139//8509 5639//7409
f 5639//7409 6139//8509 6208//8510
f 6139//8511 6135//8512 6208//8510
f 6208//8510 6133//8513 6209//8514
f 6135//8512 6133//8513 6208//8510
f 6209//8514 6131//8515 6210//8516
f 6133//8513 6131//8515 6209//8514
f 6210//8516 5628//7398 5630//7400
f 6131//8515 5628//7398 6210//8516
f 5637//7407 5633//7403 5635//7405
f 6208//8510 6210//8516 5630//8061
f 6208//8510 5630//8061 5631//8061
f 6208//8510 5631//8061 5633//7403
f 6208//8510 5633//7403 5637//7407
f 6208//8510 5637//7407 5639//7409
f 6208//8510 6209//8514 6210//8516
o Holybro_Brushless_Motor_2216-880KV003
v 149.244843 16.999977 -160.324112
v 149.378952 17.999977 -160.600769
v 150.063507 16.999977 -161.357056
v 150.071152 17.999977 -161.343597
v 151.318008 17.999977 -161.552307
v 151.314804 16.999977 -161.537155
v 152.346451 16.999977 -160.905273
v 152.252640 17.999977 -160.984314
v 152.716461 17.999977 -160.020416
v 152.706833 16.999977 -159.898117
v 157.935715 16.999977 -151.103790
v 157.957260 17.999977 -151.438995
v 158.333817 16.999977 -152.096588
v 158.697113 17.999977 -152.440887
v 159.373978 16.999977 -152.781601
v 159.709885 17.999977 -152.785141
v 160.808105 16.999977 -152.410278
v 160.892731 17.999977 -152.340240
v 161.466171 16.999977 -151.331390
v 161.525482 17.999977 -151.000763
v 168.096802 16.999977 -158.245346
v 168.065140 17.999977 -158.147324
v 168.747696 16.999977 -159.561127
v 168.849304 17.999977 -159.636414
v 170.190063 16.999977 -159.898804
v 170.297546 17.999977 -159.876099
v 171.274155 16.999977 -159.249313
v 171.180344 17.999977 -159.328354
v 171.644165 17.999977 -158.364441
v 171.659500 16.999977 -157.832809
v 159.330200 16.999975 -167.042892
v 159.441437 17.999975 -167.569687
v 159.844269 16.999975 -168.197327
v 160.276871 17.999975 -168.517883
v 161.203949 16.999975 -168.750595
v 161.753662 17.999975 -168.634521
v 162.507538 16.999975 -168.046890
v 162.867950 17.999975 -167.373306
v 162.892899 16.999975 -166.630417
v 151.498260 21.857292 -151.490097
v 151.200638 21.602280 -148.630951
v 151.511581 22.427681 -148.360413
v 151.972412 22.597382 -151.892624
v 152.179977 22.946169 -147.824707
v 152.774902 22.987885 -152.568634
v 153.136429 21.397680 -170.757095
v 152.975723 22.009354 -167.828278
v 153.431808 22.375103 -170.938370
v 153.321442 22.579357 -167.426056
v 154.269272 22.955803 -171.393265
v 153.949341 22.983509 -166.678314
v 150.028519 21.910364 -168.140198
v 149.375122 22.906654 -167.366653
v 172.429886 45.000370 -157.719467
v 172.502213 24.999962 -158.785446
v 172.159790 44.999985 -161.792908
v 172.034302 24.999977 -162.278214
v 170.983780 44.999981 -164.822708
v 170.653976 24.999971 -165.385406
v 169.039230 44.999977 -167.432419
v 168.464600 24.999971 -167.982910
v 167.158936 44.999977 -168.962860
v 165.556061 24.999985 -169.913956
v 164.855560 44.999989 -170.244583
v 163.161041 24.999973 -170.710129
v 160.600418 44.999981 -171.065918
v 160.603928 24.999975 -171.044449
v 157.245987 24.999985 -170.640991
v 157.989029 44.999989 -170.833374
v 155.505600 45.003071 -169.977753
v 154.046387 24.999971 -169.244370
v 153.384842 44.999977 -168.801987
v 151.439178 24.999973 -167.066498
v 151.016586 44.999981 -166.569534
v 149.540329 24.999975 -164.246292
v 148.974243 44.999989 -163.004013
v 148.472977 24.999962 -160.887802
v 167.965042 45.000034 -149.486023
v 167.616928 46.813053 -149.984604
v 167.297272 45.000904 -150.517761
v 169.074051 47.077095 -148.262421
v 167.833969 49.000702 -149.639542
v 167.050308 48.997803 -151.062012
v 166.776489 45.001907 -152.456070
v 166.983673 46.400036 -151.330994
v 166.785538 48.994728 -152.596954
v 169.257797 45.000000 -148.229996
v 167.068192 48.999027 -153.819778
v 167.079834 45.000916 -153.850861
v 148.483154 45.000011 -157.195297
v 146.799271 47.070213 -156.821335
v 148.637833 49.003513 -157.200562
v 149.715240 49.000561 -157.229080
v 150.225006 45.002022 -157.179581
v 150.468796 47.917675 -157.121750
v 151.233231 48.999489 -156.878632
v 146.744370 44.999977 -156.732651
v 151.519409 45.005188 -156.736145
v 152.617432 45.000351 -155.832687
v 151.902039 48.988434 -156.495941
v 152.484436 46.752686 -155.925323
v 152.705627 48.999966 -155.624802
v 154.295792 45.000328 -171.397324
v 154.261063 46.999977 -171.382004
v 155.643311 48.989223 -169.830078
v 156.844940 48.999878 -167.658661
v 156.374481 45.000431 -168.577728
v 156.898499 45.002384 -167.293976
v 157.239075 45.008797 -165.695816
v 157.234406 45.001881 -164.233047
v 157.250153 48.998802 -164.385742
v 156.603073 45.000313 -162.326111
v 157.119171 46.488411 -163.717575
v 156.656754 48.999332 -162.446564
v 174.237213 47.000473 -158.095291
v 174.234161 44.999977 -158.095078
v 172.200104 48.988804 -157.673721
v 169.719147 48.999874 -157.718719
v 170.753128 45.000507 -157.666718
v 169.376114 45.002392 -157.854843
v 167.821640 45.011726 -158.358765
v 166.556473 45.001644 -159.094437
v 166.680786 48.998802 -159.004517
v 165.220535 45.000313 -160.594803
v 166.167618 46.488300 -159.451996
v 165.298050 48.999332 -160.487991
v 152.705063 45.000237 -147.418869
v 152.740799 46.999977 -147.441330
v 153.334671 45.003075 -149.221222
v 153.393677 48.989220 -149.414368
v 154.673386 48.999878 -151.540741
v 154.112686 45.000431 -150.673767
v 154.962448 45.002384 -151.769455
v 156.176163 45.008797 -152.863434
v 157.445267 45.001881 -153.590790
v 157.305283 48.998802 -153.528122
v 159.412476 45.000313 -153.997513
v 157.949326 46.488518 -153.748734
v 159.281219 48.999332 -153.983780
v 164.600189 47.221069 -169.706039
v 165.355072 47.070152 -171.837219
v 164.783386 49.000786 -170.067154
v 164.250275 49.000561 -169.108353
v 163.952560 45.002022 -168.691650
v 163.780518 47.917770 -168.509384
v 163.187805 48.999489 -167.968964
v 165.305801 44.999977 -171.929398
v 162.921280 45.005188 -167.792343
v 161.589874 45.000351 -167.293198
v 162.522003 48.988434 -167.581116
v 161.736618 46.752510 -167.362061
v 161.365860 48.999966 -167.320740
v 146.608597 18.992868 -157.890305
v 148.482010 16.999409 -158.508011
v 146.614716 18.999977 -160.179916
v 147.016190 19.007486 -155.345779
v 149.546890 16.999836 -154.182358
v 148.297424 18.996464 -152.229004
v 150.945145 17.001326 -151.840454
v 152.475662 17.000139 -150.123596
v 150.735291 19.016352 -149.008072
v 153.109375 18.996332 -147.204636
v 155.722412 17.000086 -148.070999
v 155.539841 18.989817 -145.976105
v 158.464294 17.000051 -147.247238
v 158.066528 18.997049 -145.322876
v 160.351517 18.997057 -145.122940
v 162.723877 16.999552 -147.314255
v 162.953262 18.989820 -145.327499
v 165.562378 18.996550 -146.115982
v 166.691208 17.000139 -148.879959
v 167.580368 18.998867 -147.118210
v 169.703751 19.014145 -148.625702
v 168.496490 17.001326 -150.304871
v 171.535172 18.997356 -150.721390
v 170.280136 16.999836 -152.368332
v 172.974472 19.007490 -153.074677
v 172.080078 16.999409 -156.443512
v 173.817764 18.992876 -155.509842
v 174.209305 18.999977 -157.765701
v 157.176392 16.999977 -159.356705
v 157.224182 14.499975 -159.251709
v 157.332199 14.499976 -158.030380
v 157.578049 16.999977 -157.442413
v 158.122925 14.499977 -156.707077
v 158.905685 16.999977 -156.083572
v 159.438065 14.499977 -155.902817
v 160.908722 16.999977 -155.781616
v 161.393768 14.499977 -155.865906
v 162.325089 16.999977 -156.390976
v 163.207092 14.499977 -157.298264
v 163.461716 16.999977 -157.825699
v 163.627869 14.499975 -159.150787
v 157.392746 58.499981 -158.937027
v 157.409592 52.999981 -158.410248
v 157.755203 58.499981 -157.538025
v 158.472168 52.999981 -156.629257
v 158.776611 58.499981 -156.424698
v 160.514984 52.999981 -155.905731
v 160.514099 58.499981 -155.932266
v 162.214630 58.499981 -156.540131
v 162.580566 52.999981 -156.821442
v 163.291153 58.499981 -157.990067
v 163.379196 52.999981 -158.413300
v 156.386322 52.999981 -158.925079
v 156.455765 48.999981 -159.718826
v 156.459579 48.999977 -158.357681
v 156.869598 52.999981 -157.059784
v 156.956024 48.999981 -156.907730
v 158.164383 52.999981 -155.632660
v 158.648514 48.999981 -155.319885
v 159.585617 52.999977 -155.059097
v 160.546234 48.999977 -154.975052
v 161.029694 52.999981 -155.003876
v 162.045425 48.999981 -155.293091
v 162.738144 52.999981 -155.686859
v 163.506195 48.999981 -156.411591
v 163.778336 52.999977 -156.812302
v 164.197556 48.999977 -157.680695
v 164.342072 52.999981 -158.143021
v 164.431839 48.999981 -159.195236
v 146.554459 46.990955 -158.459457
v 146.614716 24.599977 -160.179916
v 146.578857 24.599977 -158.289932
v 146.644440 47.000450 -160.509354
v 147.007812 24.599976 -155.366348
v 147.417282 44.999985 -154.092484
v 147.996140 24.599977 -152.835327
v 149.835144 45.000000 -149.929260
v 149.526413 24.599966 -150.364838
v 151.226013 46.994705 -148.577332
v 152.226807 24.599981 -147.761444
v 150.021164 47.076599 -149.929138
v 155.569885 24.599976 -145.964828
v 156.596069 44.999977 -145.629318
v 159.202377 24.599976 -145.145309
v 160.085968 44.999977 -145.098038
v 162.921646 24.599976 -145.321609
v 163.595001 44.999981 -145.464737
v 166.526016 24.599981 -146.510406
v 165.990128 45.000523 -146.297668
v 167.653442 46.994701 -147.140198
v 165.964249 46.999977 -146.284424
v 169.637375 24.599966 -148.605255
v 171.573486 24.599977 -150.772568
v 172.361877 44.999985 -151.910172
v 172.986328 24.599976 -153.093552
v 173.483002 44.999977 -154.393326
v 174.108749 24.599979 -156.695831
v 173.961166 46.998451 -156.020508
v 173.444931 47.069241 -154.489700
v 147.616333 24.599977 -157.504395
v 147.682022 24.099977 -161.009659
v 147.657684 24.099977 -157.180389
v 147.704300 24.599977 -161.006088
v 148.302475 24.599977 -154.673782
v 148.302475 24.099977 -154.673782
v 149.382614 24.599977 -152.321640
v 149.554810 24.099977 -152.044113
v 151.703201 24.599977 -149.483765
v 151.946640 24.099977 -149.265961
v 154.729385 24.599977 -147.414566
v 155.024307 24.099977 -147.274185
v 157.481674 24.599977 -146.461380
v 157.481674 24.099977 -146.461380
v 160.044479 24.599977 -146.098419
v 160.371094 24.099977 -146.093231
v 163.686401 24.599977 -146.516342
v 162.943909 24.099977 -146.374710
v 165.725052 24.099977 -147.240082
v 166.390640 24.599977 -147.598343
v 168.565140 24.599977 -149.002274
v 167.948547 24.099977 -148.564972
v 170.003036 24.099977 -150.391907
v 170.575485 24.599977 -151.109848
v 171.591049 24.099977 -152.636292
v 172.032074 24.599977 -153.441650
v 172.701004 24.099977 -155.151718
v 172.923431 24.599977 -156.042465
v 173.213104 24.099977 -157.852859
v 173.279739 24.599977 -158.768738
v 146.557312 20.000456 -160.185013
v 146.557312 22.999544 -160.185013
v 146.687485 24.099947 -161.106857
v 146.873566 20.000071 -155.921951
v 146.578857 24.099977 -158.289932
v 146.873566 22.999893 -155.921982
v 147.003326 24.099985 -155.387787
v 147.999985 20.052940 -152.799240
v 148.425415 20.592018 -152.032593
v 148.630966 21.445267 -151.694519
v 148.346115 24.099266 -152.146194
v 148.388489 22.526447 -152.094040
v 147.911316 22.982069 -152.997025
v 150.707504 24.099905 -149.049026
v 151.460037 20.624880 -148.401154
v 152.205750 20.044180 -147.807785
v 155.673233 19.999796 -145.875900
v 152.992584 24.099977 -147.277740
v 155.673233 23.000143 -145.875900
v 155.560394 24.100018 -145.967850
v 160.098206 19.999901 -145.097061
v 159.202347 24.100021 -145.144943
v 160.098190 23.000048 -145.097061
v 163.656082 19.999945 -145.478333
v 162.931595 24.100018 -145.322937
v 163.656097 23.000010 -145.478333
v 166.616928 20.059875 -146.580917
v 167.354477 20.598724 -146.987610
v 166.526505 24.099392 -146.526428
v 166.399063 22.981125 -146.479340
v 167.692215 21.453129 -147.191299
v 167.294922 22.514368 -146.949158
v 168.947189 24.099977 -148.065323
v 171.057358 20.484943 -150.109222
v 170.745422 21.577097 -149.754456
v 171.675110 20.018839 -150.902618
v 171.057266 24.099413 -150.090149
v 171.026505 22.429926 -150.074844
v 171.568466 22.949718 -150.744888
v 173.215012 20.000071 -153.617371
v 172.994446 24.099985 -153.113815
v 173.215012 22.999893 -153.617386
v 174.266724 20.000456 -157.760696
v 173.916428 24.099977 -155.898209
v 174.266724 22.999544 -157.760696
v 174.298615 24.099947 -158.691208
v 169.332062 21.839083 -166.460159
v 172.321320 22.265926 -166.047699
v 168.855042 22.594330 -166.058502
v 172.845612 22.960325 -165.095581
v 168.047501 22.988480 -165.378555
v 166.969208 22.970972 -151.138748
v 167.731430 22.285917 -150.253372
v 167.932449 21.352642 -150.011780
v 167.614029 20.550505 -150.387543
v 166.907074 20.021553 -151.210373
v 168.246475 20.030504 -165.562607
v 172.738770 20.093290 -165.322571
v 169.221527 20.840519 -166.360123
v 172.229736 21.089586 -166.197861
v 165.651886 48.991451 -148.337341
v 148.580658 48.991638 -159.752914
v 158.036606 49.000599 -170.659576
v 156.006882 46.998714 -172.123215
v 157.775391 47.076607 -172.493378
v 171.716003 49.000507 -155.186813
v 151.478683 49.000599 -151.072250
v 174.215439 18.992882 -160.055298
v 173.950455 20.000072 -162.023743
v 173.807800 19.007498 -162.599976
v 173.950470 22.999893 -162.023651
v 173.820663 24.099985 -162.557999
v 172.526321 18.996557 -165.717407
v 172.457809 24.099348 -165.833344
v 170.016922 19.010025 -168.995361
v 170.114059 24.099960 -168.899658
v 169.340988 20.594904 -169.563766
v 169.629181 21.567762 -169.309464
v 168.606018 20.038530 -170.146255
v 167.720917 18.997667 -170.738647
v 169.312393 22.427740 -169.585236
v 168.644028 22.946167 -170.120926
v 165.950043 19.999941 -171.698975
v 165.284164 18.989819 -171.969528
v 167.831436 24.099974 -170.667877
v 165.949951 23.000006 -171.699005
v 165.263580 24.100012 -171.977798
v 162.512558 19.999899 -172.692230
v 162.757462 18.997046 -172.622772
v 162.512619 23.000044 -172.692230
v 160.472519 18.997032 -172.822662
v 161.621841 24.100018 -172.800659
v 158.019531 19.999796 -172.693634
v 157.870667 18.989811 -172.618103
v 158.019547 23.000139 -172.693634
v 157.892349 24.100012 -172.622665
v 155.261688 18.996531 -171.829651
v 154.240799 20.053827 -171.380951
v 153.243591 18.998871 -170.827377
v 153.489639 20.572250 -170.969528
v 154.298187 24.099392 -171.422729
v 151.131439 19.014004 -169.329758
v 151.876816 24.099974 -169.880280
v 149.912109 20.734030 -168.008255
v 149.289856 18.997044 -167.225067
v 149.230515 20.039631 -167.161652
v 149.763641 24.099440 -167.850784
v 147.849533 19.007488 -164.870911
v 147.608978 20.000069 -164.328156
v 147.829575 24.099981 -164.831802
v 147.608978 22.999891 -164.328171
v 147.006271 18.992868 -162.435791
v 169.641342 24.099974 -167.913818
v 171.269196 24.099974 -165.901505
v 167.540634 24.099974 -169.687408
v 172.521545 24.099977 -163.271835
v 164.239929 24.099974 -171.283310
v 173.166367 24.099977 -160.765106
v 160.616226 24.099974 -171.840530
v 157.880096 24.099974 -171.570892
v 155.252243 24.099974 -170.762512
v 152.875473 24.099974 -169.380646
v 150.705093 24.099974 -167.438110
v 148.791962 24.099974 -164.504013
v 172.868484 24.599977 -162.247238
v 171.441437 24.599974 -165.623932
v 169.120743 24.599974 -168.461929
v 166.748520 24.599974 -170.151855
v 164.233231 24.599974 -171.261749
v 160.616531 24.599974 -171.863113
v 156.982727 24.599974 -171.376831
v 154.433365 24.599974 -170.347275
v 152.139740 24.599974 -168.831268
v 149.780182 24.599974 -166.242584
v 148.444962 24.599977 -163.653870
v 149.866165 24.599974 -167.996597
v 152.645721 24.599972 -170.476959
v 156.010544 24.599966 -172.135849
v 148.237885 24.599974 -165.576828
v 147.118637 24.599979 -162.996674
v 159.726624 24.599974 -172.838089
v 163.494720 24.599974 -172.508438
v 167.032379 24.599966 -171.171555
v 170.058105 24.599972 -168.953476
v 172.364563 24.599972 -166.028305
v 173.547958 24.599977 -163.362488
v 174.202179 24.599979 -160.627075
v 174.077240 45.000004 -161.549881
v 172.654221 44.999985 -165.508423
v 170.613602 44.999977 -168.382294
v 168.600235 45.000523 -170.141403
v 167.033783 46.998714 -171.158478
v 168.624344 46.999977 -170.125381
v 162.564926 44.999981 -172.687119
v 157.863953 45.000023 -172.641800
v 151.999466 44.999977 -170.010910
v 149.490677 44.999985 -167.534958
v 147.401932 45.000000 -163.883774
v 146.644745 45.000290 -160.480087
v 165.603333 48.999989 -167.139587
v 167.002655 48.991447 -168.828430
v 164.575012 48.999969 -164.606033
v 169.922501 48.998684 -155.440414
v 158.524551 48.997547 -169.352554
v 163.903992 48.999981 -160.957748
v 164.543930 48.999996 -162.385269
v 162.962524 48.999977 -162.054169
v 168.725479 48.994595 -155.204224
v 161.709534 48.999981 -162.774170
v 167.733780 48.996845 -154.647232
v 159.462585 48.992195 -168.092789
v 159.791153 48.999981 -162.961807
v 160.448288 48.997265 -167.492828
v 158.020660 48.999981 -162.200089
v 157.045670 48.999977 -161.133316
v 163.209015 48.999969 -152.550949
v 164.888947 48.999989 -150.393646
v 155.390854 48.999996 -160.844986
v 161.301331 48.999996 -153.688232
v 153.451996 48.999969 -159.761444
v 153.015320 48.997650 -154.744232
v 150.743637 48.999989 -159.385239
v 152.988571 48.992191 -153.590591
v 152.366638 48.997551 -152.148376
v 164.309311 52.999981 -159.982513
v 163.393692 52.999981 -161.677979
v 161.716095 52.999981 -162.793396
v 159.794281 52.999981 -162.941727
v 158.008575 52.999981 -162.216415
v 156.794754 52.999981 -160.719040
v 162.351807 52.999981 -161.316406
v 163.299362 52.999981 -159.856277
v 160.309006 52.999981 -162.039871
v 158.562073 52.999981 -161.359222
v 157.664948 52.999981 -160.226135
v 163.334991 58.499981 -159.730072
v 162.368729 58.499981 -161.336853
v 160.609756 58.499981 -161.985809
v 158.908615 58.499981 -161.617630
v 157.721954 58.499981 -160.344254
v 159.105286 14.499975 -161.916595
v 157.681015 14.499975 -160.725571
v 160.622910 14.499975 -162.186676
v 163.205582 14.499975 -160.560760
v 162.156433 14.499975 -161.690781
v 163.529861 16.999977 -159.780518
v 162.565979 16.999977 -161.417603
v 160.762253 16.999977 -162.174484
v 159.234344 16.999977 -161.970566
v 157.976074 16.999977 -161.079849
v 149.060394 17.000126 -162.475937
v 150.543808 16.999832 -165.577179
v 149.406219 16.999977 -158.851532
v 157.686691 17.000084 -170.523331
v 160.529922 17.000050 -170.858459
v 152.327530 17.001322 -167.640732
v 154.132889 17.000137 -169.065704
v 164.713272 16.999550 -170.052765
v 159.597275 16.999975 -166.038895
v 150.853409 16.999977 -157.992554
v 160.384399 16.999975 -165.314575
v 168.348373 17.000139 -167.821976
v 152.382492 16.999977 -158.695618
v 161.865707 16.999975 -165.297241
v 169.878906 17.001324 -166.105118
v 171.277100 16.999836 -163.763290
v 158.444794 16.999977 -149.712570
v 172.199493 17.000126 -160.451477
v 168.363876 16.999977 -157.241333
v 169.104309 16.999977 -156.546692
v 160.055511 16.999977 -149.224884
v 161.243332 16.999977 -150.087494
v 170.954941 16.999977 -156.752731
v 170.147446 16.999977 -156.399643
v 158.146347 46.724354 -170.310349
v 158.357407 44.999947 -169.695145
v 158.713226 46.424969 -169.016220
v 159.243378 45.001255 -168.306351
v 160.377869 45.004688 -167.520966
v 165.708176 44.999954 -148.091934
v 165.025558 44.999882 -150.058517
v 163.618118 44.999969 -152.160965
v 161.623642 44.999985 -153.564194
v 163.285126 44.999985 -147.237579
v 159.356491 44.999992 -146.907913
v 155.544647 44.999985 -147.914810
v 165.825241 44.999855 -167.425369
v 164.708206 44.999973 -165.155350
v 164.490204 44.999985 -162.726379
v 148.360367 44.999962 -159.819046
v 150.385147 44.999855 -159.434525
v 152.909790 44.999973 -159.602173
v 155.122208 44.999985 -160.627823
v 151.353043 44.999977 -150.943512
v 151.726227 46.724384 -151.341888
v 152.153519 44.999947 -151.832352
v 152.563568 46.424980 -152.479935
v 152.913239 45.001255 -153.293930
v 153.026169 45.004688 -154.669159
v 149.100952 44.999981 -154.716263
v 150.327957 44.999977 -152.367188
v 171.905045 44.999962 -155.139420
v 171.454651 46.661957 -155.244598
v 170.655273 45.003178 -155.394913
v 169.849823 46.403572 -155.410721
v 168.823715 45.004372 -155.248505
v 167.761536 45.003578 -154.676041
v 170.812073 44.999981 -152.816788
v 148.375626 24.999977 -158.303696
v 148.778595 24.999979 -155.698761
v 150.174255 24.999979 -152.550751
v 151.753693 24.999977 -150.584976
v 153.690384 24.999973 -148.935928
v 156.712814 24.999981 -147.470245
v 159.361343 24.999977 -146.963715
v 162.057693 24.999981 -147.002655
v 165.288513 24.999964 -147.921173
v 167.482254 24.999977 -149.208908
v 169.379105 24.999979 -150.870590
v 171.300156 24.999979 -153.728409
v 172.149338 24.999977 -156.223770
v 151.550415 20.991858 -151.541794
v 151.961288 20.420582 -151.879257
v 152.712128 20.015472 -152.508789
v 154.002747 20.012314 -166.609711
v 153.327652 20.405628 -167.416992
v 152.930206 21.157076 -167.894379
v 162.678452 17.999975 -166.142395
v 161.749039 17.999975 -165.248444
v 160.078629 17.999975 -165.453583
v 159.404190 17.999975 -166.500626
v 171.445053 17.999977 -157.344803
v 170.570435 17.999977 -156.483734
v 169.305344 17.999977 -156.473328
v 168.571381 17.999977 -156.961288
v 160.741333 17.999977 -149.511658
v 159.070374 17.999977 -149.311081
v 158.164932 17.999977 -150.166351
v 152.517334 17.999977 -159.000748
v 151.780563 17.999977 -158.225281
v 150.526474 17.999977 -158.069504
v 149.643692 17.999977 -158.617264
v 149.179855 17.999977 -159.581192
vn 0.9929 0.0018 -0.1187
vn 0.9550 0.0501 0.2925
vn 0.8793 -0.0131 0.4761
vn 0.4865 0.0125 0.8736
vn 0.4734 -0.0155 0.8807
vn -0.1521 -0.6324 0.7596
vn -0.2019 0.0155 0.9793
vn -0.6902 -0.0087 0.7235
vn -0.5494 -0.6535 0.5207
vn -0.7655 -0.6384 0.0801
vn -0.9404 0.0502 0.3365
vn -0.9998 0.0117 0.0169
vn 0.9989 0.0457 0.0059
vn 0.8680 0.0004 0.4965
vn 0.9710 -0.0260 0.2376
vn 0.8014 -0.0874 0.5918
vn 0.5479 0.0874 0.8320
vn 0.1703 0.0315 0.9849
vn 0.4492 -0.0004 0.8934
vn -0.0353 -0.6434 0.7647
vn -0.6007 0.0273 0.7990
vn -0.5171 -0.6400 0.5683
vn -0.9758 0.0237 0.2173
vn -0.7761 -0.6305 -0.0076
vn 0.9786 0.0011 0.2056
vn 0.6410 0.0011 0.7675
vn 0.5740 -0.0184 0.8187
vn 0.9923 0.0195 0.1220
vn -0.1500 0.0145 0.9886
vn -0.1648 -0.6370 0.7531
vn -0.6902 -0.0024 0.7236
vn -0.5513 -0.6545 0.5173
vn -0.7580 -0.6415 0.1178
vn -0.9575 0.1238 0.2605
vn -0.9852 0.0408 -0.1665
vn 0.9972 0.0347 0.0660
vn 0.7024 0.0421 0.7105
vn 0.9295 -0.0269 0.3679
vn 0.3462 -0.6377 0.6880
vn -0.0363 0.0288 0.9989
vn -0.2971 -0.6272 0.7200
vn -0.7775 0.0163 0.6287
vn -0.7501 -0.6264 0.2120
vn -0.9783 0.0515 -0.2008
vn 0.9956 -0.0634 0.0690
vn 0.9947 -0.0135 0.1023
vn 0.9269 -0.3699 0.0635
vn 0.8598 -0.5030 0.0880
vn 0.5929 -0.8043 0.0387
vn 0.4717 -0.8803 0.0514
vn 0.9973 0.0088 0.0726
vn 0.9925 0.0637 0.1046
vn 0.9318 -0.3567 0.0679
vn 0.9450 -0.3107 0.1020
vn 0.8349 -0.5473 0.0581
vn 0.5071 -0.8610 0.0395
vn 0.0588 -0.9982 0.0099
vn 0.0621 -0.9953 0.0745
vn 0.5923 -0.8031 0.0653
vn -0.0920 -0.0286 0.9954
vn -0.0860 -0.3625 0.9280
vn -0.0644 0.0194 0.9977
vn -0.0405 -0.6292 0.7762
vn -0.0700 -0.5465 0.8346
vn -0.0631 -0.8548 0.5151
vn 0.0046 -0.9967 0.0809
vn -0.4390 0.8966 0.0588
vn -0.9911 0.0030 0.1328
vn -0.6912 0.6969 0.1915
vn -0.9974 0.0002 -0.0717
vn -0.9978 -0.0071 0.0662
vn -0.9993 -0.0016 -0.0376
vn -0.9139 0.0036 0.4060
vn -0.4323 0.8810 0.1921
vn -0.9322 -0.0029 0.3618
vn -0.7646 0.0042 0.6445
vn -0.8019 -0.0036 0.5975
vn -0.2552 0.8872 0.3844
vn -0.5531 0.0047 0.8331
vn -0.2523 0.8899 0.3800
vn -0.6313 -0.0032 0.7756
vn -0.4862 -0.0026 0.8738
vn -0.4741 -0.0017 0.8805
vn -0.3291 0.0038 0.9443
vn -0.3154 0.0046 0.9489
vn -0.1895 -0.0068 0.9819
vn -0.0312 0.7398 0.6721
vn -0.1374 -0.0000 0.9905
vn -0.0038 0.6805 0.7327
vn 0.1866 0.6925 0.6969
vn 0.4214 0.6539 0.6283
vn 0.3257 -0.0030 0.9455
vn 0.4000 0.0044 0.9165
vn 0.1846 0.8872 0.4229
vn 0.4849 -0.0033 0.8746
vn 0.6411 0.0042 0.7675
vn 0.6859 -0.0036 0.7277
vn 0.8295 0.0036 0.5585
vn 0.8677 -0.0063 0.4970
vn 0.9530 0.0082 0.3029
vn 0.9791 -0.0032 0.2032
vn 0.9855 0.0053 0.1694
vn 0.9841 -0.0039 0.1775
vn 0.8394 0.0118 -0.5433
vn 0.7611 0.0267 -0.6481
vn 0.9637 0.0655 -0.2589
vn 0.9087 -0.0380 -0.4157
vn 0.8758 -0.0108 -0.4825
vn 0.2576 0.9555 -0.1438
vn 0.5588 0.8293 -0.0011
vn 0.9021 0.0215 -0.4309
vn 0.3290 0.8816 -0.3386
vn 0.8993 0.0897 0.4280
vn 0.7906 0.4529 0.4122
vn 0.7653 -0.0299 -0.6430
vn 0.9853 -0.0081 -0.1709
vn 0.9854 -0.0078 -0.1703
vn 0.9854 -0.0077 -0.1700
vn 0.9771 0.0053 0.2125
vn 0.9070 -0.0006 0.4211
vn 0.8999 -0.0008 0.4361
vn 0.9743 0.0011 0.2252
vn 0.9852 -0.0083 -0.1711
vn -0.0091 0.0017 1.0000
vn -0.2984 0.9317 0.2071
vn 0.0266 0.1169 0.9928
vn 0.0152 0.8602 0.5098
vn -0.2246 -0.0599 0.9726
vn 0.2570 0.0346 0.9658
vn -0.8229 0.0480 0.5662
vn -0.8276 0.0223 0.5609
vn -0.2753 0.4304 0.8596
vn -0.3507 0.4901 0.7980
vn 0.2088 -0.0068 0.9779
vn -0.1272 -0.9184 0.3746
vn -0.1072 -0.9447 0.3100
vn -0.3241 0.0083 0.9460
vn -0.3886 -0.0182 0.9212
vn -0.4889 0.1524 0.8589
vn -0.0521 -0.0154 0.9985
vn -0.6354 -0.0074 0.7722
vn -0.6626 0.0185 0.7487
vn -0.7306 -0.0194 0.6826
vn -0.7348 -0.0184 0.6781
vn -0.7475 0.0012 0.6642
vn -0.8749 0.0123 0.4841
vn -0.7610 -0.0182 0.6485
vn -0.8495 -0.0212 0.5272
vn -0.9917 -0.0376 0.1228
vn -0.3458 -0.9277 0.1405
vn -0.3810 -0.9109 0.1586
vn -0.9256 0.0221 0.3778
vn -0.9780 0.0059 0.2084
vn -0.9971 -0.0761 -0.0035
vn -0.9961 0.0299 -0.0828
vn -0.9898 0.0138 -0.1421
vn -0.9733 -0.0102 -0.2293
vn -0.3230 -0.9400 -0.1096
vn -0.2073 -0.9757 -0.0704
vn -0.9487 0.0354 -0.3141
vn -0.9559 -0.0280 -0.2925
vn -0.8890 -0.0019 -0.4578
vn -0.8316 -0.0056 -0.5553
vn -0.9383 0.0022 -0.3457
vn -0.2038 0.0002 -0.9790
vn -0.1213 0.0024 -0.9926
vn 0.8986 -0.0040 -0.4387
vn 0.3393 0.5146 -0.7874
vn -0.2031 -0.0005 -0.9792
vn 0.3847 0.5511 -0.7405
vn 0.0182 0.0125 -0.9998
vn -0.0314 -0.0211 -0.9993
vn 0.3895 -0.0376 -0.9203
vn 0.0503 -0.9281 -0.3689
vn 0.0521 -0.9112 -0.4087
vn 0.1353 0.0221 -0.9906
vn 0.3084 0.0059 -0.9512
vn 0.5017 -0.0760 -0.8617
vn 0.5696 0.0300 -0.8214
vn 0.6179 0.0138 -0.7861
vn 0.6852 -0.0102 -0.7283
vn 0.2568 -0.9399 -0.2250
vn 0.1646 -0.9757 -0.1444
vn 0.7464 0.0354 -0.6646
vn 0.7312 -0.0280 -0.6816
vn 0.8410 -0.0019 -0.5410
vn 0.8967 -0.0056 -0.4425
vn 0.7685 0.0022 -0.6398
vn 0.9490 0.0012 0.3153
vn 0.8567 0.0123 0.5157
vn 0.9440 -0.0132 0.3297
vn 0.8813 -0.0212 0.4721
vn 0.6022 -0.0376 0.7975
vn 0.2946 -0.9277 0.2293
vn 0.3279 -0.9109 0.2506
vn 0.7900 0.0221 0.6127
vn 0.6695 0.0059 0.7428
vn 0.4955 -0.0761 0.8653
vn 0.4264 0.0299 0.9040
vn 0.3718 0.0138 0.9282
vn 0.2881 -0.0103 0.9576
vn 0.0666 -0.9400 0.3345
vn 0.0427 -0.9757 0.2147
vn 0.2024 0.0354 0.9787
vn 0.2246 -0.0280 0.9740
vn 0.0480 -0.0019 0.9988
vn -0.0652 -0.0056 0.9979
vn 0.1698 0.0022 0.9855
vn -0.9416 0.0288 -0.3356
vn -0.6609 0.3894 -0.6416
vn -0.1417 0.6474 -0.7488
vn -0.5558 -0.7661 -0.3227
vn -0.4481 -0.8050 -0.3888
vn -0.8642 0.0225 -0.5026
vn -0.0310 0.9330 -0.3585
vn -0.8687 0.1097 -0.4830
vn -0.4479 0.8588 -0.2487
vn -0.8319 -0.0268 -0.5542
vn -0.7300 -0.0599 -0.6808
vn -0.9655 0.0345 -0.2580
vn -0.0605 0.0478 -0.9970
vn -0.0886 0.0256 -0.9957
vn -0.9429 -0.0279 -0.3320
vn -0.2149 -0.9447 -0.2478
vn -0.6572 0.0083 -0.7537
vn -0.6035 -0.0182 -0.7972
vn -0.4993 0.1525 -0.8529
vn -0.8287 -0.0139 -0.5595
vn -0.3510 -0.0074 -0.9363
vn -0.3171 0.0185 -0.9482
vn -0.2258 -0.0194 -0.9740
vn -0.2198 -0.0183 -0.9754
vn -0.7293 -0.6841 -0.0041
vn -0.6579 -0.7354 0.1620
vn -0.7054 -0.6991 0.1170
vn -0.5889 -0.7014 0.4014
vn -0.5952 -0.7205 0.3558
vn -0.5864 -0.7016 0.4048
vn -0.6718 -0.6882 0.2737
vn -0.5800 -0.6834 0.4432
vn -0.5248 -0.7115 0.4673
vn -0.3655 -0.7294 0.5782
vn -0.5485 -0.4298 0.7173
vn -0.5817 -0.3539 0.7324
vn -0.4390 -0.6944 0.5702
vn -0.3237 -0.7000 0.6366
vn -0.2055 -0.7000 0.6839
vn -0.1713 -0.7218 0.6706
vn 0.0106 -0.7332 0.6799
vn -0.0820 -0.3381 0.9375
vn -0.0714 -0.5727 0.8167
vn -0.0623 -0.6989 0.7125
vn 0.0533 -0.7085 0.7036
vn 0.2495 -0.7338 0.6319
vn 0.2074 -0.7030 0.6803
vn 0.3811 -0.5176 0.7661
vn 0.4010 -0.4347 0.8064
vn 0.3172 -0.7026 0.6370
vn 0.4456 -0.6953 0.5639
vn 0.4072 -0.7166 0.5663
vn 0.5295 -0.7095 0.4650
vn 0.5304 -0.7105 0.4624
vn 0.5308 -0.7122 0.4593
vn 0.5291 -0.7078 0.4681
vn 0.6198 -0.7354 0.2738
vn 0.6152 -0.6943 0.3733
vn 0.6743 -0.6991 0.2377
vn 0.7190 -0.6841 0.1226
vn -0.9594 0.0126 -0.2817
vn -0.7343 -0.6747 -0.0746
vn -0.3691 -0.9288 0.0326
vn -0.9523 0.0221 0.3043
vn -0.9776 0.0479 0.2051
vn -0.9128 -0.0063 0.4084
vn -0.8579 -0.0362 0.5126
vn -0.4538 0.0278 0.8907
vn -0.7144 0.0496 0.6980
vn -0.3467 -0.8156 0.4632
vn -0.2060 -0.6611 0.7215
vn 0.1240 0.0254 0.9920
vn 0.2370 -0.6501 0.7219
vn 0.4947 -0.0018 0.8691
vn 0.6426 -0.6514 0.4035
vn 0.8694 0.0156 0.4938
vn 0.7828 0.0511 0.6202
vn 0.3644 -0.9276 0.0828
vn -0.6585 0.6612 0.3595
vn -0.7505 0.6608 0.0050
vn -0.9807 -0.0191 0.1944
vn -0.8584 -0.0273 0.5122
vn -0.3948 0.6533 0.6460
vn -0.4015 -0.0118 0.9158
vn 0.0374 -0.0145 0.9992
vn 0.0256 0.6463 0.7627
vn 0.4482 0.6510 0.6126
vn 0.6900 -0.0165 0.7236
vn 0.7188 0.6504 0.2457
vn 0.9800 -0.0108 0.1987
vn -0.9838 0.0183 -0.1785
vn -0.9986 -0.0068 -0.0530
vn -0.9998 -0.0179 0.0028
vn -0.8787 0.0110 0.4772
vn -0.9526 -0.0010 0.3041
vn -0.8426 -0.0124 0.5384
vn -0.9679 0.0178 0.2508
vn -0.5769 0.0116 0.8167
vn -0.4486 -0.0186 0.8935
vn -0.2046 0.0134 0.9788
vn 0.0158 -0.0167 0.9997
vn 0.0125 0.0057 0.9999
vn 0.2075 -0.0180 0.9781
vn 0.4326 0.0138 0.9015
vn 0.3711 0.0271 0.9282
vn 0.5532 -0.0138 0.8329
vn 0.6077 -0.0271 0.7937
vn 0.8411 0.0122 0.5407
vn 0.8528 -0.0057 0.5223
vn 0.9465 -0.0122 0.3223
vn 0.7342 0.0180 0.6786
vn 0.9394 0.0057 0.3429
vn 0.9881 -0.0180 0.1528
vn -0.9998 -0.0012 -0.0190
vn -0.9990 0.0007 -0.0438
vn -0.9896 -0.0030 0.1441
vn -0.9894 -0.0031 0.1452
vn -0.9915 0.0175 0.1290
vn -0.9690 0.0040 0.2470
vn -0.9315 -0.0040 0.3637
vn -0.8501 0.0016 0.5266
vn -0.8647 0.0064 0.5022
vn -0.6940 -0.0048 0.7199
vn -0.7221 0.0352 0.6909
vn -0.9625 0.0843 0.2578
vn -0.8493 0.4541 0.2693
vn -0.6934 -0.0049 0.7206
vn -0.6043 0.0055 0.7967
vn -0.6077 0.0108 0.7941
vn -0.4813 -0.0034 0.8766
vn -0.5999 0.0197 0.7998
vn -0.4734 -0.0037 0.8809
vn -0.4178 0.0061 0.9085
vn -0.2201 -0.0050 0.9755
vn -0.1505 0.0042 0.9886
vn 0.0473 -0.0044 0.9989
vn 0.1039 0.0035 0.9946
vn 0.3132 -0.0037 0.9497
vn 0.3843 0.3483 0.8550
vn 0.1440 0.8987 0.4142
vn 0.3789 0.0003 0.9254
vn 0.4514 0.0007 0.8923
vn 0.4519 -0.0001 0.8921
vn 0.5585 -0.0048 0.8295
vn 0.5913 0.0354 0.8057
vn 0.5577 -0.0049 0.8300
vn 0.7458 0.0016 0.6662
vn 0.8542 -0.0040 0.5200
vn 0.7644 0.0064 0.6447
vn 0.7195 0.0223 0.6942
vn 0.9547 -0.0043 0.2975
vn 0.9548 -0.0043 0.2973
vn 0.9114 0.0040 0.4115
vn 0.9537 0.0165 0.3002
vn 0.7153 0.0447 0.6974
vn 0.9913 0.0026 0.1319
vn -0.9971 -0.0305 0.0700
vn -0.9884 0.0280 -0.1495
vn -0.9869 0.0176 0.1607
vn -0.9879 0.0451 -0.1482
vn -0.9689 0.0088 0.2475
vn -0.9685 -0.0000 0.2491
vn -0.8677 -0.0182 0.4967
vn -0.9080 -0.0088 0.4188
vn -0.8192 0.0270 0.5729
vn -0.9088 -0.0000 0.4173
vn -0.7022 -0.0231 0.7116
vn -0.6294 0.0230 0.7768
vn -0.4786 -0.0270 0.8776
vn -0.3974 0.0182 0.9174
vn -0.3156 0.0088 0.9488
vn -0.3140 -0.0000 0.9494
vn -0.0513 -0.0182 0.9985
vn -0.1385 -0.0088 0.9903
vn 0.0377 0.0368 0.9986
vn -0.1402 -0.0000 0.9901
vn 0.2581 -0.1129 0.9595
vn 0.1442 0.0655 0.9874
vn 0.2929 -0.1683 0.9412
vn 0.5107 -0.0655 0.8573
vn 0.3662 0.1683 0.9152
vn 0.4028 0.1233 0.9070
vn 0.6320 -0.1192 0.7658
vn 0.5408 0.0664 0.8385
vn 0.6555 -0.1636 0.7372
vn 0.8048 -0.0445 0.5919
vn 0.7142 0.1605 0.6813
vn 0.7360 0.1152 0.6671
vn 0.8566 0.0455 0.5140
vn 0.8990 -0.1102 0.4239
vn 0.9039 -0.1549 0.3988
vn 0.9780 -0.0455 0.2036
vn 0.9480 0.1102 0.2986
vn 0.9928 0.0445 0.1112
vn 0.9346 0.1549 0.3203
vn 0.9933 -0.1153 0.0093
vn -0.9948 -0.0523 -0.0871
vn -0.9942 -0.0626 -0.0870
vn -0.9984 -0.0573 -0.0028
vn -0.9861 -0.0499 0.1582
vn -0.9904 0.1170 0.0735
vn -0.9956 0.0856 -0.0384
vn -0.9824 -0.0347 -0.1837
vn -0.9940 0.0249 -0.1068
vn -0.9915 -0.1073 0.0736
vn -0.9884 0.0464 0.1446
vn -0.9236 -0.0552 0.3795
vn -0.9392 0.0611 0.3378
vn -0.8657 0.0078 0.5006
vn -0.8777 0.0114 0.4790
vn -0.8280 -0.0109 0.5607
vn -0.9413 -0.0510 0.3337
vn -0.7982 -0.0109 0.6023
vn -0.8610 0.0249 0.5080
vn -0.9217 0.0679 0.3818
vn -0.9086 0.0368 0.4160
vn -0.8694 -0.0070 0.4940
vn -0.7907 -0.0089 0.6122
vn -0.8061 0.0120 0.5917
vn -0.7869 0.0007 0.6170
vn -0.7951 0.0178 0.6062
vn -0.6417 0.0037 0.7669
vn -0.6427 0.0019 0.7661
vn -0.6488 0.0032 0.7609
vn -0.6128 -0.0447 0.7890
vn -0.6323 0.0149 0.7745
vn -0.6531 -0.0022 0.7573
vn -0.4842 0.0838 0.8709
vn -0.4510 -0.0290 0.8921
vn -0.6117 0.0567 0.7891
vn -0.4851 -0.0715 0.8715
vn -0.4542 0.0278 0.8904
vn -0.2496 -0.0629 0.9663
vn -0.1719 0.1283 0.9767
vn -0.0871 -0.0477 0.9951
vn -0.2200 0.0588 0.9737
vn -0.1725 -0.0978 0.9801
vn 0.0784 -0.0059 0.9969
vn 0.1063 0.0741 0.9916
vn 0.0475 0.0820 0.9955
vn 0.1063 -0.0701 0.9919
vn 0.2889 -0.0583 0.9556
vn 0.3471 0.0649 0.9356
vn 0.4443 -0.0495 0.8945
vn 0.4845 -0.0030 0.8748
vn 0.3166 0.0749 0.9456
vn 0.4445 0.0103 0.8957
vn 0.3428 0.0005 0.9394
vn 0.4046 -0.0076 0.9145
vn 0.5123 0.0022 0.8588
vn 0.5770 -0.0052 0.8168
vn 0.5695 -0.0023 0.8220
vn 0.5789 -0.0021 0.8154
vn 0.5125 0.0195 0.8584
vn 0.5671 0.0057 0.8236
vn 0.5497 0.0152 0.8352
vn 0.5362 0.0350 0.8434
vn 0.7164 0.0138 0.6975
vn 0.7311 -0.0023 0.6822
vn 0.7466 -0.0162 0.6651
vn 0.6969 0.0173 0.7170
vn 0.7526 -0.0290 0.6579
vn 0.8187 -0.0103 0.5742
vn 0.7893 0.0008 0.6141
vn 0.8323 -0.0157 0.5540
vn 0.7236 0.0041 0.6902
vn 0.7674 -0.0083 0.6412
vn 0.8529 -0.0243 0.5215
vn 0.7808 -0.0087 0.6248
vn 0.8685 0.0587 0.4922
vn 0.8401 0.0670 0.5382
vn 0.8667 -0.0532 0.4959
vn 0.9437 -0.0498 0.3271
vn 0.9626 0.1169 0.2444
vn 0.9942 -0.0626 0.0870
vn 0.9948 -0.0523 0.0871
vn 0.9837 -0.0573 0.1706
vn 0.9483 0.0464 0.3140
vn 0.9637 -0.1072 0.2446
vn 0.9993 -0.0359 -0.0070
vn 0.9871 0.0856 0.1351
vn 0.9976 0.0258 0.0637
vn -0.1085 0.3172 0.9421
vn -0.1194 -0.1166 0.9860
vn -0.0752 0.0570 0.9955
vn -0.0494 -0.4931 0.8685
vn -0.0330 -0.8812 0.4716
vn -0.0763 -0.7851 0.6146
vn 0.0682 -0.7598 -0.6466
vn 0.0467 -0.8072 -0.5884
vn 0.1067 -0.2276 -0.9679
vn 0.0664 -0.3700 -0.9267
vn 0.0815 0.3961 -0.9146
vn 0.0605 0.3240 -0.9441
vn 0.0621 0.8144 -0.5769
vn 0.0320 0.8725 -0.4877
vn -0.0097 0.9934 0.1146
vn -0.0207 0.9916 0.1274
vn -0.0467 0.7288 0.6831
vn -0.0937 0.6296 0.7712
vn -0.0708 0.2218 0.9725
vn 0.3230 0.7034 0.6332
vn 0.4226 0.6917 0.5857
vn 0.1772 0.9362 0.3037
vn 0.3554 0.7163 0.6006
vn -0.2023 0.5135 -0.8339
vn -0.7060 0.7081 -0.0107
vn -0.3513 0.9047 -0.2409
vn -0.7155 0.6948 0.0733
vn -0.2774 0.7034 -0.6545
vn 0.3701 0.8262 -0.4247
vn -0.2316 0.7162 -0.6584
vn -0.1188 0.9365 -0.3300
vn -0.1770 0.6915 -0.7003
vn 0.7053 0.7026 0.0945
vn 0.1997 0.8207 0.5353
vn 0.6864 0.7155 0.1302
vn 0.3369 0.9395 0.0612
vn 0.0628 0.3844 0.9210
vn 0.4035 0.6042 0.6871
vn 0.6925 0.6927 0.2015
vn -0.4280 0.7034 0.5675
vn -0.5529 0.8262 -0.1082
vn -0.4544 0.7162 0.5298
vn -0.2266 0.9364 0.2682
vn -0.5179 0.6915 0.5035
vn 0.9984 -0.0573 0.0029
vn 0.9861 -0.0498 -0.1583
vn 0.9904 0.1170 -0.0735
vn 0.9931 -0.0911 -0.0737
vn 0.9908 0.0574 -0.1225
vn 0.8974 -0.0144 -0.4411
vn 0.9241 -0.0423 -0.3797
vn 0.8633 -0.0261 -0.5041
vn 0.9373 0.0641 -0.3425
vn 0.9399 -0.0530 -0.3374
vn 0.8172 -0.0165 -0.5762
vn 0.8799 -0.0076 -0.4751
vn 0.8789 -0.0097 -0.4769
vn 0.9398 -0.0324 -0.3403
vn 0.9213 0.0654 -0.3834
vn 0.7937 -0.0270 -0.6077
vn 0.9523 -0.0359 -0.3031
vn 0.7855 -0.0034 -0.6188
vn 0.7944 0.0134 -0.6072
vn 0.6409 0.0026 -0.7676
vn 0.5800 -0.3560 -0.7327
vn 0.6413 -0.0017 -0.7673
vn 0.6474 -0.0003 -0.7622
vn 0.6130 -0.0425 -0.7889
vn 0.5481 -0.4277 -0.7188
vn 0.6322 0.0145 -0.7747
vn 0.6529 -0.0024 -0.7575
vn 0.5030 0.0628 -0.8620
vn 0.4503 -0.0582 -0.8910
vn 0.6114 0.0565 -0.7893
vn 0.5039 -0.0538 -0.8621
vn 0.4537 0.0577 -0.8893
vn 0.2768 0.0741 -0.9581
vn 0.2503 -0.0059 -0.9682
vn 0.2769 -0.0701 -0.9583
vn 0.0714 -0.5727 -0.8167
vn 0.0871 -0.0477 -0.9951
vn 0.0820 -0.3381 -0.9375
vn 0.2196 0.0821 -0.9721
vn 0.0003 0.1284 -0.9917
vn -0.0780 -0.0629 -0.9950
vn 0.0003 -0.0979 -0.9952
vn -0.0476 0.0588 -0.9971
vn -0.2892 -0.0289 -0.9568
vn -0.3259 0.0849 -0.9416
vn -0.3801 -0.5212 -0.7641
vn -0.4443 -0.0494 -0.8945
vn -0.4017 -0.4316 -0.8077
vn -0.4823 -0.0037 -0.8760
vn -0.4312 0.0028 -0.9022
vn -0.3274 -0.0161 -0.9448
vn -0.4129 -0.0130 -0.9107
vn -0.3166 0.0246 -0.9482
vn -0.5114 0.0023 -0.8594
vn -0.5726 -0.0082 -0.8198
vn -0.5724 -0.0030 -0.8200
vn -0.5784 -0.0019 -0.8157
vn -0.5400 0.0135 -0.8416
vn -0.5512 0.0203 -0.8341
vn -0.7012 0.0256 -0.7125
vn -0.7368 -0.0029 -0.6761
vn -0.7465 -0.0184 -0.6651
vn -0.7447 -0.0137 -0.6673
vn -0.7522 -0.0274 -0.6584
vn -0.7766 -0.0059 -0.6300
vn -0.7631 0.0233 -0.6459
vn -0.6926 0.0115 -0.7212
vn -0.7224 0.0040 -0.6915
vn -0.8067 0.0221 -0.5906
vn -0.8529 -0.0168 -0.5218
vn -0.8667 0.0607 -0.4951
vn -0.8407 0.0552 -0.5386
vn -0.8640 -0.0559 -0.5005
vn -0.9437 -0.0499 -0.3271
vn -0.9626 0.1169 -0.2444
vn -0.9837 -0.0573 -0.1706
vn -0.9545 0.0574 -0.2927
vn -0.9652 -0.0911 -0.2450
vn 0.0005 1.0000 -0.0002
vn 0.0001 1.0000 -0.0000
vn -0.0000 1.0000 -0.0000
vn 0.0001 1.0000 -0.0002
vn -0.0000 1.0000 -0.0001
vn -0.0000 1.0000 0.0001
vn -0.0003 1.0000 -0.0004
vn 0.0001 1.0000 0.0002
vn -0.0002 1.0000 -0.0004
vn 0.0004 1.0000 0.0003
vn 0.0004 1.0000 0.0002
vn -0.0000 1.0000 -0.0002
vn -0.0004 1.0000 -0.0002
vn -0.0000 1.0000 0.0002
vn 0.0003 1.0000 0.0004
vn -0.0002 1.0000 0.0002
vn -0.0006 1.0000 0.0003
vn -0.0006 1.0000 0.0002
vn -0.0001 1.0000 0.0001
vn 0.9869 -0.1605 -0.0158
vn 0.9662 -0.1123 -0.2321
vn 0.9649 0.2366 -0.1141
vn 0.9724 0.1939 -0.1300
vn 0.9561 -0.1594 -0.2459
vn 0.8688 -0.0085 -0.4951
vn 0.9107 0.1406 -0.3883
vn 0.8197 0.0368 -0.5716
vn 0.9098 0.1566 -0.3845
vn 0.6700 -0.1089 -0.7343
vn 0.7530 0.0664 -0.6546
vn 0.6364 -0.1637 -0.7538
vn 0.4560 -0.0858 -0.8859
vn 0.5528 0.1082 -0.8263
vn 0.2874 0.0302 -0.9573
vn 0.5727 0.1605 -0.8039
vn 0.2858 0.0451 -0.9572
vn 0.0256 -0.0302 -0.9992
vn 0.0272 -0.0451 -0.9986
vn -0.1563 0.0867 -0.9839
vn -0.2647 -0.1030 -0.9588
vn -0.2905 -0.1548 -0.9443
vn -0.4866 -0.0455 -0.8724
vn -0.3699 0.1548 -0.9161
vn -0.3952 0.1102 -0.9120
vn -0.5661 0.0446 -0.8231
vn -0.6434 -0.1152 -0.7568
vn -0.6583 -0.1605 -0.7355
vn -0.8132 -0.1851 -0.5517
vn -0.7181 0.2367 -0.6545
vn -0.7383 0.1851 -0.6486
vn -0.8139 -0.2367 -0.5307
vn -0.9417 -0.0858 -0.3253
vn -0.8965 0.1082 -0.4295
vn -0.8772 0.1605 -0.4525
vn -0.0000 -1.0000 -0.0000
vn 0.9977 -0.0015 0.0674
vn 0.9997 -0.0045 0.0238
vn 0.9981 0.0051 -0.0610
vn 0.9990 0.0041 -0.0454
vn 0.9768 -0.0055 -0.2143
vn 0.9726 -0.0046 -0.2326
vn 0.9140 -0.0026 -0.4057
vn 0.9410 0.0056 -0.3383
vn 0.7853 -0.0040 -0.6192
vn 0.8154 0.0032 -0.5790
vn 0.4257 0.7626 -0.4871
vn 0.3065 0.8849 -0.3507
vn 0.6580 0.0032 -0.7530
vn 0.5912 -0.0047 -0.8065
vn 0.4686 0.0095 -0.8834
vn 0.5445 0.0002 -0.8387
vn 0.4770 0.0005 -0.8789
vn 0.5447 0.0002 -0.8386
vn 0.3535 -0.0048 -0.9354
vn 0.2665 0.0037 -0.9638
vn 0.0872 -0.0048 -0.9962
vn -0.0096 0.0087 -0.9999
vn -0.1857 -0.0075 -0.9826
vn -0.3137 0.0167 -0.9494
vn 0.2114 0.4657 -0.8593
vn -0.3293 0.0005 -0.9442
vn 0.2531 0.0778 -0.9643
vn -0.4422 -0.0047 -0.8969
vn -0.3906 0.0001 -0.9206
vn -0.3908 0.0003 -0.9205
vn -0.2408 0.8849 -0.3987
vn -0.3356 0.7614 -0.5546
vn -0.5169 0.0032 -0.8561
vn -0.6658 -0.0040 -0.7461
vn -0.7024 0.0032 -0.7117
vn -0.8296 -0.0026 -0.5583
vn -0.4910 0.8632 -0.1177
vn -0.9174 -0.0046 -0.3980
vn -0.9253 -0.0025 -0.3792
vn -0.8680 0.0056 -0.4966
vn -0.9844 -0.0011 -0.1761
vn -0.1906 0.3128 -0.9305
vn 0.3606 -0.0153 -0.9326
vn -0.0515 -0.0146 -0.9986
vn 0.0012 1.0000 -0.0002
vn 0.1742 0.9362 -0.3051
vn -0.0058 1.0000 0.0024
vn 0.0005 1.0000 -0.0003
vn -0.0014 1.0000 -0.0029
vn 0.0010 1.0000 -0.0028
vn -0.0404 0.9615 0.2718
vn 0.0003 1.0000 -0.0000
vn 0.0005 1.0000 -0.0001
vn 0.0022 1.0000 0.0030
vn 0.0005 1.0000 -0.0000
vn 0.0003 1.0000 0.0003
vn -0.0001 1.0000 -0.0005
vn 0.3010 0.9473 -0.1099
vn 0.0011 1.0000 0.0002
vn 0.0018 1.0000 -0.0066
vn -0.0009 1.0000 -0.0020
vn 0.0006 1.0000 0.0003
vn -0.0000 1.0000 -0.0003
vn 0.0004 1.0000 -0.0000
vn 0.0011 1.0000 0.0004
vn -0.0001 1.0000 -0.0003
vn 0.0006 1.0000 -0.0000
vn 0.0012 1.0000 0.0012
vn 0.0003 1.0000 0.0002
vn -0.0001 1.0000 -0.0000
vn -0.0002 1.0000 0.0005
vn -0.0002 1.0000 0.0004
vn -0.0003 1.0000 0.0002
vn -0.0002 1.0000 0.0003
vn -0.0028 1.0000 0.0005
vn -0.0019 1.0000 0.0027
vn -0.0013 1.0000 0.0015
vn 0.0050 1.0000 0.0038
vn -0.0005 1.0000 -0.0011
vn -0.0004 1.0000 0.0004
vn -0.0069 1.0000 0.0019
vn -0.2457 0.9473 -0.2058
vn 0.9963 0.0138 -0.0849
vn 0.9995 0.0271 -0.0178
vn 0.9750 -0.0138 -0.2219
vn 0.9576 -0.0271 -0.2868
vn 0.7370 0.0181 -0.6757
vn 0.7935 -0.0083 -0.6085
vn 0.6336 -0.0085 -0.7736
vn 0.8796 0.0267 -0.4750
vn 0.3218 0.0080 -0.9468
vn 0.3046 -0.0051 -0.9525
vn -0.1538 -0.0022 -0.9881
vn -0.1538 0.0051 -0.9881
vn -0.5924 0.0071 -0.8056
vn -0.5796 -0.0051 -0.8149
vn -0.8407 -0.0079 -0.5414
vn -0.8123 0.0094 -0.5831
vn -0.9228 -0.0180 -0.3848
vn -0.9747 0.0271 -0.2219
vn 0.7322 0.6525 -0.1952
vn 0.9506 -0.0039 -0.3105
vn 0.4877 0.6387 -0.5952
vn 0.6192 -0.0048 -0.7852
vn -0.0107 -0.0099 -0.9999
vn 0.0606 0.6513 -0.7564
vn -0.3767 0.6505 -0.6595
vn -0.5983 -0.0111 -0.8012
vn -0.8836 0.0084 -0.4682
vn -0.9178 -0.0094 -0.3969
vn -0.6314 -0.6533 -0.4179
vn 0.4492 -0.8209 -0.3527
vn 0.0507 -0.6593 -0.7502
vn 0.3964 -0.6600 -0.6382
vn -0.3142 -0.6589 -0.6835
vn 0.9978 0.0233 -0.0628
vn 0.9982 0.0479 0.0348
vn 0.9847 -0.0053 -0.1743
vn 0.9574 -0.0347 -0.2867
vn 0.6564 0.0263 -0.7540
vn 0.8608 0.0465 -0.5068
vn 0.1255 0.0164 -0.9920
vn -0.3650 0.0080 -0.9310
vn -0.7602 0.0184 -0.6494
vn 0.0004 -1.0000 -0.0001
vn -0.0000 -1.0000 -0.0001
vn 0.0005 -1.0000 -0.0004
vn -0.0001 -1.0000 -0.0000
vn 0.0001 -1.0000 -0.0001
vn -0.0002 -1.0000 0.0003
vn -0.0000 -1.0000 0.0001
vn -0.0001 -1.0000 0.0001
vn 0.0001 -1.0000 0.0001
vn 0.0004 -1.0000 0.0002
vn 0.0001 -1.0000 0.0005
vn 0.0001 -1.0000 -0.0000
vn -0.0001 -1.0000 -0.0004
vn -0.0004 -1.0000 -0.0002
vn -0.0005 -1.0000 -0.0002
vn -0.0002 -1.0000 -0.0001
vn -0.0004 -1.0000 -0.0006
vn -0.0005 -1.0000 0.0001
vn 0.0002 -1.0000 -0.0004
vn 0.3868 0.7034 -0.5964
vn 0.2958 0.6917 -0.6589
vn 0.3424 0.7163 -0.6080
vn 0.6861 -0.7275 0.0041
vn 0.7008 -0.7131 0.0208
vn 0.6614 -0.7270 -0.1842
vn 0.7097 -0.6946 -0.1177
vn 0.5886 -0.7008 -0.4030
vn 0.5951 -0.7206 -0.3558
vn 0.5860 -0.7007 -0.4070
vn 0.6718 -0.6882 -0.2738
vn 0.5794 -0.6820 -0.4463
vn 0.5259 -0.7100 -0.4683
vn 0.3554 -0.7338 -0.5790
vn 0.4368 -0.6956 -0.5704
vn 0.3225 -0.7030 -0.6339
vn 0.1285 -0.7332 -0.6677
vn 0.1747 -0.7086 -0.6837
vn 0.0623 -0.6990 -0.7124
vn -0.0836 -0.7000 -0.7092
vn -0.0523 -0.7218 -0.6902
vn -0.2596 -0.7294 -0.6329
vn -0.2083 -0.7000 -0.6831
vn -0.3172 -0.7026 -0.6370
vn -0.4456 -0.6953 -0.5639
vn -0.4067 -0.7169 -0.5663
vn -0.5294 -0.7094 -0.4652
vn -0.5303 -0.7104 -0.4627
vn -0.5308 -0.7122 -0.4593
vn -0.5290 -0.7076 -0.4686
vn -0.6152 -0.6943 -0.3733
vn -0.6194 -0.7270 -0.2962
vn -0.6937 -0.7131 -0.1013
vn -0.6785 -0.6946 -0.2391
vn -0.6764 -0.7275 -0.1151
vn 0.6024 -0.7739 -0.1954
vn 0.9514 0.0066 -0.3079
vn 0.3200 -0.9418 -0.1032
vn 0.9862 0.0224 -0.1640
vn 0.9842 -0.0373 -0.1732
vn 0.9126 -0.0337 -0.4075
vn 0.8422 0.0457 -0.5373
vn 0.8086 0.0078 -0.5883
vn 0.8236 0.0241 -0.5667
vn 0.9368 -0.0085 -0.3498
vn 0.9172 0.0152 -0.3982
vn 0.7908 -0.0107 -0.6120
vn 0.8019 -0.0193 -0.5972
vn 0.5691 0.0127 -0.8222
vn 0.0700 -0.9246 -0.3746
vn 0.0628 -0.9366 -0.3449
vn 0.1847 0.0036 -0.9828
vn 0.5199 -0.0032 -0.8542
vn 0.1843 0.0037 -0.9829
vn -0.9878 -0.0138 0.1552
vn -0.9893 -0.0050 0.1457
vn -0.8309 0.0182 0.5562
vn -0.7888 -0.0208 0.6143
vn -0.5753 0.0209 0.8177
vn -0.5120 -0.0146 0.8589
vn -0.1923 0.0149 0.9812
vn -0.1448 -0.0081 0.9894
vn -0.7059 -0.6646 0.2449
vn -0.9447 0.0068 0.3279
vn -0.3009 -0.9479 0.1043
vn -0.9375 -0.0029 0.3478
vn 0.0001 1.0000 0.0003
vn 0.0003 1.0000 0.0011
vn 0.0004 1.0000 0.0017
vn 0.6330 -0.0138 0.7741
vn 0.6231 -0.0019 0.7821
vn 0.8971 0.0182 0.4414
vn 0.9264 -0.0208 0.3760
vn 0.9958 0.0209 0.0894
vn 0.9998 -0.0146 0.0140
vn 0.9459 0.0149 -0.3241
vn 0.9293 -0.0081 -0.3694
vn 0.7554 0.0075 0.6553
vn 0.7700 -0.0029 0.6380
vn 0.0002 1.0000 -0.0000
vn 0.1843 0.8588 -0.4780
vn 0.3683 -0.0049 -0.9297
vn -0.0663 0.0182 -0.9976
vn -0.1375 -0.0208 -0.9903
vn -0.4205 0.0209 -0.9070
vn -0.4878 -0.0146 -0.8728
vn -0.7536 0.0149 -0.6571
vn -0.7845 -0.0081 -0.6201
vn 0.1405 -0.6595 -0.7385
vn 0.1866 0.0060 -0.9824
vn 0.0595 -0.9480 -0.3125
vn 0.1676 -0.0029 -0.9859
vn -0.0004 1.0000 -0.0001
vn -0.0017 1.0000 -0.0005
vn -0.4706 -0.7742 -0.4232
vn -0.7431 0.0062 -0.6692
vn -0.2496 -0.9418 -0.2253
vn -0.6351 0.0224 -0.7721
vn 0.2964 0.6704 -0.6802
vn -0.6422 -0.0379 -0.7656
vn -0.8092 -0.0337 -0.5865
vn -0.8864 0.0457 -0.4607
vn -0.9138 0.0078 -0.4061
vn -0.9026 0.0241 -0.4299
vn -0.7713 -0.0085 -0.6364
vn -0.8035 0.0152 -0.5952
vn -0.9254 -0.0107 -0.3788
vn -0.9181 -0.0193 -0.3958
vn -0.9966 0.0127 -0.0818
vn -0.3594 -0.9246 0.1267
vn -0.3301 -0.9365 0.1180
vn -0.9435 0.0036 0.3314
vn -0.9997 -0.0031 -0.0232
vn -0.9434 0.0037 0.3318
vn 0.6737 0.7197 -0.1679
vn 0.3985 0.9118 -0.0993
vn 0.3524 0.9008 -0.2538
vn -0.3576 0.0169 0.9337
vn -0.4272 0.0342 0.9035
vn -0.3482 -0.0351 0.9368
vn -0.2003 0.0077 0.9797
vn -0.0639 -0.9500 0.3057
vn -0.1293 -0.7686 0.6265
vn -0.0049 0.0085 1.0000
vn -0.0102 0.0054 0.9999
vn 0.0796 0.0570 0.9952
vn -0.0959 -0.0439 0.9944
vn -0.1400 -0.0088 0.9901
vn -0.1053 0.0143 0.9943
vn 0.1700 -0.0084 0.9854
vn 0.1847 -0.0007 0.9828
vn 0.1653 -0.0069 0.9862
vn 0.1936 0.0058 0.9811
vn 0.7792 -0.0026 0.6268
vn 0.7709 0.0008 0.6369
vn 0.4745 -0.0031 0.8803
vn 0.4897 0.0024 0.8719
vn -0.3687 0.9132 -0.1735
vn -0.6249 0.7233 -0.2940
vn -0.0007 -1.0000 -0.0001
vn -0.0003 -1.0000 -0.0004
vn -0.0001 -1.0000 -0.0002
vn -0.0014 -1.0000 -0.0008
vn 0.0040 -1.0000 -0.0016
vn 0.0027 -1.0000 -0.0011
vn 0.0005 -1.0000 0.0025
vn -0.0016 -1.0000 -0.0009
vn 0.0010 -1.0000 -0.0000
vn -0.0022 -1.0000 -0.0016
vn -0.0003 -1.0000 -0.0006
vn 0.0001 -1.0000 -0.0005
vn 0.0006 -1.0000 0.0002
vn 0.0003 -1.0000 -0.0002
vn -0.0002 -1.0000 0.0005
vn -0.0003 -1.0000 0.0027
vn 0.0019 -1.0000 -0.0017
vn 0.0012 -1.0000 -0.0000
vn -0.0000 -1.0000 0.0018
vn 0.9993 0.0036 0.0376
vn 0.9882 0.0032 -0.1529
vn 0.9989 -0.0028 -0.0467
vn 0.9703 -0.0038 -0.2418
vn 0.4259 0.8848 -0.1888
vn 0.9142 0.0052 -0.4053
vn 0.4102 0.8937 -0.1819
vn 0.8864 -0.0026 -0.4630
vn 0.7795 0.0044 -0.6263
vn 0.7171 0.0043 -0.6970
vn 0.7160 -0.0007 -0.6981
vn 0.8115 -0.0009 -0.5843
vn 0.6483 -0.0007 -0.7614
vn 0.6560 0.0009 -0.7548
vn 0.5089 -0.0032 -0.8608
vn 0.1970 0.8922 -0.4063
vn 0.2776 -0.0052 -0.9607
vn 0.2127 0.8613 -0.4615
vn 0.2554 -0.0066 -0.9668
vn 0.1878 0.0028 -0.9822
vn 0.0872 0.0053 -0.9962
vn 0.0872 0.0004 -0.9962
vn -0.0144 0.0028 -0.9999
vn -0.0836 -0.0066 -0.9965
vn -0.1001 -0.0026 -0.9950
vn -0.1283 0.8618 -0.4908
vn -0.1235 0.8923 -0.4343
vn -0.3325 -0.0011 -0.9431
vn -0.5062 0.0033 -0.8624
vn -0.5218 0.0012 -0.8530
vn -0.5101 0.0030 -0.8601
vn -0.5255 0.0009 -0.8508
vn -0.3046 0.8868 -0.3477
vn -0.6589 0.0055 -0.7522
vn -0.5305 0.7070 -0.4677
vn -0.7601 -0.0088 -0.6497
vn -0.8299 0.0052 -0.5579
vn -0.3867 0.8848 -0.2599
vn -0.9467 0.0059 -0.3222
vn -0.9048 -0.0027 -0.4258
vn -0.9906 -0.0047 -0.1365
vn -0.9799 0.0071 -0.1993
vn 0.0423 -0.8828 -0.4678
vn 0.0434 -0.8866 -0.4606
vn 0.0498 -0.7934 -0.6067
vn 0.0543 -0.6877 -0.7240
vn 0.0584 -0.5056 -0.8608
vn 0.1133 -0.3219 -0.9400
vn 0.0619 0.0632 -0.9961
vn 0.1024 0.3450 -0.9330
vn 0.0689 0.5143 -0.8549
vn 0.0968 0.3774 -0.9210
vn 0.0626 0.5406 -0.8389
vn 0.0647 0.7991 -0.5978
vn 0.0382 0.8604 -0.5082
vn 0.0745 0.9952 -0.0627
vn 0.0119 0.9979 -0.0643
vn 0.0032 -1.0000 -0.0006
vn 0.0004 -1.0000 -0.0022
vn 0.0005 -1.0000 0.0083
vn -0.0023 -1.0000 -0.0000
vn -0.0054 -1.0000 -0.0000
vn -0.0022 -1.0000 0.0012
vn -0.0235 -0.9997 0.0060
vn -0.0012 -1.0000 -0.0015
vn 0.0014 -1.0000 -0.0008
vn 0.0018 -1.0000 -0.0067
vn -0.0068 -0.9999 0.0153
vn -0.0001 -1.0000 0.0036
vn 0.0041 -1.0000 -0.0000
vn 0.0190 -0.9998 -0.0064
vn 0.0033 -1.0000 -0.0003
vn -0.0231 -0.9997 -0.0040
vn -0.0008 -1.0000 0.0034
vn 0.0033 -1.0000 -0.0034
vn -0.0011 -1.0000 0.0045
vn -0.0030 -0.9998 -0.0192
vn -0.1713 -0.9850 -0.0188
vn -0.0316 0.7851 0.6185
vn -0.0494 0.8810 0.4705
vn -0.1019 0.4945 0.8632
vn -0.0538 0.1166 0.9917
vn 0.0001 1.0000 -0.0047
vn -0.0022 1.0000 -0.0003
vn 0.0031 1.0000 0.0010
vn 0.0598 0.9982 0.0003
vn -0.0004 1.0000 0.0030
vn -0.0007 1.0000 0.0035
vn 0.0013 1.0000 0.0017
vn 0.0039 0.9999 0.0162
vn -0.0055 1.0000 0.0007
vn -0.0016 1.0000 -0.0003
vn -0.0239 0.9997 -0.0098
vn 0.0041 1.0000 0.0006
vn 0.0176 0.9998 0.0096
vn 0.0010 1.0000 -0.0064
vn 0.0031 1.0000 -0.0007
vn 0.0041 1.0000 0.0007
vn -0.0002 1.0000 -0.0036
vn -0.0023 1.0000 -0.0041
vn 0.0007 1.0000 0.0075
vn -0.0149 0.9999 0.0006
vn 0.4749 0.8795 0.0313
vn 0.5906 0.8044 0.0647
vn 0.8652 0.4975 0.0628
vn 0.9238 0.3702 0.0977
vn -0.4728 -0.8797 -0.0516
vn -0.5928 -0.8044 -0.0389
vn -0.8627 -0.4979 -0.0884
vn -0.9299 -0.3626 -0.0624
vn -0.9536 -0.2923 -0.0716
vn -0.9940 0.0250 -0.1060
vn -0.9888 0.0982 -0.1125
vn -0.9529 0.2976 -0.0583
vn -0.9178 0.3918 -0.0647
vn -0.7248 0.6843 -0.0801
vn -0.6754 0.7329 -0.0814
vn -0.5805 0.8131 -0.0441
vn -0.4848 -0.8727 -0.0574
vn -0.6468 -0.7620 -0.0328
vn -0.9391 -0.3284 -0.1014
vn -0.9707 -0.2284 -0.0745
vn -0.9333 0.3470 -0.0919
vn -0.9142 0.3982 -0.0754
vn -0.8798 0.4695 -0.0738
vn -0.6545 0.7536 -0.0607
vn -0.6095 0.7907 -0.0577
vn -0.5665 0.8230 -0.0423
vn 0.5947 0.8031 0.0385
vn 0.5059 0.8612 0.0492
vn 0.8326 0.5469 0.0879
vn 0.9303 0.3541 0.0954
vn 0.9484 0.3108 0.0636
vn -0.8699 -0.0044 -0.4932
vn -0.4263 0.0414 -0.9036
vn -0.2478 -0.6296 -0.7364
vn 0.3406 0.0131 -0.9401
vn 0.4184 -0.6332 -0.6511
vn 0.7720 0.0004 -0.6356
vn 0.8375 -0.0874 -0.5395
vn 0.9642 0.0678 -0.2565
vn 0.9945 -0.0174 -0.1036
vn -0.6594 -0.6561 -0.3671
vn -0.6503 0.0330 -0.7589
vn -0.2943 -0.6424 -0.7076
vn -0.1168 0.0192 -0.9930
vn 0.2174 -0.6574 -0.7215
vn 0.2991 0.0099 -0.9542
vn 0.1942 -0.9365 -0.2921
vn 0.6829 0.0622 -0.7279
vn 0.8112 -0.0046 -0.5848
vn 0.8368 -0.0204 -0.5471
vn 0.9167 -0.0807 -0.3913
vn 0.9649 0.0558 -0.2567
vn -0.8577 0.0046 -0.5141
vn -0.4474 -0.6261 -0.6386
vn -0.1660 0.0170 -0.9860
vn 0.2533 -0.6172 -0.7449
vn 0.7018 0.0541 -0.7103
vn 0.6815 -0.6483 -0.3395
vn -0.7903 0.0306 -0.6119
vn -0.6948 -0.6492 -0.3094
vn -0.3476 -0.6285 -0.6958
vn 0.0600 0.0511 -0.9969
vn 0.2110 -0.6353 -0.7429
vn 0.8358 0.0478 -0.5469
vn 0.5357 -0.6493 -0.5399
s 1
usemtl color_727980
f 6794//8517 6211//8518 6212//8519
f 6212//8519 6213//8520 6214//8521
f 6211//8518 6213//8520 6212//8519
f 6214//8521 6213//8520 6215//8522
f 6213//8520 6216//8523 6215//8522
f 6215//8522 6217//8524 6218//8525
f 6216//8523 6217//8524 6215//8522
f 6218//8525 6217//8524 6219//8526
f 6217//8527 6220//8528 6219//8526
f 6221//8529 6223//8530 6222//8531
f 6222//8531 6223//8530 6224//8532
f 6223//8533 6225//8534 6224//8535
f 6224//8535 6225//8534 6226//8536
f 6226//8536 6227//8537 6228//8538
f 6225//8534 6227//8537 6226//8536
f 6228//8538 6229//8539 6230//8540
f 6227//8537 6229//8539 6228//8538
f 6232//8541 6233//8542 6234//8543
f 6231//8544 6233//8542 6232//8541
f 6234//8543 6235//8545 6236//8546
f 6233//8542 6235//8545 6234//8543
f 6236//8546 6237//8547 6238//8548
f 6235//8545 6237//8547 6236//8546
f 6238//8548 6237//8547 6239//8549
f 6237//8550 6240//8551 6239//8549
f 6241//8552 6243//8553 6242//8554
f 6242//8554 6243//8553 6244//8555
f 6243//8553 6245//8556 6244//8555
f 6244//8555 6245//8556 6246//8557
f 6245//8556 6247//8558 6246//8557
f 6246//8557 6247//8558 6248//8559
f 6247//8558 6249//8560 6248//8559
f 6251//8561 6250//8562 6252//8563
f 6250//8564 6253//8564 6252//8564
f 6252//8565 6253//8565 6254//8565
f 6253//8566 6255//8566 6254//8566
f 6778//8567 6256//8568 6257//8569
f 6256//8568 6258//8570 6257//8569
f 6257//8569 6258//8570 6259//8571
f 6259//8572 6260//8573 6261//8574
f 6258//8575 6260//8575 6259//8575
f 6778//8576 6257//8577 6262//8578
f 6262//8579 6259//8579 6263//8579
f 6257//8577 6259//8580 6262//8578
f 6259//8581 6261//8574 6263//8582
f 6265//8583 6266//8584 6267//8585
f 6264//8586 6266//8587 6265//8588
f 6267//8585 6268//8589 6269//8590
f 6266//8591 6268//8591 6267//8591
f 6269//8592 6270//8592 6271//8592
f 6268//8593 6270//8593 6269//8593
f 6271//8594 6272//8595 6273//8596
f 6270//8597 6272//8597 6271//8597
f 6272//8598 6274//8599 6273//8600
f 6273//8600 6274//8599 6275//8601
f 6274//8602 6276//8603 6275//8604
f 6275//8604 6276//8603 6277//8605
f 6277//8605 6276//8603 6278//8606
f 6276//8603 6279//8607 6278//8606
f 6279//8608 6280//8608 6278//8608
f 6278//8606 6280//8609 6281//8610
f 6280//8611 6282//8611 6281//8611
f 6281//8612 6282//8612 6283//8612
f 6282//8613 6284//8613 6283//8613
f 6283//8614 6284//8614 6285//8614
f 6284//8615 6286//8615 6285//8615
f 6285//8616 6286//8617 6287//8618
f 6286//8617 6741//8619 6287//8618
f 6290//8620 6289//8620 6288//8620
f 6289//8621 6292//8621 6291//8621
f 6294//8622 6295//8622 6290//8622
f 6289//8623 6290//8623 6295//8623
f 6289//8624 6293//8625 6292//8626
f 6295//8627 6293//8627 6289//8627
f 6288//8628 6291//8629 6297//8630
f 6289//8631 6291//8631 6288//8631
f 6295//8632 6296//8633 6293//8634
f 6294//8635 6299//8635 6296//8635
f 6299//8636 6298//8637 6296//8638
f 6294//8639 6296//8633 6295//8632
f 6300//8640 6304//8640 6302//8640
f 6302//8641 6305//8642 6303//8643
f 6303//8644 6305//8644 6306//8644
f 6300//8645 6301//8646 6307//8647
f 6302//8648 6301//8649 6300//8650
f 6304//8651 6308//8652 6305//8653
f 6308//8654 6310//8654 6305//8654
f 6310//8655 6306//8655 6305//8655
f 6304//8656 6305//8656 6302//8656
f 6309//8657 6311//8657 6308//8657
f 6308//8658 6311//8658 6310//8658
f 6312//8659 6311//8659 6309//8659
f 6310//8660 6311//8660 6312//8660
f 6314//8661 6280//8661 6315//8661
f 6315//8662 6280//8662 6316//8662
f 6313//8663 6280//8663 6314//8663
f 6280//8664 6317//8664 6316//8664
f 6316//8665 6319//8665 6321//8665
f 6317//8666 6318//8667 6316//8668
f 6316//8669 6318//8669 6319//8669
f 6320//8670 6323//8670 6319//8670
f 6319//8671 6323//8672 6321//8673
f 6320//8674 6322//8675 6323//8676
f 6323//8672 6324//8677 6321//8673
f 6322//8678 6324//8679 6323//8680
f 6264//8681 6325//8682 6326//8683
f 6325//8684 6264//8685 6327//8686
f 6327//8687 6264//8687 6328//8687
f 6264//8688 6329//8688 6328//8688
f 6328//8689 6331//8689 6333//8689
f 6329//8690 6330//8691 6328//8692
f 6328//8693 6330//8693 6331//8693
f 6332//8694 6335//8694 6331//8694
f 6331//8695 6335//8696 6333//8697
f 6332//8698 6334//8699 6335//8700
f 6335//8696 6336//8701 6333//8697
f 6334//8702 6336//8703 6335//8704
f 6338//8705 6339//8705 6340//8705
f 6340//8706 6339//8706 6341//8706
f 6337//8707 6339//8707 6338//8707
f 6339//8708 6342//8708 6341//8708
f 6341//8709 6344//8709 6346//8709
f 6342//8710 6343//8711 6341//8712
f 6341//8713 6343//8713 6344//8713
f 6345//8714 6348//8714 6344//8714
f 6344//8715 6348//8716 6346//8717
f 6345//8718 6347//8719 6348//8720
f 6348//8716 6349//8721 6346//8717
f 6347//8722 6349//8723 6348//8724
f 6350//8725 6352//8726 6351//8727
f 6274//8728 6354//8729 6350//8730
f 6352//8731 6355//8732 6353//8733
f 6350//8734 6355//8734 6352//8734
f 6353//8735 6355//8735 6356//8735
f 6274//8736 6351//8737 6357//8738
f 6350//8739 6351//8739 6274//8739
f 6354//8729 6358//8740 6355//8741
f 6358//8742 6360//8742 6355//8742
f 6360//8743 6356//8743 6355//8743
f 6354//8744 6355//8744 6350//8744
f 6359//8745 6361//8745 6358//8745
f 6358//8746 6361//8746 6360//8746
f 6362//8747 6361//8747 6359//8747
f 6360//8748 6361//8748 6362//8748
f 6363//8749 6365//8749 6364//8749
f 6366//8750 6364//8750 6367//8750
f 6366//8751 6363//8751 6364//8751
f 6368//8752 6367//8753 6369//8754
f 6368//8755 6366//8755 6367//8755
f 6369//8754 6371//8756 6368//8752
f 6371//8757 6369//8757 6370//8757
f 6372//8758 6370//8758 6373//8758
f 6372//8759 6371//8760 6370//8761
f 6373//8762 6374//8762 6372//8762
f 6376//8763 6373//8763 6375//8763
f 6376//8764 6374//8764 6373//8764
f 6377//8765 6375//8765 6378//8765
f 6377//8766 6376//8767 6375//8768
f 6378//8769 6379//8769 6377//8769
f 6380//8770 6378//8770 6381//8770
f 6380//8771 6379//8771 6378//8771
f 6382//8772 6380//8773 6381//8774
f 6384//8775 6382//8775 6381//8775
f 6384//8776 6383//8776 6382//8776
f 6385//8777 6384//8778 6386//8779
f 6385//8777 6383//8780 6384//8778
f 6387//8781 6386//8781 6388//8781
f 6387//8782 6385//8782 6386//8782
f 6389//8783 6387//8783 6388//8783
f 6389//8784 6388//8784 6390//8784
f 6391//8785 6392//8786 6393//8787
f 6394//8788 6391//8789 6393//8790
f 6394//8788 6393//8790 6395//8791
f 6396//8792 6394//8793 6395//8794
f 6396//8792 6395//8794 6397//8795
f 6398//8796 6397//8795 6399//8797
f 6398//8796 6396//8792 6397//8795
f 6400//8798 6398//8796 6399//8797
f 6400//8798 6399//8797 6401//8799
f 6402//8800 6400//8801 6401//8799
f 6402//8800 6401//8799 6403//8802
f 6406//8803 6404//8804 6405//8805
f 6406//8803 6405//8805 6407//8806
f 6408//8807 6406//8803 6407//8808
f 6408//8807 6407//8808 6409//8809
f 6410//8810 6408//8807 6409//8809
f 6411//8811 6409//8809 6412//8812
f 6411//8811 6410//8810 6409//8809
f 6413//8813 6411//8811 6412//8812
f 6413//8813 6412//8812 6414//8814
f 6415//8815 6416//8816 6417//8817
f 6418//8818 6417//8819 6419//8820
f 6418//8818 6415//8821 6417//8819
f 6420//8822 6419//8820 6421//8823
f 6420//8822 6418//8818 6419//8820
f 6422//8824 6421//8823 6423//8825
f 6422//8824 6420//8822 6421//8823
f 6424//8826 6422//8824 6423//8825
f 6424//8826 6423//8825 6425//8827
f 6426//8828 6424//8829 6425//8830
f 6426//8828 6425//8830 6427//8831
f 6428//8832 6427//8833 6429//8834
f 6428//8832 6426//8835 6427//8833
f 6430//8836 6428//8832 6429//8834
f 6430//8836 6429//8834 6431//8837
f 6432//8838 6433//8838 6434//8838
f 6432//8839 6435//8839 6433//8839
f 6307//8647 6434//8840 6436//8841
f 6307//8647 6432//8842 6434//8840
f 6301//8646 6432//8842 6307//8647
f 6437//8843 6307//8843 6436//8843
f 6437//8844 6436//8844 6438//8844
f 6439//8845 6438//8845 6440//8845
f 6439//8846 6437//8846 6438//8846
f 6441//8847 6440//8847 6442//8847
f 6441//8848 6443//8849 6439//8850
f 6441//8848 6439//8850 6440//8851
f 6337//8852 6441//8853 6442//8854
f 6338//8855 6441//8853 6337//8852
f 6337//8852 6442//8854 6444//8856
f 6445//8857 6337//8857 6444//8857
f 6445//8858 6444//8858 6446//8858
f 6447//8859 6445//8859 6446//8859
f 6447//8860 6446//8860 6448//8860
f 6449//8861 6447//8861 6448//8861
f 6449//8862 6448//8862 6450//8862
f 6451//8863 6449//8864 6450//8865
f 6452//8866 6451//8863 6450//8865
f 6452//8866 6453//8867 6451//8863
f 6452//8868 6450//8868 6454//8868
f 6297//8630 6452//8869 6454//8870
f 6291//8629 6452//8869 6297//8630
f 6297//8871 6454//8871 6455//8871
f 6456//8872 6455//8872 6457//8872
f 6456//8873 6297//8873 6455//8873
f 6458//8874 6457//8875 6459//8876
f 6458//8877 6456//8877 6457//8877
f 6460//8878 6461//8879 6458//8874
f 6460//8878 6458//8874 6459//8876
f 6325//8880 6460//8880 6459//8880
f 6462//8881 6463//8882 6464//8883
f 6462//8881 6465//8884 6463//8882
f 6466//8885 6464//8883 6467//8886
f 6466//8885 6462//8881 6464//8883
f 6468//8887 6467//8888 6469//8889
f 6468//8887 6466//8890 6467//8888
f 6470//8891 6469//8889 6471//8892
f 6470//8891 6468//8887 6469//8889
f 6472//8893 6471//8892 6473//8894
f 6472//8893 6470//8891 6471//8892
f 6474//8895 6473//8894 6475//8896
f 6474//8895 6472//8893 6473//8894
f 6476//8897 6475//8898 6477//8899
f 6476//8897 6474//8900 6475//8898
f 6478//8901 6476//8897 6477//8899
f 6478//8901 6477//8899 6479//8902
f 6478//8901 6479//8902 6480//8903
f 6481//8904 6478//8905 6480//8906
f 6482//8907 6481//8904 6480//8906
f 6482//8907 6480//8906 6483//8908
f 6482//8907 6483//8908 6484//8909
f 6485//8910 6482//8911 6484//8912
f 6485//8910 6484//8912 6486//8913
f 6487//8914 6485//8910 6486//8913
f 6487//8914 6486//8913 6488//8915
f 6489//8916 6488//8917 6490//8918
f 6489//8916 6487//8919 6488//8917
f 6491//8920 6489//8916 6490//8918
f 6492//8921 6365//8922 6363//8923
f 6495//8924 6363//8924 6366//8924
f 6495//8925 6492//8925 6363//8925
f 6496//8926 6494//8927 6493//8928
f 6497//8929 6496//8929 6493//8929
f 6498//8930 6496//8930 6497//8930
f 6499//8931 6366//8931 6368//8931
f 6499//8932 6495//8932 6366//8932
f 6500//8933 6499//8934 6368//8935
f 6504//8936 6498//8936 6497//8936
f 6501//8937 6500//8933 6368//8935
f 6502//8938 6498//8939 6504//8940
f 6502//8938 6504//8940 6503//8941
f 6371//8942 6501//8937 6368//8935
f 6502//8938 6503//8941 6501//8943
f 6505//8944 6501//8937 6371//8942
f 6505//8945 6502//8938 6501//8943
f 6251//8946 6371//8760 6506//8947
f 6251//8946 6505//8948 6371//8760
f 6507//8949 6506//8947 6371//8760
f 6372//8759 6507//8949 6371//8760
f 6505//8950 6252//8950 6254//8950
f 6505//8948 6251//8946 6252//8951
f 6508//8952 6507//8952 6372//8952
f 6374//8953 6508//8953 6372//8953
f 6509//8954 6505//8954 6254//8954
f 6510//8955 6509//8955 6254//8955
f 6511//8956 6509//8956 6510//8956
f 6376//8957 6508//8957 6374//8957
f 6512//8958 6508//8958 6376//8958
f 6377//8766 6512//8959 6376//8767
f 6513//8960 6511//8960 6510//8960
f 6514//8961 6513//8961 6510//8961
f 6379//8962 6512//8962 6377//8962
f 6515//8963 6512//8963 6379//8963
f 6516//8964 6513//8964 6514//8964
f 6517//8965 6516//8965 6514//8965
f 6380//8966 6515//8966 6379//8966
f 6518//8967 6515//8967 6380//8967
f 6382//8772 6518//8968 6380//8773
f 6519//8969 6518//8969 6382//8969
f 6520//8970 6516//8970 6517//8970
f 6520//8971 6517//8972 6521//8973
f 6522//8974 6519//8974 6382//8974
f 6383//8975 6522//8976 6382//8977
f 6520//8971 6521//8973 6523//8978
f 6524//8979 6523//8980 6522//8976
f 6524//8979 6522//8976 6383//8975
f 6524//8981 6520//8971 6523//8978
f 6526//8982 6383//8983 6525//8984
f 6526//8982 6524//8985 6383//8983
f 6525//8984 6383//8983 6385//8986
f 6527//8987 6525//8988 6385//8989
f 6528//8990 6526//8982 6529//8991
f 6528//8990 6524//8985 6526//8982
f 6387//8992 6527//8987 6385//8989
f 6528//8990 6529//8991 6530//8993
f 6531//8994 6527//8994 6387//8994
f 6532//8995 6528//8995 6530//8995
f 6532//8996 6530//8996 6533//8996
f 6389//8997 6531//8997 6387//8997
f 6534//8998 6531//8998 6389//8998
f 6390//8999 6534//9000 6389//9001
f 6535//9002 6532//9002 6533//9002
f 6535//9003 6533//9003 6536//9003
f 6537//9004 6535//9005 6536//9006
f 6551//9007 6539//9008 6538//9009
f 6538//9010 6539//9010 6540//9010
f 6540//9011 6541//9011 6542//9011
f 6539//9012 6541//9012 6540//9012
f 6543//9013 6529//9013 6544//9013
f 6530//9014 6529//9014 6543//9014
f 6544//9015 6526//9015 6545//9015
f 6529//9016 6526//9016 6544//9016
f 6545//9017 6525//9017 6546//9017
f 6526//9018 6525//9018 6545//9018
f 6546//9019 6525//9019 6547//9019
f 6525//9020 6527//9020 6547//9020
f 6548//9021 6549//9022 6550//9023
f 6549//9024 6551//9007 6550//9025
f 6550//9025 6551//9007 6538//9009
f 6453//9026 6452//9026 6552//9026
f 6292//9027 6452//9027 6291//9027
f 6292//8626 6552//9028 6452//9029
f 6435//9030 6432//9031 6553//9032
f 6432//9033 6301//8649 6302//8648
f 6432//9031 6302//8641 6553//9032
f 6555//9034 6314//9034 6315//9034
f 6554//9035 6555//9036 6315//9037
f 6554//9038 6556//9038 6555//9038
f 6460//9039 6325//8684 6327//8686
f 6557//9040 6460//9041 6327//9042
f 6557//9043 6461//9044 6460//9045
f 6441//9046 6338//9046 6340//9046
f 6558//9047 6441//9048 6340//9049
f 6558//9050 6443//9050 6441//9050
f 6534//9000 6390//8999 6559//9051
f 6560//9052 6559//9052 6561//9052
f 6560//9053 6534//9053 6559//9053
f 6562//9054 6537//9004 6536//9006
f 6563//9055 6537//9055 6562//9055
f 6549//9056 6561//9057 6564//9058
f 6549//9059 6560//9059 6561//9059
f 6541//9060 6563//9060 6562//9060
f 6551//9061 6549//9056 6564//9058
f 6565//9062 6541//9063 6539//9064
f 6565//9065 6563//9065 6541//9065
f 6566//9066 6551//9061 6564//9058
f 6565//9062 6539//9064 6551//9067
f 6567//9068 6551//9068 6566//9068
f 6567//9069 6565//9069 6551//9069
f 6569//9070 6566//9071 6568//9072
f 6569//9070 6567//9073 6566//9071
f 6570//9074 6568//9072 6566//9071
f 6571//9075 6570//9074 6566//9071
f 6567//9076 6572//9076 6573//9076
f 6567//9073 6569//9070 6572//9077
f 6574//9078 6570//9078 6571//9078
f 6575//9079 6574//9079 6571//9079
f 6576//9080 6567//9080 6573//9080
f 6577//9081 6576//9081 6573//9081
f 6578//9082 6576//9082 6577//9082
f 6579//9083 6574//9083 6575//9083
f 6580//9084 6579//9084 6575//9084
f 6581//9085 6578//9085 6577//9085
f 6582//9086 6579//9087 6580//9088
f 6583//9089 6578//9089 6581//9089
f 6584//9090 6579//9090 6582//9090
f 6585//9091 6584//9091 6582//9091
f 6586//9092 6583//9092 6581//9092
f 6587//9093 6583//9093 6586//9093
f 6588//9094 6584//9094 6585//9094
f 6589//9095 6584//9095 6588//9095
f 6590//9096 6589//9097 6588//9098
f 6591//9099 6589//9099 6590//9099
f 6592//9100 6586//9101 6260//9102
f 6592//9103 6587//9103 6586//9103
f 6256//9104 6591//9104 6590//9104
f 6593//9105 6256//9106 6590//9107
f 6592//9100 6260//9102 6258//9108
f 6594//9109 6258//9108 6256//9106
f 6594//9109 6256//9106 6593//9105
f 6594//9109 6592//9100 6258//9108
f 6262//9110 6594//9110 6593//9110
f 6262//9111 6593//9112 6595//9113
f 6595//9113 6593//9112 6596//9114
f 6597//9115 6595//9115 6596//9115
f 6598//9116 6594//9117 6262//9118
f 6263//9119 6598//9116 6262//9118
f 6599//9120 6597//9120 6596//9120
f 6600//9121 6597//9121 6599//9121
f 6601//9122 6598//9116 6263//9119
f 6601//9123 6263//9123 6602//9123
f 6603//9124 6600//9124 6599//9124
f 6492//9125 6600//9125 6603//9125
f 6365//8922 6492//8921 6603//9126
f 6494//9127 6601//9127 6602//9127
f 6494//8927 6602//9128 6493//8928
f 6605//9129 6567//9130 6604//9131
f 6605//9129 6565//9129 6567//9130
f 6606//9131 6604//9131 6567//9130
f 6606//9131 6567//9130 6576//9131
f 6606//9131 6576//9131 6578//9131
f 6607//9132 6565//9129 6605//9129
f 6607//9132 6563//9133 6565//9129
f 6608//9131 6606//9131 6578//9131
f 6609//9131 6563//9133 6607//9132
f 6608//9131 6578//9131 6583//9131
f 6609//9131 6537//9131 6563//9133
f 6610//9131 6608//9131 6583//9131
f 6490//9131 6537//9131 6609//9131
f 6535//9131 6537//9131 6490//9131
f 6488//9131 6535//9131 6490//9131
f 6587//9131 6610//9131 6583//9131
f 6532//9134 6535//9131 6488//9131
f 6611//9131 6610//9131 6587//9131
f 6612//9135 6611//9131 6587//9131
f 6486//9136 6532//9134 6488//9131
f 6592//9137 6612//9135 6587//9131
f 6528//9138 6532//9134 6486//9136
f 6484//9139 6528//9138 6486//9136
f 6613//9140 6612//9135 6592//9137
f 6594//9133 6613//9140 6592//9137
f 6524//9134 6528//9138 6484//9139
f 6614//9141 6613//9140 6594//9133
f 6483//9142 6524//9134 6484//9139
f 6598//9141 6614//9141 6594//9133
f 6520//9143 6524//9134 6483//9142
f 6480//9143 6520//9143 6483//9142
f 6615//9133 6614//9141 6598//9141
f 6601//9133 6615//9133 6598//9141
f 6516//9131 6520//9143 6480//9143
f 6479//9131 6516//9131 6480//9143
f 6463//9131 6615//9133 6601//9133
f 6477//9131 6516//9131 6479//9131
f 6494//9131 6463//9131 6601//9133
f 6513//9131 6516//9131 6477//9131
f 6513//9131 6477//9131 6475//9131
f 6496//9131 6463//9131 6494//9131
f 6496//9131 6464//9131 6463//9131
f 6511//9131 6513//9131 6475//9131
f 6511//9131 6475//9131 6473//9131
f 6498//9134 6464//9131 6496//9131
f 6498//9134 6467//9144 6464//9131
f 6509//9131 6511//9131 6473//9131
f 6509//9131 6473//9131 6471//9131
f 6502//9145 6467//9144 6498//9134
f 6502//9145 6469//9146 6467//9144
f 6505//9147 6509//9131 6471//9131
f 6505//9147 6469//9146 6502//9145
f 6505//9147 6471//9131 6469//9146
f 6491//8920 6490//8918 6609//9148
f 6616//9149 6491//9150 6609//9151
f 6616//9149 6609//9151 6607//9152
f 6617//9153 6607//9154 6605//9155
f 6617//9153 6616//9156 6607//9154
f 6618//9157 6605//9155 6604//9158
f 6618//9157 6617//9153 6605//9155
f 6618//9157 6604//9158 6606//9159
f 6619//9160 6606//9161 6608//9162
f 6619//9160 6618//9163 6606//9161
f 6620//9164 6619//9160 6608//9162
f 6621//9165 6608//9162 6610//9166
f 6621//9165 6620//9164 6608//9162
f 6621//9165 6610//9166 6611//9167
f 6622//9168 6621//9165 6611//9167
f 6622//9168 6611//9167 6612//9169
f 6623//9170 6622//9171 6612//9172
f 6623//9170 6612//9172 6613//9173
f 6624//9174 6623//9170 6613//9173
f 6624//9174 6613//9173 6614//9175
f 6625//9176 6624//9177 6614//9178
f 6625//9176 6614//9178 6615//9179
f 6626//9180 6615//9181 6463//8882
f 6626//9180 6625//9182 6615//9181
f 6465//8884 6626//9180 6463//8882
f 6624//9183 6627//9183 6628//9183
f 6625//9183 6627//9183 6624//9183
f 6623//9183 6624//9183 6628//9183
f 6623//9183 6628//9183 6629//9183
f 6625//9183 6630//9183 6627//9183
f 6622//9183 6623//9183 6629//9183
f 6626//9183 6630//9183 6625//9183
f 6626//9183 6631//9183 6630//9183
f 6622//9183 6629//9183 6632//9183
f 6465//9183 6631//9183 6626//9183
f 6621//9183 6622//9183 6632//9183
f 6465//9183 6433//9183 6631//9183
f 6621//9183 6632//9183 6633//9183
f 6434//9183 6433//9183 6465//9183
f 6462//9183 6434//9183 6465//9183
f 6620//9183 6621//9183 6633//9183
f 6436//9183 6434//9183 6462//9183
f 6634//9183 6620//9183 6633//9183
f 6466//9183 6436//9183 6462//9183
f 6619//9183 6620//9183 6634//9183
f 6438//9183 6436//9183 6466//9183
f 6468//9183 6438//9183 6466//9183
f 6618//9183 6619//9183 6634//9183
f 6635//9183 6618//9183 6634//9183
f 6440//9183 6438//9183 6468//9183
f 6470//9183 6440//9183 6468//9183
f 6617//9183 6618//9183 6635//9183
f 6636//9183 6617//9183 6635//9183
f 6442//9183 6440//9183 6470//9183
f 6472//9183 6442//9183 6470//9183
f 6616//9183 6617//9183 6636//9183
f 6637//9183 6616//9183 6636//9183
f 6444//9183 6442//9183 6472//9183
f 6638//9183 6616//9183 6637//9183
f 6474//9183 6444//9183 6472//9183
f 6491//9183 6616//9183 6638//9183
f 6446//9183 6444//9183 6474//9183
f 6446//9183 6474//9183 6476//9183
f 6459//9183 6491//9183 6638//9183
f 6459//9183 6489//9183 6491//9183
f 6448//9183 6446//9183 6476//9183
f 6448//9183 6476//9183 6478//9183
f 6457//9183 6489//9183 6459//9183
f 6457//9183 6487//9183 6489//9183
f 6450//9183 6448//9183 6478//9183
f 6450//9183 6478//9183 6481//9183
f 6455//9183 6487//9183 6457//9183
f 6455//9183 6485//9183 6487//9183
f 6450//9183 6481//9183 6482//9183
f 6454//9183 6482//9183 6485//9183
f 6454//9183 6485//9183 6455//9183
f 6454//9183 6450//9183 6482//9183
f 6326//8683 6325//8682 6459//9184
f 6326//9185 6459//9185 6638//9185
f 6639//9186 6326//9187 6638//9188
f 6639//9186 6638//9188 6637//9189
f 6640//9190 6637//9190 6636//9190
f 6640//9191 6639//9191 6637//9191
f 6641//9192 6636//9192 6635//9192
f 6641//9193 6640//9193 6636//9193
f 6642//9194 6641//9195 6635//9196
f 6642//9197 6635//9197 6634//9197
f 6643//9198 6642//9199 6634//9200
f 6643//9198 6644//9201 6642//9199
f 6357//9202 6634//9202 6633//9202
f 6357//8738 6643//9198 6634//9200
f 6351//8737 6643//9198 6357//8738
f 6645//9203 6357//9203 6633//9203
f 6645//9204 6633//9204 6632//9204
f 6646//9205 6645//9205 6632//9205
f 6646//9206 6632//9206 6629//9206
f 6555//9207 6646//9208 6629//9209
f 6555//9207 6556//9210 6646//9208
f 6313//9211 6629//9211 6628//9211
f 6313//9212 6555//9207 6629//9209
f 6314//9213 6555//9207 6313//9212
f 6647//9214 6313//9215 6628//9216
f 6647//9217 6628//9217 6627//9217
f 6648//9218 6647//9218 6627//9218
f 6648//9219 6627//9219 6630//9219
f 6649//9220 6630//9221 6631//9222
f 6649//9223 6648//9223 6630//9223
f 6650//9224 6631//9224 6433//9224
f 6650//9225 6649//9220 6631//9222
f 6435//9226 6650//9225 6433//9227
f 6651//9228 6652//9229 6352//8731
f 6353//8733 6651//9228 6352//8731
f 6356//9230 6651//9228 6353//8733
f 6653//9135 6651//9228 6356//9230
f 6328//9231 6557//9040 6327//9042
f 6360//9232 6653//9135 6356//9230
f 6362//9233 6653//9135 6360//9232
f 6654//9234 6557//9040 6328//9231
f 6656//9235 6336//9236 6657//9130
f 6658//9131 6656//9235 6657//9130
f 6659//9237 6654//9234 6328//9231
f 6660//9131 6658//9131 6657//9130
f 6660//9131 6657//9130 6653//9135
f 6431//9238 6336//9236 6656//9235
f 6431//9238 6333//9239 6336//9236
f 6316//9240 6554//9035 6315//9037
f 6316//9240 6655//9241 6554//9035
f 6660//9131 6653//9135 6362//9233
f 6661//9242 6659//9237 6328//9231
f 6661//9242 6328//9231 6333//9239
f 6316//9240 6662//9243 6655//9241
f 6663//9137 6660//9131 6362//9233
f 6663//9137 6362//9233 6664//9244
f 6316//9240 6664//9244 6662//9243
f 6429//9245 6333//9239 6431//9238
f 6429//9245 6661//9242 6333//9239
f 6321//9246 6664//9244 6316//9240
f 6321//9246 6663//9137 6664//9244
f 6427//9247 6298//9248 6661//9242
f 6427//9247 6661//9242 6429//9245
f 6321//9246 6665//9135 6663//9137
f 6324//9135 6665//9135 6321//9246
f 6324//9135 6666//9249 6665//9135
f 6667//9250 6296//9251 6298//9248
f 6668//9252 6296//9251 6667//9250
f 6668//9252 6293//8625 6296//9251
f 6667//9250 6427//9247 6425//9131
f 6667//9250 6298//9248 6427//9247
f 6669//9133 6416//9131 6666//9249
f 6669//9133 6666//9249 6324//9135
f 6668//9252 6292//8626 6293//8625
f 6670//9253 6667//9250 6425//9131
f 6552//9028 6292//8626 6668//9252
f 6670//9253 6425//9131 6423//9144
f 6349//9254 6423//9144 6421//9254
f 6349//9254 6670//9253 6423//9144
f 6671//9255 6416//9131 6669//9133
f 6671//9255 6417//9131 6416//9131
f 6346//9256 6349//9254 6421//9254
f 6346//9256 6421//9254 6419//9257
f 6312//9258 6419//9257 6417//9131
f 6312//9258 6417//9131 6671//9255
f 6310//9259 6312//9258 6671//9255
f 6672//9260 6346//9256 6419//9257
f 6672//9260 6419//9257 6312//9258
f 6306//9261 6310//9259 6671//9255
f 6306//9261 6671//9255 6673//9262
f 6672//9260 6341//9263 6346//9256
f 6674//9264 6341//9263 6672//9260
f 6302//8641 6673//9262 6553//9032
f 6303//8643 6306//9261 6673//9262
f 6302//8641 6303//8643 6673//9262
f 6675//9265 6341//9263 6674//9264
f 6558//9047 6340//9049 6341//9263
f 6558//9047 6341//9263 6675//9265
f 6676//9266 6430//9267 6431//9268
f 6676//9266 6431//9268 6656//9269
f 6677//9270 6656//9271 6658//9272
f 6677//9270 6676//9273 6656//9271
f 6678//9274 6658//9272 6660//9275
f 6678//9274 6677//9270 6658//9272
f 6678//9274 6660//9275 6663//9276
f 6679//9277 6678//9274 6663//9276
f 6680//9278 6663//9276 6665//9279
f 6680//9278 6679//9277 6663//9276
f 6680//9278 6665//9279 6666//9280
f 6681//9281 6680//9278 6666//9280
f 6681//9281 6666//9280 6416//9282
f 6415//8815 6681//9283 6416//8816
f 6683//9131 6676//9131 6677//9131
f 6683//9131 6677//9131 6682//9131
f 6682//9131 6677//9131 6678//9131
f 6684//9131 6678//9131 6679//9131
f 6684//9131 6682//9131 6678//9131
f 6414//9131 6430//9131 6676//9131
f 6414//9131 6676//9131 6683//9131
f 6412//9131 6428//9131 6430//9131
f 6412//9131 6430//9131 6414//9131
f 6685//9131 6679//9131 6680//9131
f 6685//9131 6684//9131 6679//9131
f 6412//9131 6426//9131 6428//9131
f 6686//9131 6685//9131 6680//9131
f 6681//9131 6686//9131 6680//9131
f 6424//9131 6426//9131 6412//9131
f 6424//9131 6412//9131 6409//9131
f 6405//9131 6686//9131 6681//9131
f 6415//9131 6405//9131 6681//9131
f 6422//9131 6424//9131 6409//9131
f 6420//9131 6422//9131 6409//9131
f 6420//9131 6409//9131 6407//9131
f 6418//9131 6405//9131 6415//9131
f 6418//9131 6407//9131 6405//9131
f 6418//9131 6420//9131 6407//9131
f 6687//9284 6413//8813 6414//8814
f 6687//9284 6414//8814 6683//9285
f 6688//9286 6683//9285 6682//9287
f 6688//9286 6687//9284 6683//9285
f 6688//9286 6682//9287 6684//9288
f 6689//9289 6688//9286 6684//9288
f 6690//9290 6689//9289 6684//9288
f 6690//9290 6684//9288 6685//9291
f 6691//9292 6685//9291 6686//9293
f 6691//9292 6690//9290 6685//9291
f 6404//8804 6686//9293 6405//8805
f 6404//8804 6691//9292 6686//9293
f 6413//8813 6687//9284 6688//9286
f 6410//8810 6411//8811 6413//8813
f 6410//8810 6690//9290 6691//9131
f 6410//8810 6688//9286 6689//9289
f 6410//8810 6413//8813 6688//9286
f 6410//8810 6689//9289 6690//9290
f 6406//8803 6691//9131 6404//8804
f 6406//8803 6408//8807 6410//8810
f 6406//8803 6410//8810 6691//9131
f 6393//8787 6392//8786 6693//9294
f 6695//9295 6694//9296 6696//9297
f 6695//9295 6693//9294 6692//9298
f 6695//9295 6692//9298 6694//9296
f 6399//8797 6395//8794 6393//8787
f 6399//8797 6397//8795 6395//8794
f 6401//8799 6695//9295 6403//8802
f 6401//8799 6693//9294 6695//9295
f 6401//8799 6393//8787 6693//9294
f 6399//8797 6393//8787 6401//8799
f 6697//9299 6402//9300 6403//9301
f 6697//9299 6403//9301 6695//9302
f 6698//9303 6695//9295 6696//9297
f 6698//9303 6697//9304 6695//9295
f 6699//9305 6696//9297 6694//9296
f 6699//9305 6698//9303 6696//9297
f 6700//9306 6694//9296 6692//9298
f 6700//9306 6699//9305 6694//9296
f 6701//9307 6692//9298 6693//9294
f 6701//9307 6700//9306 6692//9298
f 6391//8785 6693//9294 6392//8786
f 6391//8785 6701//9307 6693//9294
f 6211//9308 6702//9183 6213//9309
f 6211//9308 6364//9308 6702//9183
f 6216//9183 6702//9183 6703//9308
f 6216//9183 6213//9309 6702//9183
f 6704//9310 6364//9308 6211//9308
f 6243//9183 6705//9183 6706//9311
f 6245//9311 6243//9183 6706//9311
f 6241//9183 6705//9183 6243//9183
f 6217//9312 6703//9308 6707//9183
f 6217//9312 6216//9183 6703//9308
f 6241//9183 6708//9313 6705//9183
f 6245//9311 6706//9311 6709//9314
f 6710//9311 6707//9183 6708//9313
f 6710//9311 6708//9313 6241//9183
f 6247//9315 6245//9311 6709//9314
f 6364//9308 6704//9310 6711//9312
f 6709//9314 6249//9316 6247//9315
f 6367//9317 6364//9308 6711//9312
f 6701//9309 6217//9312 6707//9183
f 6701//9309 6707//9183 6710//9311
f 6700//9183 6710//9311 6712//9183
f 6700//9183 6701//9309 6710//9311
f 6391//9183 6217//9312 6701//9309
f 6391//9183 6220//9183 6217//9312
f 6699//9183 6700//9183 6712//9183
f 6713//9318 6249//9316 6709//9314
f 6367//9317 6711//9312 6714//9314
f 6391//9183 6714//9314 6220//9183
f 6699//9183 6712//9183 6715//9183
f 6698//9319 6699//9183 6715//9183
f 6394//9315 6714//9314 6391//9183
f 6369//9183 6367//9317 6714//9314
f 6698//9319 6715//9183 6249//9316
f 6394//9315 6369//9183 6714//9314
f 6716//9183 6698//9319 6249//9316
f 6716//9183 6249//9316 6713//9318
f 6225//9183 6223//9311 6396//9183
f 6223//9311 6370//9320 6369//9183
f 6223//9311 6369//9183 6394//9315
f 6223//9311 6394//9315 6396//9183
f 6221//9183 6370//9320 6223//9311
f 6221//9183 6373//9183 6370//9320
f 6225//9183 6396//9183 6398//9183
f 6227//9183 6225//9183 6398//9183
f 6233//9309 6697//9183 6698//9319
f 6233//9309 6716//9183 6717//9321
f 6233//9309 6698//9319 6716//9183
f 6718//9183 6373//9183 6221//9183
f 6231//9183 6402//9183 6697//9183
f 6231//9183 6697//9183 6233//9309
f 6235//9183 6233//9309 6717//9321
f 6227//9183 6398//9183 6400//9316
f 6719//9183 6235//9183 6717//9321
f 6229//9312 6227//9183 6400//9316
f 6720//9183 6402//9183 6231//9183
f 6237//9312 6235//9183 6719//9183
f 6720//9183 6400//9316 6402//9183
f 6721//9315 6400//9316 6720//9183
f 6375//9183 6373//9183 6718//9183
f 6240//9322 6237//9312 6719//9183
f 6388//9321 6240//9322 6719//9183
f 6375//9183 6718//9183 6722//9311
f 6378//9309 6375//9183 6722//9311
f 6378//9309 6722//9311 6723//9323
f 6388//9321 6724//9324 6240//9322
f 6388//9321 6725//9323 6724//9324
f 6386//9325 6725//9323 6388//9321
f 6386//9325 6721//9315 6725//9323
f 6378//9309 6723//9323 6229//9312
f 6381//9326 6378//9309 6229//9312
f 6384//9183 6400//9316 6721//9315
f 6384//9183 6229//9312 6400//9316
f 6384//9183 6721//9315 6386//9325
f 6381//9326 6229//9312 6384//9183
f 6644//9327 6643//9327 6652//9327
f 6352//8726 6643//9328 6351//8727
f 6352//8731 6652//9229 6643//9329
f 6559//9330 6390//9330 6388//9330
f 6559//9331 6388//9331 6719//9331
f 6561//9332 6719//9332 6717//9332
f 6561//9333 6559//9333 6719//9333
f 6564//9334 6717//9335 6716//9336
f 6564//9337 6561//9337 6717//9337
f 6716//9336 6566//9338 6564//9334
f 6566//9339 6716//9339 6713//9339
f 6571//9340 6713//9340 6709//9340
f 6571//9075 6566//9071 6713//9341
f 6709//9342 6575//9342 6571//9342
f 6580//9343 6709//9343 6706//9343
f 6580//9344 6575//9344 6709//9344
f 6582//9086 6580//9088 6706//9345
f 6705//9346 6582//9346 6706//9346
f 6705//9347 6585//9347 6582//9347
f 6588//9348 6705//9348 6708//9348
f 6588//9349 6585//9349 6705//9349
f 6590//9096 6588//9098 6708//9350
f 6707//9351 6590//9351 6708//9351
f 6707//9352 6593//9352 6590//9352
f 6596//9353 6707//9354 6703//9355
f 6596//9353 6593//9356 6707//9354
f 6599//9357 6596//9357 6703//9357
f 6599//9358 6703//9358 6702//9358
f 6603//9359 6702//9359 6364//9359
f 6603//9360 6599//9360 6702//9360
f 6603//9361 6364//9361 6365//9361
f 6279//9362 6726//9363 6727//9364
f 6556//9365 6554//9365 6726//9365
f 6646//9208 6556//9210 6279//8607
f 6279//9366 6556//9366 6726//9366
f 6726//9367 6728//9367 6727//9367
f 6727//9368 6728//9369 6729//9370
f 6554//9035 6655//9241 6726//9371
f 6726//9372 6655//9372 6728//9372
f 6728//9369 6662//9373 6729//9370
f 6655//9374 6662//9374 6728//9374
f 6662//9375 6730//9375 6729//9375
f 6359//9376 6730//9377 6362//9378
f 6662//9379 6664//9379 6730//9379
f 6730//9380 6664//9380 6362//9380
f 6645//9131 6274//9131 6357//9131
f 6276//8603 6274//9131 6645//9131
f 6646//9208 6276//8603 6645//9131
f 6279//8607 6276//8603 6646//9208
f 6451//9381 6453//9381 6731//9381
f 6453//9382 6552//9382 6731//9382
f 6732//9383 6668//9383 6733//9383
f 6668//9384 6667//9384 6733//9384
f 6733//9385 6667//9385 6734//9385
f 6667//9386 6670//9386 6734//9386
f 6734//9387 6670//9387 6347//9387
f 6670//9388 6349//8723 6347//8722
f 6731//9389 6552//9390 6732//9391
f 6732//9392 6552//9392 6668//9392
f 6735//9253 6451//8863 6731//9249
f 6449//8864 6451//8863 6735//9253
f 6736//9131 6449//8864 6735//9253
f 6447//9131 6449//8864 6736//9131
f 6445//9131 6447//9131 6736//9131
f 6445//9131 6736//9131 6737//9393
f 6337//9394 6737//9393 6339//9395
f 6337//9394 6445//9131 6737//9393
f 6642//9396 6644//9396 6272//9396
f 6644//9397 6652//9397 6272//9397
f 6738//9398 6651//9398 6739//9398
f 6651//9399 6653//9399 6739//9399
f 6739//9400 6653//9400 6740//9400
f 6653//9401 6657//9401 6740//9401
f 6740//9402 6657//9402 6334//9402
f 6657//9403 6336//8703 6334//8702
f 6272//9404 6652//9404 6738//9404
f 6738//9405 6652//9405 6651//9405
f 6270//9134 6642//9194 6272//9144
f 6641//9195 6642//9194 6270//9134
f 6268//9131 6641//9195 6270//9134
f 6640//9131 6641//9195 6268//9131
f 6640//9131 6268//9131 6266//9131
f 6639//9131 6640//9131 6266//9131
f 6639//9131 6266//9131 6264//9130
f 6326//9406 6639//9131 6264//9130
f 6650//9225 6435//9226 6741//9407
f 6435//9030 6553//9032 6741//9408
f 6742//9409 6673//9409 6743//9409
f 6673//9410 6671//9410 6743//9410
f 6743//9411 6671//9411 6744//9411
f 6671//9412 6669//9412 6744//9412
f 6744//9413 6669//9413 6322//9413
f 6669//9414 6324//8679 6322//8678
f 6741//9415 6553//9416 6742//9417
f 6742//9418 6553//9418 6673//9418
f 6286//9131 6650//9225 6741//9407
f 6649//9220 6650//9225 6286//9131
f 6648//9131 6286//9131 6284//9131
f 6648//9131 6649//9220 6286//9131
f 6647//9214 6284//9131 6282//9419
f 6647//9214 6648//9131 6284//9131
f 6313//9215 6282//9419 6280//9420
f 6647//9214 6282//9419 6313//9215
f 6745//9421 6746//9422 6747//9423
f 6443//9424 6558//9424 6746//9424
f 6439//8850 6443//8849 6745//9425
f 6745//9426 6443//9426 6746//9426
f 6746//9427 6748//9427 6747//9427
f 6747//9428 6748//9429 6749//9430
f 6558//9047 6675//9265 6746//9431
f 6746//9432 6675//9432 6748//9432
f 6748//9429 6674//9433 6749//9430
f 6675//9434 6674//9434 6748//9434
f 6674//9435 6750//9435 6749//9435
f 6309//9436 6750//9437 6312//9438
f 6674//9439 6672//9439 6750//9439
f 6750//9440 6672//9440 6312//9440
f 6437//9131 6300//9441 6307//9131
f 6751//9442 6300//9441 6437//9131
f 6439//8850 6751//9442 6437//9131
f 6752//9443 6751//9442 6439//8850
f 6745//9425 6752//9443 6439//8850
f 6461//9044 6557//9043 6754//9444
f 6458//8874 6461//8879 6753//9445
f 6753//9446 6461//9446 6754//9446
f 6754//9447 6755//9448 6753//9449
f 6755//9450 6756//9451 6757//9452
f 6754//9453 6756//9451 6755//9450
f 6557//9040 6654//9234 6754//9454
f 6754//9455 6654//9455 6756//9455
f 6756//9456 6659//9457 6757//9458
f 6756//9456 6654//9459 6659//9457
f 6299//8636 6661//9460 6298//8637
f 6758//9461 6661//9461 6299//9461
f 6757//9462 6661//9462 6758//9462
f 6659//9463 6661//9463 6757//9463
f 6759//9464 6297//8630 6456//9131
f 6759//9464 6288//8628 6297//8630
f 6753//9465 6456//9131 6458//9131
f 6753//9465 6759//9464 6456//9131
f 6272//9309 6738//9466 6274//8728
f 6738//9466 6354//8729 6274//8728
f 6738//9466 6739//9467 6354//8729
f 6739//9467 6358//8740 6354//8729
f 6753//9449 6329//8690 6264//9468
f 6739//9467 6359//9376 6358//8740
f 6739//9467 6740//9311 6359//9376
f 6753//9449 6755//9448 6329//8690
f 6755//9448 6757//9469 6329//8690
f 6329//8690 6757//9469 6330//8691
f 6330//8691 6757//9469 6331//9470
f 6757//9469 6758//9471 6331//9470
f 6331//9470 6758//9471 6332//8698
f 6729//9472 6317//8666 6727//9364
f 6279//9362 6317//8666 6280//9473
f 6727//9364 6317//8666 6279//9362
f 6729//9472 6318//8667 6317//8666
f 6758//9471 6299//9474 6332//8698
f 6730//9377 6319//9475 6729//9472
f 6729//9472 6319//9475 6318//8667
f 6359//9376 6320//8674 6730//9377
f 6730//9377 6320//8674 6319//9475
f 6740//9311 6320//8674 6359//9376
f 6740//9311 6322//8675 6320//8674
f 6334//8699 6322//8675 6740//9311
f 6288//9476 6731//9389 6290//9477
f 6294//9478 6733//9479 6299//9474
f 6290//9477 6732//9391 6294//9478
f 6294//9478 6732//9391 6733//9479
f 6733//9479 6734//9309 6299//9474
f 6299//9474 6734//9309 6332//8698
f 6731//9389 6732//9391 6290//9477
f 6332//8698 6734//9309 6334//8699
f 6734//9309 6347//8719 6334//8699
f 6334//8699 6347//8719 6322//8675
f 6322//8675 6347//8719 6744//9316
f 6347//8719 6345//8718 6744//9316
f 6345//8718 6309//9436 6744//9316
f 6744//9316 6309//9436 6743//9480
f 6309//9436 6308//8652 6743//9480
f 6344//9481 6750//9437 6345//8718
f 6345//8718 6750//9437 6309//9436
f 6743//9480 6304//8651 6742//9417
f 6308//8652 6304//8651 6743//9480
f 6343//8711 6749//9482 6344//9481
f 6344//9481 6749//9482 6750//9437
f 6304//8651 6741//9415 6742//9417
f 6304//8651 6300//9483 6741//9415
f 6343//8711 6342//8710 6749//9482
f 6342//8710 6747//9423 6749//9482
f 6339//9484 6745//9421 6342//8710
f 6342//8710 6745//9421 6747//9423
f 6287//8618 6741//8619 6760//9485
f 6760//9486 6300//9486 6761//9486
f 6741//9487 6300//9487 6760//9487
f 6300//9441 6751//9442 6761//9488
f 6761//9489 6751//9490 6762//9491
f 6751//9492 6752//9492 6762//9492
f 6762//9493 6745//9494 6763//9495
f 6752//9443 6745//9425 6762//9496
f 6763//9495 6745//9494 6764//9497
f 6745//9498 6339//9498 6764//9498
f 6339//9499 6737//9499 6764//9499
f 6764//9500 6737//9501 6765//9502
f 6737//9501 6736//9503 6765//9502
f 6765//9504 6736//9505 6766//9506
f 6766//9506 6736//9505 6767//9507
f 6736//9508 6735//9509 6767//9510
f 6767//9510 6735//9509 6768//9511
f 6735//9512 6731//9512 6768//9512
f 6768//9513 6731//9514 6769//9515
f 6731//9514 6288//9516 6769//9515
f 6769//9517 6288//9518 6770//9519
f 6288//9520 6759//9520 6770//9520
f 6770//9519 6759//9521 6771//9522
f 6771//9523 6753//9523 6772//9523
f 6759//9464 6753//9465 6771//9524
f 6772//9525 6753//9525 6265//9525
f 6753//9526 6264//8586 6265//8588
f 6273//8596 6269//8590 6271//8594
f 6267//8585 6269//8590 6273//8596
f 6277//8605 6273//8596 6275//9131
f 6771//9522 6772//9131 6265//8583
f 6771//9522 6267//8585 6273//8596
f 6771//9522 6265//8583 6267//8585
f 6278//8606 6273//8596 6277//8605
f 6278//8606 6771//9522 6273//8596
f 6283//9131 6278//8606 6281//8610
f 6767//9510 6768//9511 6769//9517
f 6767//9510 6769//9517 6770//9519
f 6765//9502 6766//9131 6767//9510
f 6761//9489 6287//9131 6760//9131
f 6761//9489 6285//9131 6287//9131
f 6764//9500 6765//9502 6767//9510
f 6764//9500 6770//9519 6771//9522
f 6764//9500 6771//9522 6278//8606
f 6764//9500 6767//9510 6770//9519
f 6762//9491 6763//9131 6764//9500
f 6762//9491 6764//9500 6278//8606
f 6762//9491 6285//9131 6761//9489
f 6762//9491 6283//9131 6285//9131
f 6762//9491 6278//8606 6283//9131
f 6504//9527 6255//9527 6503//9527
f 6255//9528 6253//9529 6503//9530
f 6253//9529 6250//9531 6503//9530
f 6503//9532 6250//9532 6501//9532
f 6250//9533 6773//9533 6501//9533
f 6501//9534 6773//9535 6500//9536
f 6773//9535 6774//9537 6500//9536
f 6500//9538 6774//9538 6499//9538
f 6774//9539 6775//9540 6499//9541
f 6586//9542 6261//8574 6260//8573
f 6581//9543 6261//8574 6586//9542
f 6602//9544 6261//8574 6493//9545
f 6263//8582 6261//8574 6602//9544
f 6577//9546 6542//9547 6581//9543
f 6573//9548 6542//9547 6577//9546
f 6581//9543 6542//9547 6261//8574
f 6497//9549 6255//9550 6504//9551
f 6493//9545 6255//9550 6497//9549
f 6261//8574 6255//9550 6493//9545
f 6542//9547 6255//9550 6261//8574
f 6541//9552 6562//9553 6542//9547
f 6255//9550 6510//9554 6254//9555
f 6562//9553 6536//9556 6542//9547
f 6542//9547 6543//9557 6255//9550
f 6542//9547 6536//9556 6543//9557
f 6255//9550 6514//9558 6510//9554
f 6543//9557 6514//9558 6255//9550
f 6536//9556 6533//9559 6543//9557
f 6543//9557 6517//9560 6514//9558
f 6533//9559 6530//9561 6543//9557
f 6543//9557 6521//9562 6517//9560
f 6597//9563 6777//9563 6595//9563
f 6776//9564 6777//9564 6597//9564
f 6777//9565 6778//9565 6595//9565
f 6595//9566 6778//8576 6262//8578
f 6495//9567 6775//9540 6492//9568
f 6499//9541 6775//9540 6495//9567
f 6508//9569 6775//9540 6507//9570
f 6512//9571 6775//9540 6508//9569
f 6600//9572 6776//9573 6597//9574
f 6492//9568 6776//9573 6600//9572
f 6775//9540 6776//9573 6492//9568
f 6515//9575 6547//9576 6512//9571
f 6518//9577 6547//9576 6515//9575
f 6512//9571 6547//9576 6775//9540
f 6776//9573 6584//9578 6589//9579
f 6527//9580 6531//9581 6547//9576
f 6531//9581 6534//9582 6547//9576
f 6547//9576 6548//9021 6775//9540
f 6775//9540 6548//9021 6776//9573
f 6548//9021 6579//9583 6776//9573
f 6776//9573 6579//9583 6584//9578
f 6547//9576 6534//9582 6548//9021
f 6548//9021 6574//9584 6579//9583
f 6534//9582 6560//9585 6548//9021
f 6548//9021 6570//9586 6574//9584
f 6560//9585 6549//9022 6548//9021
f 6776//9587 6589//9587 6777//9587
f 6589//9588 6591//9588 6777//9588
f 6777//9589 6591//9589 6778//9589
f 6591//9590 6256//8568 6778//8567
f 6542//9591 6573//9591 6540//9591
f 6573//9592 6572//9592 6540//9592
f 6540//9593 6572//9593 6538//9593
f 6572//9594 6569//9595 6538//9596
f 6538//9596 6569//9595 6550//9597
f 6569//9598 6568//9599 6550//9600
f 6550//9600 6568//9599 6548//9601
f 6568//9602 6570//9602 6548//9602
f 6521//9562 6543//9557 6523//9603
f 6543//9604 6544//9604 6523//9604
f 6523//9605 6544//9605 6522//9605
f 6544//9606 6545//9606 6522//9606
f 6522//9607 6545//9607 6519//9607
f 6545//9608 6546//9609 6519//9610
f 6519//9610 6546//9609 6518//9611
f 6546//9612 6547//9612 6518//9612
f 6507//9613 6774//9613 6506//9613
f 6775//9540 6774//9614 6507//9570
f 6774//9615 6773//9616 6506//9617
f 6506//9617 6773//9616 6251//8561
f 6773//9616 6250//8562 6251//8561
f 6248//8559 6249//8560 6779//9618
f 6779//9618 6715//9619 6780//9620
f 6249//8560 6715//9619 6779//9618
f 6780//9620 6712//9621 6781//9622
f 6715//9619 6712//9621 6780//9620
f 6712//9621 6710//9623 6781//9622
f 6781//9622 6710//9623 6782//9624
f 6710//9625 6241//8552 6782//9626
f 6782//9626 6241//8552 6242//8554
f 6248//8559 6244//8555 6246//8557
f 6248//8559 6242//9183 6244//8555
f 6779//9183 6782//9183 6242//9183
f 6779//9183 6242//9183 6248//8559
f 6780//9620 6781//9622 6782//9183
f 6780//9620 6782//9183 6779//9183
f 6239//8549 6240//8551 6783//9627
f 6783//9627 6724//9628 6784//9629
f 6240//8551 6724//9628 6783//9627
f 6724//9628 6725//9630 6784//9629
f 6784//9629 6725//9630 6785//9631
f 6725//9630 6721//9632 6785//9631
f 6785//9631 6721//9632 6786//9633
f 6721//9634 6720//9635 6786//9636
f 6786//9636 6720//9635 6232//9637
f 6720//9638 6231//8544 6232//8541
f 6238//8548 6234//9183 6236//8546
f 6239//8549 6232//9183 6234//9183
f 6239//8549 6234//9183 6238//8548
f 6783//9627 6232//9183 6239//8549
f 6784//9629 6786//9633 6232//9183
f 6784//9629 6232//9183 6783//9627
f 6784//9629 6785//9631 6786//9633
f 6229//8539 6723//9639 6230//8540
f 6230//8540 6723//9639 6787//9640
f 6723//9639 6722//9641 6787//9640
f 6787//9640 6722//9641 6788//9642
f 6722//9641 6718//9643 6788//9642
f 6788//9642 6718//9643 6789//9644
f 6789//9644 6221//8529 6222//8531
f 6718//9643 6221//8529 6789//9644
f 6228//8538 6224//9183 6226//8536
f 6230//8540 6222//9183 6224//9183
f 6230//8540 6224//9183 6228//8538
f 6787//9640 6788//9642 6789//9644
f 6787//9640 6789//9644 6222//9183
f 6787//9640 6222//9183 6230//8540
f 6220//8528 6714//9645 6219//8526
f 6219//8526 6714//9645 6790//9646
f 6790//9646 6714//9645 6791//9647
f 6714//9645 6711//9648 6791//9647
f 6791//9647 6711//9648 6792//9649
f 6792//9649 6704//9650 6793//9651
f 6711//9648 6704//9650 6792//9649
f 6793//9651 6704//9650 6794//8517
f 6704//9650 6211//8518 6794//8517
f 6218//8525 6214//9183 6215//8522
f 6219//8526 6212//9183 6214//9183
f 6219//8526 6214//9183 6218//8525
f 6790//9646 6794//9183 6212//9183
f 6790//9646 6212//9183 6219//8526
f 6791//9647 6793//9651 6794//9183
f 6791//9647 6794//9183 6790//9646
f 6791//9647 6792//9649 6793//9651
