# Blender 5.1.2
# www.blender.org
mtllib propeller.mtl
o 1045_propeller
v 0.065554 10.000000 -2.006105
v -0.199560 -0.000000 -1.994298
v -0.480168 10.000000 -1.946552
v -0.685946 -0.000000 -1.884640
v -1.034466 10.000000 -1.723205
v -1.254399 -0.000000 -1.572967
v -1.458672 10.000000 -1.372748
v -1.655439 -0.000000 -1.128659
v -1.781240 10.000000 -0.930988
v -1.891380 -0.000000 -0.671889
v -1.992234 10.000000 -0.265627
v -2.000358 -0.000000 -0.134856
v -1.975120 10.000000 0.348267
v -1.966608 0.000000 0.397563
v -1.787698 10.000000 0.916500
v -1.741436 0.000000 1.005418
v -1.343955 10.000000 1.498605
v -1.316446 0.000000 1.515164
v -0.689263 0.000000 1.893739
v -0.733604 10.000000 1.869202
v -0.235017 10.000000 1.989202
v 0.050065 0.000000 2.007383
v 0.299419 10.000000 1.986500
v 0.254940 0.001072 -6.171984
v 0.474089 0.008984 6.182390
v -0.153187 0.049954 6.241989
v 0.467731 0.069325 6.231501
v 1.227879 0.002158 6.064388
v 1.075940 0.061506 6.153879
v 1.534583 0.055297 6.052313
v 1.984057 0.012053 5.878821
v 1.987695 0.069512 5.924565
v 2.726934 0.003347 5.558823
v 2.556935 0.062470 5.700335
v 3.195725 0.047208 5.364221
v 3.688162 0.004170 4.969735
v 3.662137 0.067697 5.063215
v 4.265296 0.003006 4.487474
v 4.136927 0.059604 4.680595
v 4.561656 0.052855 4.264776
v 5.020405 0.003207 3.614311
v 4.814965 0.049190 3.973432
v 5.159969 0.054251 3.518192
v 5.416716 0.001885 2.977189
v 5.485199 0.055099 2.986726
v 5.767980 0.005998 2.279675
v 5.755651 0.075354 2.436457
v 5.973593 0.050258 1.817603
v 6.119066 0.006901 1.007894
v 6.123019 0.066693 1.246328
v 6.193792 0.005634 0.272337
v 6.218907 0.071318 0.616064
v 6.243770 0.046971 -0.093590
v 6.133555 0.003898 -0.824102
v 6.215487 0.063361 -0.634629
v 5.974401 0.004032 -1.640241
v 6.149946 0.058955 -1.083657
v 6.053566 0.067169 -1.549220
v 5.867857 0.060814 -2.143408
v 5.625725 0.002649 -2.579183
v 5.629522 0.060596 -2.708451
v 5.252645 0.009561 -3.302060
v 5.322208 0.062735 -3.272033
v 4.800136 0.004513 -3.915446
v 5.073013 0.060173 -3.642360
v 4.773153 0.062975 -4.031053
v 4.201276 0.004027 -4.550223
v 4.373124 0.066874 -4.464505
v 3.136899 0.002654 -5.333091
v 4.008650 0.054078 -4.786358
v 3.642629 0.015183 -5.026835
v 3.635309 0.066082 -5.081954
v 3.110790 0.061323 -5.417631
v 2.407092 0.007865 -5.716592
v 2.549907 0.062059 -5.703309
v 1.551278 0.002584 -5.985381
v 2.003037 0.073002 -5.919982
v 1.643471 0.045388 -6.020278
v 0.845103 0.013888 -6.152288
v 1.080112 0.055343 -6.151487
v 0.619528 0.073458 -6.217047
v 0.153187 0.049953 -6.241989
v -0.160945 9.929413 -6.247196
v 0.468589 9.945182 -6.227834
v 0.160945 9.929413 6.247194
v 0.106493 9.987612 6.209522
v 0.775377 9.940327 6.198506
v 1.303077 9.997214 6.056738
v 1.399732 9.928326 6.090810
v 1.988043 9.949049 5.919513
v 2.533924 9.951366 5.704832
v 2.472231 9.996055 5.677069
v 2.871158 9.926625 5.551329
v 3.272596 9.976813 5.292387
v 3.374467 9.931833 5.259449
v 3.894738 9.939293 4.884574
v 3.777709 9.997952 4.898098
v 4.365774 9.930492 4.471172
v 4.317645 9.993690 4.445063
v 4.770649 9.945881 4.030666
v 4.901412 9.993760 3.795027
v 5.172708 9.942234 3.501405
v 5.487715 9.930118 2.989331
v 5.446379 9.996519 2.951636
v 5.828225 9.935197 2.261094
v 5.757609 9.980647 2.345405
v 5.975105 9.998766 1.574802
v 6.049228 9.952533 1.543136
v 6.152482 9.960903 1.025720
v 6.234305 9.937479 0.449923
v 6.185660 9.996690 0.259677
v 6.237609 9.945349 -0.314316
v 6.118382 9.996259 -0.969952
v 6.173664 9.950554 -0.932397
v 6.088650 9.939474 -1.389107
v 5.965649 9.949756 -1.843858
v 5.820188 9.998830 -2.089443
v 5.703978 9.938986 -2.557256
v 5.621560 9.979511 -2.657008
v 5.409856 9.939007 -3.120617
v 5.163992 9.939821 -3.515645
v 5.196735 9.996702 -3.362838
v 4.776881 9.947833 -4.023258
v 4.457417 9.994167 -4.312321
v 4.362790 9.925613 -4.476305
v 3.908845 9.936770 -4.873848
v 3.682132 9.995807 -4.981097
v 3.524963 9.940314 -5.154917
v 3.127761 9.929950 -5.410101
v 3.103474 9.994899 -5.363482
v 2.714082 9.945921 -5.622480
v 2.265467 9.937229 -5.822347
v 2.392430 9.993444 -5.717215
v 1.686046 9.943574 -6.014020
v 1.653802 9.996857 -5.960614
v 1.096119 9.952703 -6.145932
v 0.559906 9.998374 -6.156230
v -0.222161 9.994781 -6.194014
v 4.458684 7.802403 -4.382533
v 5.009696 7.979078 -3.752771
v 5.160667 7.947075 -3.539993
v 4.868655 7.553143 -3.933695
v 5.211251 7.339973 -3.468134
v 5.343542 7.875191 -3.258374
v 5.668992 7.653967 -2.641632
v 5.444822 7.142232 -3.082984
v 5.695571 6.890562 -2.596609
v 5.873910 6.643382 -2.165317
v 6.029316 7.107072 -1.674401
v 6.157326 6.732616 -1.100628
v 6.151804 5.986687 -1.140269
v 6.204788 6.510979 -0.803576
v 6.247832 6.164700 -0.349611
v 6.251002 5.432512 -0.334408
v 6.256749 5.950079 -0.083683
v 6.252948 5.026429 0.194688
v 6.229726 5.437410 0.555547
v 6.219908 4.670920 0.663079
v 6.190659 4.486354 0.910373
v 6.136153 4.237169 1.245161
v 6.076355 4.023818 1.490823
v 6.102394 4.707731 1.380453
v 5.917818 3.597080 2.032975
v 5.818111 3.870356 2.305478
v 5.835101 3.413007 2.255563
v 5.468928 3.191452 3.044346
v 5.626112 3.475080 2.739122
v 5.242019 2.848925 3.420462
v 5.323228 2.597141 3.287479
v 4.993474 2.216600 3.768669
v 4.607080 1.874024 4.230208
v 4.324650 1.666813 4.517686
v 3.977247 1.626210 4.828617
v 3.568264 1.383899 5.137196
v 3.572339 1.266730 5.133650
v 3.321242 1.246955 5.305517
v 3.305569 1.175301 5.313733
v 2.843656 1.079804 5.570314
v 1.888265 0.855297 5.965693
v 4.116551 1.547778 4.712592
v 2.844632 1.025096 5.568051
v 5.932047 4.144368 1.998180
v 4.602329 8.006841 -4.232496
v 4.538807 7.695556 -4.300805
v 4.599617 7.735129 -4.288979
v 4.598930 7.957197 -4.263098
v 4.501308 7.849356 -4.359097
v 4.497494 7.931837 -4.342413
v 4.601363 7.921740 -4.300802
v 4.536294 7.899704 -4.333191
v 4.510040 7.800350 -4.353910
v 4.540012 7.757020 -4.327979
v 2.700020 1.011348 5.650259
v 3.380264 1.234983 5.294999
v 4.686787 7.939451 -4.227810
v 5.509365 3.174790 3.028240
v 5.235446 2.774764 3.473979
v 6.041959 4.308430 1.768623
v 6.163783 4.777982 1.243570
v 6.256773 5.126155 0.827883
v 6.294152 5.527446 0.355720
v 6.254549 5.645171 0.277269
v 6.208810 6.700030 -1.180339
v 5.942362 7.325109 -2.179428
v 6.082891 7.083685 -1.771706
v 5.717172 7.603226 -2.741790
v 4.051061 1.623583 4.798123
v 4.251180 1.828766 4.587718
v 4.676283 2.206285 4.153672
v 5.024299 2.569950 3.732156
v 5.699603 3.513023 2.654764
v 5.714646 3.638827 2.553296
v 5.813614 3.756508 2.388059
v 5.916455 4.001305 2.117825
v 6.031783 4.432484 1.675458
v 6.109699 4.560438 1.489245
v 6.177421 5.048934 0.994508
v 6.307494 5.803058 0.015900
v 6.304770 6.114911 -0.382073
v 6.267993 6.351856 -0.687410
v 6.162552 6.887800 -1.464764
v 6.112379 6.889736 -1.370515
v 5.830760 7.474442 -2.461171
v 5.571125 7.714711 -2.999689
v 5.488894 7.784694 -3.010960
v 5.052568 7.927230 -3.809693
v 4.848301 8.002029 -3.955047
v 4.862320 7.947863 -4.023219
v 4.485803 2.007067 4.364802
v 4.734613 2.209972 4.114596
v 6.205830 5.068810 0.927211
v 6.240552 5.294818 0.664160
v 6.277153 5.806021 0.047981
v 6.275305 6.060415 -0.276024
v 6.178827 6.660651 -1.045845
v 6.158110 6.763787 -1.223625
v 5.968317 7.227633 -1.893902
v 6.016680 7.167625 -1.883747
v 5.903054 7.347557 -2.169460
v 5.684547 7.613364 -2.721894
v 5.569604 7.719676 -2.875448
v 5.457750 7.786805 -3.130607
v 5.252049 7.896400 -3.428967
v 5.135360 7.924929 -3.621187
v 4.996687 7.945457 -3.828917
v 4.734413 7.975609 -4.116234
v 6.238361 6.338221 -0.610285
v 6.272602 6.196665 -0.463657
v 6.223990 6.487767 -0.836859
v 6.225830 6.578716 -0.997070
v 6.144996 6.862499 -1.400403
v 6.065529 7.047174 -1.669649
v 5.867393 7.403501 -2.174498
v 5.798344 7.492675 -2.452683
v 5.805423 7.480174 -2.348143
v 5.716180 7.586315 -2.571079
v 5.601459 7.684971 -2.886669
v 5.453959 7.788355 -3.205727
v 5.325319 7.849715 -3.403138
v 5.202172 7.893375 -3.596500
v 6.216672 5.971348 -1.032261
v 6.323977 5.258423 -0.006600
v 5.003487 7.537177 -3.818130
v 5.264163 7.361326 -3.441678
v 5.518001 7.150829 -3.018249
v 6.056577 6.418287 -1.726286
v 6.032785 6.327714 -1.663489
v 6.092070 6.216045 -1.463014
v 6.119272 6.241363 -1.456830
v 6.253204 5.719541 -0.678922
v 6.207153 5.748661 -0.791311
v 6.294017 5.559134 -0.432900
v 6.292649 5.299689 -0.089195
v 6.269958 5.168523 0.053491
v 6.250025 4.551991 0.929806
v 6.187107 4.231631 1.349665
v 6.013724 3.695399 2.037291
v 5.333767 2.584347 3.452656
v 4.887768 2.110773 4.087084
v 5.262079 2.480477 3.593990
v 4.441046 1.775671 4.422710
v 4.379820 1.720332 4.642273
v 3.848571 1.414483 4.938866
v 3.910635 1.476803 4.953551
v 5.829061 6.814198 -2.390090
v 6.255605 4.901217 0.410306
v 6.190717 4.429536 1.033768
v 6.077905 4.004945 1.586382
v 6.091792 3.944676 1.713506
v 5.968168 3.709790 1.945427
v 5.966484 3.668618 2.041296
v 5.869705 3.477787 2.258141
v 5.923535 3.517121 2.259030
v 5.709908 3.175557 2.558035
v 5.840559 3.350165 2.470733
v 5.613245 3.013967 2.766474
v 5.735223 3.163859 2.706012
v 5.663531 3.072761 2.806557
v 5.480480 2.808985 3.019029
v 5.585701 2.912531 3.030983
v 5.511405 2.864681 3.017654
v 5.392724 2.680268 3.313004
v 5.205804 2.458548 3.473796
v 5.168537 2.430940 3.564274
v 5.004016 2.247019 3.770335
v 5.002548 2.257177 3.818189
v 5.095262 2.328491 3.785950
v 4.777538 2.050336 4.098691
v 4.632369 1.931334 4.299058
v 4.338353 1.709601 4.530815
v 4.364435 1.738079 4.552481
v 4.362095 1.732052 4.603531
v 3.730294 1.369349 5.041111
v 6.296366 4.884286 0.492363
v 6.241904 4.692748 0.707421
v 6.161283 4.240597 1.309540
v 6.013257 3.839944 1.745256
v 5.768793 3.287597 2.472480
v 5.782072 3.273834 2.550852
v 5.622757 3.030976 2.821416
v 5.539757 2.888977 3.030648
v 5.377562 2.681230 3.236032
v 5.216008 2.470568 3.583458
v 4.789492 2.042102 4.030809
v 4.860923 2.113320 4.064630
v 4.633154 1.923482 4.230566
v 4.642725 1.913953 4.360474
v 4.149774 1.597212 4.716452
v 4.182396 1.624734 4.744267
v 129.999756 5.921088 8.844548
v 129.993561 5.788486 8.891774
v 130.000412 5.823884 9.793588
v 129.998947 5.664531 9.117607
v 130.001129 5.162979 10.734482
v 130.000061 5.402116 11.242005
v 130.000046 4.020723 13.278481
v 130.000214 4.416374 13.240434
v 130.000061 3.294748 14.552921
v 129.999847 2.930784 15.431516
v 129.999924 1.358139 17.474651
v 4.684896 7.767162 -4.321617
v 9.253679 7.914448 -3.897979
v 10.216947 7.912375 -3.785086
v 11.248852 7.900027 -3.699792
v 10.539230 7.900846 -3.783911
v 13.772881 7.875714 -3.432464
v 15.594428 7.871208 -3.297106
v 13.993502 7.704969 -3.505255
v 13.326881 7.728929 -3.576086
v 14.874781 7.720597 -3.451729
v 15.087296 7.871496 -3.367329
v 14.812075 7.868900 -3.399030
v 16.608950 7.726846 -3.336908
v 17.877409 7.736074 -3.266445
v 15.544434 7.730790 -3.408946
v 17.403831 7.737590 -3.294781
v 16.935020 7.742524 -3.324481
v 19.461882 7.785012 -3.209533
v 18.298613 7.756854 -3.253700
v 20.858080 7.839076 -3.173580
v 22.445932 7.892203 -3.133350
v 21.824385 7.901891 -3.161813
v 21.348619 7.873305 -3.168522
v 23.209787 7.946486 -3.134856
v 22.759718 7.940071 -3.146764
v 25.231468 8.215340 -3.075633
v 25.648151 8.091034 -3.125090
v 26.745440 8.325685 -3.064838
v 24.314669 8.161077 -3.026195
v 31.658537 8.722758 -3.165248
v 24.874798 8.196562 -3.053789
v 27.048161 8.192050 -3.137246
v 29.860666 8.569373 -3.126232
v 28.969940 8.492789 -3.114600
v 31.050402 8.666782 -3.171660
v 33.636906 8.893380 -3.242362
v 43.592022 9.672917 -3.724199
v 32.771046 8.808267 -3.252672
v 32.235649 8.769153 -3.209472
v 34.995113 8.838182 -3.379658
v 42.531532 9.591068 -3.715361
v 46.206577 9.829550 -3.824983
v 44.109978 9.698675 -3.768642
v 44.655197 9.728113 -3.796846
v 45.941757 9.648364 -3.862338
v 44.970692 9.590117 -3.832825
v 45.455532 9.620561 -3.847904
v 50.330841 10.037049 -3.904397
v 48.882454 9.946763 -3.924896
v 51.337093 10.073705 -3.926002
v 55.504997 10.230158 -3.905212
v 52.854092 10.129759 -3.936242
v 54.309170 10.022386 -3.944231
v 55.014225 10.058783 -3.950919
v 60.311378 10.348423 -3.832960
v 61.390137 10.201899 -3.807222
v 59.866493 10.187077 -3.867261
v 62.638817 10.233461 -3.781935
v 64.850334 10.434093 -3.679130
v 62.329926 10.381749 -3.786322
v 63.341896 10.398020 -3.753591
v 66.258644 10.277854 -3.639700
v 63.428757 10.239158 -3.745992
v 64.413795 10.265490 -3.724790
v 70.556702 10.477495 -3.438105
v 72.052391 10.321552 -3.364837
v 69.997383 10.326301 -3.487618
v 76.411407 10.487341 -3.080529
v 83.848854 10.418681 -2.515760
v 73.279160 10.481145 -3.293592
v 81.976524 10.442683 -2.671617
v 83.714439 10.251031 -2.548650
v 84.771835 10.231915 -2.455587
v 81.093262 10.281919 -2.759089
v 88.184265 10.171638 -2.144396
v 95.088181 9.972268 -1.382359
v 85.779419 10.216276 -2.366349
v 86.627113 10.208596 -2.297473
v 92.093353 10.080223 -1.746738
v 96.793610 9.930499 -1.198220
v 102.604378 9.678151 -0.397059
v 101.192940 9.750937 -0.610192
v 103.246124 9.656055 -0.310544
v 106.646080 9.461473 0.246425
v 105.395721 9.543762 0.027202
v 108.251381 9.529247 0.546358
v 111.143806 9.334576 1.108330
v 110.311783 9.392115 0.937695
v 109.399261 9.442795 0.740840
v 110.914215 9.341722 1.042101
v 110.615204 9.362707 0.983015
v 110.392502 9.228624 0.917978
v 112.159241 9.252939 1.307534
v 111.657623 9.286675 1.194824
v 111.355164 9.316057 1.145974
v 114.315155 9.079173 1.795050
v 113.696907 9.129869 1.647010
v 113.128288 9.169253 1.504429
v 115.474182 8.790064 2.045710
v 115.105682 8.838054 1.938054
v 114.750595 8.877367 1.848444
v 120.700195 8.380260 3.492795
v 120.894394 8.328852 3.525254
v 121.023445 8.348087 3.628830
v 122.249107 8.170431 4.035007
v 121.907150 8.217494 3.908158
v 123.100693 8.031966 4.335776
v 122.633369 8.105092 4.158079
v 123.582008 7.957871 4.538017
v 124.339249 7.824798 4.859124
v 124.150879 7.687317 4.730670
v 125.042953 7.688358 5.155441
v 124.937271 7.538157 5.074419
v 125.994293 7.490039 5.623668
v 126.023376 7.308131 5.593146
v 126.830627 7.114698 6.021236
v 126.915054 7.267662 6.119515
v 127.414543 7.132463 6.414457
v 127.965294 6.967307 6.757295
v 127.852249 6.815925 6.665782
v 128.671280 6.721668 7.284675
v 128.483276 6.602757 7.121040
v 129.070007 6.556172 7.648375
v 128.948608 6.601415 7.492284
v 129.518524 6.325150 8.094742
v 129.305023 6.268003 7.831887
v 129.664658 6.232124 8.303214
v 129.544388 6.111739 8.139259
v 129.904022 6.040983 8.663524
v 129.853409 5.870530 8.643425
v 129.921371 5.775156 8.860941
v 4.742912 7.875402 -4.332676
v 5.132377 7.916747 -4.268214
v 5.941171 7.918056 -4.202424
v 5.937014 7.795057 -4.241286
v 11.914413 7.889819 -3.649183
v 12.668229 7.886315 -3.563270
v 13.329142 7.877748 -3.517151
v 13.721375 7.876773 -3.475429
v 14.129795 7.864229 -3.470822
v 15.175206 7.753339 -3.443357
v 15.794139 7.763721 -3.400356
v 16.027094 7.868911 -3.318217
v 16.280199 7.874364 -3.280124
v 18.103615 7.897983 -3.184496
v 19.499216 7.927766 -3.085558
v 16.817259 7.875857 -3.264442
v 19.014952 7.797044 -3.233790
v 19.271763 7.925665 -3.138118
v 19.469450 7.931565 -3.137816
v 20.004669 7.948654 -3.119690
v 22.803185 8.074611 -3.055686
v 20.882530 7.979587 -3.107903
v 23.454922 8.107313 -3.072032
v 24.104027 8.146854 -3.061389
v 24.049297 8.035391 -3.141718
v 27.176786 8.352273 -3.088898
v 28.717182 8.465826 -3.126180
v 28.115850 8.408222 -3.130682
v 29.457138 8.521898 -3.149840
v 33.592030 8.883021 -3.277001
v 33.046364 8.816722 -3.286171
v 34.192238 8.934601 -3.305324
v 35.769485 9.067952 -3.387414
v 36.449795 8.974493 -3.460374
v 36.734135 9.144560 -3.443624
v 37.067764 9.023520 -3.490813
v 41.136780 9.337830 -3.685483
v 38.941971 9.305099 -3.578477
v 37.836208 9.225727 -3.513367
v 40.242405 9.430867 -3.602108
v 42.233444 9.410767 -3.728877
v 41.510471 9.377473 -3.711499
v 44.645653 9.562615 -3.814670
v 44.822105 9.721321 -3.825328
v 45.329067 9.748846 -3.845269
v 45.775265 9.790475 -3.841014
v 47.416355 9.869390 -3.898586
v 49.164879 9.841673 -3.947196
v 51.469349 9.930156 -3.959203
v 51.733467 10.095546 -3.917302
v 53.199593 9.977860 -3.943346
v 56.514000 10.247446 -3.914325
v 57.689960 10.268427 -3.909059
v 57.701759 10.130294 -3.908874
v 58.099567 10.166369 -3.920373
v 61.808136 10.236631 -3.823876
v 64.218155 10.400069 -3.735372
v 66.844292 10.435483 -3.629792
v 67.795074 10.314821 -3.595811
v 68.125252 10.432858 -3.585524
v 68.767487 10.455302 -3.541054
v 69.582779 10.441482 -3.517742
v 69.966789 10.460803 -3.484804
v 70.855209 10.468197 -3.434518
v 70.503853 10.338802 -3.468652
v 73.958511 10.314787 -3.241946
v 75.653831 10.321337 -3.149472
v 75.501564 10.339633 -3.177098
v 75.340446 10.475578 -3.172025
v 73.943695 10.477656 -3.257950
v 79.409996 10.427874 -2.914653
v 77.197701 10.456223 -3.062719
v 80.360352 10.441929 -2.824751
v 81.061028 10.434995 -2.771863
v 83.156204 10.424526 -2.580505
v 83.371735 10.267575 -2.590092
v 84.160591 10.398297 -2.512660
v 84.434868 10.398789 -2.483166
v 90.350098 10.139090 -1.943028
v 92.651901 10.088070 -1.703507
v 93.911751 10.184433 -1.526125
v 93.267540 10.211859 -1.584630
v 94.155426 10.044256 -1.534523
v 94.550880 10.015936 -1.478293
v 95.773811 10.123335 -1.307646
v 100.561966 9.945674 -0.663443
v 94.529785 10.160325 -1.461178
v 96.275383 9.956766 -1.269838
v 99.444313 9.991036 -0.822201
v 98.147675 10.028414 -1.020059
v 100.212524 9.954370 -0.725419
v 100.854836 9.919507 -0.647769
v 100.686661 9.800487 -0.702500
v 100.281647 9.821148 -0.759173
v 101.437386 9.892130 -0.564997
v 101.379150 9.771865 -0.603786
v 101.734581 9.886540 -0.508872
v 102.844254 9.679058 -0.373941
v 104.724678 9.734909 -0.058653
v 102.589622 9.837679 -0.396262
v 104.789185 9.572749 -0.067526
v 106.215660 9.651424 0.188068
v 105.572365 9.682661 0.071761
v 107.849907 9.420765 0.428923
v 108.188461 9.402656 0.489669
v 109.479637 9.305967 0.733326
v 110.029640 9.404252 0.868551
v 110.223679 9.255353 0.874417
v 111.689316 9.126108 1.183470
v 111.974693 9.115608 1.231762
v 112.222481 9.102577 1.279936
v 112.447838 9.226918 1.363094
v 112.663086 9.059145 1.379178
v 113.348305 9.136363 1.532542
v 115.209885 8.990954 1.983605
v 114.640007 9.036368 1.840025
v 117.053429 8.818934 2.469973
v 116.099419 8.758368 2.166961
v 116.367096 8.883094 2.275672
v 117.458664 8.606291 2.528115
v 117.690132 8.749672 2.631501
v 117.410217 8.772204 2.538079
v 118.726402 8.625757 2.895393
v 118.406013 8.656490 2.796243
v 118.901764 8.441294 2.932816
v 120.265610 8.442985 3.366058
v 119.821899 8.496567 3.224843
v 119.826942 8.349323 3.187863
v 120.894997 8.181820 3.555194
v 120.677986 8.257209 3.444621
v 121.175591 8.298692 3.623077
v 121.647446 8.255842 3.818565
v 123.018509 7.868780 4.298528
v 124.088371 7.865695 4.734529
v 123.667061 7.775546 4.531303
v 124.329384 7.658031 4.804150
v 124.545502 7.624522 4.890751
v 125.296310 7.632042 5.257626
v 125.266815 7.501037 5.201220
v 125.384659 7.446532 5.279991
v 125.587845 7.558656 5.375210
v 125.664459 7.389596 5.410507
v 125.823006 7.379942 5.469798
v 126.502823 7.368170 5.876199
v 126.769684 7.191634 5.950484
v 126.584328 7.184752 5.878881
v 127.088043 7.214195 6.185780
v 127.471115 7.104684 6.407938
v 127.217911 7.007164 6.254369
v 127.745193 7.031230 6.598630
v 128.299103 6.850629 6.973505
v 127.995255 6.813038 6.718830
v 128.305283 6.732093 6.927294
v 128.247726 6.708700 6.914972
v 128.489944 6.627215 7.092924
v 128.749344 6.539623 7.291766
v 129.001801 6.453341 7.497917
v 129.161118 6.453341 7.634245
v 129.294464 6.441751 7.820196
v 129.399139 6.348090 7.883302
v 129.583481 6.254616 8.107863
v 129.602631 6.128211 8.153421
v 129.684616 6.128353 8.232002
v 129.721939 6.183778 8.324954
v 129.793472 6.106472 8.398630
v 129.763199 6.026484 8.375759
v 129.930847 5.988462 8.661351
v 129.891998 5.897583 8.632843
v 129.999252 5.862365 8.831182
v 6.182591 7.773794 -4.208092
v 6.265530 7.796650 -4.213898
v 6.540437 7.903685 -4.170332
v 7.301922 7.824356 -4.133701
v 7.559993 7.922836 -4.052135
v 8.446928 7.780160 -4.022445
v 10.761533 7.880533 -3.789579
v 10.941028 7.891440 -3.756493
v 10.781608 7.775671 -3.815139
v 11.872368 7.780583 -3.719013
v 12.741829 7.741250 -3.630678
v 12.806897 7.707913 -3.597847
v 8.880744 7.756869 -3.968882
v 13.678379 7.733201 -3.549888
v 14.577421 7.850473 -3.453589
v 15.402036 7.869776 -3.348617
v 15.758248 7.855779 -3.359224
v 15.714872 7.824447 -3.391098
v 17.372252 7.871387 -3.261914
v 17.845743 7.887280 -3.220090
v 18.791075 7.901365 -3.192153
v 19.018084 7.917685 -3.157779
v 19.382847 7.823383 -3.222829
v 19.679642 7.932930 -3.146342
v 20.343868 7.839581 -3.192161
v 21.720465 8.011872 -3.104170
v 23.472834 7.980365 -3.140838
v 23.803831 8.130258 -3.057301
v 24.117298 8.000840 -3.129610
v 24.853355 8.073439 -3.138687
v 25.296024 8.079250 -3.130721
v 25.827852 8.238882 -3.106454
v 25.858017 8.142513 -3.141572
v 26.115236 8.224350 -3.135958
v 27.502455 8.213078 -3.133120
v 27.935030 8.263149 -3.152614
v 28.378328 8.293232 -3.156922
v 28.469776 8.274478 -3.132505
v 29.419062 8.482255 -3.184040
v 30.045948 8.452417 -3.208633
v 29.974508 8.504880 -3.207535
v 30.421526 8.577228 -3.204199
v 30.751968 8.608119 -3.211760
v 31.046911 8.538720 -3.239708
v 31.567625 8.541094 -3.231766
v 31.718779 8.716502 -3.212106
v 32.180916 8.745472 -3.246280
v 32.057449 8.683121 -3.276365
v 32.337246 8.636992 -3.282309
v 32.667240 8.707948 -3.304376
v 32.698296 8.781251 -3.277164
v 36.335712 9.108175 -3.428474
v 38.247612 9.118452 -3.548110
v 37.399036 9.052744 -3.508378
v 38.085457 9.209680 -3.553812
v 39.283905 9.320286 -3.603977
v 38.604801 9.175885 -3.582648
v 40.006802 9.393291 -3.624364
v 40.694046 9.440559 -3.661650
v 40.426876 9.418194 -3.650415
v 41.191261 9.475150 -3.684585
v 41.910625 9.553124 -3.677104
v 46.122223 9.805041 -3.858435
v 46.921513 9.849842 -3.879931
v 46.381290 9.816164 -3.869775
v 47.209770 9.818982 -3.918412
v 47.957298 9.880421 -3.923479
v 48.424553 9.918898 -3.921210
v 48.662388 9.907061 -3.940344
v 49.366905 9.941575 -3.951077
v 50.275276 9.881676 -3.953129
v 50.854591 10.004605 -3.968455
v 52.146191 10.105599 -3.930503
v 52.503918 10.110910 -3.943684
v 53.883247 10.161069 -3.941139
v 55.257339 10.205630 -3.934648
v 57.388020 10.234598 -3.932513
v 58.461243 10.274036 -3.906553
v 59.105648 10.208655 -3.904805
v 58.853523 10.307973 -3.877067
v 59.789024 10.320303 -3.866600
v 60.698124 10.349703 -3.832178
v 61.135323 10.363770 -3.813665
v 61.585484 10.381274 -3.786247
v 64.654930 10.400746 -3.724490
v 65.151756 10.425361 -3.688364
v 65.697807 10.283209 -3.676707
v 66.391121 10.418899 -3.659163
v 66.532570 10.299974 -3.649218
v 67.222977 10.302845 -3.616186
v 71.774368 10.483246 -3.371308
v 72.172768 10.492044 -3.337418
v 76.904251 10.467398 -3.072983
v 76.571930 10.321760 -3.094640
v 79.222176 10.307293 -2.909544
v 78.053162 10.445910 -3.006410
v 78.471146 10.427912 -2.986404
v 77.704735 10.441795 -3.034636
v 80.048569 10.408600 -2.873773
v 80.683968 10.297741 -2.804050
v 80.707687 10.426150 -2.808902
v 81.353104 10.413601 -2.764382
v 82.057281 10.281031 -2.694666
v 82.649727 10.290874 -2.660411
v 84.361771 10.248134 -2.502324
v 84.961693 10.391285 -2.435841
v 87.593407 10.203119 -2.218201
v 89.817993 10.163911 -2.005803
v 90.080383 10.168005 -1.983340
v 90.307274 10.287879 -1.914322
v 86.782066 10.362672 -2.264569
v 91.680016 10.103621 -1.802145
v 91.682579 10.245823 -1.779273
v 92.891655 10.210830 -1.647810
v 94.218872 10.148189 -1.520712
v 95.096642 10.122703 -1.414331
v 96.807732 10.072913 -1.196765
v 97.852737 10.035609 -1.061875
v 97.396042 10.036989 -1.134308
v 98.606171 10.003848 -0.966339
v 98.090660 9.871763 -1.020935
v 98.197357 9.879815 -1.021226
v 98.946785 10.002856 -0.905124
v 99.550995 9.837692 -0.851642
v 100.961838 9.779554 -0.657433
v 102.066696 9.857513 -0.479289
v 102.389847 9.826745 -0.446282
v 102.467461 9.707299 -0.437719
v 102.851204 9.817364 -0.365564
v 103.658218 9.771864 -0.248335
v 103.028526 9.790486 -0.354429
v 105.247269 9.682476 -0.001250
v 106.880142 9.620117 0.318078
v 109.125954 9.427649 0.662419
v 109.629753 9.416048 0.773119
v 109.699730 9.273083 0.787651
v 110.105133 9.367896 0.851361
v 110.771187 9.183893 1.011584
v 111.151863 9.166538 1.074570
v 112.460052 9.115175 1.316125
v 114.231979 8.922855 1.729312
v 115.592697 8.939507 2.054945
v 115.330200 8.831280 1.979424
v 116.391617 8.710636 2.258373
v 116.457253 8.770551 2.237526
v 116.639313 8.709079 2.300467
v 117.133339 8.713025 2.411461
v 117.129440 8.657074 2.426961
v 117.389832 8.664953 2.481173
v 117.974899 8.707568 2.682482
v 121.919235 8.066508 3.869616
v 122.566116 7.974170 4.096536
v 122.623550 7.938328 4.141754
v 122.745918 8.057522 4.165107
v 122.900726 8.049874 4.239384
v 123.135231 7.913029 4.296183
v 123.274208 7.934454 4.347652
v 122.986488 7.899571 4.258944
v 123.382515 7.952913 4.405431
v 123.380852 7.988657 4.452695
v 123.778717 7.779410 4.558432
v 124.333038 7.804996 4.809846
v 124.263092 7.741230 4.744817
v 124.262886 7.711186 4.750906
v 124.403824 7.766547 4.817526
v 124.435532 7.724644 4.818120
v 124.534134 7.774160 4.905696
v 124.689430 7.721323 4.945967
v 124.912468 7.698166 5.064859
v 124.826881 7.590226 5.000907
v 124.705276 7.641216 4.936898
v 125.325890 7.541871 5.215169
v 125.401733 7.585576 5.272979
v 125.501656 7.529364 5.301387
v 125.490463 7.480791 5.294954
v 126.102020 7.406979 5.598999
v 126.161987 7.427909 5.655623
v 125.860718 7.506131 5.519154
v 126.066078 7.369505 5.575393
v 126.453026 7.248155 5.785337
v 126.505798 7.303956 5.807084
v 126.662987 7.312819 5.927236
v 126.995918 7.109670 6.087704
v 127.173332 7.054671 6.196410
v 127.342323 7.114043 6.297091
v 127.462082 6.950056 6.390025
v 127.673172 6.901773 6.513313
v 127.966637 6.865864 6.682276
v 128.074554 6.874421 6.761203
v 128.160461 6.878203 6.843198
v 128.512268 6.757908 7.103709
v 128.337112 6.772712 6.945179
v 128.576981 6.644246 7.130699
v 128.644730 6.664305 7.180890
v 128.785263 6.653334 7.323406
v 129.174652 6.475030 7.663227
v 128.976532 6.409431 7.526919
v 129.079178 6.458095 7.554678
v 129.370560 6.275468 7.863817
v 129.433746 6.268384 7.920907
v 129.566269 6.220904 8.072869
v 129.814362 6.059649 8.427094
v 129.913834 5.929133 8.628662
v 129.921890 5.954454 8.632072
v 5.091240 7.880861 -4.303150
v 5.030484 7.786226 -4.308135
v 5.087758 7.821908 -4.314797
v 5.526766 7.847287 -4.280115
v 5.847318 7.885959 -4.240667
v 5.546408 7.799548 -4.272963
v 5.943811 7.846403 -4.245863
v 6.231035 7.842827 -4.223093
v 6.405972 7.883762 -4.196169
v 6.537148 7.843444 -4.198339
v 6.708183 7.797032 -4.176919
v 6.792563 7.874516 -4.168200
v 6.860228 7.917383 -4.125495
v 7.089994 7.901721 -4.123795
v 7.303220 7.915374 -4.088852
v 7.427795 7.870130 -4.116294
v 7.721012 7.891722 -4.076784
v 7.676567 7.779201 -4.087270
v 7.956662 7.808459 -4.074595
v 8.161765 7.877313 -4.045911
v 8.206259 7.913006 -4.008890
v 8.826944 7.918197 -3.936487
v 9.374055 7.889557 -3.921555
v 9.233855 7.849978 -3.958813
v 9.182011 7.782598 -3.959885
v 10.198510 7.788962 -3.870978
v 10.278239 7.826408 -3.865569
v 11.289410 7.879142 -3.736337
v 11.442591 7.861231 -3.738455
v 11.512300 7.782398 -3.751303
v 12.176263 7.786633 -3.692061
v 12.509316 7.856513 -3.635284
v 12.201716 7.744700 -3.677168
v 12.802069 7.826534 -3.627948
v 12.668971 7.805234 -3.645947
v 12.846938 7.868767 -3.587779
v 12.887848 7.767694 -3.626542
v 13.130404 7.825113 -3.598532
v 13.375323 7.828038 -3.574430
v 13.683239 7.860324 -3.517368
v 14.071226 7.800815 -3.525429
v 13.824264 7.781496 -3.548251
v 13.901958 7.750502 -3.538702
v 14.157903 7.836725 -3.499815
v 14.187925 7.722751 -3.504524
v 14.212213 7.760550 -3.515575
v 14.456875 7.737618 -3.491770
v 14.884618 7.837030 -3.442084
v 14.838932 7.780360 -3.469481
v 15.006987 7.771322 -3.456779
v 15.088929 7.847167 -3.416136
v 15.081775 7.804501 -3.445341
v 15.221856 7.859446 -3.389212
v 15.249879 7.818398 -3.426989
v 15.402669 7.851235 -3.388484
v 15.366979 7.780411 -3.430516
v 15.466886 7.811038 -3.415751
v 15.623535 7.867599 -3.342895
v 16.001301 7.829335 -3.370363
v 16.230957 7.856128 -3.331580
v 16.281189 7.806901 -3.364643
v 16.263357 7.754584 -3.369115
v 16.487967 7.847713 -3.326916
v 16.751604 7.772469 -3.341543
v 18.029051 7.782818 -3.276251
v 18.224482 7.798970 -3.268295
v 18.366020 7.878290 -3.228184
v 18.610384 7.900076 -3.192123
v 18.760277 7.830890 -3.244224
v 18.736856 7.770786 -3.238559
v 18.939974 7.872134 -3.222548
v 19.074995 7.836766 -3.232301
v 19.217039 7.893365 -3.201865
v 19.427029 7.914189 -3.175819
v 19.425396 7.868818 -3.214187
v 19.686911 7.826231 -3.213311
v 19.695131 7.906041 -3.188136
v 19.802193 7.884404 -3.200675
v 19.972403 7.932070 -3.158690
v 19.902458 7.854720 -3.207086
v 20.230959 7.953991 -3.123698
v 20.170931 7.879307 -3.196534
v 20.095284 7.920230 -3.174865
v 20.355497 7.904815 -3.184586
v 20.546524 7.873359 -3.189359
v 20.484545 7.937397 -3.161566
v 20.647392 7.920560 -3.174262
v 20.562408 7.957612 -3.137816
v 20.962263 7.895521 -3.180410
v 21.711246 7.935130 -3.165001
v 22.304260 8.032641 -3.110113
v 22.243750 7.958193 -3.156439
v 22.194620 7.918200 -3.155063
v 22.544575 8.016853 -3.135782
v 22.627489 8.060244 -3.082555
v 22.822910 7.975982 -3.150735
v 22.784513 8.018459 -3.140261
v 23.081806 8.070612 -3.105949
v 23.334726 8.086738 -3.101086
v 23.366224 8.057902 -3.131034
v 23.286966 8.002542 -3.146466
v 23.576105 8.080222 -3.123559
v 23.603939 8.032164 -3.143224
v 23.739210 8.109866 -3.100050
v 23.831984 8.064083 -3.138555
v 23.931278 8.117630 -3.104461
v 24.153221 8.131640 -3.101963
v 24.109877 8.093934 -3.130947
v 24.464729 8.170602 -3.056289
v 25.020809 8.113642 -3.140468
v 24.927073 8.160913 -3.121090
v 25.579517 8.133371 -3.142376
v 26.143091 8.265862 -3.100753
v 26.199194 8.283361 -3.071351
v 26.535164 8.306894 -3.075148
v 26.684092 8.299719 -3.111616
v 26.567480 8.172771 -3.140810
v 26.665958 8.263257 -3.139375
v 26.738426 8.206325 -3.150421
v 26.917479 8.228557 -3.152193
v 27.076097 8.246177 -3.154549
v 27.251120 8.289959 -3.152112
v 27.430346 8.257668 -3.157271
v 27.528574 8.372788 -3.106517
v 27.666328 8.364419 -3.133192
v 27.599249 8.319736 -3.156408
v 27.740059 8.277652 -3.160749
v 27.908632 8.349283 -3.160046
v 28.197811 8.315681 -3.169101
v 28.734045 8.427771 -3.167734
v 30.645819 8.628420 -3.168774
v 30.769646 8.500327 -3.224618
v 31.364857 8.693372 -3.182306
v 31.273846 8.540409 -3.239790
v 31.970718 8.610280 -3.269296
v 32.132656 8.711469 -3.270223
v 32.447929 8.772429 -3.251091
v 32.455872 8.745161 -3.279391
v 32.422909 8.695681 -3.293813
v 32.579346 8.729486 -3.296920
v 32.869709 8.696491 -3.308645
v 33.159481 8.791346 -3.316450
v 32.876469 8.757399 -3.308272
v 33.106102 8.719162 -3.319626
v 33.090801 8.670351 -3.289380
v 33.495148 8.752043 -3.335270
v 33.631638 8.729765 -3.324332
v 33.367641 8.838017 -3.307982
v 33.464775 8.780571 -3.338458
v 33.545197 8.818672 -3.335563
v 33.710190 8.812333 -3.349071
v 33.678375 8.866854 -3.318846
v 33.919613 8.872489 -3.342318
v 33.823223 8.797910 -3.354719
v 33.863991 8.905118 -3.293562
v 34.185822 8.907085 -3.345387
v 34.015671 8.826492 -3.362774
v 34.081314 8.783618 -3.354393
v 34.223759 8.875599 -3.366644
v 34.362320 8.813284 -3.369557
v 34.428032 8.921288 -3.361442
v 34.367977 8.938399 -3.335804
v 34.578445 8.892592 -3.386633
v 34.848961 8.979373 -3.358978
v 34.838531 8.848858 -3.388976
v 35.068207 8.976254 -3.391732
v 35.141014 8.937143 -3.414990
v 35.126038 8.895919 -3.411715
v 35.547810 9.034489 -3.399418
v 35.807026 8.971422 -3.447849
v 35.949276 9.062324 -3.424985
v 36.021690 8.978684 -3.458254
v 36.024822 9.039277 -3.449728
v 36.213909 9.066277 -3.453778
v 36.210571 9.029279 -3.466420
v 36.265827 8.989727 -3.467029
v 37.653450 9.178505 -3.530075
v 37.478401 9.117713 -3.531428
v 37.871948 9.182042 -3.547193
v 37.813206 9.117835 -3.545220
v 38.007122 9.111042 -3.544744
v 38.332287 9.256121 -3.548054
v 38.667694 9.277866 -3.568974
v 38.632927 9.229218 -3.588133
v 38.837509 9.230869 -3.600028
v 38.933643 9.278547 -3.594717
v 39.183685 9.214950 -3.609172
v 39.449886 9.249648 -3.626333
v 40.011497 9.296313 -3.654921
v 40.103737 9.373402 -3.649876
v 40.533855 9.310186 -3.669627
v 40.995064 9.360235 -3.698028
v 40.945644 9.440452 -3.686266
v 41.157455 9.421334 -3.709900
v 41.240196 9.381631 -3.709882
v 41.352581 9.507035 -3.665446
v 41.670174 9.511316 -3.705210
v 41.787472 9.424883 -3.735535
v 41.950016 9.513511 -3.731033
v 42.127880 9.436913 -3.746517
v 42.380234 9.458212 -3.758890
v 42.402393 9.550044 -3.746059
v 43.040493 9.605389 -3.763325
v 42.985855 9.478966 -3.772907
v 43.637798 9.551319 -3.810676
v 43.703014 9.665423 -3.769380
v 43.801331 9.540278 -3.808715
v 43.875237 9.658020 -3.796813
v 44.232014 9.686224 -3.803755
v 43.984966 9.529563 -3.800183
v 44.176670 9.651794 -3.823522
v 44.307957 9.550500 -3.811453
v 44.363678 9.618139 -3.840308
v 44.413918 9.682085 -3.823550
v 44.620243 9.693390 -3.831169
v 45.572079 9.736285 -3.869634
v 46.683964 9.813781 -3.893589
v 47.492935 9.834544 -3.923511
v 47.555447 9.749184 -3.911711
v 47.882339 9.820233 -3.936311
v 47.950397 9.773567 -3.921579
v 48.120621 9.819595 -3.939282
v 48.860752 9.844431 -3.948970
v 48.903625 9.888450 -3.953278
v 49.123814 9.897760 -3.957383
v 49.831936 9.955023 -3.960064
v 50.128773 9.991681 -3.951176
v 50.371372 10.014462 -3.943364
v 50.399887 9.927810 -3.970653
v 50.365646 9.972880 -3.968001
v 50.545338 9.877094 -3.941251
v 50.893948 10.043447 -3.940961
v 50.867947 9.952951 -3.974968
v 50.779240 9.921949 -3.966805
v 51.227699 9.964588 -3.977445
v 51.227524 10.015400 -3.971570
v 51.250328 10.047079 -3.954036
v 51.007748 9.907922 -3.955145
v 51.493423 10.011239 -3.977889
v 51.557064 10.060879 -3.955091
v 51.588928 9.972275 -3.977079
v 51.805443 10.060561 -3.965029
v 52.125610 10.046523 -3.978090
v 51.913895 10.011464 -3.981170
v 52.191551 10.076492 -3.964721
v 51.932598 9.965441 -3.970917
v 52.188919 9.953807 -3.958150
v 52.311611 9.999435 -3.978587
v 52.612755 9.967136 -3.956277
v 54.277630 10.161599 -3.952837
v 54.576797 10.044147 -3.953542
v 54.869576 10.183895 -3.947412
v 56.504086 10.093578 -3.924511
v 58.457195 10.190057 -3.918730
v 58.539455 10.235337 -3.919300
v 58.727230 10.189004 -3.910155
v 60.958557 10.218227 -3.845706
v 60.737232 10.294196 -3.866998
v 60.767838 10.241540 -3.863755
v 60.900372 10.324027 -3.852248
v 61.031418 10.263914 -3.860841
v 61.149006 10.293703 -3.857421
v 61.226009 10.337061 -3.839401
v 61.530121 10.294778 -3.847856
v 61.523502 10.341916 -3.832142
v 61.409973 10.258952 -3.847461
v 61.544033 10.231488 -3.830168
v 61.764664 10.361096 -3.813002
v 61.807583 10.322895 -3.835026
v 62.015812 10.373824 -3.799282
v 61.916031 10.288996 -3.836208
v 62.206799 10.238543 -3.807259
v 62.888657 10.380016 -3.779762
v 64.181953 10.357723 -3.759719
v 65.022636 10.396717 -3.717426
v 65.406120 10.416519 -3.690352
v 65.914734 10.429476 -3.664416
v 66.801567 10.388429 -3.657589
v 66.786133 10.329677 -3.653589
v 67.156250 10.421071 -3.629697
v 67.113701 10.373561 -3.646050
v 68.513069 10.342149 -3.575167
v 68.370735 10.420216 -3.581467
v 68.565865 10.435350 -3.565665
v 69.150620 10.329576 -3.535606
v 69.235985 10.386063 -3.548581
v 70.241661 10.452394 -3.478888
v 70.227402 10.368151 -3.495911
v 71.252876 10.466851 -3.418071
v 72.384850 10.478383 -3.345977
v 72.993591 10.457022 -3.331197
v 72.960144 10.333047 -3.324178
v 73.573250 10.465279 -3.291843
v 73.357735 10.329270 -3.297963
v 73.962318 10.345381 -3.274141
v 74.513702 10.321714 -3.219001
v 74.575470 10.469818 -3.227043
v 74.833542 10.457699 -3.220470
v 74.680847 10.350269 -3.234206
v 75.899323 10.463557 -3.146088
v 76.209122 10.469213 -3.120968
v 76.644150 10.346451 -3.109316
v 76.605278 10.461858 -3.098444
v 77.028214 10.329794 -3.073591
v 77.382828 10.334789 -3.053778
v 78.776680 10.329374 -2.958148
v 79.102036 10.344644 -2.943912
v 79.743362 10.323491 -2.887326
v 80.411583 10.315964 -2.836798
v 81.952621 10.380929 -2.727422
v 82.281273 10.423810 -2.670330
v 82.220161 10.374699 -2.706868
v 82.330086 10.321802 -2.697612
v 84.354195 10.358570 -2.523344
v 84.461060 10.309819 -2.521828
v 84.623352 10.262967 -2.493464
v 84.734634 10.365527 -2.482754
v 84.766571 10.317678 -2.495616
v 85.011948 10.265017 -2.463392
v 85.091377 10.341615 -2.460192
v 85.571152 10.241104 -2.405893
v 85.491455 10.369968 -2.402745
v 86.933655 10.265665 -2.298093
v 87.296936 10.337722 -2.235586
v 88.046295 10.330128 -2.154791
v 89.218605 10.310025 -2.031203
v 89.941154 10.280038 -1.974825
v 90.035736 10.244440 -1.987068
v 90.656052 10.260528 -1.902789
v 91.215202 10.132708 -1.861866
v 91.943871 10.233239 -1.757946
v 93.051231 10.066277 -1.654281
v 92.959641 10.126233 -1.681781
v 93.209633 10.175155 -1.638206
v 93.508080 10.195738 -1.574158
v 93.323807 10.108766 -1.640869
v 93.501656 10.158105 -1.609730
v 93.561050 10.030391 -1.575085
v 93.473785 10.064475 -1.611621
v 93.724808 10.126311 -1.593667
v 93.808380 10.159779 -1.567064
v 93.985741 10.106038 -1.564907
v 93.854874 10.036634 -1.557649
v 94.038589 10.146651 -1.544816
v 94.235603 10.087262 -1.536535
v 94.547279 10.056344 -1.497350
v 95.030396 9.993143 -1.415576
v 95.392990 9.971825 -1.361149
v 95.901375 9.958262 -1.305021
v 96.305046 10.096385 -1.253624
v 97.813843 9.889097 -1.064533
v 98.379059 9.984886 -1.016592
v 98.830704 9.856812 -0.939921
v 99.052628 9.874495 -0.927749
v 101.170105 9.880349 -0.626030
v 101.292542 9.823216 -0.626251
v 101.510521 9.795863 -0.593809
v 101.607628 9.828362 -0.577284
v 101.829720 9.843811 -0.535119
v 101.715630 9.780791 -0.563682
v 101.867081 9.744603 -0.531886
v 101.903252 9.797968 -0.537023
v 102.144249 9.769604 -0.502572
v 102.189293 9.717997 -0.477781
v 102.361725 9.757355 -0.469363
v 103.385361 9.771539 -0.300837
v 103.659180 9.624536 -0.236018
v 104.330284 9.612169 -0.152998
v 104.456093 9.736145 -0.117000
v 105.195694 9.649697 -0.027770
v 105.123993 9.616437 -0.042149
v 105.067436 9.582711 -0.040353
v 105.389992 9.574956 0.007503
v 105.421669 9.615376 0.006146
v 105.980324 9.560514 0.098448
v 106.133240 9.513291 0.139440
v 106.287132 9.568401 0.149038
v 106.436874 9.500462 0.186879
v 106.567986 9.623343 0.235816
v 106.491508 9.554543 0.183975
v 106.698318 9.500908 0.225392
v 106.908699 9.597746 0.288091
v 106.872459 9.528274 0.248895
v 107.094170 9.508038 0.286186
v 107.210106 9.595323 0.364460
v 107.252899 9.435393 0.340546
v 107.481400 9.566545 0.391008
v 107.852188 9.541341 0.456094
v 107.656548 9.440051 0.392708
v 108.141968 9.461300 0.472893
v 108.232460 9.492147 0.502858
v 108.779716 9.390385 0.589313
v 108.593002 9.353193 0.576816
v 108.791153 9.426433 0.592612
v 109.111671 9.382732 0.649826
v 109.387527 9.348827 0.701861
v 109.938210 9.266313 0.824982
v 111.902061 9.244885 1.217362
v 112.234200 9.176435 1.267510
v 112.953629 9.106162 1.418996
v 112.890396 9.161874 1.424006
v 113.124603 9.125210 1.463671
v 113.111267 9.058468 1.456439
v 113.345665 9.097087 1.508338
v 113.316360 9.027690 1.505564
v 113.547409 9.109847 1.568866
v 113.569992 9.053045 1.553542
v 113.783630 9.098813 1.629506
v 113.828529 9.037420 1.610121
v 114.039238 9.029530 1.660122
v 114.112480 9.075618 1.708879
v 113.891808 8.945830 1.658492
v 114.063515 8.973588 1.669793
v 114.384499 9.027527 1.750987
v 114.307251 8.969921 1.719489
v 114.462746 8.971780 1.755585
v 114.695625 9.008874 1.829757
v 114.662483 8.918350 1.808223
v 114.862282 8.934015 1.848611
v 115.033592 8.882853 1.896091
v 115.118614 8.905994 1.909289
v 115.301224 8.959323 1.976576
v 115.323578 8.907798 1.959542
v 115.541588 8.817808 2.026258
v 115.928062 8.887856 2.120284
v 115.859993 8.815655 2.091736
v 115.733299 8.788675 2.081281
v 116.131500 8.887498 2.186901
v 116.271698 8.840324 2.198291
v 116.522011 8.833758 2.270936
v 116.762863 8.829749 2.354244
v 116.647789 8.761047 2.285181
v 116.956337 8.684336 2.376992
v 117.559982 8.677383 2.523559
v 117.563416 8.736939 2.552135
v 117.917923 8.670341 2.627421
v 117.719734 8.598610 2.581406
v 118.048660 8.580139 2.663358
v 118.067551 8.533874 2.700161
v 118.697495 8.582236 2.846201
v 118.876663 8.546893 2.891510
v 119.017815 8.599662 2.996150
v 118.838768 8.486237 2.885819
v 119.078629 8.505721 2.947401
v 118.982010 8.565960 2.937207
v 119.346039 8.554301 3.079328
v 119.164055 8.550533 2.994963
v 119.554024 8.391813 3.100391
v 120.584946 8.349504 3.412503
v 120.717468 8.303700 3.447634
v 120.905594 8.250626 3.510530
v 120.931816 8.211107 3.532675
v 120.896309 8.293272 3.508659
v 121.166382 8.181543 3.607053
v 121.197746 8.238930 3.604683
v 121.337769 8.292069 3.699803
v 121.345993 8.184188 3.656090
v 121.508347 8.249897 3.734242
v 121.515488 8.212205 3.715193
v 121.447205 8.124806 3.714620
v 121.793617 8.211320 3.833606
v 121.596794 8.133894 3.746602
v 121.989059 8.182570 3.901461
v 122.260628 8.036779 3.978442
v 122.272820 8.081492 3.974461
v 122.276062 8.126805 3.992086
v 122.460655 8.116996 4.074291
v 122.583961 8.045541 4.088653
v 122.548920 8.012040 4.076396
v 123.415169 7.861945 4.405682
v 123.299637 7.845287 4.381042
v 123.668182 7.909406 4.521673
v 123.925148 7.835764 4.609768
v 123.922157 7.875219 4.633437
v 123.913132 7.801952 4.600317
v 123.960419 7.750512 4.631087
v 124.197250 7.801504 4.727948
v 124.697533 7.682341 4.933207
v 124.937218 7.649795 5.042491
v 125.036041 7.602956 5.081101
v 125.264282 7.598480 5.198393
v 125.142563 7.546281 5.135489
v 126.784607 7.244656 5.963741
v 126.941338 7.237091 6.075727
v 127.031219 7.178661 6.103213
v 127.630875 7.041461 6.485619
v 127.598289 7.013519 6.442396
v 127.481483 7.002527 6.368405
v 127.647400 6.948286 6.475246
v 127.957321 6.943247 6.701287
v 127.846298 6.935624 6.602546
v 128.914581 6.579165 7.415729
v 6.184334 7.886359 -4.213163
v 6.989288 7.821489 -4.160027
v 7.094516 7.865375 -4.145776
v 6.789599 7.770810 -4.155562
v 7.212297 7.778553 -4.126230
v 7.885299 7.849815 -4.081347
v 8.249209 7.829676 -4.051704
v 8.674514 7.904757 -3.974628
v 8.514604 7.884601 -4.009037
v 8.603517 7.848334 -4.017163
v 8.653090 7.797260 -4.012383
v 8.835788 7.797279 -3.994819
v 8.862596 7.853860 -3.992855
v 9.045147 7.875016 -3.965660
v 9.790546 7.908655 -3.852373
v 9.581935 7.846200 -3.926781
v 9.475218 7.823734 -3.940249
v 9.776801 7.872544 -3.896139
v 9.795094 7.815753 -3.911478
v 9.983822 7.828480 -3.893617
v 10.195147 7.865033 -3.860118
v 10.223694 7.894955 -3.828707
v 9.873878 7.770015 -3.892770
v 10.479066 7.869208 -3.829542
v 10.479165 7.809198 -3.849010
v 10.663490 7.848476 -3.822529
v 10.715410 7.815919 -3.825596
v 11.037604 7.795955 -3.795638
v 11.291659 7.757200 -3.762482
v 11.434166 7.819237 -3.757900
v 12.052059 7.868909 -3.669249
v 12.076648 7.833105 -3.692986
v 12.507264 7.772403 -3.661035
v 12.463658 7.828929 -3.657478
v 12.480555 7.880626 -3.607501
v 13.096483 7.873700 -3.555993
v 13.134190 7.765129 -3.606003
v 13.311245 7.857606 -3.556409
v 13.391234 7.791382 -3.583792
v 13.483953 7.767725 -3.576125
v 13.686452 7.823640 -3.549891
v 14.334326 7.802146 -3.504434
v 14.577083 7.794820 -3.486762
v 15.622345 7.779161 -3.412877
v 15.904088 7.791555 -3.391661
v 16.601042 7.864419 -3.298563
v 16.481234 7.770175 -3.357705
v 16.706568 7.809204 -3.339271
v 16.767696 7.848012 -3.312729
v 16.904816 7.824654 -3.322699
v 17.031750 7.858435 -3.290893
v 17.194035 7.787317 -3.318051
v 17.365480 7.823429 -3.300886
v 17.471720 7.773825 -3.302889
v 17.608343 7.873789 -3.249148
v 17.608717 7.842153 -3.281595
v 17.654079 7.796628 -3.294154
v 17.827967 7.860929 -3.258814
v 18.002632 7.829319 -3.271407
v 18.086613 7.874030 -3.239930
v 18.225393 7.849362 -3.254847
v 18.478434 7.814583 -3.257468
v 18.608419 7.864154 -3.235463
v 20.759716 7.896471 -3.182398
v 20.888350 7.946730 -3.158795
v 21.125891 7.918227 -3.174697
v 21.293776 7.993711 -3.108820
v 21.784037 7.995007 -3.132427
v 22.036207 8.010005 -3.126732
v 22.164717 7.989569 -3.146453
v 22.140455 8.037727 -3.079465
v 22.778881 8.053678 -3.109622
v 23.125824 8.038555 -3.136218
v 23.087698 7.988305 -3.149132
v 24.297075 8.092439 -3.137033
v 24.563976 8.136656 -3.120926
v 24.587872 8.174031 -3.074734
v 24.546932 8.074793 -3.142632
v 24.807297 8.170552 -3.103597
v 24.903189 8.187792 -3.086034
v 24.843193 8.120756 -3.137989
v 25.301781 8.184664 -3.121646
v 25.436338 8.226719 -3.079352
v 25.339243 8.134843 -3.141850
v 25.533798 8.210531 -3.112858
v 25.525913 8.180311 -3.133253
v 25.684231 8.242853 -3.082378
v 25.765385 8.187229 -3.138612
v 25.997263 8.197536 -3.141570
v 26.143940 8.153167 -3.141013
v 26.405710 8.211077 -3.147403
v 26.291855 8.252682 -3.126519
v 26.492819 8.283376 -3.114019
v 28.243973 8.362349 -3.168353
v 28.409910 8.420543 -3.148284
v 28.547493 8.322640 -3.169498
v 28.644659 8.441847 -3.149190
v 28.619257 8.357431 -3.177910
v 28.985609 8.441106 -3.176875
v 28.989773 8.395988 -3.186321
v 28.988033 8.354242 -3.176833
v 29.392420 8.425573 -3.195854
v 29.582397 8.419886 -3.197681
v 29.439711 8.383651 -3.183444
v 29.611265 8.504743 -3.185138
v 29.579359 8.458136 -3.200187
v 29.738161 8.468363 -3.204666
v 29.844143 8.459117 -3.209070
v 29.811642 8.510622 -3.196447
v 29.935646 8.550974 -3.177153
v 30.194538 8.537481 -3.209704
v 30.180803 8.587164 -3.161162
v 30.511351 8.502414 -3.224780
v 30.841896 8.560397 -3.237350
v 31.195890 8.638559 -3.231171
v 31.223785 8.587173 -3.250661
v 31.449499 8.673450 -3.230171
v 31.449945 8.632167 -3.253170
v 31.715042 8.685742 -3.247939
v 31.756151 8.638693 -3.269067
v 31.714882 8.594416 -3.262584
v 31.856466 8.674544 -3.265519
v 31.915636 8.722571 -3.237601
v 33.342289 8.775586 -3.332402
v 34.282951 8.835781 -3.373988
v 34.673161 8.938066 -3.376306
v 34.529739 8.810263 -3.367906
v 34.622665 8.862977 -3.389666
v 34.875904 8.901567 -3.402952
v 35.258617 8.967971 -3.415171
v 35.454296 8.882497 -3.405964
v 35.483574 8.962646 -3.431600
v 35.479248 8.921373 -3.427127
v 35.505791 9.002703 -3.420778
v 35.773384 9.013991 -3.439271
v 35.747391 8.925679 -3.432518
v 36.546352 9.063456 -3.482526
v 36.505211 9.096011 -3.464828
v 36.518272 9.015425 -3.480797
v 36.767578 9.106334 -3.486036
v 36.825344 9.027825 -3.493702
v 37.143967 9.119329 -3.510723
v 37.186813 9.161827 -3.492432
v 37.078049 9.066512 -3.509968
v 37.512375 9.086352 -3.526907
v 38.124565 9.158446 -3.564114
v 39.032753 9.248227 -3.609838
v 39.354733 9.276920 -3.624736
v 39.519352 9.307219 -3.630094
v 39.784130 9.354503 -3.631622
v 39.871052 9.318408 -3.649669
v 40.265289 9.328160 -3.669459
v 40.494675 9.366590 -3.680242
v 40.965248 9.402727 -3.700277
v 41.394676 9.418961 -3.721299
v 41.471989 9.468760 -3.714731
v 41.755283 9.466222 -3.734705
v 42.021427 9.469958 -3.748344
v 42.239098 9.544267 -3.735547
v 42.196659 9.515183 -3.748835
v 42.353088 9.503423 -3.760953
v 42.528015 9.507339 -3.770086
v 42.765194 9.534411 -3.777415
v 42.784901 9.494814 -3.777777
v 42.779686 9.587046 -3.754393
v 42.953194 9.565233 -3.780825
v 42.940155 9.509968 -3.784492
v 43.193855 9.630342 -3.752462
v 42.783688 9.446256 -3.749592
v 43.088551 9.525377 -3.791365
v 43.221909 9.588624 -3.789241
v 43.253567 9.527313 -3.797092
v 43.423141 9.573889 -3.804286
v 43.424507 9.644995 -3.761189
v 43.459637 9.500098 -3.783965
v 43.432938 9.533564 -3.800892
v 43.446709 9.621050 -3.787911
v 43.667782 9.609818 -3.809104
v 43.881569 9.606896 -3.821469
v 43.952438 9.580316 -3.823521
v 44.146610 9.585449 -3.829958
v 44.590836 9.629789 -3.846629
v 44.555470 9.586870 -3.834161
v 44.587643 9.660754 -3.843469
v 44.881222 9.640498 -3.855865
v 44.862446 9.678851 -3.852835
v 45.249352 9.705497 -3.864701
v 45.165981 9.674568 -3.866001
v 45.149895 9.628970 -3.856279
v 45.522507 9.674456 -3.875999
v 45.782619 9.725520 -3.883132
v 45.848156 9.682470 -3.881809
v 45.702274 9.767208 -3.859600
v 45.993431 9.758650 -3.883072
v 46.057598 9.716136 -3.891842
v 46.276348 9.780699 -3.887901
v 46.237099 9.679521 -3.880828
v 46.346176 9.749817 -3.899625
v 46.675331 9.751052 -3.908401
v 46.432671 9.706022 -3.894557
v 46.863701 9.803056 -3.907969
v 46.690922 9.701268 -3.891028
v 46.939926 9.755100 -3.914733
v 47.168041 9.742161 -3.911610
v 47.398121 9.791268 -3.925226
v 47.661640 9.808722 -3.932843
v 48.407635 9.814429 -3.939085
v 49.537552 9.909207 -3.963041
v 49.754700 9.993033 -3.930158
v 49.618389 9.867805 -3.955116
v 49.861732 9.855037 -3.942728
v 50.006126 9.909677 -3.967779
v 50.707546 9.984615 -3.971045
v 52.465534 10.084558 -3.966230
v 52.476234 10.039819 -3.981629
v 52.862381 10.093121 -3.969793
v 52.901760 10.053934 -3.981589
v 52.785591 10.011785 -3.977296
v 53.211483 10.127347 -3.955349
v 53.325420 10.074214 -3.980511
v 53.415874 10.035212 -3.976011
v 53.404018 10.003548 -3.960173
v 53.460003 10.136232 -3.953433
v 53.534317 10.110738 -3.972402
v 53.938499 10.106778 -3.976846
v 53.773003 10.070698 -3.979696
v 54.070663 10.035862 -3.963171
v 54.121685 10.134529 -3.968494
v 54.344395 10.066250 -3.971163
v 54.635429 10.169214 -3.954223
v 54.424477 10.113275 -3.975741
v 54.768410 10.087413 -3.971357
v 54.826611 10.137653 -3.970649
v 55.066143 10.103395 -3.968821
v 55.157631 10.149853 -3.967316
v 55.290703 10.098553 -3.964684
v 55.542931 10.195821 -3.948105
v 55.419895 10.149334 -3.966118
v 55.738338 10.210066 -3.940239
v 56.022923 10.140255 -3.960388
v 55.702374 10.095787 -3.953642
v 56.346661 10.176167 -3.956248
v 56.160927 10.095005 -3.939447
v 56.385220 10.128132 -3.950345
v 56.485130 10.214717 -3.942635
v 56.724617 10.113868 -3.933808
v 56.621090 10.165568 -3.953043
v 56.997974 10.234743 -3.931886
v 57.078140 10.146959 -3.940268
v 56.876919 10.158009 -3.947589
v 57.078667 10.202648 -3.944631
v 57.342281 10.174331 -3.941388
v 57.245728 10.128575 -3.924644
v 57.723499 10.172536 -3.932560
v 57.739639 10.231486 -3.930908
v 58.142105 10.256802 -3.918186
v 58.902016 10.265448 -3.907033
v 58.865952 10.224020 -3.913579
v 59.053474 10.306252 -3.879043
v 59.097229 10.256362 -3.907827
v 59.466057 10.291144 -3.888598
v 59.440666 10.250386 -3.900845
v 59.348289 10.204521 -3.897022
v 59.553448 10.202464 -3.890372
v 59.775368 10.257099 -3.893522
v 59.823956 10.215930 -3.885477
v 60.030552 10.273686 -3.886653
v 60.237438 10.237836 -3.879058
v 60.328476 10.208238 -3.863907
v 60.514156 10.266054 -3.875861
v 60.488678 10.320513 -3.860538
v 62.127319 10.326033 -3.826777
v 62.381744 10.339057 -3.815647
v 62.319504 10.285830 -3.823159
v 62.546146 10.378190 -3.787207
v 62.552299 10.312473 -3.816717
v 62.643295 10.275620 -3.809137
v 62.828270 10.307659 -3.808226
v 63.163452 10.363096 -3.785664
v 62.838184 10.339916 -3.804040
v 63.066994 10.288801 -3.796803
v 62.933136 10.226307 -3.755654
v 63.181187 10.326145 -3.796659
v 63.053192 10.258828 -3.783611
v 63.517696 10.383705 -3.764450
v 63.485306 10.294826 -3.782751
v 63.432659 10.341249 -3.786422
v 63.669964 10.260354 -3.756631
v 63.704746 10.338224 -3.778716
v 63.877903 10.375704 -3.760808
v 63.828705 10.296376 -3.769430
v 63.989330 10.329372 -3.769418
v 64.140381 10.286946 -3.753354
v 64.461021 10.363631 -3.748840
v 64.470184 10.310421 -3.748739
v 64.719353 10.333617 -3.742334
v 64.868584 10.372152 -3.732275
v 64.914520 10.292208 -3.722309
v 65.136894 10.300358 -3.716094
v 65.034103 10.343450 -3.730705
v 65.438583 10.385321 -3.708636
v 65.436874 10.343631 -3.715050
v 65.739716 10.333798 -3.701535
v 65.861237 10.367458 -3.698567
v 65.905914 10.306699 -3.683993
v 66.306023 10.338318 -3.678016
v 66.559563 10.357838 -3.670501
v 67.080040 10.348801 -3.645614
v 67.711693 10.423765 -3.606932
v 67.856026 10.377563 -3.613988
v 68.134277 10.384633 -3.600491
v 68.037460 10.338964 -3.597394
v 68.969032 10.378030 -3.561354
v 69.269508 10.427794 -3.537577
v 69.514954 10.388688 -3.534908
v 69.393875 10.345281 -3.531560
v 69.783890 10.345498 -3.511473
v 69.830353 10.392094 -3.518836
v 69.899117 10.424795 -3.509259
v 70.189072 10.421506 -3.496522
v 70.307777 10.398302 -3.494635
v 70.504066 10.431026 -3.478988
v 70.602051 10.382490 -3.478801
v 70.728989 10.347281 -3.460987
v 70.724174 10.429696 -3.467889
v 70.901367 10.385477 -3.464784
v 71.240036 10.334846 -3.425593
v 71.346466 10.423578 -3.437012
v 71.311340 10.380850 -3.440851
v 71.589294 10.457326 -3.407403
v 71.544571 10.384981 -3.428581
v 71.601662 10.345322 -3.412147
v 71.554008 10.425441 -3.424799
v 72.135811 10.458631 -3.377506
v 71.850723 10.424953 -3.409616
v 71.865685 10.377835 -3.410148
v 71.981171 10.346428 -3.391004
v 72.116364 10.381117 -3.396549
v 72.303833 10.352526 -3.375558
v 72.432693 10.437789 -3.373498
v 72.724503 10.484983 -3.318478
v 72.550591 10.342599 -3.355916
v 72.715302 10.450709 -3.351690
v 73.490677 10.366831 -3.313314
v 74.031342 10.437087 -3.280766
v 74.230347 10.459895 -3.256536
v 74.898338 10.380463 -3.231820
v 74.914444 10.420485 -3.231232
v 75.157921 10.416996 -3.218129
v 75.204536 10.350018 -3.201694
v 75.469627 10.392597 -3.198004
v 75.512161 10.448736 -3.182199
v 75.731972 10.433939 -3.174733
v 75.916138 10.332009 -3.145038
v 75.815269 10.384824 -3.175132
v 76.182068 10.433307 -3.145090
v 76.378143 10.449292 -3.124532
v 76.349014 10.387942 -3.141183
v 76.863953 10.375536 -3.104464
v 76.967155 10.421762 -3.095919
v 77.127319 10.406129 -3.087579
v 77.305687 10.372505 -3.075269
v 77.491554 10.434749 -3.054338
v 77.581581 10.386569 -3.057060
v 77.874329 10.324646 -3.014577
v 77.963707 10.384536 -3.031487
v 78.261818 10.397199 -3.010159
v 78.232605 10.332858 -2.996188
v 78.390549 10.357290 -2.996400
v 78.527412 10.385464 -2.990555
v 78.785553 10.424068 -2.963854
v 78.829491 10.388656 -2.969336
v 79.149742 10.392325 -2.946087
v 79.459656 10.373865 -2.922917
v 79.480064 10.339766 -2.913987
v 79.703293 10.423748 -2.893593
v 79.722466 10.367773 -2.903968
v 80.026573 10.344582 -2.877227
v 80.076370 10.308325 -2.854181
v 80.241074 10.391968 -2.863566
v 80.308708 10.338707 -2.854211
v 80.495758 10.402658 -2.839001
v 80.549164 10.356939 -2.841080
v 80.748817 10.381673 -2.824746
v 80.903603 10.382467 -2.814856
v 81.135078 10.300394 -2.775765
v 81.104218 10.383799 -2.795779
v 81.961823 10.335978 -2.728745
v 81.817863 10.420328 -2.716441
v 81.918007 10.302029 -2.719692
v 82.437904 10.383742 -2.684995
v 82.588104 10.348069 -2.679971
v 82.592529 10.412460 -2.653955
v 82.888863 10.404642 -2.632695
v 83.558975 10.409369 -2.561540
v 83.879906 10.393175 -2.545814
v 85.022591 10.229952 -2.435307
v 85.042641 10.305449 -2.470602
v 85.279305 10.378762 -2.417027
v 85.311638 10.240821 -2.426034
v 85.419067 10.282146 -2.435406
v 85.447617 10.329855 -2.430942
v 85.653671 10.287138 -2.416127
v 85.679535 10.337715 -2.405071
v 85.951477 10.365915 -2.357360
v 85.948555 10.316771 -2.387399
v 86.195099 10.225009 -2.344933
v 86.337952 10.328954 -2.343668
v 87.685692 10.314216 -2.211167
v 88.002121 10.193828 -2.178104
v 88.045532 10.226593 -2.189986
v 88.879303 10.305058 -2.081449
v 89.239029 10.183449 -2.066475
v 90.300858 10.256854 -1.949274
v 90.330719 10.195827 -1.966430
v 90.503639 10.214874 -1.944490
v 90.804680 10.225807 -1.907972
v 91.124153 10.169106 -1.880537
v 91.177223 10.220882 -1.866071
v 91.105911 10.253267 -1.850515
v 91.401756 10.147876 -1.848948
v 91.713013 10.209750 -1.806600
v 91.676048 10.143014 -1.820445
v 92.301903 10.232443 -1.706722
v 92.352524 10.185826 -1.740394
v 92.437889 10.145233 -1.739689
v 92.451317 10.102918 -1.729546
v 92.539192 10.219876 -1.688794
v 92.588326 10.187603 -1.709266
v 92.646736 10.142717 -1.716916
v 92.938721 10.171834 -1.673873
v 93.524147 10.105744 -1.617776
v 93.850647 10.078108 -1.577749
v 94.543602 10.136074 -1.482611
v 94.490074 10.099331 -1.504950
v 94.749496 9.996082 -1.442419
v 94.788750 10.073294 -1.472525
v 95.018166 10.089026 -1.440940
v 95.017479 10.040825 -1.442644
v 95.400719 10.129250 -1.361259
v 95.381050 10.049500 -1.401200
v 95.404770 10.093308 -1.388877
v 95.735123 9.992602 -1.347382
v 96.686600 10.021864 -1.240841
v 97.676857 9.962655 -1.116647
v 97.878922 9.906362 -1.073584
v 98.055710 10.001330 -1.055558
v 98.146973 9.914224 -1.048519
v 98.348907 9.923770 -1.027496
v 98.648949 9.959893 -0.986161
v 98.706482 9.925636 -0.982012
v 98.841797 9.970085 -0.953631
v 99.004951 9.922245 -0.942959
v 99.067719 9.965120 -0.919991
v 99.249130 9.945104 -0.902587
v 99.261116 9.902719 -0.907635
v 99.238777 9.983311 -0.875836
v 99.370094 9.869769 -0.887670
v 99.437698 9.911902 -0.883445
v 99.531487 9.939529 -0.860776
v 99.612434 9.889746 -0.860235
v 99.743675 9.901213 -0.841660
v 99.706207 9.846524 -0.839038
v 99.812302 9.964186 -0.791733
v 100.181046 9.931340 -0.759347
v 100.206207 9.884477 -0.778108
v 101.572777 9.858506 -0.570197
v 102.069130 9.820710 -0.506127
v 102.414619 9.790587 -0.458907
v 102.634880 9.725542 -0.425293
v 102.704674 9.750728 -0.419021
v 102.804245 9.783813 -0.397275
v 103.471130 9.663763 -0.289786
v 103.614883 9.679194 -0.277293
v 103.825676 9.633349 -0.227747
v 103.912033 9.723035 -0.230355
v 103.913055 9.669299 -0.232188
v 104.012688 9.753689 -0.193173
v 104.072380 9.596465 -0.161627
v 104.118553 9.647641 -0.198948
v 104.377312 9.662858 -0.162235
v 104.377518 9.711292 -0.151947
v 104.554771 9.653276 -0.134328
v 104.504288 9.596544 -0.120396
v 104.676208 9.699029 -0.101814
v 104.962982 9.715129 -0.028335
v 104.930618 9.679407 -0.064904
v 105.484596 9.645988 0.024052
v 105.731133 9.653131 0.077223
v 105.687340 9.555519 0.057186
v 105.709587 9.600203 0.052444
v 106.006783 9.621036 0.112119
v 106.803978 9.561272 0.241870
v 106.543633 9.594643 0.206523
v 107.234772 9.556648 0.326194
v 107.066956 9.461214 0.297999
v 107.378487 9.481013 0.336164
v 107.623756 9.501419 0.381393
v 107.774422 9.514904 0.416911
v 107.820862 9.472178 0.414568
v 108.300186 9.433419 0.500632
v 108.439461 9.501436 0.559021
v 108.527802 9.401949 0.543372
v 108.537430 9.459565 0.550862
v 108.801552 9.471532 0.617659
v 108.987000 9.346669 0.636581
v 109.344658 9.400704 0.697968
v 109.691879 9.330914 0.759258
v 109.669655 9.369220 0.757068
v 109.922821 9.381752 0.817045
v 109.991005 9.313021 0.815632
v 110.148041 9.295195 0.846297
v 110.290215 9.352157 0.885823
v 110.493050 9.347238 0.932916
v 110.309006 9.289471 0.877534
v 110.415504 9.316861 0.901190
v 110.447205 9.274638 0.905320
v 110.588783 9.288779 0.931611
v 110.542542 9.234598 0.934829
v 110.675949 9.325464 0.962699
v 110.886993 9.318063 1.010191
v 110.751595 9.292095 0.965348
v 110.825989 9.243537 0.980583
v 110.693214 9.232200 0.961109
v 110.895355 9.268817 0.992507
v 111.014000 9.268928 1.016688
v 110.871979 9.197327 1.010177
v 111.134476 9.301823 1.060833
v 111.183121 9.259751 1.051827
v 111.057922 9.210546 1.031349
v 111.357941 9.295444 1.115184
v 111.251816 9.210773 1.065227
v 111.388969 9.257161 1.097050
v 111.448921 9.202647 1.104622
v 111.598579 9.270289 1.157755
v 111.410378 9.157699 1.117342
v 111.771095 9.227216 1.175180
v 111.589516 9.236310 1.137033
v 111.634544 9.178583 1.143888
v 111.760620 9.167739 1.169945
v 111.918037 9.180096 1.199096
v 112.049072 9.202575 1.231013
v 112.218842 9.220915 1.285287
v 112.175728 9.145649 1.254923
v 112.480255 9.162595 1.321330
v 112.514076 9.196615 1.347087
v 112.689339 9.101495 1.364069
v 113.668839 8.993159 1.587345
v 115.038544 8.966074 1.901548
v 114.729477 8.968172 1.819293
v 115.401978 8.861636 1.979904
v 115.585495 8.851860 2.021615
v 115.695953 8.898320 2.057367
v 115.720940 8.858978 2.054271
v 115.994560 8.846811 2.123427
v 116.149437 8.804410 2.160602
v 116.308136 8.760448 2.206456
v 116.831711 8.747259 2.333336
v 116.949776 8.778620 2.374010
v 116.766098 8.798166 2.327659
v 117.206253 8.778945 2.461989
v 117.227585 8.735097 2.441224
v 118.173889 8.652441 2.704557
v 118.099800 8.615400 2.670618
v 118.394974 8.563622 2.753374
v 118.440071 8.594201 2.767515
v 118.517212 8.625265 2.809022
v 118.627296 8.548347 2.818062
v 118.508392 8.515438 2.797177
v 119.082359 8.441384 2.965327
v 119.200340 8.444588 2.991583
v 119.253136 8.498651 3.000328
v 119.457878 8.498821 3.069632
v 119.652519 8.499672 3.147107
v 119.673546 8.440076 3.123922
v 119.943375 8.392056 3.205275
v 119.911766 8.441855 3.206997
v 120.133904 8.334594 3.270526
v 120.016708 8.451902 3.255963
v 120.149567 8.414982 3.280407
v 120.441681 8.394333 3.383597
v 120.328270 8.353779 3.325230
v 120.270332 8.276543 3.339286
v 120.484238 8.303755 3.375667
v 120.547684 8.247970 3.419576
v 121.615059 8.175963 3.745243
v 121.737610 8.188210 3.793946
v 121.858429 8.124906 3.828530
v 121.982063 8.148045 3.876998
v 122.072273 8.084803 3.904454
v 122.189667 8.010520 3.977765
v 123.489372 7.904488 4.433061
v 123.726799 7.844374 4.524284
v 127.100639 7.128629 6.137153
v 6.741850 7.831276 -4.181005
v 7.641743 7.814951 -4.103015
v 7.917911 7.904039 -4.047536
v 8.478477 7.917682 -3.973124
v 9.069736 7.817238 -3.977239
v 9.587210 7.781592 -3.923663
v 10.889729 7.842944 -3.803025
v 11.148761 7.845437 -3.777047
v 17.002144 7.801298 -3.326292
v 21.068687 7.966835 -3.142394
v 21.355526 7.931728 -3.167944
v 21.587753 7.959818 -3.155935
v 21.497992 7.982031 -3.137452
v 21.966030 7.960368 -3.158273
v 22.404182 7.987316 -3.149870
v 26.978048 8.319537 -3.116501
v 26.935534 8.281584 -3.143211
v 27.160109 8.317046 -3.134755
v 28.145189 8.378488 -3.157836
v 28.543997 8.382438 -3.175166
v 29.064827 8.479304 -3.155366
v 29.990715 8.472693 -3.211540
v 30.477121 8.534502 -3.225557
v 30.941765 8.620450 -3.221996
v 31.136990 8.657204 -3.207275
v 31.063122 8.589186 -3.242731
v 31.470013 8.581168 -3.256371
v 32.031139 8.644671 -3.278355
v 37.420101 9.160038 -3.518808
v 38.374653 9.229955 -3.568605
v 39.598812 9.362002 -3.604910
v 42.099586 9.555091 -3.707410
v 48.099232 9.859257 -3.937878
v 48.308353 9.863080 -3.943220
v 48.520824 9.857214 -3.948195
v 53.794430 10.011250 -3.954480
v 55.673668 10.145524 -3.965581
v 55.973255 10.196639 -3.951579
v 56.753231 10.206871 -3.946922
v 57.519394 10.190073 -3.939454
v 58.073681 10.215805 -3.929036
v 60.098782 10.326758 -3.859347
v 65.465179 10.308097 -3.704717
v 66.035385 10.404113 -3.679563
v 66.101288 10.313729 -3.679120
v 66.165558 10.375240 -3.684791
v 67.408852 10.345851 -3.629997
v 67.454079 10.386756 -3.630072
v 68.459190 10.386783 -3.585230
v 68.929550 10.421003 -3.556486
v 71.034180 10.433100 -3.449996
v 71.052078 10.378990 -3.454879
v 72.140541 10.423256 -3.394124
v 72.513992 10.384264 -3.374337
v 72.959915 10.412861 -3.350735
v 73.232002 10.416720 -3.334312
v 73.082054 10.373663 -3.339529
v 73.706322 10.388588 -3.306128
v 73.700264 10.431840 -3.302265
v 73.990700 10.387533 -3.289089
v 74.481201 10.428125 -3.256361
v 74.332932 10.404443 -3.268700
v 74.433525 10.363553 -3.255763
v 74.960037 10.342257 -3.211747
v 76.115852 10.398543 -3.155716
v 76.130226 10.360551 -3.148237
v 76.617043 10.416703 -3.121361
v 77.767685 10.406268 -3.042822
v 77.672691 10.348774 -3.043124
v 80.791023 10.319013 -2.811511
v 81.272171 10.352336 -2.785338
v 81.612549 10.380388 -2.755984
v 81.630341 10.298901 -2.739462
v 82.085197 10.416452 -2.696336
v 83.010216 10.281647 -2.627251
v 82.868378 10.333942 -2.657652
v 83.121063 10.329053 -2.635399
v 83.113289 10.367169 -2.631439
v 83.311607 10.291640 -2.609976
v 83.191071 10.404377 -2.602835
v 83.425499 10.319205 -2.608926
v 83.436340 10.364427 -2.605187
v 83.627640 10.360785 -2.588632
v 83.684235 10.283620 -2.577272
v 83.825584 10.305112 -2.574387
v 83.878670 10.351050 -2.569394
v 84.082642 10.354147 -2.549726
v 84.165642 10.313044 -2.546832
v 84.110153 10.265892 -2.534433
v 85.768982 10.240953 -2.388948
v 85.923225 10.260760 -2.386848
v 86.303902 10.280419 -2.357876
v 86.526909 10.241327 -2.328211
v 86.552063 10.344963 -2.311418
v 86.586578 10.299680 -2.329979
v 86.790237 10.298390 -2.309642
v 86.861778 10.328358 -2.290201
v 87.186401 10.294224 -2.272180
v 86.974998 10.219084 -2.280144
v 87.288139 10.234260 -2.260298
v 87.644936 10.237553 -2.228704
v 87.889709 10.270587 -2.206550
v 88.122810 10.298052 -2.173159
v 88.314484 10.241306 -2.167141
v 88.393517 10.301605 -2.141574
v 88.425056 10.183290 -2.136568
v 88.607796 10.255546 -2.136829
v 88.540771 10.212662 -2.141236
v 88.826370 10.213604 -2.114213
v 89.128342 10.273947 -2.077139
v 89.383751 10.156826 -2.037816
v 89.642624 10.297009 -1.993541
v 89.842438 10.226640 -2.013334
v 90.057205 10.202355 -1.992182
v 90.523674 10.157473 -1.938548
v 90.815048 10.166465 -1.912365
v 91.007835 10.204259 -1.891026
v 91.420593 10.234752 -1.826132
v 91.383858 10.199820 -1.849707
v 91.668037 10.173177 -1.822774
v 92.069038 10.161975 -1.779088
v 92.089256 10.121104 -1.772780
v 92.079803 10.203547 -1.764891
v 95.343399 10.010826 -1.396750
v 95.723991 10.037678 -1.360718
v 95.875259 10.049109 -1.340948
v 95.796722 10.093019 -1.333872
v 96.118347 10.063246 -1.304997
v 96.090088 10.019263 -1.314795
v 96.161255 9.990595 -1.300635
v 96.406479 10.064292 -1.264235
v 96.535011 9.978270 -1.254746
v 96.412567 10.023359 -1.274975
v 96.873581 9.985805 -1.217530
v 96.908401 9.953890 -1.203187
v 96.817589 10.040354 -1.216850
v 97.041481 10.029776 -1.191921
v 97.214836 9.962502 -1.172730
v 97.290161 10.003427 -1.163792
v 97.505630 9.925170 -1.125104
v 97.495392 9.982518 -1.140180
v 97.724167 10.011097 -1.100274
v 98.018684 9.959596 -1.072586
v 97.855133 9.939284 -1.090481
v 98.227509 9.961023 -1.044884
v 98.408424 9.884322 -1.003810
v 98.635765 9.899561 -0.985971
v 99.601913 9.963778 -0.831757
v 99.821770 9.932104 -0.819338
v 99.973579 9.861149 -0.810881
v 100.449417 9.894094 -0.737382
v 100.434624 9.845181 -0.747039
v 100.627373 9.859527 -0.720309
v 100.540932 9.921006 -0.704913
v 100.884392 9.876431 -0.675620
v 100.929642 9.826401 -0.677805
v 102.955246 9.717396 -0.380141
v 103.117676 9.751941 -0.354425
v 103.165604 9.701180 -0.346981
v 103.301353 9.717761 -0.329978
v 103.541397 9.734091 -0.289728
v 103.795845 9.709585 -0.252244
v 104.174706 9.757313 -0.154564
v 104.160622 9.706356 -0.191893
v 104.830269 9.625586 -0.089136
v 106.199600 9.620819 0.151837
v 112.668678 9.148645 1.361328
v 115.494904 8.909380 2.005314
v 119.425911 8.442899 3.050193
v 29.225201 8.444938 -3.187942
v 72.654892 10.410390 -3.367233
v 87.390411 10.288912 -2.252991
v 87.634399 10.271749 -2.231886
v 89.274193 10.216157 -2.070944
v 88.983513 10.178349 -2.086838
v 89.461044 10.277195 -2.035042
v 89.452965 10.245627 -2.050289
v 89.619461 10.198504 -2.035638
v 89.689247 10.256067 -2.021949
v 88.798965 10.267080 -2.114653
v 8.651681 1.225566 4.596430
v 12.272903 6.004071 -1.098939
v 16.153086 6.049994 -1.066653
v 12.212901 3.567001 1.789022
v 12.823057 0.747958 4.743265
v 20.326895 6.146416 -0.929884
v 16.575405 3.790179 1.544656
v 16.269508 0.464287 5.030575
v 19.066666 0.199574 5.496667
v 24.296345 6.282498 -0.651710
v 20.332640 3.336261 2.315374
v 22.233833 -0.027518 6.268499
v 28.248718 6.453548 -0.237219
v 24.385866 3.298708 3.018106
v 24.707647 -0.151517 7.042489
v 26.523586 -0.238414 7.694684
v 28.437515 3.310264 4.006842
v 29.694387 -0.378409 9.061655
v 31.934093 -0.449620 10.118141
v 34.516617 3.403452 5.880888
v 36.467659 -0.543690 12.436695
v 45.787312 -0.575868 17.316097
v 48.730396 3.777753 10.540836
v 48.380932 -0.559439 18.543737
v 50.939323 -0.538065 19.641212
v 52.850868 3.871072 11.615445
v 53.808266 -0.509821 20.724997
v 57.071865 3.945870 12.547310
v 58.970356 -0.443700 22.328274
v 63.566349 4.024499 13.704895
v 79.767937 -0.141894 24.986296
v 83.607666 4.044231 15.716512
v 87.710106 0.062815 24.701279
v 96.799454 3.905103 16.122393
v 94.907501 0.214299 24.087830
v 101.264954 0.361198 23.285616
v 109.265717 3.670836 16.012794
v 108.452789 0.533486 22.143213
v 22.337564 4.839987 0.864770
v 30.770853 7.583265 -1.546245
v 34.203491 6.753785 0.584621
v 26.342316 4.921484 1.452510
v 31.347477 5.074191 2.454359
v 41.319340 8.112804 -0.456430
v 40.490028 5.707111 4.158253
v 47.861752 9.077924 -1.601972
v 48.650940 7.452851 2.789665
v 51.367805 8.817085 -0.192902
v 39.651619 1.201459 11.377931
v 53.060833 7.597238 3.361840
v 54.134228 8.937189 -0.085967
v 57.641857 7.704638 3.901849
v 57.858799 9.490830 -1.378496
v 50.807842 5.802653 7.006780
v 61.697212 8.981153 0.872427
v 55.139694 5.908350 7.786983
v 64.771187 7.798120 4.664072
v 67.126076 9.635780 -0.858425
v 60.736027 5.999959 8.651021
v 70.297958 9.020510 1.620877
v 75.256927 9.075103 1.790944
v 72.101822 7.814211 5.378105
v 67.643578 6.053216 9.539845
v 70.196098 4.065257 14.599647
v 79.513107 7.757318 6.054156
v 79.442749 9.610826 0.039122
v 64.802605 1.871296 18.708519
v 65.120644 -0.365055 23.682369
v 83.834473 8.915256 2.724522
v 74.673401 6.048491 10.285115
v 76.897682 4.070911 15.260530
v 86.884377 7.631847 6.702435
v 88.896538 9.438806 0.902353
v 71.188927 1.932461 19.575653
v 70.665863 -0.264983 24.425312
v 90.888809 8.971741 2.592499
v 81.733437 5.989866 10.905817
v 94.459602 8.416001 4.423859
v 77.633476 1.981831 20.110250
v 75.053864 -0.196336 24.765446
v 99.867424 8.847471 2.938486
v 91.342049 6.195898 10.703609
v 97.354805 7.325400 7.654366
v 104.843834 8.525166 3.839467
v 87.130257 3.925313 16.126749
v 108.666283 7.744333 6.095406
v 91.011627 2.050242 20.335005
v 113.053856 7.997456 5.071593
v 116.857147 7.497900 6.283734
v 115.170929 6.376517 9.501603
v 106.524574 5.667037 11.743097
v 99.098358 2.072521 19.997362
v 124.266602 5.490315 10.877348
v 119.905396 4.516059 13.413048
v 126.519966 6.212208 8.776680
v 127.180916 5.217514 11.148728
v 128.572952 5.740409 9.613860
v 123.550301 4.103880 13.867745
v 128.696198 4.557377 12.388093
v 127.412506 2.478875 16.203524
v 36.768398 4.692400 4.702550
v 37.360668 2.493407 8.351203
v 42.032391 3.261166 9.016949
v 104.711838 6.872328 8.726494
v 123.158180 6.712836 7.880129
v 111.590828 2.844579 17.475763
v 117.972252 3.293459 15.970508
v 119.380630 2.450015 17.334223
v 119.211479 0.799958 20.107372
v 126.765419 6.872000 7.939765
v 125.909966 6.478648 9.399765
v 127.948265 3.897663 14.310318
v 126.269157 4.726936 13.138111
v 129.078568 5.489458 11.224108
v 127.017548 6.571605 8.848411
v 129.010208 5.807080 10.446421
v 128.721008 6.223189 9.301950
v 129.470215 6.185802 8.886747
v 129.457809 5.956604 9.798958
v 23.013731 7.294096 -1.457975
v 25.909651 6.249357 0.556361
v 26.365494 7.446814 -1.188031
v 24.138212 4.818620 1.942743
v 21.783318 6.115748 0.045534
v 26.583656 4.846062 2.449956
v 28.501429 6.429572 0.868352
v 36.640659 4.727250 5.803177
v 34.761696 3.069384 7.230701
v 39.895008 1.148434 12.000321
v 42.080467 4.111820 8.863182
v 28.749580 7.934504 -1.676974
v 31.304745 8.213367 -1.712936
v 32.906384 7.372163 0.465543
v 35.801605 8.181443 -0.370848
v 37.129105 7.304236 1.884943
v 39.717865 8.852670 -0.933919
v 40.939911 8.305910 1.057647
v 41.345135 9.386534 -2.464310
v 42.657814 9.256393 -1.220226
v 44.995770 8.700994 1.400774
v 44.133724 9.403904 -1.248415
v 44.654099 9.616771 -2.206110
v 47.646828 9.769650 -1.671146
v 47.841293 8.458512 2.951579
v 47.958847 9.320950 0.495977
v 50.394424 7.870892 5.092031
v 50.233696 9.007751 2.219850
v 49.709488 9.718524 -0.512830
v 50.458828 6.992993 6.960194
v 52.416790 8.559673 4.032784
v 53.637081 7.123322 7.573230
v 52.579163 9.583823 0.991566
v 56.736927 9.061920 3.701794
v 49.831200 10.020399 -2.717498
v 51.873398 10.032342 -1.474390
v 54.299023 9.994116 -0.343548
v 56.632320 10.264868 -1.489782
v 53.029823 10.155432 -2.179698
v 56.886105 9.891879 0.926851
v 59.071709 10.196977 -0.142971
v 59.986435 9.310864 3.616043
v 61.251362 10.012774 1.299891
v 60.495949 7.431873 8.452427
v 58.778709 8.351061 5.992547
v 65.492958 9.334250 4.414233
v 62.185631 9.378525 3.788922
v 63.064590 8.486644 6.410029
v 63.643906 10.320830 0.098005
v 59.398815 10.412301 -2.543636
v 61.411247 10.411973 -1.155491
v 65.492020 10.135154 1.495006
v 62.648262 10.478931 -1.891338
v 66.404030 10.510456 -1.066310
v 68.395386 9.820027 3.134255
v 68.731926 10.392039 0.403832
v 71.040268 10.011740 2.612851
v 70.767586 10.508343 -0.305843
v 71.927460 10.463449 0.216230
v 74.276840 10.398679 0.786530
v 76.371765 9.378027 5.223044
v 74.719109 9.919414 3.207751
v 73.343315 8.573290 7.349001
v 71.861816 10.595243 -1.665884
v 77.381653 10.523687 -0.353345
v 76.909264 10.103752 2.553577
v 78.418251 7.557579 10.152292
v 80.218666 8.918067 6.763387
v 81.659103 10.043191 2.805184
v 79.833206 10.337875 1.222939
v 82.197914 8.431892 8.103384
v 81.958412 9.360066 5.411965
v 85.087440 9.152708 6.062140
v 84.555122 10.237167 1.630466
v 82.671349 10.438515 0.244002
v 81.804672 10.502441 -0.679314
v 86.110725 9.989316 2.915266
v 87.465347 10.328817 0.516890
v 84.217773 10.456966 -0.472986
v 86.808182 7.312064 10.868625
v 91.341621 9.684081 3.935469
v 87.102028 9.719509 4.027131
v 89.163139 10.094071 2.078622
v 91.297409 7.058551 11.364577
v 89.503868 8.663514 7.446717
v 94.346466 8.635203 7.285047
v 91.890610 10.170627 1.141210
v 91.267967 10.262822 0.223029
v 96.824448 9.760992 2.915911
v 97.665291 9.415247 4.408276
v 93.354805 9.928598 2.511544
v 95.498512 6.982678 11.409104
v 95.314651 8.012497 8.944721
v 93.401886 10.186095 0.452404
v 95.747543 10.022842 1.409209
v 97.576065 8.454020 7.611017
v 99.939873 9.589703 3.294856
v 99.496620 9.932167 1.005412
v 102.270241 9.678595 2.258884
v 31.096609 3.402921 5.460567
v 34.113983 1.052241 9.401004
v 10.051411 3.248730 2.563609
v 8.774706 4.198134 1.675207
v 11.942574 5.337109 0.346454
v 15.747427 3.658083 2.104425
v 8.184685 7.513768 -2.615937
v 8.919883 7.729772 -3.122327
v 15.212362 5.147243 0.589036
v 11.387955 7.155811 -1.985537
v 19.928879 3.379753 2.722783
v 19.870035 4.826006 1.267589
v 17.720463 6.159312 -0.420022
v 23.503546 3.290520 3.420610
v 25.269115 3.266201 3.857882
v 27.161566 3.251338 4.376070
v 31.023724 5.135898 3.302610
v 33.986847 5.345103 3.984251
v 45.984005 4.406786 9.982614
v 44.834084 6.449966 6.134193
v 39.961422 6.014633 5.100348
v 50.264866 4.716189 11.026093
v 53.252842 4.745425 11.949089
v 60.451714 5.169536 12.953201
v 69.240814 5.314357 14.125139
v 69.556282 7.575542 9.447932
v 78.011856 5.257396 14.992078
v 85.407486 5.147772 15.433464
v 94.683304 4.857941 15.839576
v 104.792091 6.463367 11.993063
v 102.424843 4.619748 15.828094
v 104.313797 8.142020 7.941314
v 108.894234 4.340987 15.787724
v 109.763367 7.687264 8.616775
v 115.165169 5.684410 12.627229
v 118.408272 6.861639 9.667144
v 112.485985 3.820086 16.356592
v 123.496315 4.966059 13.052702
v 125.055710 5.978700 10.799575
v 6.451301 7.887606 -3.631696
v 16.693827 7.227719 -1.953647
v 19.470144 7.130137 -1.617383
v 31.312262 7.039297 0.627250
v 42.731617 7.958286 2.436868
v 64.702873 2.530908 18.540236
v 73.137215 2.401845 19.983137
v 67.257355 8.558071 6.805045
v 70.637993 9.381545 4.831720
v 81.789375 2.608355 20.150057
v 91.041260 2.521311 20.287838
v 98.651260 2.530311 19.855005
v 104.068886 9.235415 4.327045
v 106.645233 9.201550 3.947767
v 107.469582 9.327267 3.051180
v 108.126663 8.688918 5.768183
v 110.055862 8.860903 4.767344
v 111.341904 8.402185 6.265735
v 111.432701 9.004041 3.739807
v 113.967087 8.479594 5.492998
v 114.687370 8.025585 6.981189
v 114.063431 8.753056 4.268672
v 120.970039 3.395860 16.016911
v 118.418411 7.979750 6.405200
v 117.644485 8.355120 5.124576
v 119.813377 7.445834 7.856986
v 122.557152 7.394241 7.456362
v 123.057419 7.605126 6.545406
v 122.314163 7.066121 8.507152
v -0.452425 9.928741 6.232996
v -1.072576 9.927363 6.156875
v -1.700812 9.947744 6.008544
v -2.265509 9.933149 5.823349
v -2.837984 9.937391 5.565729
v -3.391014 9.930676 5.248943
v -3.910534 9.946739 4.868926
v -4.458684 7.802404 4.382532
v -4.583907 9.926707 4.248697
v -4.848301 8.002029 3.955046
v -4.882199 9.938582 3.895138
v -5.009696 7.979079 3.752770
v -5.158034 9.938598 3.524909
v -5.160667 7.947076 3.539991
v -4.868655 7.553144 3.933694
v -5.211251 7.339974 3.468133
v -5.343542 7.875192 3.258373
v -5.483334 9.949375 2.987101
v -5.668992 7.653967 2.641631
v -5.756439 9.940048 2.426569
v -5.444822 7.142232 3.082983
v -5.695571 6.890562 2.596608
v -5.964451 9.936028 1.860695
v -5.873910 6.643382 2.165316
v -6.160685 9.938755 1.056753
v -6.157326 6.732616 1.100628
v -6.151804 5.986687 1.140268
v -6.204788 6.510979 0.803575
v -6.239274 9.939404 0.314146
v -6.247832 6.164700 0.349611
v -6.251002 5.432512 0.334407
v -6.241407 9.928342 -0.318636
v -6.252948 5.026429 -0.194689
v -6.254549 5.645171 -0.277270
v -6.229726 5.437410 -0.555548
v -6.181050 9.918344 -0.931571
v -6.219908 4.670920 -0.663079
v -6.190659 4.486354 -0.910373
v -6.009677 9.933973 -1.722291
v -6.136153 4.237169 -1.245162
v -6.076355 4.023818 -1.490824
v -5.917818 3.597079 -2.032976
v -5.760683 9.933588 -2.420187
v -5.835101 3.413007 -2.255564
v -5.468928 3.191451 -3.044346
v -5.556146 9.939477 -2.851404
v -5.337887 9.933678 -3.247930
v -5.626112 3.475080 -2.739122
v -5.480480 2.808984 -3.019029
v -5.242019 2.848924 -3.420463
v -4.988026 9.933759 -3.763369
v -5.205804 2.458547 -3.473797
v -4.569734 9.950336 -4.255027
v -4.607080 1.874023 -4.230208
v -4.143985 9.936233 -4.675821
v -4.324650 1.666812 -4.517686
v -3.977247 1.626209 -4.828617
v -3.638626 9.951537 -5.073699
v -3.568264 1.383898 -5.137196
v -3.572339 1.266729 -5.133650
v -3.125201 9.929496 -5.411813
v -3.321242 1.246954 -5.305517
v -3.305569 1.175301 -5.313733
v -2.589744 9.944957 -5.683426
v -2.843656 1.079803 -5.570314
v -1.844640 9.930086 -5.974235
v -1.888265 0.855296 -5.965693
v -1.074331 9.937551 -6.154393
v -0.625704 9.939825 -6.213758
v -4.116551 1.547778 -4.712592
v -2.844632 1.025095 -5.568051
v 0.653943 10.000000 -1.897660
v 1.098601 10.000000 -1.674885
v 1.552299 10.000000 -1.281562
v 1.891380 10.000000 -0.671889
v 2.000358 10.000000 -0.134857
v 1.936651 10.000000 0.561756
v 0.870195 10.000000 1.806972
v 1.599360 10.000000 1.211466
v 1.259897 10.000000 1.557182
v -5.089477 0.002024 -3.526788
v -5.644694 0.001711 -2.522832
v -2.472326 0.002129 -5.675571
v -5.927022 0.009023 -1.829044
v -6.119473 0.001184 -0.874762
v -0.907177 0.003411 -6.127254
v -6.158399 0.004320 0.671659
v 0.382710 -0.000000 -1.973091
v -5.945499 0.001429 1.673323
v 0.901193 -0.000000 -1.788857
v -5.065326 0.003451 3.564552
v 1.289168 -0.000000 -1.536371
v 1.725969 -0.000000 -1.035888
v -3.590102 0.002141 5.033890
v -2.998566 0.002171 5.409316
v -1.590050 0.001780 5.974852
v 1.966608 -0.000000 -0.397563
v -0.515248 0.003929 6.173570
v 2.001092 0.000000 0.099882
v 1.904329 0.000000 0.639817
v 0.735026 0.000000 1.872826
v 1.636572 0.000000 1.158125
v 1.289168 0.000000 1.536371
v -13.993502 7.704970 3.505254
v -5.264163 7.361327 3.441677
v -5.003487 7.537178 3.818129
v -8.651681 1.225566 -4.596430
v -4.887768 2.110773 -4.087084
v -5.262079 2.480476 -3.593991
v -5.840559 3.350165 -2.470734
v -130.001129 5.162977 -10.734482
v -12.272903 6.004071 1.098938
v -6.323977 5.258423 0.006599
v -6.294017 5.559134 0.432899
v -6.216672 5.971348 1.032260
v -17.877409 7.736075 3.266444
v -16.153086 6.049994 1.066652
v -12.212901 3.567001 -1.789022
v -6.013724 3.695399 -2.037291
v -6.187107 4.231631 -1.349666
v -6.250025 4.551991 -0.929807
v -12.823057 0.747957 -4.743265
v -22.445932 7.892203 3.133349
v -20.326895 6.146416 0.929884
v -16.575405 3.790179 -1.544657
v -16.269508 0.464287 -5.030575
v -19.066666 0.199573 -5.496667
v -24.296345 6.282498 0.651709
v -20.332640 3.336261 -2.315374
v -22.233833 -0.027519 -6.268499
v -28.248718 6.453548 0.237219
v -24.385866 3.298708 -3.018106
v -24.707647 -0.151519 -7.042489
v -26.523586 -0.238415 -7.694684
v -28.437515 3.310264 -4.006843
v -29.694387 -0.378411 -9.061655
v -31.934093 -0.449622 -10.118141
v -34.516617 3.403451 -5.880889
v -36.467659 -0.543692 -12.436695
v -45.787312 -0.575870 -17.316097
v -48.730396 3.777751 -10.540836
v -48.380932 -0.559441 -18.543737
v -50.939323 -0.538068 -19.641212
v -52.850868 3.871070 -11.615445
v -53.808266 -0.509825 -20.724997
v -57.071865 3.945868 -12.547310
v -58.970356 -0.443703 -22.328274
v -63.566349 4.024497 -13.704895
v -79.767937 -0.141898 -24.986296
v -84.167336 3.750619 -16.445351
v -87.777756 0.072626 -24.682375
v -96.799454 3.905101 -16.122393
v -94.907501 0.214295 -24.087830
v -101.264954 0.361194 -23.285616
v -109.265717 3.670834 -16.012794
v -108.452789 0.533482 -22.143213
v -22.337564 4.839987 -0.864770
v -30.770853 7.583265 1.546243
v -34.203491 6.753785 -0.584623
v -26.342316 4.921484 -1.452510
v -31.347477 5.074191 -2.454360
v -41.319340 8.112804 0.456429
v -40.490028 5.707110 -4.158254
v -47.861752 9.077924 1.601971
v -48.650940 7.452851 -2.789666
v -51.367805 8.817085 0.192901
v -39.651619 1.201457 -11.377931
v -53.060833 7.597237 -3.361841
v -54.134228 8.937189 0.085965
v -57.641857 7.704638 -3.901850
v -57.858799 9.490830 1.378494
v -50.807842 5.802652 -7.006781
v -61.697212 8.981153 -0.872428
v -55.139694 5.908349 -7.786983
v -64.771187 7.798120 -4.664073
v -67.126076 9.635780 0.858423
v -60.736027 5.999958 -8.651021
v -70.297958 9.020510 -1.620879
v -75.256927 9.075103 -1.790945
v -72.101822 7.814210 -5.378106
v -67.643578 6.053214 -9.539845
v -70.196098 4.065255 -14.599647
v -79.513107 7.757317 -6.054157
v -84.771835 10.231915 2.455586
v -79.442749 9.610826 -0.039124
v -64.802605 1.871294 -18.708519
v -65.120644 -0.365059 -23.682369
v -83.834473 8.915256 -2.724523
v -74.673401 6.048489 -10.285115
v -76.897682 4.070909 -15.260530
v -86.884377 7.631846 -6.702436
v -95.088181 9.972268 1.382357
v -89.421288 9.256544 -1.608091
v -71.188927 1.932459 -19.575653
v -70.665863 -0.264987 -24.425312
v -81.733437 5.989864 -10.905817
v -94.459602 8.416001 -4.423860
v -77.633476 1.981827 -20.110250
v -75.053864 -0.196340 -24.765446
v -99.333900 8.812547 -3.077525
v -90.193382 5.428980 -12.580039
v -104.438812 8.534237 -3.830311
v -101.025276 7.192798 -7.952928
v -95.114120 6.315850 -10.363935
v -108.666283 7.744332 -6.095407
v -91.011627 2.050240 -20.335005
v -113.208664 8.021015 -4.980795
v -116.857147 7.497899 -6.283735
v -115.785301 6.322731 -9.597137
v -99.098358 2.072519 -19.997362
v -105.354919 5.419400 -12.353187
v -123.018509 7.868779 -4.298529
v -124.266602 5.490313 -10.877348
v -119.905396 4.516057 -13.413048
v -126.970551 7.067340 -6.118946
v -126.519966 6.212207 -8.776680
v -127.674904 6.883317 -6.528509
v -128.483276 6.602757 -7.121041
v -127.180916 5.217512 -11.148728
v -128.572952 5.740407 -9.613860
v -123.550301 4.103878 -13.867745
v -128.696198 4.557375 -12.388093
v -130.000046 4.020721 -13.278481
v -130.000061 3.294745 -14.552921
v -127.412506 2.478873 -16.203524
v -129.999924 1.358137 -17.474651
v -36.768398 4.692400 -4.702551
v -37.360668 2.493405 -8.351203
v -42.032391 3.261164 -9.016949
v -91.841515 6.962267 -8.649298
v -108.305298 6.856688 -8.640053
v -124.150879 7.687316 -4.730671
v -123.158180 6.712835 -7.880130
v -111.590828 2.844577 -17.475763
v -117.972252 3.293457 -15.970508
v -119.380630 2.450012 -17.334223
v -119.211479 0.799955 -20.107372
v -101.231392 5.546566 -12.191075
v -126.765419 6.871999 -7.939766
v -125.909966 6.478647 -9.399767
v -130.000214 4.416372 -13.240434
v -127.948265 3.897661 -14.310318
v -129.999847 2.930781 -15.431516
v -126.269157 4.726934 -13.138111
v -129.078568 5.489456 -11.224108
v -127.017548 6.571604 -8.848413
v -3.380264 1.234983 -5.294999
v -3.910635 1.476803 -4.953551
v -4.051061 1.623582 -4.798123
v -126.915054 7.267661 -6.119516
v -127.414543 7.132463 -6.414458
v -127.965294 6.967306 -6.757296
v -128.671280 6.721667 -7.284676
v -129.010208 5.807078 -10.446421
v -128.721008 6.223188 -9.301950
v -129.470215 6.185801 -8.886747
v -129.070007 6.556171 -7.648376
v -129.457809 5.956603 -9.798958
v -129.904022 6.040982 -8.663524
v -130.000412 5.823882 -9.793588
v -4.862320 7.947864 4.023218
v -10.216947 7.912376 3.785084
v -4.686787 7.939452 4.227809
v -5.052568 7.927231 3.809692
v -24.138212 4.818620 -1.942743
v -25.909651 6.249357 -0.556362
v -21.783318 6.115748 -0.045534
v -23.013731 7.294096 1.457974
v -26.365494 7.446814 1.188029
v -26.583656 4.846062 -2.449957
v -28.501429 6.429572 -0.868352
v -36.640659 4.727249 -5.803178
v -34.761696 3.069383 -7.230701
v -39.895008 1.148432 -12.000321
v -5.509365 3.174789 -3.028241
v -5.235446 2.774764 -3.473979
v -42.080467 4.111819 -8.863182
v -28.749580 7.934504 1.676973
v -31.304745 8.213367 1.712935
v -31.658537 8.722758 3.165246
v -32.906384 7.372163 -0.465544
v -35.801605 8.181443 0.370847
v -37.129105 7.304236 -1.884945
v -39.717865 8.852670 0.933918
v -40.939911 8.305910 -1.057648
v -41.345135 9.386534 2.464308
v -43.592022 9.672917 3.724197
v -42.657814 9.256393 1.220225
v -44.995770 8.700994 -1.400776
v -44.133724 9.403904 1.248414
v -44.654099 9.616771 2.206108
v -47.646828 9.769650 1.671144
v -47.841293 8.458512 -2.951581
v -47.958847 9.320950 -0.495978
v -50.394424 7.870891 -5.092032
v -50.233696 9.007751 -2.219851
v -49.709488 9.718524 0.512828
v -50.458828 6.992992 -6.960195
v -52.416790 8.559673 -4.032785
v -53.637081 7.123322 -7.573231
v -52.579163 9.583823 -0.991567
v -56.736927 9.061920 -3.701796
v -49.831200 10.020399 2.717497
v -51.873398 10.032342 1.474388
v -54.299023 9.994116 0.343546
v -56.632320 10.264868 1.489780
v -53.029823 10.155432 2.179696
v -56.886105 9.891879 -0.926852
v -59.071709 10.196977 0.142969
v -59.986435 9.310864 -3.616045
v -61.251362 10.012774 -1.299893
v -60.495949 7.431872 -8.452429
v -58.778709 8.351061 -5.992548
v -65.492958 9.334250 -4.414234
v -62.185631 9.378525 -3.788924
v -63.064590 8.486642 -6.410030
v -63.643906 10.320830 -0.098007
v -59.398815 10.412301 2.543635
v -61.411247 10.411973 1.155490
v -65.492020 10.135154 -1.495007
v -62.648262 10.478931 1.891336
v -66.404030 10.510456 1.066308
v -68.395386 9.820027 -3.134257
v -68.731926 10.392039 -0.403834
v -71.040268 10.011740 -2.612852
v -70.767586 10.508343 0.305842
v -71.927460 10.463449 -0.216231
v -74.276840 10.398679 -0.786532
v -76.371765 9.378027 -5.223045
v -74.719109 9.919414 -3.207752
v -73.343315 8.573288 -7.349002
v -71.861816 10.595243 1.665882
v -77.381653 10.523687 0.353343
v -76.909264 10.103752 -2.553578
v -78.418251 7.557577 -10.152294
v -80.218666 8.918065 -6.763388
v -81.659103 10.043191 -2.805186
v -79.833206 10.337875 -1.222941
v -82.197914 8.431890 -8.103386
v -81.958412 9.360066 -5.411966
v -85.087440 9.152708 -6.062140
v -84.555122 10.237167 -1.630468
v -82.671349 10.438515 -0.244003
v -81.804672 10.502441 0.679312
v -83.848854 10.418681 2.515759
v -86.110725 9.989316 -2.915267
v -87.465347 10.328817 -0.516892
v -84.217773 10.456966 0.472984
v -86.808182 7.312062 -10.868627
v -91.341621 9.684081 -3.935470
v -87.102028 9.719509 -4.027133
v -89.163139 10.094071 -2.078624
v -91.297409 7.058549 -11.364579
v -89.503868 8.663512 -7.446718
v -94.346466 8.635201 -7.285048
v -91.890610 10.170627 -1.141212
v -91.267967 10.262822 -0.223031
v -93.267540 10.211859 1.584628
v -96.824448 9.760992 -2.915913
v -97.665291 9.415247 -4.408277
v -93.354805 9.928598 -2.511546
v -95.498512 6.982676 -11.409106
v -95.314651 8.012495 -8.944723
v -93.401886 10.186095 -0.452406
v -95.747543 10.022842 -1.409211
v -97.576065 8.454018 -7.611018
v -99.939873 9.589703 -3.294858
v -99.496620 9.932167 -1.005414
v -100.561966 9.945674 0.663441
v -102.270241 9.678595 -2.258886
v -34.113983 1.052239 -9.401004
v -31.096609 3.402920 -5.460568
v -10.051411 3.248730 -2.563609
v -5.699603 3.513022 -2.654764
v -8.774706 4.198134 -1.675208
v -6.041959 4.308430 -1.768623
v -6.109699 4.560438 -1.489245
v -5.916455 4.001305 -2.117826
v -5.813614 3.756508 -2.388060
v -6.294152 5.527446 -0.355721
v -6.307494 5.803058 -0.015901
v -6.256773 5.126155 -0.827883
v -11.942574 5.337109 -0.346454
v -6.304770 6.114911 0.382072
v -6.267993 6.351856 0.687409
v -15.747427 3.658083 -2.104425
v -8.184685 7.513768 2.615936
v -5.717172 7.603226 2.741789
v -5.942362 7.325109 2.179427
v -6.082891 7.083685 1.771705
v -8.919883 7.729772 3.122326
v -15.212362 5.147243 -0.589037
v -11.387955 7.155811 1.985536
v -19.928879 3.379753 -2.722784
v -19.870035 4.826006 -1.267589
v -17.720463 6.159312 0.420022
v -23.503546 3.290519 -3.420610
v -25.269115 3.266201 -3.857882
v -27.161566 3.251338 -4.376071
v -31.023724 5.135897 -3.302611
v -33.986847 5.345102 -3.984252
v -45.984005 4.406784 -9.982614
v -44.834084 6.449965 -6.134194
v -39.961422 6.014632 -5.100348
v -50.264866 4.716187 -11.026093
v -53.252842 4.745423 -11.949089
v -60.451714 5.169534 -12.953201
v -69.240814 5.314355 -14.125139
v -69.556282 7.575541 -9.447934
v -78.011856 5.257394 -14.992078
v -85.407486 5.147770 -15.433464
v -94.683304 4.857938 -15.839576
v -104.792091 6.463366 -11.993065
v -102.424843 4.619745 -15.828094
v -104.313797 8.142018 -7.941315
v -108.894234 4.340985 -15.787724
v -109.763367 7.687263 -8.616776
v -115.165169 5.684408 -12.627229
v -118.408272 6.861637 -9.667146
v -112.485985 3.820084 -16.356592
v -123.496315 4.966057 -13.052702
v -125.055710 5.978698 -10.799575
v -130.000061 5.402114 -11.242005
v -6.451301 7.887607 3.631696
v -5.325319 7.849716 3.403137
v -5.202172 7.893376 3.596499
v -5.453959 7.788356 3.205726
v -15.594428 7.871209 3.297105
v -16.693827 7.227719 1.953646
v -19.499216 7.927766 3.085557
v -19.470144 7.130137 1.617382
v -24.314669 8.161077 3.026193
v -31.312262 7.039297 -0.627251
v -42.731617 7.958286 -2.436870
v -64.702873 2.530905 -18.540236
v -73.137215 2.401842 -19.983137
v -67.257355 8.558069 -6.805046
v -70.637993 9.381545 -4.831721
v -81.789375 2.608352 -20.150057
v -91.041260 2.521308 -20.287838
v -98.651260 2.530308 -19.855005
v -104.068886 9.235415 -4.327046
v -106.645233 9.201550 -3.947769
v -107.469582 9.327267 -3.051182
v -111.143806 9.334576 -1.108331
v -108.126663 8.688918 -5.768184
v -110.055862 8.860903 -4.767344
v -111.341904 8.402185 -6.265736
v -111.432701 9.004041 -3.739809
v -114.315155 9.079173 -1.795051
v -113.967087 8.479594 -5.492999
v -114.687370 8.025583 -6.981190
v -114.063431 8.753056 -4.268672
v -117.053429 8.818934 -2.469974
v -120.970039 3.395857 -16.016911
v -118.418411 7.979749 -6.405201
v -117.644485 8.355120 -5.124577
v -121.023445 8.348087 -3.628831
v -119.813377 7.445833 -7.856987
v -122.249107 8.170431 -4.035008
v -122.557152 7.394240 -7.456363
v -123.057419 7.605125 -6.545407
v -123.582008 7.957870 -4.538018
v -122.314163 7.066120 -8.507154
v -124.339249 7.824797 -4.859125
v -125.042953 7.688357 -5.155442
v -125.973839 7.492429 -5.603041
v -129.999756 5.921087 -8.844548
v -129.993561 5.788485 -8.891774
v -129.998947 5.664530 -9.117607
v -4.501308 7.849357 4.359096
v -4.684896 7.767163 4.321616
v -9.253679 7.914449 3.897978
v -11.248852 7.900028 3.699791
v -10.539230 7.900846 3.783909
v -13.772881 7.875715 3.432463
v -13.326881 7.728930 3.576085
v -14.874781 7.720598 3.451728
v -15.087296 7.871497 3.367328
v -14.812075 7.868901 3.399029
v -16.608950 7.726847 3.336907
v -15.544434 7.730791 3.408945
v -17.403831 7.737591 3.294780
v -16.935020 7.742525 3.324480
v -19.461882 7.785013 3.209532
v -18.298613 7.756855 3.253699
v -20.858080 7.839077 3.173579
v -21.824385 7.901892 3.161812
v -21.348619 7.873306 3.168521
v -23.209787 7.946486 3.134855
v -22.759718 7.940071 3.146763
v -25.231468 8.215340 3.075632
v -25.648151 8.091034 3.125089
v -26.745440 8.325685 3.064837
v -24.874798 8.196562 3.053787
v -27.048161 8.192050 3.137245
v -29.860666 8.569373 3.126230
v -28.969940 8.492789 3.114599
v -31.272604 8.687408 3.168274
v -30.772598 8.637033 3.179860
v -33.636906 8.893380 3.242360
v -32.771046 8.808267 3.252671
v -32.235649 8.769153 3.209470
v -34.995113 8.838182 3.379656
v -42.531532 9.591068 3.715360
v -46.206577 9.829550 3.824981
v -44.109978 9.698675 3.768641
v -44.655197 9.728113 3.796844
v -45.941757 9.648364 3.862337
v -45.455532 9.620561 3.847902
v -50.330841 10.037049 3.904395
v -48.882454 9.946763 3.924895
v -51.337093 10.073705 3.926001
v -55.504997 10.230158 3.905210
v -52.854092 10.129759 3.936241
v -54.309170 10.022386 3.944230
v -55.014225 10.058783 3.950918
v -60.311378 10.348423 3.832959
v -61.390137 10.201899 3.807221
v -59.866493 10.187077 3.867260
v -62.638817 10.233461 3.781933
v -64.850334 10.434093 3.679128
v -62.329926 10.381749 3.786321
v -63.341896 10.398020 3.753590
v -66.258644 10.277854 3.639699
v -63.428757 10.239158 3.745991
v -64.413795 10.265490 3.724789
v -70.556702 10.477495 3.438103
v -72.052391 10.321552 3.364835
v -69.997383 10.326301 3.487617
v -76.411407 10.487341 3.080528
v -73.279160 10.481145 3.293591
v -81.976524 10.442683 2.671615
v -83.714439 10.251031 2.548648
v -81.093262 10.281919 2.759087
v -88.184265 10.171638 2.144395
v -85.779419 10.216276 2.366348
v -86.627113 10.208596 2.297471
v -92.093353 10.080223 1.746736
v -94.749496 9.996082 1.442418
v -96.793610 9.930499 1.198219
v -102.604378 9.678151 0.397058
v -101.192940 9.750937 0.610191
v -103.246124 9.656055 0.310543
v -106.646080 9.461473 -0.246427
v -105.395721 9.543762 -0.027204
v -108.251381 9.529247 -0.546360
v -110.311783 9.392115 -0.937697
v -109.399261 9.442795 -0.740841
v -110.914215 9.341722 -1.042102
v -110.615204 9.362707 -0.983016
v -110.392502 9.228624 -0.917980
v -112.159241 9.252939 -1.307536
v -111.657623 9.286675 -1.194826
v -111.355164 9.316057 -1.145976
v -113.696907 9.129869 -1.647011
v -113.128288 9.169253 -1.504431
v -114.750595 8.877367 -1.848446
v -117.670815 8.588316 -2.581310
v -120.700195 8.380260 -3.492796
v -120.894394 8.328852 -3.525255
v -121.907150 8.217494 -3.908159
v -123.100693 8.031966 -4.335777
v -122.633369 8.105092 -4.158080
v -124.937271 7.538157 -5.074420
v -126.231270 7.265131 -5.693878
v -128.948608 6.601414 -7.492285
v -129.305023 6.268002 -7.831888
v -129.594879 6.280602 -8.204502
v -129.853409 5.870529 -8.643425
v -129.921371 5.775155 -8.860941
v -4.742912 7.875403 4.332675
v -5.132377 7.916748 4.268213
v -5.941171 7.918057 4.202423
v -5.937014 7.795058 4.241285
v -11.914413 7.889820 3.649182
v -12.668229 7.886316 3.563269
v -13.329142 7.877748 3.517150
v -13.721375 7.876774 3.475428
v -14.129795 7.864230 3.470821
v -15.175206 7.753340 3.443356
v -15.794139 7.763722 3.400355
v -16.027094 7.868912 3.318216
v -16.280199 7.874365 3.280123
v -18.103615 7.897984 3.184494
v -16.817259 7.875858 3.264441
v -19.014952 7.797045 3.233789
v -19.271763 7.925665 3.138117
v -19.469450 7.931565 3.137815
v -20.004669 7.948654 3.119689
v -22.803185 8.074611 3.055684
v -20.882530 7.979587 3.107901
v -23.454922 8.107313 3.072030
v -24.104027 8.146854 3.061388
v -24.049297 8.035391 3.141716
v -24.464729 8.170602 3.056288
v -27.176786 8.352273 3.088897
v -28.717182 8.465826 3.126179
v -29.457138 8.521898 3.149838
v -33.592030 8.883021 3.276999
v -33.046364 8.816722 3.286170
v -34.192238 8.934601 3.305323
v -35.769485 9.067952 3.387412
v -36.449795 8.974493 3.460372
v -36.734135 9.144560 3.443622
v -37.067764 9.023520 3.490812
v -41.136780 9.337830 3.685482
v -38.941971 9.305099 3.578476
v -37.836208 9.225727 3.513366
v -40.242405 9.430867 3.602106
v -42.233444 9.410767 3.728876
v -41.510471 9.377473 3.711498
v -44.645653 9.562615 3.814668
v -44.822105 9.721321 3.825326
v -45.329067 9.748846 3.845268
v -45.775265 9.790475 3.841013
v -47.416355 9.869390 3.898584
v -49.164879 9.841673 3.947195
v -51.469349 9.930156 3.959202
v -51.733467 10.095546 3.917300
v -53.199593 9.977860 3.943344
v -53.794430 10.011250 3.954479
v -56.514000 10.247446 3.914324
v -57.689960 10.268427 3.909057
v -57.701759 10.130294 3.908872
v -58.099567 10.166369 3.920372
v -61.808136 10.236631 3.823875
v -64.218155 10.400069 3.735371
v -66.844292 10.435483 3.629791
v -67.795074 10.314821 3.595810
v -68.125252 10.432858 3.585522
v -68.767487 10.455302 3.541052
v -69.582779 10.441482 3.517741
v -69.966789 10.460803 3.484802
v -70.855209 10.468197 3.434517
v -70.503853 10.338802 3.468650
v -73.958511 10.314787 3.241944
v -75.653831 10.321337 3.149470
v -75.501564 10.339633 3.177096
v -75.340446 10.475578 3.172024
v -73.943695 10.477656 3.257949
v -79.409996 10.427874 2.914651
v -77.197701 10.456223 3.062717
v -80.360352 10.441929 2.824750
v -81.061142 10.434880 2.771990
v -83.156204 10.424526 2.580503
v -82.592529 10.412460 2.653953
v -83.371735 10.267575 2.590091
v -83.558975 10.409369 2.561538
v -84.160591 10.398297 2.512658
v -84.434868 10.398789 2.483165
v -90.350098 10.139090 1.943027
v -92.651901 10.088070 1.703506
v -93.911751 10.184433 1.526124
v -94.550880 10.015936 1.478291
v -94.155426 10.044256 1.534521
v -95.773811 10.123335 1.307644
v -94.529785 10.160325 1.461177
v -96.275383 9.956766 1.269836
v -99.444313 9.991036 0.822200
v -98.147675 10.028414 1.020057
v -100.212524 9.954370 0.725418
v -100.854836 9.919507 0.647767
v -100.686661 9.800487 0.702498
v -100.281647 9.821148 0.759171
v -101.437386 9.892130 0.564996
v -101.379150 9.771865 0.603785
v -101.734581 9.886540 0.508870
v -102.844254 9.679058 0.373940
v -104.724678 9.734909 0.058652
v -102.589622 9.837679 0.396261
v -104.789185 9.572749 0.067525
v -106.215660 9.651424 -0.188069
v -105.572365 9.682661 -0.071762
v -107.849907 9.420765 -0.428925
v -108.188461 9.402656 -0.489670
v -109.479637 9.305967 -0.733328
v -110.029640 9.404252 -0.868553
v -110.223679 9.255353 -0.874418
v -111.689316 9.126108 -1.183471
v -111.974693 9.115608 -1.231764
v -112.222481 9.102577 -1.279937
v -112.447838 9.226918 -1.363095
v -112.633675 9.063210 -1.371437
v -113.348305 9.136363 -1.532543
v -115.209885 8.990954 -1.983606
v -114.640007 9.036368 -1.840027
v -116.099419 8.758368 -2.166963
v -116.367096 8.883094 -2.275673
v -117.458664 8.606291 -2.528116
v -117.690132 8.749672 -2.631503
v -117.410217 8.772204 -2.538080
v -118.726402 8.625757 -2.895394
v -118.406013 8.656490 -2.796245
v -118.901764 8.441294 -2.932817
v -120.265610 8.442985 -3.366060
v -119.821899 8.496567 -3.224845
v -119.826942 8.349323 -3.187865
v -120.894997 8.181820 -3.555195
v -120.645195 8.263134 -3.433340
v -121.175591 8.298692 -3.623079
v -121.647446 8.255842 -3.818567
v -124.130493 7.858580 -4.752910
v -123.667061 7.775545 -4.531304
v -124.329384 7.658031 -4.804151
v -124.545502 7.624521 -4.890752
v -125.327171 7.624199 -5.268582
v -125.266815 7.501036 -5.201221
v -125.284180 7.457719 -5.247211
v -125.775398 7.526320 -5.479579
v -125.418282 7.457705 -5.279693
v -125.728188 7.394776 -5.426208
v -125.921150 7.327806 -5.544604
v -126.635429 7.332879 -5.937247
v -126.281357 7.422307 -5.758582
v -126.584328 7.184751 -5.878882
v -127.088043 7.214194 -6.185781
v -127.192314 7.031751 -6.220553
v -127.745193 7.031229 -6.598631
v -128.250458 6.842356 -6.900617
v -128.048874 6.763383 -6.784640
v -128.489944 6.627214 -7.092925
v -128.749344 6.539622 -7.291767
v -128.925125 6.489230 -7.428356
v -129.293732 6.442958 -7.822729
v -129.383987 6.374239 -7.882738
v -129.484787 6.291496 -7.977454
v -129.450424 6.245500 -7.945742
v -129.548279 6.296671 -8.091934
v -129.544388 6.111738 -8.139259
v -129.647324 6.169034 -8.178181
v -129.659958 6.108978 -8.214560
v -129.693008 6.174524 -8.246264
v -129.721939 6.183777 -8.324954
v -129.763199 6.026483 -8.375759
v -129.895676 6.033677 -8.591300
v -129.891998 5.897582 -8.632843
v -129.999252 5.862364 -8.831182
v -6.182591 7.773795 4.208091
v -6.265530 7.796651 4.213897
v -6.540437 7.903686 4.170331
v -7.301922 7.824357 4.133700
v -7.559993 7.922837 4.052134
v -8.446928 7.780161 4.022444
v -10.761533 7.880534 3.789578
v -10.941028 7.891441 3.756492
v -10.781608 7.775672 3.815138
v -11.872368 7.780584 3.719012
v -12.741829 7.741251 3.630677
v -12.806897 7.707914 3.597847
v -8.880744 7.756870 3.968881
v -13.678379 7.733202 3.549887
v -14.577421 7.850474 3.453588
v -15.402036 7.869777 3.348616
v -15.758248 7.855780 3.359223
v -15.714872 7.824448 3.391097
v -17.372252 7.871388 3.261913
v -17.845743 7.887281 3.220089
v -18.791075 7.901366 3.192152
v -19.018084 7.917685 3.157778
v -19.382847 7.823384 3.222828
v -19.679642 7.932930 3.146340
v -20.343868 7.839582 3.192160
v -21.720465 8.011872 3.104169
v -23.472834 7.980365 3.140836
v -23.803831 8.130258 3.057299
v -24.117298 8.000840 3.129608
v -24.853355 8.073439 3.138685
v -25.296024 8.079250 3.130719
v -25.827852 8.238882 3.106452
v -25.858017 8.142513 3.141571
v -26.115236 8.224350 3.135957
v -27.502455 8.213078 3.133118
v -27.935030 8.263149 3.152613
v -28.378328 8.293232 3.156921
v -28.469776 8.274478 3.132503
v -29.419062 8.482255 3.184038
v -30.045948 8.452417 3.208631
v -29.974508 8.504880 3.207533
v -30.421526 8.577228 3.204198
v -31.046911 8.538720 3.239707
v -31.567625 8.541094 3.231765
v -31.718779 8.716502 3.212105
v -32.180916 8.745472 3.246279
v -32.057449 8.683121 3.276364
v -32.337246 8.636992 3.282307
v -32.667240 8.707948 3.304374
v -32.698296 8.781251 3.277163
v -36.335712 9.108175 3.428473
v -38.247612 9.118452 3.548109
v -37.399036 9.052744 3.508377
v -38.085457 9.209680 3.553811
v -39.283905 9.320286 3.603976
v -38.604801 9.175885 3.582647
v -40.006802 9.393291 3.624362
v -40.694046 9.440559 3.661649
v -40.426876 9.418194 3.650413
v -41.191261 9.475150 3.684583
v -41.910625 9.553124 3.677103
v -46.122223 9.805041 3.858434
v -46.921513 9.849842 3.879929
v -46.381290 9.816164 3.869773
v -47.209770 9.818982 3.918411
v -47.957298 9.880421 3.923477
v -48.424553 9.918898 3.921208
v -48.662388 9.907061 3.940342
v -49.366905 9.941575 3.951076
v -50.275276 9.881676 3.953128
v -50.854591 10.004605 3.968454
v -52.146191 10.105599 3.930501
v -52.503918 10.110910 3.943683
v -53.883247 10.161069 3.941138
v -55.257339 10.205630 3.934646
v -57.388020 10.234598 3.932511
v -58.461243 10.274036 3.906551
v -59.105648 10.208655 3.904804
v -58.853523 10.307973 3.877065
v -59.789024 10.320303 3.866599
v -60.698124 10.349703 3.832176
v -61.135323 10.363770 3.813664
v -61.585484 10.381274 3.786245
v -64.654930 10.400746 3.724489
v -65.151756 10.425361 3.688363
v -65.697807 10.283209 3.676705
v -66.391121 10.418899 3.659161
v -66.532570 10.299974 3.649216
v -67.222977 10.302845 3.616185
v -71.774368 10.483246 3.371307
v -72.172768 10.492044 3.337416
v -76.904251 10.467398 3.072981
v -76.571930 10.321760 3.094638
v -79.222176 10.307293 2.909543
v -78.053162 10.445910 3.006409
v -77.704735 10.441795 3.034634
v -78.471146 10.427912 2.986403
v -80.048569 10.408600 2.873772
v -80.683968 10.297741 2.804048
v -80.707687 10.426150 2.808900
v -81.371338 10.424997 2.752365
v -82.057281 10.281031 2.694665
v -82.649727 10.290874 2.660409
v -84.361771 10.248134 2.502323
v -84.961693 10.391285 2.435840
v -87.593407 10.203119 2.218199
v -89.817993 10.163911 2.005802
v -90.080383 10.168005 1.983339
v -90.307274 10.287879 1.914321
v -86.782066 10.362672 2.264567
v -91.680016 10.103621 1.802143
v -91.682579 10.245823 1.779271
v -92.891655 10.210830 1.647809
v -94.218872 10.148189 1.520711
v -95.096642 10.122703 1.414330
v -96.807732 10.072913 1.196764
v -97.852737 10.035609 1.061874
v -97.396042 10.036989 1.134306
v -98.606171 10.003848 0.966338
v -98.090660 9.871763 1.020933
v -98.197357 9.879815 1.021225
v -98.946785 10.002856 0.905122
v -99.550995 9.837692 0.851640
v -100.961838 9.779554 0.657432
v -102.066696 9.857513 0.479287
v -102.389847 9.826745 0.446280
v -102.467461 9.707299 0.437717
v -102.851204 9.817364 0.365562
v -103.658218 9.771864 0.248333
v -103.028526 9.790486 0.354427
v -105.247269 9.682476 0.001249
v -106.880142 9.620117 -0.318079
v -109.125954 9.427649 -0.662420
v -109.629753 9.416048 -0.773121
v -109.699730 9.273083 -0.787652
v -110.105133 9.367896 -0.851363
v -110.771187 9.183893 -1.011585
v -111.151863 9.166538 -1.074571
v -112.451912 9.123349 -1.313352
v -114.231979 8.922855 -1.729314
v -115.592697 8.939507 -2.054947
v -116.391617 8.710636 -2.258375
v -116.457253 8.770551 -2.237527
v -116.639313 8.709079 -2.300468
v -117.133339 8.713025 -2.411463
v -117.129440 8.657074 -2.426963
v -117.508514 8.696665 -2.513305
v -117.466179 8.656953 -2.501338
v -117.974899 8.707568 -2.682484
v -121.919235 8.066508 -3.869617
v -122.566116 7.974169 -4.096537
v -122.623550 7.938327 -4.141755
v -122.745628 8.057700 -4.165117
v -122.900726 8.049874 -4.239385
v -123.223595 7.930474 -4.326363
v -123.089302 7.891958 -4.290780
v -123.381622 7.952455 -4.404530
v -123.380852 7.988657 -4.452696
v -123.348274 7.837512 -4.399364
v -123.778717 7.779409 -4.558433
v -124.253555 7.780726 -4.747053
v -124.205154 7.739235 -4.720898
v -124.328690 7.804843 -4.806532
v -124.344467 7.706652 -4.781331
v -124.410103 7.750586 -4.811920
v -124.545494 7.763220 -4.896233
v -124.726494 7.713214 -4.961514
v -124.912468 7.698165 -5.064860
v -124.826881 7.590225 -5.000908
v -124.705223 7.641216 -4.936869
v -125.484451 7.545459 -5.298402
v -125.497833 7.490103 -5.296129
v -125.571899 7.556363 -5.361768
v -126.080750 7.414987 -5.589330
v -126.024879 7.379457 -5.554485
v -126.466599 7.298438 -5.784470
v -126.570557 7.326110 -5.866024
v -126.478760 7.248865 -5.796614
v -126.886925 7.119474 -6.037906
v -127.342323 7.114042 -6.297091
v -127.462082 6.950055 -6.390026
v -127.932289 6.829883 -6.678535
v -127.955704 6.858613 -6.677396
v -128.082764 6.855260 -6.761089
v -128.256485 6.864993 -6.940625
v -128.300262 6.710530 -6.934522
v -128.462921 6.734744 -7.039961
v -128.514175 6.766542 -7.121790
v -128.576233 6.709859 -7.134040
v -128.785263 6.653333 -7.323407
v -129.140488 6.498561 -7.639389
v -129.170135 6.455215 -7.644640
v -129.106033 6.418796 -7.587996
v -128.976532 6.409430 -7.526920
v -129.308945 6.318861 -7.792213
v -129.330399 6.353709 -7.804367
v -129.814362 6.059649 -8.427094
v -129.913834 5.929132 -8.628662
v -129.921890 5.954453 -8.632072
v -5.091240 7.880862 4.303149
v -5.030484 7.786227 4.308134
v -5.087758 7.821909 4.314796
v -5.526766 7.847288 4.280114
v -5.847318 7.885960 4.240666
v -5.546408 7.799549 4.272962
v -5.943811 7.846404 4.245862
v -6.231035 7.842828 4.223092
v -6.405972 7.883763 4.196168
v -6.537148 7.843445 4.198338
v -6.708183 7.797033 4.176918
v -6.792563 7.874517 4.168200
v -6.860228 7.917384 4.125494
v -7.089994 7.901721 4.123794
v -7.303220 7.915375 4.088851
v -7.427795 7.870131 4.116293
v -7.721012 7.891723 4.076783
v -7.676567 7.779202 4.087269
v -7.956662 7.808460 4.074594
v -8.161765 7.877314 4.045910
v -8.206259 7.913007 4.008889
v -8.826944 7.918198 3.936486
v -9.374055 7.889558 3.921554
v -9.233855 7.849979 3.958812
v -9.182011 7.782598 3.959884
v -10.198510 7.788963 3.870977
v -10.278239 7.826409 3.865568
v -11.289410 7.879143 3.736336
v -11.442591 7.861232 3.738454
v -11.512300 7.782399 3.751302
v -12.176263 7.786633 3.692060
v -12.509316 7.856514 3.635283
v -12.201716 7.744701 3.677167
v -12.802099 7.826727 3.627882
v -12.668971 7.805235 3.645946
v -12.846792 7.868991 3.587397
v -12.887848 7.767695 3.626541
v -13.130404 7.825114 3.598531
v -13.375323 7.828039 3.574429
v -13.683239 7.860325 3.517367
v -14.071226 7.800816 3.525428
v -13.824264 7.781497 3.548250
v -13.901958 7.750503 3.538702
v -14.157903 7.836726 3.499814
v -14.187925 7.722752 3.504523
v -14.212213 7.760551 3.515574
v -14.456875 7.737619 3.491769
v -14.884618 7.837031 3.442083
v -14.838932 7.780361 3.469481
v -15.006987 7.771323 3.456778
v -15.088929 7.847168 3.416135
v -15.081775 7.804502 3.445340
v -15.221856 7.859447 3.389211
v -15.249879 7.818399 3.426988
v -15.402669 7.851236 3.388483
v -15.366979 7.780412 3.430515
v -15.466886 7.811039 3.415750
v -15.623535 7.867600 3.342894
v -16.001301 7.829336 3.370363
v -16.230957 7.856129 3.331579
v -16.281189 7.806901 3.364642
v -16.263357 7.754585 3.369114
v -16.487967 7.847714 3.326915
v -16.751604 7.772470 3.341542
v -18.029051 7.782819 3.276250
v -18.224482 7.798971 3.268294
v -18.366020 7.878291 3.228184
v -18.610384 7.900077 3.192121
v -18.760277 7.830891 3.244223
v -18.736856 7.770787 3.238558
v -18.939974 7.872135 3.222547
v -19.074995 7.836767 3.232301
v -19.217039 7.893366 3.201864
v -19.427029 7.914190 3.175817
v -19.425396 7.868819 3.214186
v -19.686911 7.826231 3.213310
v -19.695131 7.906042 3.188135
v -19.802193 7.884405 3.200674
v -19.972403 7.932071 3.158688
v -19.902458 7.854721 3.207085
v -20.230959 7.953991 3.123697
v -20.170931 7.879308 3.196533
v -20.095284 7.920231 3.174863
v -20.355497 7.904816 3.184585
v -20.546524 7.873360 3.189358
v -20.484545 7.937398 3.161564
v -20.647392 7.920561 3.174261
v -20.562408 7.957612 3.137814
v -20.962263 7.895522 3.180409
v -21.711246 7.935131 3.164999
v -22.304260 8.032641 3.110112
v -22.243750 7.958193 3.156437
v -22.194620 7.918200 3.155062
v -22.544575 8.016853 3.135780
v -22.627489 8.060244 3.082553
v -22.822910 7.975982 3.150733
v -22.784513 8.018459 3.140260
v -23.081806 8.070612 3.105948
v -23.334726 8.086738 3.101085
v -23.366224 8.057902 3.131032
v -23.286966 8.002542 3.146465
v -23.576105 8.080222 3.123557
v -23.603939 8.032164 3.143222
v -23.739210 8.109866 3.100049
v -23.831984 8.064083 3.138554
v -23.931278 8.117630 3.104459
v -24.153221 8.131640 3.101961
v -24.109877 8.093934 3.130945
v -25.020809 8.113642 3.140466
v -25.002392 8.187533 3.098776
v -25.579517 8.133371 3.142375
v -26.143091 8.265862 3.100751
v -26.199194 8.283361 3.071349
v -26.535164 8.306894 3.075147
v -26.684092 8.299719 3.111614
v -26.567480 8.172771 3.140809
v -26.665958 8.263257 3.139373
v -26.738426 8.206325 3.150419
v -26.917479 8.228557 3.152191
v -27.076097 8.246177 3.154548
v -27.251120 8.289959 3.152110
v -27.430346 8.257668 3.157270
v -27.528574 8.372788 3.106516
v -27.666328 8.364419 3.133191
v -27.599249 8.319736 3.156407
v -27.740059 8.277652 3.160747
v -27.908632 8.349283 3.160045
v -28.197811 8.315681 3.169099
v -28.115850 8.408222 3.130681
v -28.734045 8.427771 3.167732
v -30.565372 8.619549 3.170496
v -30.769646 8.500327 3.224617
v -31.273846 8.540409 3.239789
v -31.970718 8.610280 3.269295
v -32.132656 8.711469 3.270222
v -32.447929 8.772429 3.251090
v -32.455872 8.745161 3.279390
v -32.422909 8.695681 3.293811
v -32.579346 8.729486 3.296918
v -32.869709 8.696491 3.308644
v -33.159481 8.791346 3.316448
v -33.106102 8.719162 3.319625
v -33.090801 8.670351 3.289379
v -33.495148 8.752043 3.335269
v -33.631638 8.729765 3.324331
v -33.367641 8.838017 3.307981
v -33.464775 8.780571 3.338456
v -33.545197 8.818672 3.335562
v -33.710190 8.812333 3.349070
v -33.678375 8.866854 3.318845
v -33.919613 8.872489 3.342316
v -33.823223 8.797910 3.354717
v -33.863991 8.905118 3.293561
v -34.185822 8.907085 3.345386
v -34.015671 8.826492 3.362772
v -34.081314 8.783618 3.354392
v -34.223759 8.875599 3.366643
v -34.362320 8.813284 3.369555
v -34.428032 8.921288 3.361440
v -34.367977 8.938399 3.335802
v -34.578445 8.892592 3.386632
v -34.848961 8.979373 3.358976
v -34.838531 8.848858 3.388975
v -35.068207 8.976254 3.391731
v -35.141014 8.937143 3.414989
v -35.126038 8.895919 3.411714
v -35.547810 9.034489 3.399417
v -35.807026 8.971422 3.447848
v -35.949276 9.062324 3.424984
v -36.021690 8.978684 3.458252
v -36.024822 9.039277 3.449727
v -36.213909 9.066277 3.453777
v -36.210571 9.029279 3.466419
v -36.265827 8.989727 3.467028
v -37.653450 9.178505 3.530073
v -37.478401 9.117713 3.531427
v -37.871948 9.182042 3.547191
v -37.813206 9.117835 3.545219
v -38.007122 9.111042 3.544743
v -38.332287 9.256121 3.548053
v -38.667694 9.277866 3.568972
v -38.632927 9.229218 3.588132
v -38.837509 9.230869 3.600026
v -38.933643 9.278547 3.594715
v -39.183685 9.214950 3.609170
v -39.449886 9.249648 3.626332
v -40.011497 9.296313 3.654920
v -40.103737 9.373402 3.649875
v -40.533855 9.310186 3.669626
v -40.995064 9.360235 3.698026
v -40.945644 9.440452 3.686264
v -41.157455 9.421334 3.709899
v -41.240196 9.381631 3.709881
v -41.352581 9.507035 3.665445
v -41.670174 9.511316 3.705208
v -41.787472 9.424883 3.735533
v -41.950016 9.513511 3.731032
v -42.127880 9.436913 3.746516
v -42.380234 9.458212 3.758889
v -43.040493 9.605389 3.763324
v -42.985855 9.478966 3.772905
v -43.637798 9.551319 3.810674
v -43.703014 9.665423 3.769378
v -43.801331 9.540278 3.808713
v -43.875237 9.658020 3.796812
v -44.232014 9.686224 3.803754
v -43.984966 9.529563 3.800181
v -44.176670 9.651794 3.823521
v -44.307957 9.550500 3.811451
v -44.363678 9.618139 3.840307
v -44.413918 9.682085 3.823548
v -44.620243 9.693390 3.831168
v -45.572079 9.736285 3.869633
v -46.683964 9.813781 3.893588
v -47.492935 9.834544 3.923510
v -47.555447 9.749184 3.911710
v -47.882339 9.820233 3.936309
v -47.950397 9.773567 3.921578
v -48.120621 9.819595 3.939281
v -48.860752 9.844431 3.948968
v -48.903625 9.888450 3.953276
v -49.123814 9.897760 3.957381
v -49.831936 9.955023 3.960063
v -50.128773 9.991681 3.951174
v -50.371372 10.014462 3.943363
v -50.399887 9.927810 3.970652
v -50.365646 9.972880 3.967999
v -50.545338 9.877094 3.941249
v -50.893948 10.043447 3.940959
v -50.867947 9.952951 3.974967
v -50.779240 9.921949 3.966803
v -51.227699 9.964588 3.977443
v -51.227524 10.015400 3.971569
v -51.250328 10.047079 3.954034
v -51.007748 9.907922 3.955143
v -51.493423 10.011239 3.977888
v -51.557064 10.060879 3.955090
v -51.588928 9.972275 3.977077
v -51.805443 10.060561 3.965028
v -52.125610 10.046523 3.978089
v -51.913895 10.011464 3.981169
v -52.191551 10.076492 3.964719
v -51.932598 9.965441 3.970915
v -52.188919 9.953807 3.958148
v -52.311611 9.999435 3.978585
v -52.612755 9.967136 3.956275
v -54.277630 10.161599 3.952835
v -54.869576 10.183895 3.947411
v -56.504086 10.093578 3.924510
v -58.457195 10.190057 3.918729
v -58.539455 10.235337 3.919299
v -58.727230 10.189004 3.910154
v -60.958557 10.218227 3.845704
v -60.737232 10.294196 3.866997
v -60.767838 10.241540 3.863754
v -61.031418 10.263914 3.860839
v -60.900372 10.324027 3.852247
v -61.149006 10.293703 3.857419
v -61.226009 10.337061 3.839400
v -61.530121 10.294778 3.847854
v -61.523502 10.341916 3.832140
v -61.409973 10.258952 3.847460
v -61.544033 10.231488 3.830167
v -61.764664 10.361096 3.813000
v -61.807583 10.322895 3.835025
v -62.015812 10.373824 3.799281
v -61.916031 10.288996 3.836206
v -62.206799 10.238543 3.807258
v -62.888657 10.380016 3.779760
v -64.181953 10.357723 3.759717
v -65.022636 10.396717 3.717425
v -65.406120 10.416519 3.690351
v -65.914734 10.429476 3.664415
v -66.801567 10.388429 3.657587
v -66.786133 10.329677 3.653587
v -67.156250 10.421071 3.629695
v -67.113701 10.373561 3.646049
v -68.513069 10.342149 3.575166
v -68.370735 10.420216 3.581465
v -68.565865 10.435350 3.565664
v -69.150620 10.329576 3.535605
v -69.235985 10.386063 3.548580
v -70.241661 10.452394 3.478886
v -70.227402 10.368151 3.495910
v -71.252876 10.466851 3.418069
v -72.384850 10.478383 3.345975
v -72.993591 10.457022 3.331196
v -72.960144 10.333047 3.324177
v -73.573250 10.465279 3.291842
v -73.357735 10.329270 3.297962
v -73.962318 10.345381 3.274140
v -74.513702 10.321714 3.219000
v -74.575470 10.469818 3.227041
v -74.833542 10.457699 3.220468
v -74.680847 10.350269 3.234204
v -75.899323 10.463557 3.146086
v -76.209122 10.469213 3.120966
v -76.644150 10.346451 3.109314
v -76.605278 10.461858 3.098443
v -77.028214 10.329794 3.073590
v -77.382828 10.334789 3.053777
v -78.776680 10.329374 2.958147
v -79.102036 10.344644 2.943910
v -79.743362 10.323491 2.887324
v -80.411583 10.315964 2.836797
v -81.817863 10.420328 2.716439
v -81.952621 10.380929 2.727421
v -82.281273 10.423810 2.670329
v -82.220161 10.374699 2.706866
v -82.330086 10.321802 2.697610
v -84.354195 10.358570 2.523342
v -84.461060 10.309819 2.521827
v -84.623352 10.262967 2.493462
v -84.734634 10.365527 2.482752
v -84.766571 10.317678 2.495615
v -85.011948 10.265017 2.463391
v -85.091377 10.341615 2.460191
v -85.447617 10.329855 2.430940
v -85.571152 10.241104 2.405891
v -85.491455 10.369968 2.402744
v -86.933655 10.265665 2.298091
v -87.296936 10.337722 2.235584
v -88.046295 10.330128 2.154789
v -89.218605 10.310025 2.031202
v -89.941154 10.280038 1.974824
v -90.035736 10.244440 1.987067
v -90.656052 10.260528 1.902787
v -91.215202 10.132708 1.861865
v -91.943871 10.233239 1.757945
v -93.051231 10.066277 1.654279
v -92.959641 10.126233 1.681780
v -93.209633 10.175155 1.638204
v -93.508080 10.195738 1.574157
v -93.323807 10.108766 1.640868
v -93.501656 10.158105 1.609728
v -93.561050 10.030391 1.575083
v -93.473785 10.064475 1.611620
v -93.724808 10.126311 1.593665
v -93.808380 10.159779 1.567063
v -93.985741 10.106038 1.564906
v -93.854874 10.036634 1.557648
v -94.038589 10.146651 1.544815
v -94.235603 10.087262 1.536534
v -94.547279 10.056344 1.497348
v -95.030396 9.993143 1.415575
v -95.392990 9.971825 1.361148
v -95.901375 9.958262 1.305019
v -96.305046 10.096385 1.253623
v -97.813843 9.889097 1.064532
v -98.379059 9.984886 1.016590
v -98.830704 9.856812 0.939919
v -99.052628 9.874495 0.927748
v -101.170105 9.880349 0.626029
v -101.292542 9.823216 0.626249
v -101.510521 9.795863 0.593808
v -101.607628 9.828362 0.577282
v -101.829720 9.843811 0.535117
v -101.715630 9.780791 0.563680
v -101.867081 9.744603 0.531884
v -101.903252 9.797968 0.537022
v -102.144249 9.769604 0.502570
v -102.189293 9.717997 0.477780
v -102.361725 9.757355 0.469362
v -103.385361 9.771539 0.300835
v -103.659180 9.624536 0.236017
v -104.330284 9.612169 0.152996
v -104.456093 9.736145 0.116998
v -105.195694 9.649697 0.027768
v -105.123993 9.616437 0.042148
v -105.067436 9.582711 0.040351
v -105.389992 9.574956 -0.007505
v -105.421669 9.615376 -0.006148
v -105.980324 9.560514 -0.098449
v -106.133240 9.513291 -0.139441
v -106.287132 9.568401 -0.149040
v -106.436874 9.500462 -0.186880
v -106.567986 9.623343 -0.235818
v -106.491508 9.554543 -0.183977
v -106.698318 9.500908 -0.225393
v -106.908699 9.597746 -0.288093
v -106.872459 9.528274 -0.248896
v -107.094170 9.508038 -0.286188
v -107.210106 9.595323 -0.364461
v -107.252899 9.435393 -0.340548
v -107.481400 9.566545 -0.391009
v -107.852188 9.541341 -0.456095
v -107.656548 9.440051 -0.392709
v -108.141968 9.461300 -0.472894
v -108.232460 9.492147 -0.502859
v -108.779716 9.390385 -0.589315
v -108.593002 9.353193 -0.576817
v -108.791153 9.426433 -0.592614
v -108.927917 9.348821 -0.626498
v -109.187057 9.381207 -0.663741
v -109.308113 9.340754 -0.690349
v -109.419426 9.397647 -0.713030
v -109.938210 9.266313 -0.824983
v -111.902061 9.244885 -1.217363
v -112.234200 9.176435 -1.267512
v -112.953629 9.106162 -1.418997
v -112.890396 9.161874 -1.424007
v -113.124603 9.125210 -1.463672
v -113.111267 9.058468 -1.456440
v -113.345665 9.097087 -1.508339
v -113.316360 9.027690 -1.505566
v -113.547409 9.109847 -1.568868
v -113.569992 9.053045 -1.553543
v -113.783630 9.098813 -1.629507
v -113.828529 9.037420 -1.610122
v -114.039238 9.029530 -1.660123
v -114.112480 9.075618 -1.708881
v -113.891808 8.945830 -1.658493
v -114.063515 8.973588 -1.669795
v -114.384499 9.027527 -1.750989
v -114.307251 8.969921 -1.719491
v -114.462746 8.971780 -1.755586
v -114.695625 9.008874 -1.829758
v -114.662483 8.918350 -1.808225
v -114.862282 8.934015 -1.848613
v -115.033592 8.882853 -1.896092
v -115.118614 8.905994 -1.909290
v -115.301224 8.959323 -1.976578
v -115.323578 8.907798 -1.959543
v -115.213753 8.835258 -1.956243
v -115.508751 8.798010 -2.036322
v -115.928062 8.887856 -2.120285
v -115.733299 8.788675 -2.081283
v -116.131500 8.887498 -2.186903
v -116.271698 8.840324 -2.198293
v -116.522011 8.833758 -2.270937
v -116.762863 8.829749 -2.354245
v -116.647789 8.761047 -2.285182
v -116.956337 8.684336 -2.376993
v -117.024368 8.769282 -2.392721
v -117.289375 8.756241 -2.471758
v -117.563416 8.736939 -2.552136
v -117.917923 8.670341 -2.627423
v -117.886520 8.592614 -2.621172
v -118.067551 8.533874 -2.700163
v -118.697495 8.582236 -2.846202
v -118.876663 8.546893 -2.891511
v -119.017815 8.599662 -2.996151
v -118.838768 8.486237 -2.885820
v -119.078629 8.505721 -2.947403
v -118.982010 8.565960 -2.937209
v -119.346039 8.554301 -3.079330
v -119.164055 8.550533 -2.994964
v -119.554024 8.391813 -3.100393
v -120.651489 8.343198 -3.435176
v -120.574478 8.317290 -3.401665
v -120.921272 8.216863 -3.526146
v -120.889328 8.287588 -3.504377
v -121.166382 8.181543 -3.607055
v -121.197746 8.238930 -3.604685
v -121.337769 8.292069 -3.699805
v -121.345993 8.184188 -3.656092
v -121.508347 8.249897 -3.734244
v -121.515488 8.212205 -3.715194
v -121.447205 8.124806 -3.714621
v -121.793617 8.211320 -3.833607
v -121.596794 8.133894 -3.746603
v -121.989059 8.182570 -3.901462
v -122.260628 8.036779 -3.978443
v -122.272820 8.081492 -3.974462
v -122.276062 8.126805 -3.992088
v -122.460655 8.116996 -4.074292
v -122.583817 8.045521 -4.088599
v -122.549881 8.012052 -4.076664
v -123.415169 7.861944 -4.405683
v -123.668182 7.909405 -4.521674
v -123.921783 7.838656 -4.609046
v -123.917580 7.879440 -4.636145
v -123.913132 7.801951 -4.600317
v -124.130386 7.832722 -4.713629
v -123.960419 7.750511 -4.631088
v -124.604431 7.692683 -4.890660
v -124.937218 7.649794 -5.042492
v -125.036041 7.602955 -5.081102
v -125.290184 7.598949 -5.214776
v -125.142563 7.546280 -5.135490
v -125.309822 7.552066 -5.207516
v -126.155991 7.426789 -5.650855
v -126.739983 7.268526 -5.944494
v -126.778336 7.219604 -5.953817
v -126.766663 7.179924 -5.953698
v -126.941338 7.237090 -6.075728
v -127.051285 7.160871 -6.109727
v -127.116249 7.098487 -6.150047
v -127.630959 7.041447 -6.485671
v -127.598289 7.013518 -6.442397
v -127.471115 7.104683 -6.407938
v -127.482315 7.002472 -6.368881
v -127.956009 6.943545 -6.700214
v -127.647400 6.948285 -6.475247
v -127.846298 6.935623 -6.602547
v -128.571030 6.645525 -7.126371
v -128.833221 6.571296 -7.335937
v -128.912155 6.579684 -7.413417
v -6.184334 7.886360 4.213162
v -6.989288 7.821490 4.160026
v -7.094516 7.865376 4.145775
v -6.789599 7.770811 4.155561
v -7.212297 7.778553 4.126229
v -7.885299 7.849816 4.081347
v -8.249209 7.829677 4.051703
v -8.674514 7.904758 3.974627
v -8.514604 7.884602 4.009036
v -8.603517 7.848335 4.017162
v -8.653090 7.797261 4.012382
v -8.835788 7.797280 3.994818
v -8.862596 7.853861 3.992854
v -9.045147 7.875017 3.965659
v -9.790546 7.908656 3.852371
v -9.581935 7.846201 3.926780
v -9.475218 7.823735 3.940248
v -9.776801 7.872545 3.896138
v -9.795094 7.815754 3.911477
v -9.983822 7.828481 3.893616
v -10.195147 7.865034 3.860117
v -10.223694 7.894956 3.828705
v -9.873878 7.770016 3.892769
v -10.479066 7.869209 3.829541
v -10.479165 7.809199 3.849009
v -10.663490 7.848477 3.822528
v -10.715410 7.815920 3.825595
v -11.037604 7.795956 3.795637
v -11.291659 7.757201 3.762481
v -11.434166 7.819238 3.757899
v -12.052059 7.868910 3.669248
v -12.076648 7.833106 3.692985
v -12.507264 7.772404 3.661034
v -12.463658 7.828930 3.657477
v -12.480555 7.880627 3.607500
v -13.096483 7.873701 3.555992
v -13.134190 7.765130 3.606002
v -13.311245 7.857607 3.556408
v -13.391234 7.791383 3.583791
v -13.483953 7.767726 3.576124
v -13.686452 7.823641 3.549890
v -14.334326 7.802147 3.504433
v -14.577083 7.794821 3.486761
v -15.622345 7.779162 3.412876
v -15.904088 7.791556 3.391660
v -16.601042 7.864420 3.298562
v -16.481234 7.770176 3.357704
v -16.706568 7.809205 3.339270
v -16.767696 7.848013 3.312728
v -16.904816 7.824655 3.322698
v -17.031750 7.858436 3.290892
v -17.194035 7.787318 3.318050
v -17.365480 7.823430 3.300885
v -17.471720 7.773826 3.302888
v -17.608343 7.873790 3.249147
v -17.608717 7.842154 3.281594
v -17.654079 7.796629 3.294153
v -17.827967 7.860930 3.258813
v -18.002632 7.829320 3.271406
v -18.086613 7.874031 3.239929
v -18.225393 7.849363 3.254846
v -18.478434 7.814584 3.257468
v -18.608419 7.864155 3.235462
v -20.759716 7.896472 3.182396
v -20.888350 7.946731 3.158793
v -21.125891 7.918228 3.174695
v -21.355526 7.931729 3.167943
v -21.293776 7.993711 3.108818
v -21.784037 7.995007 3.132426
v -22.036207 8.010005 3.126731
v -22.164717 7.989569 3.146451
v -22.140455 8.037727 3.079463
v -22.778881 8.053678 3.109621
v -23.125824 8.038555 3.136217
v -23.087698 7.988305 3.149130
v -24.297075 8.092439 3.137031
v -24.584242 8.140960 3.118926
v -24.587872 8.174031 3.074733
v -24.546932 8.074793 3.142631
v -24.862234 8.177001 3.100534
v -24.843193 8.120756 3.137988
v -24.918375 8.148507 3.127458
v -25.436338 8.226719 3.079350
v -25.339243 8.134843 3.141848
v -25.533798 8.210531 3.112856
v -25.525913 8.180311 3.133251
v -25.684231 8.242853 3.082377
v -25.765385 8.187229 3.138611
v -25.997263 8.197536 3.141569
v -26.143940 8.153167 3.141012
v -26.291855 8.252682 3.126517
v -26.405710 8.211077 3.147402
v -26.492819 8.283376 3.114017
v -28.243973 8.362349 3.168352
v -28.409910 8.420543 3.148283
v -28.547493 8.322640 3.169497
v -28.644659 8.441847 3.149189
v -28.619257 8.357431 3.177909
v -28.985609 8.441106 3.176873
v -28.989773 8.395988 3.186320
v -28.988033 8.354242 3.176831
v -29.392420 8.425573 3.195853
v -29.582397 8.419886 3.197680
v -29.439711 8.383651 3.183443
v -29.611265 8.504743 3.185137
v -29.579359 8.458136 3.200185
v -29.738161 8.468363 3.204664
v -29.844143 8.459117 3.209069
v -29.811642 8.510622 3.196446
v -29.935646 8.550974 3.177152
v -30.194538 8.537481 3.209703
v -30.180803 8.587164 3.161160
v -30.511351 8.502414 3.224778
v -30.829062 8.603338 3.221476
v -30.841896 8.560397 3.237348
v -31.059904 8.634448 3.221687
v -31.048485 8.660497 3.185635
v -31.291323 8.671213 3.211143
v -31.223785 8.587173 3.250659
v -31.288784 8.646986 3.234643
v -31.459002 8.644985 3.250139
v -31.715042 8.685742 3.247937
v -31.756151 8.638693 3.269066
v -31.714882 8.594416 3.262583
v -31.856466 8.674544 3.265518
v -31.915636 8.722571 3.237599
v -32.876469 8.757399 3.308271
v -33.342289 8.775586 3.332401
v -34.282951 8.835781 3.373987
v -34.673161 8.938066 3.376304
v -34.529739 8.810263 3.367905
v -34.622665 8.862977 3.389665
v -34.875904 8.901567 3.402951
v -35.258617 8.967971 3.415169
v -35.454296 8.882497 3.405962
v -35.483574 8.962646 3.431598
v -35.479248 8.921373 3.427126
v -35.505791 9.002703 3.420777
v -35.773384 9.013991 3.439269
v -35.747391 8.925679 3.432517
v -36.546352 9.063456 3.482525
v -36.505211 9.096011 3.464827
v -36.518272 9.015425 3.480795
v -36.767578 9.106334 3.486035
v -36.825344 9.027825 3.493701
v -37.143967 9.119329 3.510721
v -37.186813 9.161827 3.492431
v -37.078049 9.066512 3.509966
v -37.512375 9.086352 3.526906
v -38.124565 9.158446 3.564112
v -39.032753 9.248227 3.609837
v -39.354733 9.276920 3.624735
v -39.519352 9.307219 3.630092
v -39.784130 9.354503 3.631620
v -39.871052 9.318408 3.649668
v -40.265289 9.328160 3.669457
v -40.494675 9.366590 3.680241
v -40.965248 9.402727 3.700275
v -41.394676 9.418961 3.721298
v -41.471989 9.468760 3.714730
v -41.755283 9.466222 3.734703
v -42.021427 9.469958 3.748343
v -42.239098 9.544267 3.735546
v -42.196659 9.515183 3.748834
v -42.402393 9.550044 3.746057
v -42.353088 9.503423 3.760952
v -42.528015 9.507339 3.770084
v -42.765194 9.534411 3.777414
v -42.784901 9.494814 3.777776
v -42.779686 9.587046 3.754391
v -42.953194 9.565233 3.780823
v -42.940155 9.509968 3.784491
v -43.193855 9.630342 3.752461
v -42.783688 9.446256 3.749590
v -43.088551 9.525377 3.791364
v -43.221909 9.588624 3.789239
v -43.253567 9.527313 3.797091
v -43.423141 9.573889 3.804285
v -43.424507 9.644995 3.761188
v -43.459637 9.500098 3.783963
v -43.432938 9.533564 3.800890
v -43.446709 9.621050 3.787909
v -43.667782 9.609818 3.809102
v -43.881569 9.606896 3.821467
v -43.952438 9.580316 3.823519
v -44.146610 9.585449 3.829957
v -44.590836 9.629789 3.846628
v -44.555470 9.586870 3.834160
v -44.587643 9.660754 3.843467
v -44.881222 9.640498 3.855864
v -44.862446 9.678851 3.852834
v -45.249352 9.705497 3.864699
v -45.165981 9.674568 3.865999
v -45.149895 9.628970 3.856277
v -44.970692 9.590117 3.832823
v -45.522507 9.674456 3.875998
v -45.782619 9.725520 3.883130
v -45.848156 9.682470 3.881808
v -45.702274 9.767208 3.859598
v -45.993431 9.758650 3.883071
v -46.057598 9.716136 3.891841
v -46.276348 9.780699 3.887899
v -46.237099 9.679521 3.880827
v -46.346176 9.749817 3.899623
v -46.675331 9.751052 3.908400
v -46.432671 9.706022 3.894555
v -46.863701 9.803056 3.907967
v -46.690922 9.701268 3.891027
v -46.939926 9.755100 3.914732
v -47.168041 9.742161 3.911609
v -47.398121 9.791268 3.925224
v -47.661640 9.808722 3.932841
v -48.407635 9.814429 3.939083
v -49.537552 9.909207 3.963040
v -49.754700 9.993033 3.930156
v -49.618389 9.867805 3.955115
v -49.861732 9.855037 3.942726
v -50.006126 9.909677 3.967777
v -50.707546 9.984615 3.971044
v -52.465534 10.084558 3.966228
v -52.476234 10.039819 3.981628
v -52.862381 10.093121 3.969792
v -52.901760 10.053934 3.981588
v -52.785591 10.011785 3.977295
v -53.211483 10.127347 3.955348
v -53.325420 10.074214 3.980509
v -53.415874 10.035212 3.976009
v -53.404018 10.003548 3.960171
v -53.460003 10.136232 3.953431
v -53.534317 10.110738 3.972400
v -53.938499 10.106778 3.976845
v -53.773003 10.070698 3.979695
v -54.070663 10.035862 3.963169
v -54.121685 10.134529 3.968492
v -54.344395 10.066250 3.971161
v -54.635429 10.169214 3.954221
v -54.424477 10.113275 3.975740
v -54.768410 10.087413 3.971356
v -54.576797 10.044147 3.953541
v -54.826611 10.137653 3.970648
v -55.066143 10.103395 3.968820
v -55.157631 10.149853 3.967315
v -55.290703 10.098553 3.964683
v -55.542931 10.195821 3.948104
v -55.419895 10.149334 3.966116
v -55.738338 10.210066 3.940238
v -56.022923 10.140255 3.960386
v -55.702374 10.095787 3.953640
v -56.346661 10.176167 3.956247
v -56.160927 10.095005 3.939445
v -56.385220 10.128132 3.950343
v -56.485130 10.214717 3.942634
v -56.724617 10.113868 3.933807
v -56.621090 10.165568 3.953041
v -56.997974 10.234743 3.931885
v -57.078140 10.146959 3.940266
v -56.876919 10.158009 3.947588
v -57.078667 10.202648 3.944630
v -57.342281 10.174331 3.941386
v -57.245728 10.128575 3.924642
v -57.723499 10.172536 3.932559
v -57.739639 10.231486 3.930907
v -58.142105 10.256802 3.918184
v -58.902016 10.265448 3.907032
v -58.865952 10.224020 3.913577
v -59.053474 10.306252 3.879042
v -59.097229 10.256362 3.907825
v -59.466057 10.291144 3.888597
v -59.440666 10.250386 3.900844
v -59.348289 10.204521 3.897021
v -59.553448 10.202464 3.890370
v -59.775368 10.257099 3.893520
v -59.823956 10.215930 3.885476
v -60.030552 10.273686 3.886651
v -60.237438 10.237836 3.879056
v -60.328476 10.208238 3.863906
v -60.514156 10.266054 3.875859
v -60.488678 10.320513 3.860536
v -62.127319 10.326033 3.826776
v -62.381744 10.339057 3.815646
v -62.319504 10.285830 3.823158
v -62.546146 10.378190 3.787205
v -62.552299 10.312473 3.816715
v -62.643295 10.275620 3.809136
v -62.828270 10.307659 3.808225
v -63.163452 10.363096 3.785663
v -62.838184 10.339916 3.804039
v -63.066994 10.288801 3.796802
v -62.933136 10.226307 3.755652
v -63.181187 10.326145 3.796658
v -63.053192 10.258828 3.783610
v -63.517696 10.383705 3.764448
v -63.485306 10.294826 3.782749
v -63.432659 10.341249 3.786421
v -63.669964 10.260354 3.756629
v -63.704746 10.338224 3.778715
v -63.877903 10.375704 3.760806
v -63.828705 10.296376 3.769429
v -63.989330 10.329372 3.769417
v -64.140381 10.286946 3.753352
v -64.461021 10.363631 3.748838
v -64.470184 10.310421 3.748737
v -64.719353 10.333617 3.742333
v -64.868584 10.372152 3.732274
v -64.914520 10.292208 3.722308
v -65.136894 10.300358 3.716093
v -65.034103 10.343450 3.730704
v -65.436874 10.343631 3.715049
v -65.438583 10.385321 3.708634
v -65.739716 10.333798 3.701534
v -65.861237 10.367458 3.698565
v -65.905914 10.306699 3.683991
v -66.306023 10.338318 3.678015
v -66.559563 10.357838 3.670500
v -67.080040 10.348801 3.645612
v -67.711693 10.423765 3.606930
v -67.856026 10.377563 3.613987
v -68.134277 10.384633 3.600490
v -68.037460 10.338964 3.597393
v -68.969032 10.378030 3.561352
v -69.269508 10.427794 3.537575
v -69.514954 10.388688 3.534906
v -69.393875 10.345281 3.531559
v -69.783890 10.345498 3.511471
v -69.830353 10.392094 3.518835
v -69.899117 10.424795 3.509258
v -70.189072 10.421506 3.496521
v -70.307777 10.398302 3.494634
v -70.504066 10.431026 3.478987
v -70.602051 10.382490 3.478800
v -70.728989 10.347281 3.460985
v -70.724174 10.429696 3.467888
v -70.901367 10.385477 3.464783
v -71.240036 10.334846 3.425591
v -71.346466 10.423578 3.437011
v -71.311340 10.380850 3.440849
v -71.589294 10.457326 3.407401
v -71.544571 10.384981 3.428580
v -71.601662 10.345322 3.412146
v -71.554008 10.425441 3.424797
v -72.135811 10.458631 3.377505
v -71.850723 10.424953 3.409614
v -71.865685 10.377835 3.410147
v -71.981171 10.346428 3.391002
v -72.116364 10.381117 3.396548
v -72.303833 10.352526 3.375556
v -72.432693 10.437789 3.373497
v -72.724503 10.484983 3.318477
v -72.550591 10.342599 3.355914
v -72.715302 10.450709 3.351689
v -74.031342 10.437087 3.280765
v -74.230347 10.459895 3.256535
v -74.898338 10.380463 3.231819
v -74.914444 10.420485 3.231230
v -75.157921 10.416996 3.218127
v -75.204536 10.350018 3.201693
v -75.469627 10.392597 3.198003
v -75.512161 10.448736 3.182197
v -75.731972 10.433939 3.174731
v -75.916138 10.332009 3.145037
v -75.815269 10.384824 3.175130
v -76.182068 10.433307 3.145089
v -76.378143 10.449292 3.124531
v -76.349014 10.387942 3.141181
v -76.863953 10.375536 3.104463
v -76.967155 10.421762 3.095917
v -77.127319 10.406129 3.087577
v -77.305687 10.372505 3.075268
v -77.491554 10.434749 3.054336
v -77.581581 10.386569 3.057058
v -77.874329 10.324646 3.014575
v -77.963707 10.384536 3.031485
v -78.261818 10.397199 3.010157
v -78.232605 10.332858 2.996186
v -78.390549 10.357290 2.996399
v -78.527412 10.385464 2.990554
v -78.785553 10.424068 2.963852
v -78.829491 10.388656 2.969335
v -79.149742 10.392325 2.946086
v -79.459656 10.373865 2.922915
v -79.480064 10.339766 2.913985
v -79.703293 10.423748 2.893591
v -79.722466 10.367773 2.903967
v -80.026573 10.344582 2.877225
v -80.076370 10.308325 2.854180
v -80.241074 10.391968 2.863564
v -80.308708 10.338707 2.854209
v -80.495758 10.402658 2.838999
v -80.549164 10.356939 2.841079
v -80.748817 10.381673 2.824744
v -80.903603 10.382467 2.814854
v -81.135078 10.300394 2.775764
v -81.104218 10.383799 2.795777
v -81.219299 10.341262 2.786954
v -81.961823 10.335978 2.728743
v -81.918007 10.302029 2.719691
v -82.437904 10.383742 2.684994
v -82.588104 10.348069 2.679970
v -82.888863 10.404642 2.632694
v -85.022591 10.229952 2.435306
v -85.042641 10.305449 2.470601
v -85.279305 10.378762 2.417026
v -85.311638 10.240821 2.426033
v -85.419067 10.282146 2.435405
v -85.653671 10.287138 2.416126
v -85.679535 10.337715 2.405070
v -85.951477 10.365915 2.357358
v -85.948555 10.316771 2.387398
v -86.195099 10.225009 2.344932
v -86.337952 10.328954 2.343667
v -87.685692 10.314216 2.211166
v -88.002121 10.193828 2.178102
v -88.045532 10.226593 2.189985
v -88.879303 10.305058 2.081447
v -89.239029 10.183449 2.066474
v -90.300858 10.256854 1.949273
v -90.330719 10.195827 1.966429
v -90.503647 10.214884 1.944497
v -90.804680 10.225805 1.907970
v -91.124153 10.169106 1.880535
v -91.177223 10.220882 1.866070
v -91.105911 10.253267 1.850513
v -91.401756 10.147876 1.848947
v -91.713013 10.209750 1.806599
v -91.676048 10.143014 1.820444
v -92.301903 10.232443 1.706721
v -92.395561 10.205277 1.723383
v -92.400810 10.163033 1.741434
v -92.460892 10.113833 1.733398
v -92.588326 10.187603 1.709264
v -92.608025 10.218886 1.680011
v -92.646751 10.142700 1.716906
v -92.938721 10.171834 1.673872
v -93.524147 10.105744 1.617775
v -93.850647 10.078108 1.577747
v -94.543602 10.136074 1.482610
v -94.490074 10.099331 1.504948
v -94.788750 10.073294 1.472524
v -95.018166 10.089026 1.440939
v -95.017479 10.040825 1.442643
v -95.400719 10.129250 1.361257
v -95.381050 10.049500 1.401199
v -95.404770 10.093308 1.388876
v -95.735123 9.992602 1.347381
v -96.686600 10.021864 1.240839
v -96.817589 10.040354 1.216848
v -97.676857 9.962655 1.116645
v -97.878922 9.906362 1.073582
v -98.055710 10.001330 1.055556
v -98.146973 9.914224 1.048518
v -98.348907 9.923770 1.027495
v -98.648949 9.959893 0.986160
v -98.706482 9.925636 0.982011
v -98.841797 9.970085 0.953629
v -99.004951 9.922245 0.942957
v -99.067719 9.965120 0.919989
v -99.249130 9.945104 0.902586
v -99.261116 9.902719 0.907633
v -99.238777 9.983311 0.875834
v -99.370094 9.869769 0.887668
v -99.437698 9.911902 0.883444
v -99.531487 9.939529 0.860775
v -99.612434 9.889746 0.860234
v -99.743675 9.901213 0.841658
v -99.706207 9.846524 0.839036
v -99.812302 9.964186 0.791731
v -100.181046 9.931340 0.759345
v -100.206207 9.884477 0.778107
v -101.572777 9.858506 0.570196
v -102.069130 9.820710 0.506125
v -102.414619 9.790587 0.458905
v -102.634880 9.725542 0.425292
v -102.704674 9.750728 0.419019
v -102.804245 9.783813 0.397273
v -103.471130 9.663763 0.289784
v -103.614883 9.679194 0.277292
v -103.825676 9.633349 0.227746
v -103.912033 9.723035 0.230353
v -103.913055 9.669299 0.232186
v -104.012688 9.753689 0.193172
v -104.072380 9.596465 0.161626
v -104.118553 9.647641 0.198946
v -104.377312 9.662858 0.162234
v -104.377518 9.711292 0.151945
v -104.554771 9.653276 0.134326
v -104.504288 9.596544 0.120394
v -104.676208 9.699029 0.101812
v -104.962982 9.715129 0.028334
v -104.930618 9.679407 0.064903
v -105.484596 9.645988 -0.024053
v -105.731133 9.653131 -0.077224
v -105.687340 9.555519 -0.057187
v -105.709587 9.600203 -0.052446
v -106.006783 9.621036 -0.112120
v -106.803978 9.561272 -0.241872
v -106.543633 9.594643 -0.206525
v -107.234772 9.556648 -0.326196
v -107.066956 9.461214 -0.298000
v -107.378487 9.481013 -0.336165
v -107.623756 9.501419 -0.381394
v -107.774422 9.514904 -0.416913
v -107.820862 9.472178 -0.414569
v -108.300186 9.433419 -0.500634
v -108.439461 9.501436 -0.559022
v -108.527802 9.401949 -0.543374
v -108.537430 9.459565 -0.550863
v -108.801552 9.471532 -0.617660
v -109.671967 9.335684 -0.754816
v -109.706680 9.369342 -0.764872
v -109.922821 9.381752 -0.817046
v -109.991005 9.313021 -0.815633
v -110.148041 9.295195 -0.846299
v -110.290215 9.352157 -0.885824
v -110.493050 9.347238 -0.932918
v -110.309006 9.289471 -0.877535
v -110.415504 9.316861 -0.901191
v -110.447205 9.274638 -0.905321
v -110.588783 9.288779 -0.931613
v -110.542542 9.234598 -0.934830
v -110.675949 9.325464 -0.962700
v -110.886993 9.318063 -1.010193
v -110.751595 9.292095 -0.965350
v -110.825989 9.243537 -0.980584
v -110.693214 9.232200 -0.961110
v -110.895355 9.268817 -0.992508
v -111.014000 9.268928 -1.016689
v -110.871979 9.197327 -1.010179
v -111.134476 9.301823 -1.060835
v -111.183121 9.259751 -1.051828
v -111.057922 9.210546 -1.031351
v -111.357941 9.295444 -1.115185
v -111.251816 9.210773 -1.065228
v -111.388969 9.257161 -1.097051
v -111.448921 9.202647 -1.104624
v -111.598579 9.270289 -1.157756
v -111.410378 9.157699 -1.117344
v -111.771095 9.227216 -1.175182
v -111.589516 9.236310 -1.137035
v -111.634544 9.178583 -1.143889
v -111.760620 9.167739 -1.169946
v -111.918037 9.180096 -1.199097
v -112.049072 9.202575 -1.231014
v -112.218842 9.220915 -1.285288
v -112.175728 9.145649 -1.254924
v -112.480255 9.162595 -1.321331
v -112.514076 9.196615 -1.347089
v -112.689339 9.101495 -1.364070
v -113.668839 8.993159 -1.587346
v -115.038544 8.966074 -1.901549
v -114.729477 8.968172 -1.819294
v -115.401978 8.861636 -1.979905
v -115.587837 8.850340 -2.022465
v -115.695953 8.898320 -2.057368
v -115.867035 8.855664 -2.091713
v -116.119972 8.821874 -2.151882
v -116.308136 8.760448 -2.206457
v -116.831711 8.747259 -2.333338
v -116.766098 8.798166 -2.327660
v -117.131119 8.794513 -2.453608
v -118.173889 8.652441 -2.704559
v -118.099800 8.615400 -2.670620
v -118.121017 8.575338 -2.682114
v -118.394974 8.563622 -2.753376
v -118.440071 8.594201 -2.767516
v -118.517212 8.625265 -2.809023
v -118.627296 8.548347 -2.818063
v -118.508392 8.515438 -2.797178
v -119.082359 8.441384 -2.965328
v -119.200340 8.444588 -2.991585
v -119.253136 8.498651 -3.000329
v -119.457878 8.498821 -3.069633
v -119.652519 8.499672 -3.147108
v -119.673546 8.440076 -3.123924
v -119.943375 8.392056 -3.205276
v -119.911766 8.441855 -3.206999
v -120.040726 8.346745 -3.241726
v -120.016708 8.451902 -3.255964
v -120.149567 8.414982 -3.280409
v -120.441681 8.394333 -3.383598
v -120.328270 8.353779 -3.325231
v -120.270332 8.276543 -3.339288
v -120.278534 8.325935 -3.311858
v -120.547684 8.247970 -3.419577
v -121.615059 8.175963 -3.745245
v -121.737610 8.188210 -3.793948
v -121.858429 8.124906 -3.828532
v -121.982063 8.148045 -3.877000
v -122.072273 8.084803 -3.904455
v -122.189667 8.010520 -3.977766
v -123.489372 7.904487 -4.433062
v -123.726799 7.844373 -4.524285
v -6.741850 7.831277 4.181004
v -7.641743 7.814952 4.103014
v -7.917911 7.904040 4.047535
v -8.478477 7.917683 3.973122
v -9.069736 7.817239 3.977238
v -9.587210 7.781593 3.923662
v -10.889729 7.842945 3.803024
v -11.148761 7.845438 3.777046
v -17.002144 7.801299 3.326291
v -21.068687 7.966835 3.142392
v -21.587753 7.959818 3.155933
v -21.497992 7.982031 3.137451
v -21.966030 7.960369 3.158272
v -22.404182 7.987316 3.149869
v -26.978048 8.319537 3.116500
v -26.935534 8.281584 3.143210
v -27.160109 8.317046 3.134754
v -28.145189 8.378488 3.157835
v -28.543997 8.382438 3.175165
v -29.064827 8.479304 3.155365
v -29.990715 8.472693 3.211539
v -30.477121 8.534502 3.225556
v -31.063122 8.589186 3.242730
v -31.470013 8.581168 3.256370
v -32.031139 8.644671 3.278353
v -37.420101 9.160038 3.518807
v -38.374653 9.229955 3.568603
v -39.598812 9.362002 3.604909
v -42.099586 9.555091 3.707409
v -48.099232 9.859257 3.937876
v -48.308353 9.863080 3.943218
v -48.520824 9.857214 3.948194
v -55.673668 10.145524 3.965579
v -55.973255 10.196639 3.951578
v -56.753231 10.206871 3.946921
v -57.519394 10.190073 3.939453
v -58.073681 10.215805 3.929035
v -60.098782 10.326758 3.859345
v -65.465179 10.308097 3.704715
v -66.035385 10.404113 3.679561
v -66.101288 10.313729 3.679119
v -66.165558 10.375240 3.684789
v -67.408852 10.345851 3.629996
v -67.454079 10.386756 3.630070
v -68.459190 10.386783 3.585229
v -68.929550 10.421003 3.556484
v -71.034180 10.433100 3.449994
v -71.052078 10.378990 3.454877
v -72.140541 10.423256 3.394122
v -72.513992 10.384264 3.374336
v -72.959915 10.412861 3.350734
v -73.232002 10.416720 3.334310
v -73.082054 10.373663 3.339528
v -73.490677 10.366831 3.313313
v -73.706322 10.388588 3.306127
v -73.700264 10.431840 3.302264
v -73.990700 10.387533 3.289088
v -74.481201 10.428125 3.256359
v -74.332932 10.404443 3.268699
v -74.433525 10.363553 3.255761
v -74.960037 10.342257 3.211746
v -76.115852 10.398543 3.155714
v -76.130226 10.360551 3.148235
v -76.617043 10.416703 3.121360
v -77.767685 10.406268 3.042820
v -77.672691 10.348774 3.043122
v -80.791023 10.319013 2.811509
v -81.326492 10.378528 2.780043
v -81.612549 10.380388 2.755982
v -81.630341 10.298901 2.739461
v -82.085197 10.416452 2.696335
v -82.868378 10.333942 2.657650
v -83.010216 10.281647 2.627249
v -83.121063 10.329053 2.635397
v -83.113289 10.367169 2.631437
v -83.311607 10.291640 2.609974
v -83.191071 10.404377 2.602834
v -83.425499 10.319205 2.608924
v -83.436340 10.364427 2.605185
v -83.684235 10.283620 2.577271
v -83.627640 10.360785 2.588631
v -83.825584 10.305112 2.574385
v -83.878670 10.351050 2.569392
v -83.879906 10.393175 2.545813
v -84.082642 10.354147 2.549725
v -84.165642 10.313044 2.546830
v -84.110153 10.265892 2.534431
v -85.768982 10.240953 2.388947
v -85.923225 10.260760 2.386847
v -86.303902 10.280419 2.357875
v -86.526909 10.241327 2.328210
v -86.552063 10.344963 2.311416
v -86.586578 10.299680 2.329978
v -86.790237 10.298390 2.309641
v -86.861778 10.328358 2.290200
v -87.186401 10.294224 2.272179
v -86.974998 10.219084 2.280143
v -87.288139 10.234260 2.260297
v -87.644936 10.237553 2.228703
v -87.889709 10.270587 2.206548
v -88.122810 10.298052 2.173157
v -88.314484 10.241306 2.167140
v -88.393517 10.301605 2.141573
v -88.425056 10.183290 2.136566
v -88.607796 10.255546 2.136827
v -88.540771 10.212662 2.141234
v -88.826370 10.213604 2.114211
v -89.128342 10.273947 2.077138
v -89.383751 10.156826 2.037815
v -89.642624 10.297009 1.993540
v -90.057205 10.202355 1.992181
v -90.523674 10.157473 1.938546
v -90.815048 10.166465 1.912364
v -91.007835 10.204259 1.891024
v -91.420593 10.234752 1.826131
v -91.383858 10.199820 1.849706
v -91.556122 10.174470 1.834670
v -91.793762 10.171797 1.808980
v -92.089256 10.121104 1.772778
v -92.079803 10.203547 1.764889
v -92.227638 10.148646 1.762523
v -95.343399 10.010826 1.396749
v -95.723991 10.037678 1.360716
v -95.875259 10.049109 1.340947
v -95.796722 10.093019 1.333871
v -96.118347 10.063246 1.304995
v -96.090088 10.019263 1.314793
v -96.161255 9.990595 1.300634
v -96.406479 10.064292 1.264233
v -96.535011 9.978270 1.254745
v -96.412567 10.023359 1.274974
v -96.873581 9.985805 1.217528
v -96.908401 9.953890 1.203186
v -97.041481 10.029776 1.191920
v -97.214836 9.962502 1.172728
v -97.290161 10.003427 1.163791
v -97.505630 9.925170 1.125102
v -97.495392 9.982518 1.140179
v -97.724167 10.011097 1.100273
v -98.018684 9.959596 1.072585
v -97.855133 9.939284 1.090480
v -98.227509 9.961023 1.044882
v -98.408424 9.884322 1.003809
v -98.635765 9.899561 0.985970
v -99.601913 9.963778 0.831755
v -99.821770 9.932104 0.819336
v -99.973579 9.861149 0.810880
v -100.449417 9.894094 0.737380
v -100.434624 9.845181 0.747038
v -100.627373 9.859527 0.720308
v -100.540932 9.921006 0.704911
v -100.884392 9.876431 0.675619
v -100.929642 9.826401 0.677804
v -102.955246 9.717396 0.380140
v -103.117676 9.751941 0.354424
v -103.165604 9.701180 0.346979
v -103.301353 9.717761 0.329977
v -103.541397 9.734091 0.289727
v -103.795845 9.709585 0.252243
v -104.174706 9.757313 0.154563
v -104.160622 9.706356 0.191891
v -104.830269 9.625586 0.089134
v -106.199600 9.620819 -0.151839
v -112.668678 9.148645 -1.361329
v -115.494904 8.909380 -2.005316
v -115.817055 8.827946 -2.078598
v -119.425911 8.442899 -3.050195
v -29.225201 8.444938 3.187940
v -72.654892 10.410390 3.367231
v -87.390411 10.288912 2.252990
v -87.634399 10.271749 2.231885
v -89.274193 10.216157 2.070943
v -88.983513 10.178349 2.086836
v -89.461044 10.277195 2.035041
v -89.452965 10.245627 2.050287
v -89.619461 10.198504 2.035636
v -89.689247 10.256067 2.021947
v -89.842438 10.226640 2.013333
v -25.301781 8.184664 3.121644
v -88.798965 10.267080 2.114651
v -4.602329 8.006841 4.232495
v -4.538807 7.695557 4.300804
v -4.599617 7.735130 4.288978
v -4.598930 7.957198 4.263097
v -4.601363 7.921741 4.300801
v -4.497494 7.931838 4.342412
v -4.536294 7.899704 4.333190
v -4.510040 7.800351 4.353909
v -4.540012 7.757020 4.327978
v -2.700020 1.011347 -5.650259
v -4.485803 2.007067 -4.364802
v -6.163783 4.777982 -1.243571
v -6.208810 6.700030 1.180339
v -4.251180 1.828765 -4.587718
v -4.676283 2.206284 -4.153672
v -5.024299 2.569950 -3.732156
v -5.818111 3.870356 -2.305479
v -5.932047 4.144368 -1.998181
v -6.031783 4.432484 -1.675458
v -6.177421 5.048934 -0.994509
v -6.256749 5.950079 0.083682
v -6.112379 6.889736 1.370514
v -5.867393 7.403501 2.174497
v -5.830760 7.474442 2.461170
v -5.488894 7.784694 3.010959
v -4.734613 2.209972 -4.114596
v -5.714646 3.638826 -2.553296
v -6.102394 4.707731 -1.380454
v -6.205830 5.068810 -0.927211
v -6.240552 5.294818 -0.664161
v -6.277153 5.806021 -0.047982
v -6.275305 6.060415 0.276024
v -6.178827 6.660651 1.045844
v -6.158110 6.763787 1.223624
v -6.029316 7.107072 1.674400
v -5.968317 7.227633 1.893901
v -6.016680 7.167625 1.883746
v -5.903054 7.347557 2.169459
v -5.684547 7.613364 2.721893
v -5.601459 7.684971 2.886668
v -5.571125 7.714711 2.999688
v -5.457750 7.786805 3.130606
v -5.252049 7.896401 3.428965
v -5.135360 7.924930 3.621186
v -4.996687 7.945457 3.828915
v -4.734413 7.975610 4.116233
v -6.238361 6.338221 0.610284
v -6.272602 6.196665 0.463656
v -6.223990 6.487767 0.836858
v -6.225830 6.578716 0.997069
v -6.144996 6.862499 1.400403
v -6.065529 7.047174 1.669648
v -6.162552 6.887800 1.464763
v -5.798344 7.492675 2.452682
v -5.805423 7.480174 2.348142
v -5.716180 7.586315 2.571078
v -5.569604 7.719676 2.875447
v -5.518001 7.150829 3.018248
v -6.056577 6.418287 1.726285
v -6.032785 6.327714 1.663488
v -6.092070 6.216045 1.463013
v -6.119272 6.241363 1.456829
v -6.253204 5.719541 0.678921
v -6.207153 5.748661 0.791310
v -6.269958 5.168523 -0.053492
v -5.333767 2.584347 -3.452656
v -4.993474 2.216599 -3.768669
v -4.441046 1.775671 -4.422710
v -3.848571 1.414482 -4.938866
v -5.829061 6.814198 2.390089
v -6.255605 4.901217 -0.410306
v -6.190717 4.429536 -1.033769
v -6.077905 4.004945 -1.586383
v -6.091792 3.944675 -1.713507
v -5.968168 3.709789 -1.945427
v -5.966484 3.668618 -2.041296
v -5.869705 3.477786 -2.258141
v -5.923535 3.517120 -2.259030
v -5.709908 3.175556 -2.558035
v -5.613245 3.013966 -2.766475
v -5.735223 3.163858 -2.706013
v -5.663531 3.072760 -2.806558
v -5.585701 2.912531 -3.030983
v -5.511467 2.864750 -3.017621
v -5.392724 2.680268 -3.313004
v -5.168537 2.430939 -3.564274
v -5.004016 2.247019 -3.770335
v -5.002548 2.257177 -3.818190
v -5.095262 2.328490 -3.785951
v -4.777538 2.050336 -4.098691
v -4.632369 1.931333 -4.299058
v -4.379820 1.720332 -4.642273
v -4.338353 1.709601 -4.530815
v -4.364435 1.738078 -4.552481
v -4.362095 1.732052 -4.603531
v -3.730294 1.369348 -5.041111
v -6.292649 5.299689 0.089194
v -6.296366 4.884286 -0.492364
v -6.241904 4.692748 -0.707421
v -6.161283 4.240597 -1.309541
v -6.013257 3.839943 -1.745257
v -5.768793 3.287596 -2.472480
v -5.782072 3.273834 -2.550852
v -5.623219 3.031782 -2.820432
v -5.539757 2.888977 -3.030649
v -5.377562 2.681230 -3.236032
v -5.323228 2.597140 -3.287479
v -5.216008 2.470568 -3.583459
v -4.789492 2.042102 -4.030809
v -4.860923 2.113319 -4.064630
v -4.633154 1.923481 -4.230566
v -4.642725 1.913952 -4.360474
v -4.149774 1.597212 -4.716452
v -4.182396 1.624733 -4.744267
v -1.273265 9.986949 -6.076086
v -2.067166 9.995852 -5.842872
v -3.054080 9.993017 -5.394103
v -3.928347 9.997931 -4.784658
v -4.834069 9.996332 -3.875169
v -5.162017 9.997467 -3.422884
v -5.656430 9.994031 -2.530124
v -5.948679 9.996488 -1.715361
v -6.133232 9.978103 -1.053727
v -6.192208 9.993091 -0.292011
v -6.168952 9.997603 0.496059
v -6.067923 9.980634 1.363979
v -5.743352 9.998104 2.306896
v -5.228460 9.997042 3.305905
v -4.727915 9.996856 4.002173
v -4.282559 9.958508 4.536776
v -3.613854 9.995499 5.030263
v -3.104980 9.996071 5.358693
v -2.327943 9.995179 5.745633
v -1.235976 9.991914 6.077934
v -0.653390 9.993473 6.167139
v -0.464052 0.049582 -6.226298
v -1.228738 0.070055 -6.130546
v -1.623781 0.017078 -5.994790
v -2.001947 0.058703 -5.917109
v -2.575216 0.052597 -5.689101
v -3.136065 0.049249 -5.398991
v -3.744428 0.001950 -4.928833
v -3.641989 0.061977 -5.076148
v -4.133196 0.049443 -4.679760
v -4.551597 0.013735 -4.219643
v -4.578338 0.069203 -4.253053
v -4.881279 0.056149 -3.893802
v -5.165784 0.066316 -3.515217
v -5.407186 0.056149 -3.122648
v -5.626495 0.047556 -2.705067
v -5.809576 0.055310 -2.287879
v -5.972604 0.073584 -1.840859
v -6.118234 0.047452 -1.242415
v -6.196433 0.058953 -0.774825
v -6.203055 0.012162 -0.148976
v -6.239421 0.063469 -0.323778
v -6.243042 0.059696 0.151696
v -6.216402 0.066623 0.632881
v -6.149946 0.058955 1.083658
v -6.052743 0.047652 1.530169
v -5.763159 0.007062 2.291363
v -5.880010 0.066826 2.113922
v -5.693684 0.055317 2.562726
v -5.476621 0.041856 2.992310
v -5.249317 0.059692 3.382785
v -4.880433 0.066291 3.906944
v -4.615633 0.004692 4.129637
v -4.380448 0.068939 4.457711
v -4.153234 0.012630 4.609072
v -3.876976 0.052714 4.895461
v -3.385613 0.059135 5.249624
v -2.835603 0.051736 5.563485
v -2.322828 0.015658 5.757173
v -2.262465 0.062061 5.823316
v -1.689717 0.054817 6.012513
v -1.156233 0.048089 6.133787
v -0.773535 0.073298 6.201696
vn -0.0365 -0.0020 0.9993
vn 0.2433 -0.0018 0.9699
vn 0.0927 0.0018 0.9957
vn 0.3535 0.0020 0.9354
vn 0.5112 -0.0021 0.8594
vn 0.6204 0.0021 0.7843
vn 0.7281 -0.0019 0.6854
vn 0.8221 0.0019 0.5693
vn 0.8919 -0.0020 0.4522
vn 0.9433 0.0019 0.3320
vn 0.9903 -0.0019 0.1387
vn 0.9977 0.0011 0.0680
vn 0.9850 -0.0009 -0.1725
vn 0.9974 0.0005 -0.0725
vn 0.9377 0.0012 -0.3474
vn 0.8023 -0.0016 -0.5969
vn 0.8654 0.0011 -0.5012
vn 0.9497 -0.0007 -0.3132
vn 0.7842 -0.0015 -0.6206
vn 0.6512 0.0005 -0.7589
vn 0.5168 -0.0000 -0.8561
vn 0.5190 0.0002 -0.8548
vn 0.3815 -0.0006 -0.9244
vn 0.1709 0.0023 -0.9853
vn 0.1155 -0.0016 -0.9933
vn -0.0207 0.0026 -0.9998
vn -0.1542 -0.0020 -0.9880
vn 0.0378 -0.8780 0.4772
vn -0.0157 -0.4577 0.8890
vn -0.0674 -0.6332 0.7710
vn 0.0698 -0.3247 0.9432
vn 0.0834 -0.8084 0.5827
vn 0.1166 -0.5098 0.8524
vn 0.2186 -0.4239 0.8789
vn 0.2054 -0.2608 0.9433
vn 0.0769 -0.9283 0.3637
vn 0.1668 -0.8601 0.4821
vn 0.3042 -0.3207 0.8970
vn 0.1875 -0.9067 0.3778
vn 0.3657 -0.4580 0.8103
vn 0.4318 -0.5449 0.7188
vn 0.2470 -0.9129 0.3249
vn 0.4983 -0.4493 0.7415
vn 0.5991 -0.4091 0.6882
vn 0.2823 -0.9125 0.2962
vn 0.6053 -0.2681 0.7495
vn 0.6405 -0.4871 0.5936
vn 0.7751 -0.0796 0.6268
vn 0.2966 -0.9299 0.2175
vn 0.3792 -0.8653 0.3277
vn 0.7420 -0.4530 0.4941
vn 0.3021 -0.9382 0.1690
vn 0.7951 -0.4240 0.4337
vn 0.4507 -0.8756 0.1739
vn 0.8332 -0.3918 0.3903
vn 0.8371 -0.4871 0.2490
vn 0.9338 -0.1284 0.3341
vn 0.4737 -0.8777 0.0730
vn 0.9123 -0.3604 0.1947
vn 0.9868 -0.0620 0.1497
vn 0.8825 -0.4660 0.0643
vn 0.4652 -0.8848 0.0274
vn 0.8757 -0.4824 -0.0187
vn 0.3955 -0.9170 -0.0529
vn 0.9148 -0.3937 -0.0901
vn 0.8927 -0.4202 -0.1626
vn 0.4230 -0.8979 -0.1220
vn 0.9098 -0.3462 -0.2288
vn 0.8472 -0.4307 -0.3109
vn 0.3673 -0.9160 -0.1610
vn 0.8256 -0.3921 -0.4058
vn 0.4084 -0.8750 -0.2600
vn 0.8075 -0.3416 -0.4809
vn 0.3279 -0.9069 -0.2645
vn 0.7461 -0.3924 -0.5378
vn 0.6668 -0.4867 -0.5644
vn 0.2867 -0.9077 -0.3065
vn 0.6556 -0.3814 -0.6517
vn 0.7335 -0.0563 -0.6774
vn 0.5818 -0.4168 -0.6984
vn 0.3163 -0.8416 -0.4377
vn 0.5388 -0.3317 -0.7744
vn 0.2036 -0.9196 -0.3358
vn 0.4535 -0.3885 -0.8021
vn 0.1702 -0.8868 -0.4296
vn 0.3934 -0.3643 -0.8441
vn 0.3669 -0.0529 -0.9287
vn 0.2325 -0.4591 -0.8574
vn 0.0785 -0.9426 -0.3245
vn 0.2727 -0.4463 -0.8523
vn 0.1747 -0.4084 -0.8959
vn 0.0690 -0.8287 -0.5555
vn 0.0145 -0.9466 -0.3222
vn 0.0911 -0.2998 -0.9496
vn 0.0072 -0.4601 -0.8878
vn 0.0900 0.8927 0.4415
vn -0.0575 0.8746 0.4815
vn 0.0033 0.8511 0.5250
vn 0.1093 0.4456 0.8885
vn 0.0677 0.3534 0.9330
vn 0.2168 0.3260 0.9202
vn 0.2744 0.4858 0.8299
vn 0.1428 0.9295 0.3401
vn 0.3689 0.4148 0.8318
vn 0.3200 0.7761 0.5434
vn 0.4380 0.3305 0.8360
vn 0.5302 0.2877 0.7976
vn 0.2318 0.9228 0.3079
vn 0.5770 0.3938 0.7155
vn 0.3027 0.9000 0.3137
vn 0.6584 0.3339 0.6745
vn 0.6887 0.4223 0.5894
vn 0.3506 0.8979 0.2663
vn 0.7457 0.4377 0.5024
vn 0.3852 0.8992 0.2075
vn 0.8306 0.3283 0.4499
vn 0.5358 0.8110 0.2348
vn 0.8801 0.3442 0.3271
vn 0.3075 0.9474 0.0885
vn 0.8664 0.4488 0.2191
vn 0.8248 0.5484 0.1375
vn 0.4168 0.9089 0.0088
vn 0.9099 0.4087 0.0712
vn 0.7761 0.6303 -0.0186
vn 0.0652 0.9978 -0.0108
vn 0.9063 0.4034 -0.1262
vn 0.6796 0.7238 -0.1196
vn 0.9939 0.0496 -0.0987
vn 0.9801 0.0737 -0.1842
vn 0.8437 0.4724 -0.2548
vn 0.8018 0.5616 -0.2042
vn 0.3623 0.9220 -0.1366
vn 0.9356 0.0778 -0.3444
vn 0.5191 0.8143 -0.2598
vn 0.7863 0.5065 -0.3539
vn 0.7512 0.5138 -0.4143
vn 0.3389 0.9159 -0.2149
vn 0.7500 0.4013 -0.5259
vn 0.8445 0.1039 -0.5254
vn 0.6814 0.4735 -0.5581
vn 0.3412 0.8796 -0.3314
vn 0.6513 0.3285 -0.6840
vn 0.5817 0.4006 -0.7079
vn 0.2544 0.9048 -0.3415
vn 0.5171 0.3870 -0.7634
vn 0.2194 0.8994 -0.3780
vn 0.4737 0.3249 -0.8186
vn 0.3960 0.4192 -0.8170
vn 0.1654 0.9043 -0.3936
vn 0.3219 0.3820 -0.8663
vn 0.1003 0.9316 -0.3494
vn 0.2502 0.4062 -0.8789
vn 0.1516 0.5023 -0.8513
vn 0.0354 0.9356 -0.3514
vn 0.0650 0.4244 -0.9031
vn 0.0178 0.3848 -0.9228
vn -0.0180 0.8942 -0.4473
vn 0.6212 0.1229 -0.7740
vn 0.6259 -0.0191 -0.7797
vn 0.6967 0.1760 -0.6954
vn 0.7398 0.2740 -0.6145
vn 0.6223 -0.2041 -0.7557
vn 0.7772 0.3419 -0.5282
vn 0.8234 0.2851 -0.4907
vn 0.6643 -0.3011 -0.6842
vn 0.7138 -0.2970 -0.6343
vn 0.8408 0.0035 -0.5414
vn 0.8737 0.3461 -0.3419
vn 0.8416 0.3414 -0.4186
vn 0.9167 0.1669 -0.3629
vn 0.9116 0.0034 -0.4110
vn 0.7638 -0.2801 -0.5816
vn 0.8780 -0.0024 -0.4787
vn 0.7864 -0.2988 -0.5407
vn 0.9210 0.3446 -0.1816
vn 0.9398 0.2761 -0.2012
vn 0.8222 -0.3033 -0.4817
vn 0.9185 0.3951 -0.0154
vn 0.8640 -0.2844 -0.4155
vn 0.9872 0.0055 -0.1596
vn 0.9765 -0.0011 -0.2157
vn 0.9878 0.0031 -0.1555
vn 0.9610 0.2633 0.0844
vn 0.9875 -0.0018 -0.1579
vn 0.7949 -0.4259 -0.4321
vn 0.9200 -0.2490 -0.3026
vn 0.9720 0.2120 0.1011
vn 0.9099 -0.3016 -0.2849
vn 1.0000 0.0050 0.0044
vn 0.9583 0.2268 0.1738
vn 1.0000 -0.0016 -0.0049
vn 1.0000 -0.0027 -0.0014
vn 0.9126 0.2949 0.2832
vn 0.9975 0.0017 0.0711
vn 0.9640 0.1553 0.2157
vn 0.9976 -0.0009 0.0697
vn 0.9594 -0.2443 -0.1411
vn 0.9731 -0.2165 -0.0785
vn 0.9901 0.0041 0.1405
vn 0.9928 0.0018 0.1199
vn 0.9932 -0.0014 0.1164
vn 0.9757 -0.2166 -0.0329
vn 0.9038 0.2352 0.3574
vn 0.9527 -0.2992 -0.0542
vn 0.9769 -0.1970 0.0828
vn 0.8830 0.2355 0.4060
vn 0.8349 0.2749 0.4768
vn 0.9635 -0.2335 0.1310
vn 0.9432 -0.0044 0.3323
vn 0.9434 -0.2027 0.2627
vn 0.9515 -0.2554 0.1715
vn 0.7712 0.2585 0.5818
vn 0.8135 0.2324 0.5331
vn 0.9310 0.0010 0.3650
vn 0.8718 0.0357 0.4885
vn 0.7671 0.2293 0.5992
vn 0.9331 -0.2725 0.2347
vn 0.8961 -0.2221 0.3842
vn 0.7151 0.1415 0.6846
vn 0.6841 0.2616 0.6809
vn 0.8393 0.0015 0.5437
vn 0.8388 -0.1635 0.5193
vn 0.6423 0.1900 0.7425
vn 0.8333 -0.3233 0.4485
vn 0.7362 0.0018 0.6767
vn 0.7214 -0.0350 0.6917
vn 0.7414 0.0022 0.6710
vn 0.6995 -0.0093 0.7146
vn 0.6027 0.1631 0.7812
vn 0.5031 0.2417 0.8298
vn 0.6127 -0.1217 0.7809
vn 0.3478 0.4083 0.8440
vn 0.4888 0.0029 0.8724
vn 0.4860 0.0096 0.8739
vn 0.3705 0.0012 0.9288
vn 0.2804 -0.0012 0.9599
vn 0.2930 -0.0015 0.9561
vn 0.2225 -0.0011 0.9749
vn -0.0219 0.1969 0.9802
vn 0.9167 -0.2528 0.3096
vn 0.8870 -0.2335 0.3983
vn 0.8481 -0.0064 0.5298
vn 0.8133 -0.0048 0.5818
vn 0.7927 -0.2577 0.5525
vn 0.7402 -0.0057 0.6724
vn 0.7150 -0.0046 0.6991
vn 0.7570 -0.3159 0.5721
vn 0.7127 -0.2697 0.6476
vn 0.6576 -0.0447 0.7520
vn 0.6495 -0.5607 0.5136
vn 0.5889 -0.1200 0.7993
vn 0.5779 -0.0047 0.8161
vn 0.5654 -0.0280 0.8243
vn 0.4856 -0.0101 0.8741
vn 0.4917 -0.0407 0.8698
vn 0.4851 -0.0081 0.8744
vn 0.4962 -0.0316 0.8676
vn 0.3631 -0.0056 0.9317
vn 0.4852 0.0037 0.8744
vn 0.6733 0.3058 0.6732
vn 0.8246 0.2463 0.5094
vn 0.9762 0.0014 -0.2169
vn 0.9333 0.3472 -0.0922
vn 0.3143 -0.1722 -0.9336
vn 0.2576 0.1409 -0.9559
vn 0.1995 0.9185 -0.3414
vn 0.1294 0.7578 -0.6395
vn 0.4526 0.5643 -0.6904
vn 0.2744 0.4269 -0.8617
vn 0.2588 -0.4539 -0.8527
vn 0.2668 -0.7075 -0.6544
vn 0.2544 0.5588 0.7893
vn 0.2515 0.5259 0.8125
vn 0.2605 0.5624 0.7848
vn 0.2955 0.5759 0.7622
vn 0.2671 0.6200 0.7377
vn 0.2860 0.6226 0.7284
vn 0.4004 0.6512 0.6447
vn 0.6713 0.5060 0.5416
vn 0.3699 0.7004 0.6105
vn 0.7015 0.5034 0.5045
vn 0.2837 0.8762 0.3896
vn 0.6351 0.7344 0.2393
vn 0.2398 0.8584 0.4536
vn 0.5462 0.6770 -0.4933
vn 0.3060 0.6278 0.7157
vn 0.3286 0.6233 0.7096
vn 0.3447 0.6319 0.6942
vn 0.3140 0.6588 0.6837
vn 0.3740 0.6412 0.6700
vn 0.2718 0.7135 0.6458
vn 0.4936 0.6776 0.5451
vn 0.6895 0.5550 0.4654
vn 0.0605 0.7859 0.6154
vn 0.2792 0.7671 0.5776
vn 0.7192 0.5549 0.4181
vn 0.7751 0.5352 0.3357
vn 0.4150 0.7525 0.5114
vn 0.6176 0.6454 0.4494
vn 0.4990 0.7327 0.4628
vn 0.7904 0.5403 0.2887
vn 0.8514 0.4860 0.1975
vn 0.9227 0.3708 0.1057
vn 0.7664 0.5904 0.2532
vn 0.0727 0.8347 0.5459
vn 0.3446 0.7971 0.4958
vn 0.5430 0.7225 0.4280
vn 0.7728 0.5890 0.2364
vn 0.7596 0.6069 0.2337
vn 0.2430 0.8366 0.4909
vn 0.6097 0.7122 0.3480
vn 0.1734 0.8361 0.5204
vn 0.7045 0.6969 0.1341
vn 0.8264 0.5557 -0.0906
vn 0.6393 0.7614 0.1077
vn 0.5466 0.8314 0.1000
vn 0.6534 0.7570 -0.0046
vn 0.7424 0.6607 -0.1108
vn 0.2047 0.9279 0.3116
vn 0.2404 0.9432 0.2291
vn 0.2705 0.9508 0.1510
vn 0.6368 0.7650 -0.0961
vn 0.3085 0.9496 0.0558
vn 0.5908 0.7537 -0.2881
vn 0.6609 0.7011 -0.2677
vn 0.6910 0.6777 0.2516
vn 0.2760 0.9021 0.3318
vn 0.2401 0.9702 0.0329
vn 0.1903 0.9813 -0.0306
vn 0.5047 0.8000 -0.3244
vn 0.2137 0.9645 -0.1549
vn 0.6753 -0.5374 -0.5051
vn 0.3341 -0.7536 -0.5660
vn 0.3482 -0.7548 -0.5559
vn 0.9051 -0.2275 -0.3593
vn 0.2431 -0.8085 -0.5359
vn 0.2960 -0.7704 -0.5647
vn 0.3205 -0.7618 -0.5629
vn 0.3023 -0.7708 -0.5608
vn 0.6673 -0.5753 -0.4730
vn 0.2203 -0.7905 -0.5714
vn 0.8005 -0.4849 -0.3523
vn 0.1624 -0.8182 -0.5515
vn 0.5542 -0.7871 -0.2709
vn 0.5639 -0.7704 -0.2974
vn 0.0899 -0.8333 -0.5454
vn 0.4333 -0.8416 -0.3223
vn 0.2886 -0.8445 -0.4511
vn 0.6926 -0.7213 -0.0039
vn 0.8425 -0.4557 0.2874
vn 0.7477 -0.5744 0.3332
vn 0.6000 -0.5767 0.5545
vn 0.6331 -0.5692 0.5246
vn 0.6321 -0.7070 0.3171
vn 0.5385 -0.4504 0.7121
vn 0.5249 -0.4255 0.7372
vn 0.5791 -0.6541 -0.4866
vn 0.3054 -0.7695 -0.5609
vn 0.2088 -0.7913 -0.5747
vn 0.7750 -0.5255 -0.3510
vn 0.8597 -0.4920 -0.1373
vn 0.7763 -0.5764 -0.2551
vn 0.8039 -0.5639 -0.1894
vn 0.2927 -0.7891 -0.5401
vn 0.5639 -0.7333 -0.3799
vn 0.1756 -0.7990 -0.5751
vn 0.8147 -0.5687 -0.1129
vn 0.3388 -0.8072 -0.4834
vn 0.6221 -0.7103 -0.3292
vn 0.9288 -0.3343 0.1599
vn 0.7935 -0.6064 -0.0507
vn 0.7983 -0.6022 -0.0022
vn 0.3595 -0.8310 -0.4246
vn 0.7726 -0.6327 0.0524
vn 0.4896 -0.8215 -0.2923
vn 0.6829 -0.7271 0.0705
vn 0.7672 -0.5905 0.2506
vn 0.1184 -0.8644 -0.4887
vn 0.5304 -0.8402 -0.1128
vn 0.5946 -0.8019 0.0577
vn 0.3637 -0.8997 -0.2416
vn 0.6501 -0.4096 0.6401
vn 0.7274 -0.5861 0.3569
vn 0.7506 -0.5621 -0.3475
vn 0.2941 -0.7759 -0.5581
vn 0.7687 -0.5652 -0.2995
vn 0.2177 -0.7941 -0.5675
vn 0.6404 -0.6658 -0.3830
vn 0.7425 -0.6316 -0.2230
vn 0.5688 -0.7501 -0.3375
vn 0.5365 -0.7697 -0.3461
vn 0.7633 -0.6356 -0.1158
vn 0.4208 -0.8584 -0.2934
vn 0.3334 -0.9164 -0.2215
vn 0.5812 -0.8055 0.1154
vn 0.6637 -0.6812 0.3089
vn 0.2268 0.5960 0.7703
vn 0.8062 -0.5073 -0.3044
vn 0.9477 -0.1835 -0.2611
vn 0.9411 0.3312 -0.0683
vn 1.0000 -0.0015 -0.0021
vn 0.5760 -0.7728 -0.2667
vn 1.0000 0.0018 0.0008
vn 1.0000 0.0018 0.0011
vn 0.9366 -0.3020 -0.1778
vn 1.0000 -0.0004 -0.0003
vn 0.8186 -0.4995 -0.2835
vn 0.9426 0.2647 0.2037
vn 0.1459 0.7840 0.6034
vn 0.0603 -0.6530 -0.7550
vn 0.0511 -0.7762 -0.6284
vn 0.0638 -0.5858 -0.8079
vn 0.0674 -0.5443 -0.8362
vn 0.0527 0.8832 -0.4661
vn 0.0413 0.9016 -0.4305
vn 0.0324 0.9654 -0.2589
vn 0.0353 0.9569 -0.2884
vn 0.0502 0.8861 -0.4608
vn 0.0436 0.9310 -0.3624
vn 0.0200 -0.9535 -0.3006
vn 0.0789 -0.4893 -0.8685
vn 0.0807 -0.3379 -0.9377
vn 0.0710 -0.5328 -0.8432
vn 0.0588 -0.6105 -0.7899
vn 0.0505 -0.5258 -0.8491
vn 0.0678 -0.4763 -0.8767
vn 0.0660 -0.2518 -0.9655
vn 0.0729 -0.2609 -0.9626
vn 0.0140 0.9713 -0.2374
vn 0.0110 0.9804 -0.1969
vn 0.0008 0.9998 0.0207
vn 0.0047 0.9995 -0.0297
vn 0.0091 0.9973 -0.0726
vn -0.0004 0.9925 -0.1226
vn 0.0629 -0.3605 -0.9306
vn 0.0655 -0.1956 -0.9785
vn 0.0509 -0.3331 -0.9415
vn 0.0346 -0.3080 -0.9508
vn 0.0580 -0.2823 -0.9576
vn 0.0439 -0.3427 -0.9384
vn 0.0496 -0.2656 -0.9628
vn -0.0092 0.5835 -0.8121
vn 0.0274 -0.4460 -0.8946
vn -0.0282 0.9822 -0.1856
vn -0.0463 0.7913 0.6097
vn -0.0195 0.8324 -0.5538
vn 0.0318 -0.2119 -0.9768
vn 0.0283 -0.1942 -0.9805
vn 0.0258 -0.2459 -0.9690
vn 0.0143 -0.2825 -0.9592
vn -0.0558 0.8789 0.4737
vn 0.0304 -0.4520 -0.8915
vn 0.0146 -0.3584 -0.9335
vn -0.0547 0.9443 -0.3245
vn -0.0546 0.9418 -0.3317
vn 0.0071 -0.3274 -0.9449
vn -0.0628 0.9036 -0.4237
vn -0.0585 0.8898 -0.4526
vn -0.0824 0.9343 -0.3469
vn -0.0690 0.9892 -0.1294
vn 0.0246 -0.4488 -0.8933
vn 0.0103 -0.3361 -0.9418
vn 0.0358 -0.5621 -0.8263
vn 0.0198 -0.4553 -0.8901
vn 0.0337 -0.5657 -0.8239
vn 0.0022 -0.2707 -0.9627
vn -0.0657 0.6495 -0.7575
vn -0.1066 0.8500 -0.5159
vn -0.0909 0.8653 -0.4929
vn -0.0825 0.8952 -0.4380
vn -0.0876 0.9751 -0.2035
vn 0.0907 -0.7616 0.6417
vn -0.0913 0.9608 -0.2619
vn -0.0930 0.8955 -0.4353
vn -0.0957 0.8976 -0.4302
vn -0.0912 0.9840 -0.1530
vn -0.0911 0.9836 -0.1558
vn -0.0842 0.9676 -0.2379
vn 0.0074 -0.5060 -0.8625
vn 0.0111 -0.5131 -0.8582
vn 0.0172 -0.6174 -0.7865
vn 0.0051 -0.5198 -0.8543
vn -0.0546 -0.2800 -0.9584
vn 0.0041 -0.5108 -0.8597
vn 0.0120 -0.6271 -0.7788
vn -0.0750 0.9337 -0.3501
vn -0.0053 -0.4352 -0.9003
vn -0.0077 -0.5092 -0.8606
vn 0.0106 -0.6003 -0.7997
vn 0.0210 -0.7223 -0.6913
vn -0.0344 0.8796 0.4744
vn -0.0665 0.9754 -0.2102
vn -0.0676 0.9449 -0.3204
vn -0.0677 0.9372 -0.3420
vn -0.0754 0.8304 -0.5521
vn -0.0002 -0.4581 -0.8889
vn -0.0148 -0.2440 -0.9697
vn -0.0031 -0.3616 -0.9323
vn 0.0220 -0.7187 -0.6950
vn 0.0270 -0.5455 -0.8377
vn 0.0021 -0.5910 -0.8067
vn -0.0257 0.7594 0.6501
vn -0.0538 0.9396 -0.3381
vn 0.0304 -0.8075 -0.5891
vn 0.0300 -0.8026 -0.5957
vn 0.0277 -0.7740 -0.6326
vn 0.0272 -0.7678 -0.6401
vn 0.0242 -0.7245 -0.6888
vn -0.0417 0.8564 -0.5146
vn -0.0427 0.7471 -0.6633
vn -0.0422 0.8655 -0.4991
vn -0.0419 0.9178 -0.3948
vn -0.0263 0.7903 -0.6122
vn 0.0224 -0.6248 -0.7804
vn 0.0140 -0.6203 -0.7842
vn 0.0282 -0.7568 -0.6530
vn 0.0248 -0.5942 -0.8039
vn 0.0234 -0.5834 -0.8118
vn -0.0338 0.9680 -0.2485
vn -0.0315 0.8332 0.5520
vn -0.0297 0.9107 -0.4121
vn 0.0320 -0.8192 -0.5726
vn 0.0290 -0.6932 -0.7202
vn 0.0310 -0.7857 -0.6178
vn -0.0211 0.9791 -0.2021
vn -0.0237 0.9982 -0.0543
vn 0.0323 -0.7775 -0.6281
vn 0.0384 -0.7897 -0.6123
vn 0.0323 -0.7824 -0.6219
vn 0.0318 -0.8286 -0.5589
vn 0.0305 -0.6886 -0.7245
vn 0.0410 -0.7369 -0.6748
vn 0.0329 -0.7547 -0.6552
vn -0.0307 0.8585 0.5119
vn -0.0006 0.9043 -0.4269
vn -0.0011 0.9083 -0.4183
vn 0.0318 -0.8428 -0.5373
vn 0.0292 -0.6801 -0.7325
vn 0.0343 -0.7750 -0.6310
vn 0.0342 -0.7766 -0.6290
vn 0.0324 -0.8273 -0.5609
vn 0.0335 -0.7749 -0.6312
vn -0.0047 0.9976 -0.0694
vn 0.0054 0.9542 -0.2992
vn 0.0382 0.7180 -0.6950
vn 0.0387 0.6552 -0.7544
vn 0.0296 0.7930 -0.6085
vn 0.0232 0.8668 -0.4981
vn 0.0355 -0.7801 -0.6246
vn 0.0322 -0.8375 -0.5455
vn 0.0467 -0.5143 -0.8564
vn 0.0411 -0.6897 -0.7229
vn 0.0450 -0.5968 -0.8011
vn 0.0346 -0.8132 -0.5810
vn -0.0274 0.8833 0.4680
vn 0.0243 0.9229 -0.3842
vn -0.0252 0.8973 0.4407
vn 0.0415 -0.7748 -0.6309
vn 0.0308 -0.8629 -0.5044
vn 0.0563 -0.6953 -0.7165
vn 0.0461 -0.7572 -0.6516
vn 0.0520 -0.6745 -0.7364
vn 0.0439 -0.7742 -0.6314
vn 0.0388 -0.8209 -0.5697
vn 0.0467 -0.7701 -0.6363
vn 0.0381 -0.8247 -0.5643
vn 0.0304 -0.8645 -0.5017
vn 0.0616 -0.7178 -0.6935
vn 0.0393 -0.8165 -0.5760
vn 0.0351 -0.8453 -0.5332
vn 0.0276 -0.8799 -0.4743
vn 0.0734 -0.6224 -0.7792
vn 0.0839 -0.5853 -0.8064
vn 0.0675 -0.6698 -0.7395
vn 0.0369 -0.8406 -0.5404
vn 0.0421 -0.8268 -0.5609
vn 0.0521 -0.7803 -0.6233
vn 0.0411 -0.8310 -0.5547
vn 0.0317 -0.8663 -0.4985
vn 0.0513 -0.7458 -0.6642
vn 0.0882 -0.6464 -0.7579
vn 0.0378 -0.8473 -0.5298
vn 0.0657 -0.7351 -0.6748
vn 0.1033 -0.5707 -0.8146
vn 0.1025 -0.6262 -0.7729
vn 0.0305 -0.8755 -0.4823
vn 0.0490 -0.8144 -0.5783
vn 0.1084 -0.5912 -0.7992
vn 0.1132 -0.4663 -0.8774
vn 0.0771 -0.6999 -0.7100
vn 0.1614 0.7231 -0.6716
vn 0.1651 0.7254 -0.6683
vn 0.1389 0.8660 -0.4804
vn 0.1159 0.9396 -0.3220
vn 0.0599 0.9975 0.0372
vn 0.0484 -0.8266 -0.5608
vn 0.1381 -0.4351 -0.8897
vn 0.1030 -0.6152 -0.7816
vn 0.0335 0.9850 0.1690
vn 0.1346 0.9112 -0.3892
vn 0.1928 0.7905 -0.5813
vn 0.1464 0.9000 -0.4106
vn 0.1765 0.7985 -0.5755
vn 0.1733 0.7900 -0.5881
vn 0.1741 0.7471 -0.6415
vn 0.0792 -0.7361 -0.6723
vn 0.0792 -0.7363 -0.6720
vn 0.1316 -0.5070 -0.8519
vn 0.1424 -0.5137 -0.8461
vn 0.1307 -0.5418 -0.8303
vn 0.0674 -0.7802 -0.6219
vn 0.0826 -0.6568 -0.7496
vn 0.0709 -0.7796 -0.6223
vn 0.1879 0.7749 -0.6035
vn 0.1889 0.8039 -0.5639
vn 0.1724 0.8256 -0.5373
vn 0.1459 0.9186 -0.3673
vn 0.0788 0.9969 0.0067
vn 0.1483 0.9307 -0.3345
vn 0.1263 0.9629 -0.2383
vn 0.0565 0.9929 0.1045
vn 0.1775 0.8741 -0.4522
vn 0.0400 -0.8598 -0.5091
vn 0.1153 -0.6344 -0.7644
vn 0.1220 -0.5945 -0.7948
vn 0.0511 -0.8317 -0.5528
vn 0.0969 -0.7052 -0.7024
vn 0.1423 -0.5552 -0.8194
vn 0.1255 -0.6095 -0.7828
vn 0.0991 -0.7277 -0.6787
vn 0.0544 -0.8295 -0.5558
vn 0.0908 -0.7451 -0.6607
vn 0.0439 -0.8589 -0.5103
vn 0.0804 -0.7691 -0.6341
vn 0.0665 -0.8135 -0.5777
vn 0.1638 -0.5011 -0.8498
vn 0.1693 -0.5001 -0.8493
vn 0.1537 -0.5820 -0.7985
vn 0.1902 -0.4527 -0.8711
vn 0.2643 0.9012 -0.3436
vn 0.2618 0.8693 -0.4192
vn 0.1761 0.9789 -0.1033
vn 0.3138 0.7654 -0.5619
vn 0.2754 0.8558 -0.4379
vn 0.2788 0.6988 -0.6587
vn 0.3483 0.7334 -0.5838
vn 0.2932 0.8586 -0.4205
vn 0.2022 0.9713 -0.1255
vn 0.3417 0.7815 -0.5221
vn 0.2982 0.8696 -0.3935
vn 0.1735 -0.6946 -0.6982
vn 0.2556 -0.5159 -0.8176
vn 0.2139 -0.6069 -0.7654
vn 0.0917 -0.8201 -0.5648
vn 0.1230 -0.7946 -0.5946
vn 0.0874 -0.8254 -0.5577
vn 0.2534 -0.5650 -0.7852
vn 0.1698 -0.6998 -0.6939
vn 0.3487 0.8525 -0.3893
vn 0.3985 0.7725 -0.4944
vn 0.3791 0.8555 -0.3526
vn 0.1653 -0.7409 -0.6510
vn 0.0629 -0.8596 -0.5071
vn 0.1914 -0.6790 -0.7088
vn 0.2246 -0.6568 -0.7199
vn 0.2583 -0.6155 -0.7446
vn 0.9192 0.2656 -0.2907
vn 0.8689 0.3126 -0.3837
vn 0.7327 0.6785 -0.0522
vn 0.0816 0.3986 -0.9135
vn 0.0408 0.8405 -0.5403
vn 0.0593 0.6977 -0.7140
vn 0.0222 0.9561 -0.2922
vn 0.0689 -0.5178 -0.8527
vn 0.0637 -0.6404 -0.7654
vn 0.0673 -0.5365 -0.8412
vn 0.0559 0.8932 -0.4461
vn 0.0668 0.8236 -0.5632
vn 0.0490 0.9134 -0.4041
vn 0.0354 0.9619 -0.2711
vn 0.0356 0.9601 -0.2774
vn 0.0140 0.9992 -0.0370
vn 0.0257 0.9855 -0.1680
vn 0.0177 0.9975 -0.0690
vn 0.0193 0.9823 -0.1864
vn 0.0521 0.8450 -0.5321
vn 0.0463 0.8521 -0.5213
vn 0.0767 -0.1156 -0.9903
vn 0.0646 -0.1881 -0.9800
vn 0.0675 -0.0969 -0.9930
vn 0.0612 -0.1326 -0.9893
vn 0.0154 0.9409 -0.3383
vn 0.0131 0.9251 -0.3794
vn 0.0605 -0.2584 -0.9641
vn 0.0072 0.9252 -0.3795
vn 0.0092 0.9161 -0.4009
vn 0.0128 0.8912 -0.4535
vn 0.0027 0.9574 -0.2888
vn -0.0215 0.9998 -0.0022
vn 0.0069 0.9188 -0.3947
vn -0.0217 0.9998 0.0049
vn 0.0449 -0.2677 -0.9625
vn 0.0390 -0.1571 -0.9868
vn -0.0327 0.9949 0.0959
vn -0.0364 0.9886 -0.1459
vn -0.0422 0.9888 0.1431
vn 0.0252 -0.0089 -0.9996
vn 0.0267 -0.1428 -0.9894
vn 0.0327 0.1609 -0.9864
vn 0.0328 -0.0296 -0.9990
vn -0.0212 0.6341 -0.7729
vn -0.0404 0.9629 -0.2669
vn 0.0237 -0.2407 -0.9703
vn 0.0211 -0.2934 -0.9558
vn -0.0555 0.9956 -0.0752
vn -0.0470 0.9296 -0.3655
vn -0.0420 0.9330 -0.3575
vn -0.0402 0.9387 -0.3424
vn -0.0649 0.9978 -0.0123
vn -0.0555 0.9690 -0.2408
vn 0.0262 -0.2872 -0.9575
vn -0.0728 0.9493 -0.3058
vn -0.0604 0.9055 -0.4200
vn -0.0633 0.9980 -0.0000
vn -0.0632 0.9980 0.0008
vn -0.0028 0.0441 -0.9990
vn 0.0127 -0.1666 -0.9860
vn -0.0561 0.6800 -0.7310
vn -0.0663 0.8357 -0.5451
vn 0.0213 -0.3342 -0.9423
vn 0.0172 -0.3330 -0.9428
vn -0.0476 0.7213 -0.6910
vn -0.0610 0.8953 -0.4412
vn -0.0024 -0.2248 -0.9744
vn -0.0730 0.8726 -0.4830
vn -0.0742 0.8838 -0.4620
vn -0.0699 0.8301 -0.5533
vn -0.0668 0.9068 -0.4163
vn -0.0778 0.9246 -0.3730
vn -0.0776 0.9063 -0.4155
vn -0.0549 0.7356 -0.6752
vn -0.0727 0.8052 -0.5886
vn -0.0728 0.8059 -0.5876
vn -0.0890 0.9114 -0.4018
vn -0.0836 0.9112 -0.4033
vn -0.0983 0.9297 -0.3549
vn -0.0946 0.8320 -0.5466
vn -0.0912 0.9804 -0.1748
vn -0.0916 0.9820 -0.1653
vn -0.1028 0.8359 -0.5392
vn -0.0987 0.8712 -0.4809
vn -0.0977 0.7943 -0.5997
vn -0.0988 0.7473 -0.6571
vn -0.0884 0.8190 -0.5669
vn -0.0049 -0.4677 -0.8839
vn 0.0051 -0.5391 -0.8422
vn -0.0133 -0.4120 -0.9111
vn -0.0885 0.7074 -0.7012
vn -0.1012 0.7891 -0.6059
vn 0.0099 -0.6157 -0.7879
vn -0.0047 -0.4754 -0.8797
vn -0.0055 -0.4136 -0.9105
vn -0.0153 -0.3815 -0.9242
vn -0.0066 -0.4587 -0.8886
vn -0.0922 0.7211 -0.6866
vn -0.0865 0.6309 -0.7710
vn -0.0809 0.5738 -0.8150
vn -0.0876 0.9825 -0.1644
vn -0.0925 0.9117 -0.4003
vn -0.0920 0.9115 -0.4008
vn 0.0064 -0.5992 -0.8006
vn -0.0169 -0.3535 -0.9353
vn 0.0092 -0.6208 -0.7839
vn 0.0173 -0.6906 -0.7230
vn -0.0019 -0.4877 -0.8730
vn -0.0129 -0.4629 -0.8863
vn -0.0737 0.9121 -0.4033
vn -0.0705 0.6675 -0.7412
vn -0.0764 0.9350 -0.3463
vn 0.0122 -0.5394 -0.8419
vn 0.0019 -0.4394 -0.8983
vn -0.0781 0.7427 -0.6650
vn -0.0669 0.8084 -0.5848
vn -0.0609 0.6744 -0.7359
vn -0.0404 0.7001 -0.7129
vn -0.0686 0.7895 -0.6099
vn -0.0680 0.7912 -0.6078
vn -0.0669 0.9079 -0.4138
vn -0.0076 -0.3437 -0.9390
vn 0.0014 -0.3265 -0.9452
vn -0.0038 -0.3293 -0.9442
vn 0.0207 -0.6872 -0.7262
vn -0.0537 0.8290 -0.5567
vn -0.0543 0.9302 -0.3630
vn 0.0025 -0.4467 -0.8947
vn 0.0163 -0.5922 -0.8057
vn 0.0065 -0.4548 -0.8906
vn 0.0070 -0.4589 -0.8885
vn -0.0522 0.7734 -0.6318
vn -0.0337 0.4807 -0.8762
vn -0.0522 0.4695 -0.8814
vn -0.0484 0.6339 -0.7719
vn -0.0506 0.9073 -0.4175
vn 0.0166 -0.5965 -0.8024
vn 0.0194 -0.6176 -0.7863
vn 0.0257 -0.7529 -0.6576
vn -0.0443 0.8436 -0.5351
vn -0.0376 0.6992 -0.7139
vn -0.0542 0.8336 -0.5497
vn 0.0179 -0.5550 -0.8316
vn 0.0161 -0.4868 -0.8733
vn 0.0294 -0.7456 -0.6657
vn -0.0192 0.9437 -0.3303
vn -0.0120 0.8186 -0.5743
vn 0.0289 -0.6838 -0.7291
vn 0.0189 -0.4991 -0.8663
vn 0.0314 -0.5953 -0.8029
vn 0.0313 -0.5843 -0.8109
vn 0.0325 -0.8120 -0.5828
vn 0.0312 -0.5835 -0.8115
vn 0.0344 -0.7186 -0.6946
vn 0.0361 -0.6617 -0.7489
vn 0.0365 -0.5756 -0.8169
vn 0.0359 -0.6648 -0.7462
vn 0.0317 -0.5166 -0.8556
vn 0.0315 -0.5595 -0.8282
vn 0.0107 0.7980 -0.6026
vn 0.0394 -0.6385 -0.7686
vn 0.0377 -0.6343 -0.7722
vn 0.0097 0.9101 -0.4143
vn 0.0088 0.9179 -0.3966
vn 0.0354 -0.7843 -0.6194
vn 0.0354 -0.7822 -0.6221
vn 0.0398 -0.4520 -0.8911
vn 0.0493 -0.5260 -0.8491
vn 0.0410 -0.6420 -0.7656
vn 0.0367 0.3063 -0.9512
vn 0.0385 0.4429 -0.8957
vn 0.0286 0.4967 -0.8674
vn 0.0266 0.6837 -0.7293
vn 0.0411 -0.6385 -0.7685
vn 0.0499 -0.3023 -0.9519
vn 0.0439 -0.4989 -0.8656
vn 0.0418 -0.3398 -0.9396
vn 0.0442 0.5024 -0.8635
vn 0.0334 0.6421 -0.7659
vn 0.0327 0.6473 -0.7615
vn 0.0244 0.8032 -0.5953
vn 0.0241 0.8057 -0.5919
vn 0.0443 0.6311 -0.7745
vn 0.0309 0.7260 -0.6870
vn 0.0365 0.6519 -0.7575
vn 0.0448 -0.5728 -0.8184
vn 0.0391 -0.7301 -0.6822
vn 0.0386 -0.7391 -0.6725
vn 0.0330 -0.8374 -0.5456
vn 0.0419 -0.7274 -0.6850
vn 0.0454 -0.6938 -0.7188
vn 0.0410 -0.7144 -0.6985
vn 0.0278 0.9023 -0.4303
vn 0.0254 0.8988 -0.4376
vn 0.0458 0.5240 -0.8505
vn 0.0472 0.6789 -0.7328
vn 0.0432 0.6377 -0.7691
vn 0.0414 0.7547 -0.6548
vn 0.0295 0.8878 -0.4593
vn 0.0563 0.7069 -0.7051
vn 0.0649 0.6185 -0.7831
vn 0.0587 0.7259 -0.6853
vn 0.0432 0.8521 -0.5216
vn 0.0210 0.9887 -0.1482
vn 0.0378 0.9093 -0.4145
vn 0.0415 -0.7759 -0.6295
vn 0.0412 -0.7775 -0.6276
vn 0.0378 -0.7128 -0.7003
vn 0.0445 0.9184 -0.3931
vn 0.0622 0.7868 -0.6141
vn 0.0802 0.6232 -0.7779
vn 0.0566 0.8205 -0.5689
vn 0.0697 -0.6016 -0.7958
vn 0.0642 -0.4506 -0.8904
vn 0.0555 -0.6221 -0.7810
vn 0.0531 -0.6332 -0.7721
vn 0.0463 -0.7352 -0.6762
vn 0.0580 0.8308 -0.5535
vn 0.0568 0.8448 -0.5321
vn 0.0656 0.7964 -0.6012
vn 0.0657 0.7607 -0.6457
vn 0.0660 0.7070 -0.7041
vn 0.0872 -0.4668 -0.8801
vn 0.0592 -0.6799 -0.7309
vn 0.0587 -0.6843 -0.7269
vn 0.0484 -0.7584 -0.6500
vn 0.0770 -0.5339 -0.8420
vn 0.0866 -0.3991 -0.9128
vn 0.0746 -0.5266 -0.8468
vn 0.0604 -0.6578 -0.7507
vn 0.1054 0.7105 -0.6958
vn 0.0923 0.7929 -0.6024
vn 0.0861 0.7805 -0.6192
vn 0.0729 -0.5857 -0.8072
vn 0.0911 -0.3950 -0.9141
vn 0.1071 -0.4093 -0.9061
vn 0.0646 -0.6799 -0.7305
vn 0.0651 -0.6567 -0.7513
vn 0.0563 -0.7487 -0.6605
vn 0.0270 0.9969 0.0740
vn 0.0711 0.9360 -0.3446
vn 0.0820 0.8893 -0.4498
vn 0.0978 0.8021 -0.5891
vn 0.0799 -0.5900 -0.8034
vn 0.0712 -0.6618 -0.7463
vn 0.0748 -0.6399 -0.7648
vn 0.0558 -0.7609 -0.6465
vn 0.0536 -0.7731 -0.6320
vn 0.0807 -0.4171 -0.9053
vn 0.1010 -0.5082 -0.8553
vn 0.0714 -0.6798 -0.7299
vn -0.0230 0.9068 0.4209
vn 0.0780 0.9395 -0.3334
vn 0.1055 0.8461 -0.5224
vn 0.0944 0.9096 -0.4045
vn 0.1083 0.8322 -0.5439
vn 0.1047 -0.4081 -0.9069
vn 0.0922 -0.5833 -0.8070
vn 0.0829 -0.6146 -0.7845
vn 0.1043 -0.4241 -0.8996
vn 0.1080 -0.2994 -0.9480
vn 0.1094 -0.3985 -0.9106
vn 0.1177 -0.3972 -0.9101
vn 0.1333 0.7197 -0.6814
vn 0.1242 0.7683 -0.6279
vn 0.0727 -0.6973 -0.7131
vn 0.0717 -0.6976 -0.7129
vn 0.1235 -0.3438 -0.9309
vn 0.0944 -0.5936 -0.7992
vn 0.0650 -0.7311 -0.6791
vn 0.0998 -0.5577 -0.8240
vn 0.0484 0.9987 0.0149
vn 0.0961 0.9421 -0.3212
vn 0.0375 0.9954 0.0886
vn 0.1165 -0.3399 -0.9332
vn 0.1203 -0.5008 -0.8572
vn 0.1217 0.8930 -0.4332
vn 0.0999 0.9545 -0.2808
vn 0.1399 0.8539 -0.5013
vn 0.1504 0.7658 -0.6253
vn 0.1474 0.7229 -0.6750
vn 0.1056 -0.6187 -0.7785
vn 0.1423 -0.4014 -0.9048
vn 0.1638 0.7118 -0.6830
vn 0.1805 0.5872 -0.7891
vn 0.1781 0.6374 -0.7497
vn 0.1452 -0.3180 -0.9369
vn 0.1435 -0.4020 -0.9043
vn 0.1338 -0.4717 -0.8715
vn 0.1626 0.8213 -0.5468
vn 0.1345 0.9114 -0.3890
vn 0.1260 -0.5166 -0.8469
vn 0.1464 -0.4591 -0.8762
vn 0.1350 -0.4170 -0.8988
vn 0.1306 -0.5369 -0.8335
vn 0.1311 -0.5516 -0.8237
vn 0.1459 -0.4590 -0.8764
vn 0.1720 0.8561 -0.4874
vn 0.1964 0.7398 -0.6435
vn 0.2035 -0.1813 -0.9621
vn 0.1378 -0.5491 -0.8243
vn 0.2101 0.6798 -0.7027
vn 0.2062 0.6654 -0.7175
vn 0.1322 -0.6002 -0.7888
vn 0.2094 0.7381 -0.6414
vn 0.1984 0.8060 -0.5578
vn 0.1182 0.9881 -0.0985
vn 0.1482 -0.5481 -0.8232
vn 0.1659 0.9232 -0.3468
vn 0.0906 0.9958 0.0090
vn 0.2060 0.8774 -0.4334
vn 0.1700 -0.4947 -0.8523
vn 0.1962 -0.3674 -0.9091
vn 0.2135 0.8559 -0.4709
vn 0.2099 0.8695 -0.4470
vn 0.0567 0.9789 0.1964
vn 0.2408 0.8132 -0.5298
vn 0.1898 0.9324 -0.3075
vn 0.2572 0.7709 -0.5828
vn 0.2520 0.7486 -0.6133
vn 0.2062 0.8984 -0.3877
vn 0.0944 -0.7547 -0.6492
vn 0.0429 -0.8659 -0.4985
vn 0.2739 0.7489 -0.6035
vn 0.2099 0.9263 -0.3128
vn 0.1341 0.9900 -0.0449
vn 0.1999 0.9401 -0.2760
vn 0.2496 0.8415 -0.4791
vn 0.1284 0.9917 -0.0121
vn 0.1266 0.9919 -0.0068
vn 0.1228 -0.7084 -0.6951
vn 0.1881 -0.5197 -0.8334
vn 0.1333 -0.7088 -0.6927
vn 0.0592 -0.8398 -0.5396
vn 0.2727 0.8399 -0.4693
vn 0.0640 -0.8411 -0.5371
vn 0.2009 -0.5217 -0.8291
vn 0.1583 -0.6481 -0.7449
vn 0.1063 -0.7861 -0.6089
vn 0.0470 -0.8618 -0.5050
vn 0.3209 0.8661 -0.3833
vn 0.3135 0.8591 -0.4045
vn 0.3214 0.8675 -0.3797
vn 0.1583 -0.6881 -0.7081
vn -0.0340 -0.9475 -0.3180
vn 0.3907 0.7308 -0.5597
vn 0.3569 0.8040 -0.4755
vn 0.3579 0.8660 -0.3493
vn 0.3714 -0.3515 -0.8593
vn 0.3250 0.9255 -0.1946
vn 0.3703 0.8699 -0.3259
vn 0.2747 0.9595 -0.0630
vn 0.4356 0.8263 -0.3570
vn 0.2839 0.9588 -0.0139
vn 0.4739 0.7801 -0.4085
vn 0.2573 -0.6519 -0.7133
vn 0.0787 -0.8525 -0.5168
vn 0.0922 -0.8348 -0.5427
vn 0.3594 0.9288 -0.0908
vn 0.4399 0.8516 -0.2851
vn 0.6217 0.1780 -0.7627
vn 0.5320 -0.1258 -0.8373
vn 0.6099 0.2616 -0.7481
vn 0.4792 0.8392 -0.2571
vn 0.4885 0.8472 -0.2090
vn 0.0600 -0.8706 -0.4883
vn 0.2708 -0.6755 -0.6858
vn 0.7098 0.5112 -0.4846
vn 0.6986 0.3300 -0.6349
vn 0.5858 0.7552 -0.2941
vn 0.2753 -0.7324 -0.6227
vn 0.1315 -0.8338 -0.5362
vn 0.4832 -0.4418 -0.7558
vn 0.5284 -0.4603 -0.7134
vn 0.6212 0.7502 -0.2265
vn 0.3967 0.9178 0.0141
vn 0.5587 0.8259 -0.0751
vn 0.1151 -0.8549 -0.5059
vn 0.7682 0.5969 -0.2313
vn 0.8060 0.4031 -0.4335
vn 0.5246 0.8509 0.0282
vn 0.7689 -0.1488 -0.6218
vn 0.7641 -0.0715 -0.6411
vn 0.5136 -0.5500 -0.6585
vn 0.5666 -0.5517 -0.6120
vn 0.1282 -0.8845 -0.4485
vn 0.5338 -0.6538 -0.5363
vn 0.0779 -0.2222 -0.9719
vn 0.0785 -0.1005 -0.9918
vn 0.0277 -0.2281 -0.9733
vn 0.0797 -0.3170 -0.9451
vn 0.0867 -0.4468 -0.8904
vn 0.0218 0.9638 -0.2657
vn 0.0512 0.8902 -0.4527
vn 0.0508 0.8442 -0.5337
vn 0.0359 0.9605 -0.2758
vn 0.0580 -0.6436 -0.7631
vn 0.0585 -0.6424 -0.7641
vn 0.0732 -0.5595 -0.8256
vn 0.0579 -0.6408 -0.7655
vn -0.0383 0.8544 0.5182
vn 0.0699 -0.5750 -0.8152
vn 0.0487 0.8891 -0.4551
vn 0.0775 -0.3059 -0.9489
vn 0.0572 0.7224 -0.6891
vn 0.0196 0.9700 -0.2422
vn 0.0182 0.8766 -0.4808
vn 0.0172 0.7828 -0.6221
vn 0.0384 0.7088 -0.7044
vn 0.0052 0.8998 -0.4364
vn 0.0092 0.8955 -0.4449
vn 0.0026 0.9523 -0.3050
vn -0.0089 0.9001 -0.4355
vn -0.0261 0.9871 -0.1582
vn -0.0269 0.9996 -0.0054
vn -0.0381 0.9983 -0.0451
vn -0.0184 0.8646 -0.5022
vn -0.0234 0.8433 -0.5370
vn -0.0120 0.8367 -0.5476
vn 0.0133 0.4320 -0.9018
vn -0.0016 0.6632 -0.7484
vn -0.0155 0.7084 -0.7057
vn -0.0276 0.8504 -0.5255
vn -0.0303 0.8474 -0.5301
vn -0.0465 0.9064 -0.4199
vn -0.0302 0.8789 -0.4760
vn -0.0337 0.9203 -0.3899
vn -0.0246 0.8149 -0.5791
vn -0.0533 0.9029 -0.4265
vn -0.0599 0.8787 -0.4737
vn -0.0279 0.2422 -0.9698
vn -0.0126 0.0305 -0.9995
vn -0.0280 0.3633 -0.9313
vn -0.0580 0.8702 -0.4893
vn -0.0588 0.8677 -0.4936
vn -0.0399 0.5740 -0.8179
vn -0.0250 0.4680 -0.8834
vn -0.0727 0.9208 -0.3832
vn -0.0602 0.9042 -0.4228
vn 0.0584 -0.6747 -0.7358
vn -0.0392 -0.1427 -0.9890
vn 0.0283 -0.5802 -0.8140
vn 0.0422 -0.6576 -0.7522
vn 0.0411 -0.5086 -0.8600
vn 0.0051 -0.3832 -0.9237
vn -0.0111 -0.3080 -0.9513
vn -0.0063 -0.2298 -0.9732
vn -0.0525 0.8214 0.5679
vn 0.0273 -0.6113 -0.7909
vn -0.0977 0.9596 -0.2637
vn -0.0833 0.7440 -0.6630
vn -0.0922 0.7693 -0.6321
vn -0.1005 0.8090 -0.5792
vn -0.0118 -0.2645 -0.9643
vn -0.0406 -0.1451 -0.9886
vn -0.0401 -0.0152 -0.9991
vn -0.0874 0.6750 -0.7326
vn -0.0933 0.9049 -0.4154
vn -0.0947 0.9760 -0.1962
vn -0.0037 -0.3342 -0.9425
vn -0.0275 -0.2391 -0.9706
vn -0.1103 0.7876 -0.6062
vn -0.1013 0.7944 -0.5989
vn -0.0294 -0.2578 -0.9658
vn -0.0174 -0.4228 -0.9060
vn 0.0036 -0.5464 -0.8375
vn 0.0016 -0.5457 -0.8380
vn -0.0020 -0.4988 -0.8667
vn -0.0027 -0.4712 -0.8820
vn 0.0019 -0.4696 -0.8829
vn -0.0298 -0.2188 -0.9753
vn -0.0777 0.3854 -0.9195
vn -0.0922 0.8808 -0.4645
vn -0.0924 0.7788 -0.6205
vn -0.0896 0.8528 -0.5145
vn -0.0930 0.5407 -0.8361
vn -0.0834 0.8398 -0.5365
vn -0.0877 0.6720 -0.7354
vn -0.0818 0.6488 -0.7565
vn -0.0761 0.9546 -0.2879
vn -0.0717 0.9882 0.1354
vn -0.0581 0.9434 0.3266
vn 0.0154 0.3614 0.9323
vn -0.0839 0.8110 -0.5790
vn -0.0650 0.6285 -0.7751
vn -0.0740 0.7197 -0.6903
vn -0.0633 0.5715 -0.8182
vn -0.0187 -0.1930 -0.9810
vn -0.0339 -0.0477 -0.9983
vn -0.0608 0.5002 -0.8637
vn -0.0472 0.3147 -0.9480
vn -0.0593 0.8698 -0.4898
vn -0.0620 0.7495 -0.6591
vn -0.0651 0.6967 -0.7144
vn -0.0427 0.2578 -0.9653
vn -0.0470 0.5595 -0.8275
vn -0.0446 0.5186 -0.8538
vn -0.0499 0.5061 -0.8610
vn -0.0246 0.4337 -0.9007
vn -0.0382 0.4020 -0.9149
vn -0.0457 0.4544 -0.8896
vn -0.0365 0.6002 -0.7990
vn -0.0367 0.6012 -0.7983
vn -0.0346 0.5839 -0.8111
vn -0.0321 0.6292 -0.7766
vn 0.0164 -0.5203 -0.8539
vn -0.0315 0.5985 -0.8005
vn -0.0294 0.5972 -0.8016
vn 0.0127 -0.4136 -0.9104
vn -0.0349 0.9193 -0.3921
vn -0.0346 0.9250 -0.3783
vn -0.0338 0.7216 -0.6915
vn -0.0271 0.6763 -0.7361
vn -0.0308 0.7542 -0.6559
vn -0.0183 0.6273 -0.7786
vn -0.0271 0.7946 -0.6065
vn -0.0166 0.5897 -0.8075
vn -0.0130 0.5473 -0.8369
vn -0.0185 0.6272 -0.7787
vn -0.0116 0.7832 -0.6217
vn 0.0007 0.6520 -0.7582
vn -0.0194 0.6218 -0.7829
vn 0.0246 -0.5096 -0.8601
vn 0.0302 -0.6687 -0.7429
vn 0.0171 -0.5645 -0.8253
vn 0.0305 -0.5704 -0.8208
vn 0.0319 -0.4948 -0.8684
vn 0.0358 -0.4248 -0.9046
vn 0.0019 0.3732 -0.9278
vn 0.0009 0.5445 -0.8388
vn 0.0060 0.5208 -0.8537
vn -0.0025 0.6684 -0.7438
vn -0.0025 0.6720 -0.7405
vn 0.0072 0.5849 -0.8111
vn 0.0282 -0.3620 -0.9317
vn 0.0253 -0.1725 -0.9847
vn 0.0282 -0.3613 -0.9320
vn 0.0287 -0.2244 -0.9741
vn 0.0227 -0.1967 -0.9802
vn 0.0248 -0.1580 -0.9871
vn 0.0282 -0.3610 -0.9321
vn 0.0187 -0.1644 -0.9862
vn 0.0277 -0.3530 -0.9352
vn -0.0037 0.7947 -0.6070
vn 0.0118 0.4066 -0.9135
vn 0.0109 0.7325 -0.6807
vn 0.0050 0.6325 -0.7746
vn -0.0011 0.6951 -0.7189
vn -0.0013 0.6842 -0.7293
vn -0.0016 0.7967 -0.6044
vn -0.0053 0.8797 -0.4754
vn -0.0035 0.7646 -0.6445
vn 0.0021 0.7418 -0.6706
vn -0.0015 0.8131 -0.5822
vn 0.0086 0.7140 -0.7001
vn -0.0006 0.8596 -0.5110
vn 0.0078 0.5765 -0.8171
vn 0.0241 0.6491 -0.7603
vn 0.0091 0.7458 -0.6661
vn 0.0289 0.5671 -0.8232
vn 0.0262 0.4929 -0.8697
vn 0.0176 0.7607 -0.6489
vn 0.0110 0.7839 -0.6208
vn 0.0094 0.4957 -0.8684
vn 0.0431 -0.5318 -0.8458
vn 0.0430 -0.2623 -0.9640
vn 0.0421 -0.3903 -0.9197
vn 0.0354 0.5034 -0.8633
vn 0.0423 -0.5661 -0.8232
vn 0.0335 0.4798 -0.8767
vn 0.0311 0.6362 -0.7709
vn 0.0443 0.5702 -0.8203
vn 0.0542 -0.4760 -0.8778
vn 0.0456 -0.5384 -0.8415
vn 0.0462 -0.5353 -0.8434
vn 0.0501 -0.3901 -0.9194
vn 0.0539 -0.3466 -0.9365
vn 0.0486 -0.4032 -0.9138
vn 0.0456 -0.6546 -0.7546
vn 0.0503 -0.4889 -0.8709
vn 0.0282 0.8670 -0.4975
vn 0.0282 0.8730 -0.4868
vn 0.0417 0.6923 -0.7204
vn 0.0404 0.7218 -0.6909
vn 0.0276 0.7573 -0.6524
vn 0.0730 0.6657 -0.7427
vn 0.0410 0.5485 -0.8351
vn 0.0393 0.8236 -0.5658
vn 0.0546 0.5176 -0.8539
vn 0.0516 0.7671 -0.6395
vn 0.0577 0.5918 -0.8040
vn 0.0426 0.8621 -0.5049
vn 0.0325 -0.8432 -0.5366
vn 0.0301 -0.8548 -0.5181
vn 0.0323 -0.8450 -0.5338
vn 0.0298 -0.8632 -0.5040
vn 0.0225 -0.5439 -0.8389
vn 0.0466 -0.5894 -0.8065
vn 0.0381 -0.7931 -0.6079
vn 0.0332 -0.8351 -0.5491
vn 0.0614 0.3111 -0.9484
vn 0.0636 0.5520 -0.8314
vn 0.0722 0.3845 -0.9203
vn -0.0273 0.8245 0.5652
vn 0.0557 0.4309 -0.9007
vn 0.0619 0.5359 -0.8420
vn 0.0839 0.4909 -0.8672
vn 0.0676 0.3043 -0.9502
vn 0.0719 0.5507 -0.8316
vn 0.0509 -0.6737 -0.7373
vn 0.0478 -0.6880 -0.7242
vn 0.0484 -0.6786 -0.7329
vn 0.0418 -0.7604 -0.6481
vn 0.0627 -0.6118 -0.7885
vn 0.0623 -0.6374 -0.7680
vn 0.0736 -0.4813 -0.8735
vn 0.0611 -0.6290 -0.7750
vn 0.0586 -0.5527 -0.8313
vn 0.0633 -0.5498 -0.8329
vn 0.0879 -0.3812 -0.9203
vn 0.0865 -0.3294 -0.9402
vn 0.1007 -0.3558 -0.9291
vn -0.0071 0.9585 0.2851
vn 0.0058 0.9882 0.1528
vn 0.0556 0.9590 -0.2778
vn 0.0695 0.9017 -0.4268
vn 0.0811 0.8574 -0.5082
vn 0.0814 0.8631 -0.4985
vn 0.1138 0.5311 -0.8397
vn 0.1044 0.7273 -0.6784
vn 0.0938 0.8215 -0.5624
vn 0.1107 0.6993 -0.7062
vn 0.1074 0.5866 -0.8027
vn 0.1112 0.6065 -0.7873
vn 0.1034 0.8077 -0.5805
vn 0.1034 0.8032 -0.5867
vn 0.0936 0.8681 -0.4874
vn 0.0932 0.8716 -0.4813
vn 0.1176 0.6709 -0.7321
vn 0.1118 0.7425 -0.6604
vn 0.1656 0.5297 -0.8319
vn 0.1277 0.5216 -0.8436
vn 0.1256 0.5513 -0.8248
vn 0.0646 -0.6583 -0.7500
vn 0.0556 -0.7598 -0.6478
vn 0.0898 -0.5143 -0.8529
vn 0.1345 -0.3817 -0.9144
vn 0.1018 0.8314 -0.5462
vn 0.1242 0.6559 -0.7446
vn 0.1045 0.4967 -0.8616
vn 0.0786 0.9379 -0.3378
vn 0.1105 0.8313 -0.5447
vn 0.1045 -0.3694 -0.9234
vn 0.1270 0.7672 -0.6288
vn 0.1459 0.5210 -0.8410
vn 0.1536 0.6354 -0.7568
vn 0.1334 0.7098 -0.6916
vn 0.1384 0.6890 -0.7114
vn 0.1379 0.5759 -0.8058
vn 0.1474 0.6268 -0.7651
vn 0.1554 0.5635 -0.8114
vn 0.1342 0.7507 -0.6468
vn 0.1317 0.7883 -0.6010
vn 0.1087 0.9049 -0.4116
vn 0.1323 0.7835 -0.6072
vn 0.1465 0.7093 -0.6896
vn 0.1485 0.6561 -0.7399
vn 0.1425 0.7718 -0.6197
vn 0.1508 0.6390 -0.7543
vn 0.1589 0.6052 -0.7800
vn 0.1891 0.5924 -0.7831
vn 0.1867 0.6145 -0.7665
vn 0.1882 -0.2120 -0.9590
vn 0.1828 -0.1704 -0.9683
vn 0.2231 0.2155 -0.9507
vn 0.1971 0.8042 -0.5607
vn 0.2064 0.8238 -0.5280
vn 0.2303 0.6925 -0.6836
vn 0.2446 -0.0571 -0.9679
vn 0.2553 0.0185 -0.9667
vn 0.2786 0.3142 -0.9076
vn 0.2250 -0.2361 -0.9453
vn 0.2325 0.8147 -0.5312
vn 0.1875 -0.5138 -0.8372
vn 0.2200 -0.3619 -0.9059
vn 0.2334 -0.2605 -0.9368
vn 0.1803 -0.5367 -0.8243
vn 0.1301 -0.6811 -0.7206
vn 0.1600 -0.6158 -0.7714
vn 0.3305 0.2321 -0.9148
vn 0.2901 -0.1632 -0.9430
vn 0.3188 0.0771 -0.9447
vn 0.2430 -0.3547 -0.9029
vn 0.2075 -0.5254 -0.8252
vn 0.2135 -0.4563 -0.8638
vn 0.2586 -0.3475 -0.9013
vn 0.2113 -0.5132 -0.8318
vn 0.2262 -0.5123 -0.8285
vn 0.3650 0.5393 -0.7589
vn 0.3631 0.2188 -0.9057
vn 0.3432 0.6691 -0.6592
vn 0.3104 -0.2395 -0.9199
vn 0.3140 -0.1861 -0.9310
vn 0.3778 0.1710 -0.9100
vn 0.1972 -0.5936 -0.7802
vn 0.3231 0.7881 -0.5239
vn 0.3774 0.5790 -0.7227
vn 0.3626 0.6250 -0.6913
vn 0.1954 -0.6049 -0.7720
vn 0.2706 -0.4295 -0.8616
vn 0.4227 0.4750 -0.7718
vn 0.4073 0.4581 -0.7901
vn 0.3724 0.7454 -0.5529
vn 0.4070 0.0960 -0.9084
vn 0.4186 0.5400 -0.7302
vn 0.2892 -0.4252 -0.8576
vn 0.3139 -0.3481 -0.8833
vn 0.3620 -0.2023 -0.9100
vn 0.2294 -0.6056 -0.7620
vn 0.3712 -0.2707 -0.8882
vn 0.3374 -0.3135 -0.8876
vn 0.4132 0.7042 -0.5774
vn 0.3983 0.6897 -0.6047
vn 0.4651 0.5023 -0.7290
vn 0.4827 0.3322 -0.8104
vn 0.4721 0.2433 -0.8473
vn 0.3873 0.8102 -0.4399
vn 0.3771 -0.2539 -0.8907
vn 0.4535 0.6913 -0.5625
vn 0.3939 0.8297 -0.3955
vn 0.4235 -0.1153 -0.8986
vn 0.3104 -0.4668 -0.8281
vn 0.5003 0.2402 -0.8319
vn 0.4646 0.7134 -0.5246
vn 0.4334 -0.2129 -0.8757
vn 0.5451 0.4764 -0.6899
vn 0.4838 0.6837 -0.5464
vn 0.3566 -0.4626 -0.8117
vn 0.5343 0.3243 -0.7806
vn 0.5110 -0.0166 -0.8594
vn 0.4679 -0.2156 -0.8571
vn 0.5683 0.2093 -0.7958
vn 0.3132 -0.5846 -0.7484
vn 0.4679 -0.2469 -0.8486
vn 0.5795 0.2011 -0.7897
vn 0.4881 -0.3147 -0.8141
vn 0.3636 -0.5201 -0.7728
vn 0.6147 0.5957 -0.5170
vn 0.5932 0.5857 -0.5523
vn 0.5327 -0.2635 -0.8042
vn 0.6612 0.1598 -0.7330
vn 0.6388 0.5946 -0.4883
vn 0.3188 -0.6295 -0.7086
vn 0.3868 -0.5624 -0.7308
vn 0.6501 -0.1137 -0.7513
vn 0.7257 0.1367 -0.6743
vn 0.7725 0.2968 -0.5614
vn 0.6811 -0.2205 -0.6982
vn 0.7682 -0.3705 -0.5222
vn 0.8569 -0.0678 -0.5110
vn 0.8955 -0.0586 -0.4412
vn -0.0109 -0.9181 -0.3961
vn 0.0655 0.4453 -0.8930
vn 0.0701 0.5147 -0.8545
vn 0.0664 0.1896 -0.9796
vn 0.0733 0.1891 -0.9792
vn 0.0624 -0.2708 -0.9606
vn 0.0755 0.3327 -0.9400
vn 0.0834 -0.1140 -0.9900
vn 0.0784 -0.0994 -0.9920
vn 0.0772 0.3119 -0.9470
vn 0.0557 0.6763 -0.7345
vn 0.0796 0.3087 -0.9478
vn 0.0746 0.2990 -0.9513
vn 0.0735 0.4458 -0.8921
vn 0.0674 0.6287 -0.7747
vn 0.0763 0.2994 -0.9511
vn 0.0478 0.8169 -0.5747
vn 0.0853 0.1234 -0.9887
vn 0.0801 -0.3410 -0.9366
vn 0.0521 -0.7547 -0.6540
vn 0.0305 -0.8889 -0.4572
vn 0.0668 -0.6043 -0.7939
vn 0.0513 -0.7692 -0.6369
vn 0.0800 -0.3735 -0.9242
vn 0.0320 0.9269 -0.3739
vn 0.0620 0.7817 -0.6205
vn 0.0442 0.8726 -0.4864
vn 0.0815 0.6974 -0.7120
vn 0.0720 -0.4920 -0.8676
vn 0.0809 -0.1177 -0.9898
vn 0.0620 0.6799 -0.7306
vn 0.0388 0.7376 -0.6741
vn 0.0560 0.7993 -0.5983
vn 0.0722 -0.4392 -0.8955
vn 0.0757 -0.3413 -0.9369
vn 0.0831 -0.1926 -0.9777
vn 0.0690 -0.5807 -0.8112
vn 0.0101 0.9975 -0.0702
vn 0.0069 0.9997 -0.0245
vn 0.0757 0.8008 -0.5941
vn 0.0301 0.9706 -0.2387
vn 0.0915 -0.2467 -0.9648
vn 0.0698 -0.4837 -0.8725
vn 0.0839 -0.2886 -0.9538
vn 0.0920 -0.3339 -0.9381
vn 0.0811 -0.3839 -0.9198
vn 0.0898 -0.3964 -0.9137
vn 0.0719 -0.5247 -0.8483
vn 0.0705 -0.5637 -0.8230
vn 0.0892 0.0618 -0.9941
vn 0.0889 -0.1996 -0.9758
vn 0.0942 0.1719 -0.9806
vn 0.0868 -0.1239 -0.9885
vn 0.0897 -0.1805 -0.9795
vn 0.0973 -0.0389 -0.9945
vn 0.0805 -0.2864 -0.9547
vn 0.0613 0.7828 -0.6193
vn 0.0843 -0.1513 -0.9849
vn 0.0888 -0.1121 -0.9897
vn 0.0758 0.5866 -0.8063
vn 0.0879 0.3836 -0.9193
vn 0.0678 0.7335 -0.6763
vn 0.1021 0.5156 -0.8507
vn 0.0908 0.3476 -0.9332
vn 0.0792 -0.3027 -0.9498
vn 0.0837 -0.3291 -0.9406
vn 0.0648 -0.6201 -0.7818
vn 0.0825 -0.0907 -0.9925
vn 0.0682 0.3599 -0.9305
vn 0.0953 0.4035 -0.9100
vn 0.0525 0.8491 -0.5257
vn 0.0470 0.9429 -0.3297
vn 0.0830 -0.1153 -0.9899
vn 0.0601 -0.1803 -0.9818
vn 0.0626 0.7637 -0.6425
vn 0.0529 0.8095 -0.5848
vn 0.0808 -0.4794 -0.8739
vn 0.0722 -0.2843 -0.9560
vn 0.0587 -0.4758 -0.8776
vn 0.0715 0.5965 -0.7994
vn 0.0612 0.6178 -0.7839
vn 0.0915 -0.0216 -0.9956
vn 0.0678 0.2393 -0.9686
vn 0.0616 0.6497 -0.7577
vn 0.0835 0.0764 -0.9936
vn 0.0643 -0.1211 -0.9906
vn 0.0441 0.5592 -0.8278
vn 0.0935 0.1325 -0.9868
vn 0.0595 0.4574 -0.8873
vn 0.0781 0.7035 -0.7064
vn 0.0620 0.7179 -0.6934
vn 0.0529 0.8241 -0.5640
vn 0.0773 0.1638 -0.9835
vn 0.0434 0.3211 -0.9460
vn -0.0344 0.5228 -0.8518
vn 0.0142 0.9639 -0.2657
vn 0.0412 0.8007 -0.5976
vn 0.0340 0.8012 -0.5974
vn 0.0554 0.5141 -0.8559
vn 0.0457 0.6098 -0.7913
vn 0.0686 0.0650 -0.9955
vn 0.0489 0.6016 -0.7973
vn 0.0391 0.7964 -0.6035
vn 0.0527 0.3382 -0.9396
vn 0.0589 0.3537 -0.9335
vn 0.0395 0.6733 -0.7383
vn 0.0613 0.1363 -0.9888
vn 0.0595 -0.0525 -0.9968
vn 0.0643 -0.0653 -0.9958
vn 0.0437 -0.1164 -0.9922
vn 0.0001 0.8635 -0.5043
vn 0.0167 0.7242 -0.6894
vn 0.0283 0.1171 -0.9927
vn 0.0487 0.0088 -0.9988
vn 0.0297 0.8126 -0.5820
vn 0.0012 0.8418 -0.5398
vn 0.0293 0.7918 -0.6100
vn 0.0174 0.5850 -0.8109
vn 0.0374 -0.1065 -0.9936
vn 0.0202 0.4129 -0.9105
vn 0.0313 0.1988 -0.9795
vn 0.0089 0.4776 -0.8785
vn 0.0411 -0.0454 -0.9981
vn -0.0109 0.8093 -0.5874
vn 0.0017 0.6121 -0.7908
vn 0.0073 0.4156 -0.9095
vn -0.0328 0.8402 -0.5414
vn -0.0498 0.9333 -0.3556
vn -0.0048 0.4508 -0.8926
vn 0.0353 0.0436 -0.9984
vn 0.0356 0.0396 -0.9986
vn 0.0069 0.1067 -0.9943
vn 0.0244 0.1587 -0.9870
vn 0.0144 0.2942 -0.9556
vn 0.0163 0.2122 -0.9771
vn 0.0217 -0.2323 -0.9724
vn -0.0447 0.9429 -0.3300
vn 0.0015 0.0537 -0.9986
vn 0.0237 0.1149 -0.9931
vn 0.0025 0.2416 -0.9704
vn -0.0440 0.8173 -0.5746
vn 0.0032 0.0315 -0.9995
vn 0.0080 0.1085 -0.9941
vn -0.0453 0.9257 -0.3754
vn -0.0010 0.1708 -0.9853
vn -0.0222 0.3384 -0.9407
vn -0.0270 0.4348 -0.9001
vn -0.0379 0.5905 -0.8062
vn -0.0405 0.7977 -0.6017
vn -0.0252 0.4600 -0.8875
vn -0.0042 0.1065 -0.9943
vn -0.0238 0.2826 -0.9589
vn 0.0134 -0.3069 -0.9516
vn -0.0021 -0.1161 -0.9932
vn 0.0151 -0.3124 -0.9498
vn -0.0430 0.4079 -0.9120
vn -0.0026 -0.0617 -0.9981
vn -0.0323 0.4121 -0.9105
vn -0.0298 0.2756 -0.9608
vn -0.0063 -0.0153 -0.9999
vn -0.0615 0.5981 -0.7991
vn -0.0168 0.0472 -0.9987
vn 0.0264 -0.4427 -0.8963
vn -0.0666 0.6654 -0.7435
vn -0.0573 0.6325 -0.7724
vn -0.0007 -0.1883 -0.9821
vn 0.0111 -0.3497 -0.9368
vn 0.0465 -0.6123 -0.7892
vn -0.0012 -0.3684 -0.9297
vn -0.0143 -0.0881 -0.9960
vn 0.0195 -0.4764 -0.8790
vn -0.0131 0.0699 -0.9975
vn -0.0442 0.1764 -0.9833
vn 0.0333 -0.6420 -0.7660
vn 0.0137 -0.4334 -0.9011
vn 0.0292 -0.6237 -0.7811
vn -0.0865 0.8633 -0.4972
vn -0.0823 0.7015 -0.7079
vn -0.0521 0.3073 -0.9502
vn -0.0530 0.5674 -0.8218
vn -0.0748 0.4798 -0.8742
vn -0.0680 0.6045 -0.7937
vn -0.0550 0.3883 -0.9199
vn -0.0662 0.4007 -0.9138
vn -0.0286 -0.0547 -0.9981
vn -0.0157 -0.1748 -0.9845
vn -0.0198 -0.1376 -0.9903
vn 0.0186 -0.5147 -0.8572
vn 0.0048 -0.3810 -0.9246
vn -0.0732 0.6206 -0.7807
vn -0.0835 0.6088 -0.7889
vn -0.0711 0.3623 -0.9293
vn -0.1002 0.9264 -0.3629
vn 0.0233 -0.5967 -0.8021
vn -0.0176 -0.2681 -0.9632
vn -0.0071 -0.2079 -0.9781
vn 0.0013 -0.3561 -0.9344
vn 0.0060 -0.5038 -0.8638
vn -0.0114 -0.3638 -0.9314
vn -0.0119 -0.1523 -0.9883
vn -0.0904 0.7900 -0.6065
vn -0.0308 -0.0655 -0.9974
vn -0.0260 0.0694 -0.9972
vn -0.0994 0.4718 -0.8761
vn -0.0707 0.5124 -0.8558
vn -0.0567 0.3528 -0.9340
vn -0.0886 0.5286 -0.8442
vn -0.0675 0.3114 -0.9479
vn -0.0598 0.3158 -0.9469
vn -0.0899 0.6556 -0.7498
vn -0.0428 -0.1317 -0.9904
vn -0.0358 -0.1394 -0.9896
vn -0.0906 0.7663 -0.6360
vn -0.0590 0.3013 -0.9517
vn -0.0180 -0.2424 -0.9700
vn -0.0590 0.2856 -0.9565
vn -0.0816 0.3442 -0.9353
vn -0.0475 0.1483 -0.9878
vn -0.0690 0.9490 0.3077
vn -0.0698 0.9535 0.2933
vn 0.0099 -0.5271 -0.8498
vn 0.0198 -0.4999 -0.8659
vn 0.0176 -0.6211 -0.7835
vn 0.0177 -0.5737 -0.8189
vn -0.0012 -0.2681 -0.9634
vn -0.0508 0.0778 -0.9957
vn -0.0726 0.2965 -0.9523
vn -0.1129 0.3100 -0.9440
vn -0.0681 0.3121 -0.9476
vn -0.0275 -0.3415 -0.9395
vn -0.0765 -0.2187 -0.9728
vn -0.0486 0.0286 -0.9984
vn -0.0792 0.2623 -0.9617
vn -0.0963 0.5659 -0.8188
vn -0.0545 0.3266 -0.9436
vn -0.0811 0.5310 -0.8435
vn -0.0885 0.5599 -0.8238
vn -0.0190 -0.2785 -0.9602
vn -0.0564 0.0185 -0.9982
vn -0.0399 -0.0507 -0.9979
vn -0.0638 0.1209 -0.9906
vn -0.0453 -0.0606 -0.9971
vn -0.0855 0.3656 -0.9268
vn -0.0911 0.5712 -0.8158
vn -0.0825 0.5215 -0.8492
vn -0.0570 0.1496 -0.9871
vn -0.0072 -0.4024 -0.9155
vn -0.0884 0.6906 -0.7178
vn -0.0277 -0.2796 -0.9597
vn -0.0344 -0.0327 -0.9989
vn -0.0924 0.6388 -0.7638
vn -0.0966 0.7783 -0.6205
vn -0.0251 -0.2888 -0.9571
vn -0.0879 0.5266 -0.8456
vn -0.0407 0.4988 -0.8658
vn -0.0514 0.0316 -0.9982
vn -0.0620 0.1733 -0.9829
vn -0.0501 0.4106 -0.9104
vn -0.0847 0.6200 -0.7800
vn -0.0856 0.6286 -0.7730
vn -0.0343 -0.1609 -0.9864
vn -0.0285 -0.1563 -0.9873
vn -0.0260 -0.2758 -0.9609
vn -0.0303 -0.2130 -0.9766
vn -0.0113 -0.3770 -0.9262
vn -0.0854 0.7985 -0.5959
vn -0.0784 0.7831 -0.6169
vn -0.0799 0.8257 -0.5585
vn -0.0881 0.8426 -0.5313
vn -0.0843 0.9294 -0.3593
vn -0.0905 0.7560 -0.6483
vn -0.0234 -0.2406 -0.9703
vn -0.0807 0.7813 -0.6189
vn -0.0750 0.7941 -0.6032
vn -0.0859 0.7099 -0.6991
vn -0.0797 0.4326 -0.8981
vn -0.0510 0.6464 -0.7613
vn -0.0728 0.6447 -0.7609
vn -0.0803 0.7750 -0.6268
vn -0.0871 0.7601 -0.6439
vn -0.0808 0.7991 -0.5958
vn -0.0010 -0.4928 -0.8701
vn -0.0158 -0.3438 -0.9389
vn -0.0045 -0.4501 -0.8929
vn -0.0250 -0.1946 -0.9806
vn -0.0124 -0.1923 -0.9812
vn 0.0097 -0.5452 -0.8382
vn -0.0580 0.1642 -0.9847
vn -0.0508 0.1527 -0.9870
vn -0.0604 0.7081 -0.7035
vn -0.0539 0.3424 -0.9380
vn -0.0515 0.5975 -0.8002
vn -0.0157 -0.1784 -0.9838
vn -0.0530 0.4593 -0.8867
vn -0.0666 0.4486 -0.8913
vn -0.0031 -0.4990 -0.8666
vn 0.0003 -0.4698 -0.8828
vn -0.0632 0.8615 -0.5039
vn -0.0628 0.8621 -0.5028
vn -0.0189 -0.1461 -0.9891
vn -0.0234 0.2067 -0.9781
vn -0.0340 0.1289 -0.9911
vn -0.0211 0.2147 -0.9764
vn -0.0179 -0.0327 -0.9993
vn -0.0049 -0.2968 -0.9549
vn -0.0340 0.4010 -0.9154
vn -0.0081 -0.0941 -0.9955
vn -0.0215 -0.1362 -0.9904
vn -0.0130 0.0091 -0.9999
vn -0.0220 0.1758 -0.9842
vn 0.0025 -0.3341 -0.9425
vn -0.0040 -0.1901 -0.9818
vn 0.0023 -0.3447 -0.9387
vn 0.0037 -0.3726 -0.9280
vn -0.0418 0.5598 -0.8275
vn -0.0230 0.5093 -0.8603
vn 0.0097 -0.4064 -0.9136
vn 0.0046 -0.3637 -0.9315
vn -0.0029 -0.1512 -0.9885
vn 0.0092 -0.1141 -0.9934
vn -0.0062 0.1400 -0.9901
vn -0.0181 0.3126 -0.9497
vn -0.0159 0.2712 -0.9624
vn -0.0125 0.2178 -0.9759
vn -0.0330 0.6473 -0.7615
vn 0.0024 -0.2292 -0.9734
vn -0.0234 0.5612 -0.8273
vn 0.0129 -0.2290 -0.9733
vn -0.0054 0.2455 -0.9694
vn -0.0160 0.5900 -0.8072
vn 0.0058 -0.2460 -0.9693
vn -0.0174 0.1261 -0.9919
vn 0.0036 -0.1193 -0.9929
vn 0.0039 -0.0916 -0.9958
vn 0.0208 -0.5687 -0.8223
vn 0.0229 -0.5347 -0.8447
vn -0.0061 0.4659 -0.8848
vn -0.0302 0.7411 -0.6708
vn -0.0227 0.8258 -0.5636
vn -0.0212 0.7301 -0.6830
vn -0.0078 0.6014 -0.7989
vn 0.0263 -0.6485 -0.7607
vn 0.0283 -0.5449 -0.8380
vn 0.0257 -0.5604 -0.8279
vn 0.0242 -0.3860 -0.9222
vn 0.0156 -0.3932 -0.9193
vn 0.0238 -0.4044 -0.9143
vn 0.0149 -0.0552 -0.9984
vn 0.0232 -0.3254 -0.9453
vn 0.0140 0.1096 -0.9939
vn 0.0157 0.3956 -0.9183
vn 0.0298 0.1596 -0.9867
vn 0.0160 0.5104 -0.8598
vn 0.0095 0.4383 -0.8988
vn 0.0095 0.5041 -0.8636
vn 0.0336 -0.4257 -0.9042
vn 0.0229 -0.0599 -0.9979
vn 0.0391 -0.3406 -0.9394
vn 0.0211 0.0015 -0.9998
vn 0.0174 -0.1152 -0.9932
vn 0.0277 0.1744 -0.9843
vn 0.0153 0.5389 -0.8423
vn 0.0340 0.0349 -0.9988
vn 0.0282 0.1661 -0.9857
vn 0.0106 0.5543 -0.8322
vn 0.0308 -0.5653 -0.8243
vn 0.0070 0.6609 -0.7504
vn 0.0285 0.3333 -0.9424
vn 0.0358 -0.1002 -0.9943
vn 0.0251 0.3107 -0.9502
vn 0.0390 -0.1684 -0.9849
vn 0.0124 0.6208 -0.7839
vn 0.0026 0.4260 -0.9047
vn 0.0082 0.6575 -0.7534
vn 0.0132 0.7019 -0.7121
vn 0.0220 0.5653 -0.8246
vn 0.0272 0.4267 -0.9040
vn 0.0337 0.1994 -0.9793
vn 0.0342 -0.7312 -0.6813
vn 0.0354 -0.7292 -0.6833
vn 0.0226 0.6218 -0.7828
vn 0.0428 -0.4068 -0.9125
vn 0.0391 -0.2640 -0.9637
vn 0.0329 0.4843 -0.8743
vn 0.0369 0.0384 -0.9986
vn 0.0231 -0.3157 -0.9486
vn 0.0493 -0.3421 -0.9384
vn 0.0427 0.0685 -0.9967
vn 0.0545 0.0486 -0.9973
vn 0.0539 -0.0760 -0.9957
vn 0.0474 -0.3495 -0.9357
vn 0.0454 -0.4779 -0.8773
vn 0.0475 0.0047 -0.9989
vn 0.0321 -0.0086 -0.9994
vn 0.0501 -0.2050 -0.9775
vn 0.0356 0.4498 -0.8924
vn 0.0398 0.2504 -0.9673
vn 0.0342 0.6926 -0.7205
vn 0.0419 0.5742 -0.8177
vn 0.0534 -0.1754 -0.9830
vn 0.0482 -0.5210 -0.8522
vn 0.0502 -0.5283 -0.8476
vn 0.0473 0.5399 -0.8404
vn 0.0448 0.5620 -0.8259
vn 0.0448 0.6632 -0.7471
vn 0.0613 0.5129 -0.8563
vn 0.0427 -0.7224 -0.6901
vn 0.0574 0.5271 -0.8478
vn 0.0572 -0.3389 -0.9391
vn 0.0498 -0.5524 -0.8321
vn 0.0560 -0.3757 -0.9250
vn 0.0503 0.5846 -0.8097
vn 0.0699 -0.3443 -0.9363
vn 0.0767 -0.3884 -0.9183
vn 0.0657 -0.4684 -0.8810
vn 0.0431 -0.7363 -0.6753
vn 0.0451 -0.7053 -0.7075
vn 0.0464 -0.7018 -0.7108
vn 0.0510 -0.6466 -0.7611
vn 0.0599 -0.4585 -0.8867
vn 0.0572 -0.5699 -0.8197
vn 0.0558 -0.4072 -0.9116
vn 0.0739 0.2945 -0.9528
vn 0.0841 0.2300 -0.9696
vn 0.0527 -0.5954 -0.8017
vn 0.0591 -0.4678 -0.8819
vn 0.0638 0.5158 -0.8543
vn 0.0605 0.5183 -0.8531
vn 0.0720 0.5287 -0.8458
vn 0.0671 -0.4871 -0.8708
vn 0.0611 -0.5626 -0.8245
vn 0.0647 -0.6050 -0.7936
vn 0.0695 0.4675 -0.8813
vn 0.0821 -0.0743 -0.9938
vn 0.0800 0.3167 -0.9451
vn 0.0601 -0.5225 -0.8505
vn 0.0676 0.6458 -0.7605
vn 0.0589 0.7927 -0.6067
vn 0.0566 0.7986 -0.5992
vn 0.0635 0.7388 -0.6710
vn 0.0567 0.8834 -0.4651
vn 0.0796 -0.2213 -0.9720
vn 0.0560 -0.6246 -0.7789
vn 0.0870 0.3982 -0.9132
vn 0.0923 0.3407 -0.9356
vn 0.0876 -0.1138 -0.9896
vn 0.0637 -0.3188 -0.9457
vn 0.0669 -0.5031 -0.8617
vn 0.0615 -0.6135 -0.7873
vn 0.0783 0.6461 -0.7592
vn 0.1005 0.1906 -0.9765
vn 0.0783 0.3073 -0.9484
vn 0.0736 0.3045 -0.9497
vn 0.0759 0.3060 -0.9490
vn 0.0892 -0.2712 -0.9584
vn 0.0875 0.6230 -0.7773
vn 0.0571 0.8651 -0.4984
vn 0.0653 0.8290 -0.5554
vn 0.0654 0.8278 -0.5571
vn 0.0494 0.9275 -0.3706
vn 0.0762 -0.2375 -0.9684
vn 0.0956 -0.0510 -0.9941
vn 0.0880 -0.0723 -0.9935
vn 0.0826 0.3862 -0.9187
vn 0.0523 -0.6629 -0.7469
vn 0.0590 -0.5635 -0.8240
vn 0.0493 -0.7267 -0.6852
vn 0.0516 -0.7063 -0.7060
vn 0.0727 -0.5291 -0.8454
vn 0.0631 -0.6611 -0.7476
vn 0.0841 0.7166 -0.6924
vn 0.0770 0.7468 -0.6606
vn 0.0765 0.7486 -0.6586
vn 0.0733 -0.3239 -0.9432
vn 0.0864 -0.1186 -0.9892
vn 0.0842 -0.3607 -0.9289
vn 0.0839 0.6594 -0.7471
vn 0.0833 0.7031 -0.7062
vn 0.0702 -0.4957 -0.8657
vn 0.0713 -0.5434 -0.8364
vn 0.0738 -0.5476 -0.8334
vn 0.0597 0.9060 -0.4190
vn 0.0319 0.9936 -0.1085
vn 0.0869 0.7412 -0.6656
vn 0.0803 0.8171 -0.5708
vn 0.0871 0.6663 -0.7406
vn 0.0747 0.7628 -0.6423
vn 0.1064 0.6591 -0.7445
vn 0.0895 0.7188 -0.6894
vn 0.1044 0.6586 -0.7452
vn 0.0900 0.7394 -0.6672
vn 0.1028 0.6687 -0.7364
vn 0.1140 0.5354 -0.8368
vn 0.1110 0.4522 -0.8850
vn 0.1174 0.5673 -0.8151
vn 0.1137 0.1673 -0.9793
vn 0.1250 -0.0672 -0.9899
vn 0.1207 0.0922 -0.9884
vn 0.0994 -0.2419 -0.9652
vn 0.1124 0.4971 -0.8604
vn 0.1120 0.0219 -0.9935
vn 0.1209 0.5405 -0.8326
vn 0.1246 0.4563 -0.8811
vn 0.1087 -0.3187 -0.9416
vn 0.1035 -0.3146 -0.9436
vn 0.1131 -0.1878 -0.9757
vn 0.0966 -0.2304 -0.9683
vn 0.0798 -0.5657 -0.8208
vn 0.1359 0.3729 -0.9179
vn 0.1042 0.8587 -0.5017
vn 0.1213 0.7717 -0.6243
vn 0.1254 -0.2706 -0.9545
vn 0.1212 -0.0417 -0.9918
vn 0.1465 0.4028 -0.9035
vn 0.1056 -0.4913 -0.8645
vn 0.1377 0.0511 -0.9892
vn 0.1405 -0.0781 -0.9870
vn 0.1371 0.2253 -0.9646
vn 0.1398 -0.0372 -0.9895
vn 0.1300 0.5115 -0.8494
vn 0.1294 0.5090 -0.8510
vn 0.1485 -0.1019 -0.9836
vn 0.1769 0.1224 -0.9766
vn 0.1416 -0.1370 -0.9804
vn 0.1551 -0.0738 -0.9851
vn 0.0994 -0.5158 -0.8509
vn 0.1494 0.6071 -0.7804
vn 0.1529 0.6242 -0.7661
vn 0.1403 0.7395 -0.6583
vn 0.1560 0.5672 -0.8086
vn 0.1583 0.6663 -0.7287
vn 0.1483 0.6846 -0.7136
vn 0.1368 -0.2968 -0.9451
vn 0.1466 -0.3493 -0.9255
vn 0.1397 -0.5102 -0.8487
vn 0.1582 0.0846 -0.9838
vn 0.1527 -0.1414 -0.9781
vn 0.1461 -0.0879 -0.9854
vn 0.1832 0.1002 -0.9780
vn 0.1719 0.7107 -0.6821
vn 0.1371 -0.3602 -0.9228
vn 0.1717 -0.1390 -0.9753
vn 0.1525 -0.3506 -0.9240
vn 0.1924 0.2592 -0.9465
vn 0.1970 0.3351 -0.9214
vn 0.1726 -0.1850 -0.9675
vn 0.1786 -0.0686 -0.9815
vn 0.1385 -0.4310 -0.8917
vn 0.2068 0.5771 -0.7900
vn 0.2202 0.2350 -0.9467
vn 0.1870 -0.1969 -0.9624
vn 0.2187 0.2472 -0.9440
vn 0.2198 0.5529 -0.8038
vn 0.2128 0.6127 -0.7611
vn 0.2140 0.1148 -0.9701
vn 0.2411 0.0832 -0.9669
vn 0.2118 0.6438 -0.7353
vn 0.2171 0.2375 -0.9468
vn 0.1912 -0.0635 -0.9795
vn 0.1927 -0.0422 -0.9803
vn 0.2337 0.5768 -0.7827
vn 0.1667 -0.4186 -0.8927
vn 0.2328 0.0711 -0.9699
vn 0.1789 -0.3135 -0.9326
vn 0.2219 0.1278 -0.9667
vn 0.2514 0.1832 -0.9504
vn 0.2513 0.1832 -0.9504
vn 0.1678 -0.4260 -0.8890
vn 0.2376 0.5790 -0.7799
vn 0.2275 0.6442 -0.7302
vn 0.2295 0.2216 -0.9477
vn 0.2288 0.2426 -0.9427
vn 0.2288 0.2426 -0.9428
vn 0.2289 0.2429 -0.9426
vn 0.2301 -0.0943 -0.9686
vn 0.2446 0.4678 -0.8493
vn 0.1376 -0.5677 -0.8117
vn 0.2566 0.4999 -0.8272
vn 0.2525 0.5277 -0.8110
vn 0.2790 0.3708 -0.8858
vn 0.2650 0.4463 -0.8547
vn 0.2428 -0.0238 -0.9698
vn 0.2327 0.7745 -0.5882
vn 0.2740 0.1079 -0.9557
vn 0.2658 0.6428 -0.7184
vn 0.2833 0.4235 -0.8605
vn 0.2710 0.0296 -0.9621
vn 0.2732 0.6095 -0.7442
vn 0.2761 0.5768 -0.7688
vn 0.2817 0.2091 -0.9364
vn 0.2883 0.1791 -0.9407
vn 0.2712 -0.0352 -0.9619
vn 0.2954 0.6429 -0.7067
vn 0.3251 0.3801 -0.8659
vn 0.3056 0.4283 -0.8504
vn 0.2981 0.6718 -0.6781
vn 0.2733 0.7927 -0.5448
vn 0.2845 0.7487 -0.5988
vn 0.2758 -0.1957 -0.9411
vn 0.3123 0.6478 -0.6948
vn 0.2914 -0.2232 -0.9302
vn 0.3168 0.1071 -0.9424
vn 0.3318 0.6367 -0.6961
vn 0.3374 0.2849 -0.8972
vn 0.3216 0.6670 -0.6721
vn 0.3298 0.3640 -0.8711
vn 0.2980 -0.2022 -0.9329
vn 0.3130 -0.1093 -0.9434
vn 0.3554 0.3003 -0.8851
vn 0.3332 0.6640 -0.6694
vn 0.3516 0.5533 -0.7551
vn 0.2623 -0.3624 -0.8943
vn 0.3476 0.0762 -0.9345
vn 0.3137 -0.2708 -0.9101
vn 0.3381 0.7792 -0.5278
vn 0.2830 -0.4103 -0.8669
vn 0.3069 -0.3211 -0.8959
vn 0.3697 -0.0578 -0.9273
vn 0.4066 0.3091 -0.8597
vn 0.3773 0.6725 -0.6367
vn 0.3853 -0.0054 -0.9228
vn 0.4232 0.1783 -0.8883
vn 0.2964 -0.4416 -0.8468
vn 0.4339 0.5184 -0.7369
vn 0.4137 0.1276 -0.9014
vn 0.4133 0.0200 -0.9104
vn 0.4547 0.2410 -0.8574
vn 0.4600 0.1478 -0.8756
vn 0.4787 0.2733 -0.8344
vn 0.4326 0.3489 -0.8313
vn 0.3613 -0.2126 -0.9079
vn 0.4413 0.0172 -0.8972
vn 0.5199 0.3192 -0.7924
vn 0.3769 -0.4037 -0.8337
vn 0.5559 0.5850 -0.5905
vn 0.5684 0.5993 -0.5637
vn 0.2178 0.9562 0.1956
vn 0.0831 -0.1376 -0.9870
vn 0.0772 0.3285 -0.9414
vn 0.0850 0.4237 -0.9018
vn 0.0794 -0.1420 -0.9867
vn 0.0893 -0.0874 -0.9922
vn 0.0916 0.2434 -0.9656
vn 0.0877 0.0273 -0.9958
vn 0.0848 0.4907 -0.8672
vn 0.0745 0.5982 -0.7979
vn 0.1039 0.2551 -0.9613
vn 0.0352 0.9371 -0.3474
vn 0.0629 0.7717 -0.6329
vn 0.0436 0.8928 -0.4484
vn 0.0664 0.7202 -0.6905
vn 0.0849 0.5310 -0.8431
vn 0.0936 0.2318 -0.9683
vn 0.0902 0.0087 -0.9959
vn 0.0937 -0.0002 -0.9956
vn 0.0760 0.4705 -0.8791
vn 0.0723 0.6788 -0.7308
vn 0.1018 0.0014 -0.9948
vn 0.0753 0.4673 -0.8809
vn 0.0923 0.0215 -0.9955
vn 0.0951 0.2880 -0.9529
vn 0.0806 -0.1215 -0.9893
vn 0.0931 0.3326 -0.9385
vn 0.0869 0.3518 -0.9320
vn 0.0865 0.3533 -0.9315
vn 0.0438 0.9233 -0.3815
vn 0.0493 0.9302 -0.3639
vn 0.0824 -0.3316 -0.9398
vn 0.0673 0.6912 -0.7196
vn 0.0624 0.6954 -0.7159
vn 0.0679 0.6926 -0.7181
vn 0.0913 0.4031 -0.9106
vn 0.0806 0.5608 -0.8240
vn 0.0729 0.7022 -0.7083
vn 0.0824 0.5931 -0.8009
vn 0.0946 0.2169 -0.9716
vn 0.0900 -0.0522 -0.9946
vn 0.0631 0.7570 -0.6503
vn 0.0810 -0.1080 -0.9908
vn 0.1099 -0.0305 -0.9935
vn 0.0556 0.8001 -0.5973
vn 0.0584 -0.1684 -0.9840
vn 0.0773 0.4260 -0.9014
vn 0.0819 0.4691 -0.8793
vn 0.0857 0.1450 -0.9857
vn 0.0673 0.6251 -0.7776
vn 0.0640 -0.1599 -0.9850
vn 0.0865 -0.2283 -0.9697
vn 0.0888 -0.2354 -0.9678
vn 0.0728 0.2007 -0.9769
vn 0.0742 0.2046 -0.9760
vn 0.0740 0.2038 -0.9762
vn 0.0968 -0.0635 -0.9933
vn 0.0769 0.5070 -0.8585
vn 0.0780 0.4412 -0.8940
vn 0.0778 0.5101 -0.8566
vn 0.0227 0.8950 -0.4455
vn 0.0302 0.8271 -0.5613
vn 0.0283 0.2681 -0.9630
vn 0.0778 0.5542 -0.8287
vn 0.0238 0.9303 -0.3660
vn 0.0677 0.0438 -0.9967
vn 0.0672 0.0457 -0.9967
vn 0.0441 0.5165 -0.8552
vn 0.0327 0.8059 -0.5912
vn 0.0419 0.4377 -0.8981
vn 0.0292 0.5325 -0.8459
vn 0.0306 0.5389 -0.8418
vn 0.0636 0.2191 -0.9736
vn 0.0448 0.0910 -0.9948
vn 0.0217 0.7756 -0.6308
vn 0.0494 -0.1053 -0.9932
vn 0.0559 0.0559 -0.9969
vn 0.0455 0.1385 -0.9893
vn 0.0353 0.5320 -0.8460
vn 0.0361 0.5274 -0.8488
vn 0.0374 0.5599 -0.8277
vn 0.0116 0.7857 -0.6185
vn 0.0141 0.8236 -0.5669
vn 0.0350 0.5306 -0.8469
vn 0.0284 0.4465 -0.8943
vn 0.0109 0.5618 -0.8272
vn 0.0235 0.3535 -0.9351
vn 0.0382 -0.0204 -0.9991
vn 0.0294 0.3692 -0.9289
vn -0.0073 0.8867 -0.4622
vn 0.0036 0.8416 -0.5401
vn 0.0351 -0.1228 -0.9918
vn 0.0174 0.2720 -0.9621
vn -0.0076 0.5009 -0.8655
vn -0.0108 0.6435 -0.7654
vn -0.0138 0.7375 -0.6752
vn -0.0283 0.8241 -0.5657
vn 0.0060 0.2837 -0.9589
vn -0.0040 0.4899 -0.8718
vn -0.0220 0.8400 -0.5421
vn -0.0018 0.2741 -0.9617
vn 0.0001 0.1132 -0.9936
vn 0.0167 0.0145 -0.9998
vn -0.0270 0.8195 -0.5725
vn -0.0326 0.8070 -0.5897
vn -0.0057 0.2829 -0.9591
vn -0.0302 0.6640 -0.7472
vn -0.0287 0.6651 -0.7462
vn -0.0242 0.6475 -0.7617
vn -0.0274 0.6536 -0.7563
vn 0.0106 0.0038 -0.9999
vn -0.0452 0.8848 -0.4638
vn -0.0430 0.6967 -0.7161
vn -0.0313 0.5067 -0.8615
vn -0.0242 0.8603 -0.5092
vn -0.0386 0.6029 -0.7969
vn -0.0643 0.8130 -0.5787
vn -0.0116 0.6596 -0.7515
vn -0.0424 0.5913 -0.8053
vn -0.0543 0.9116 -0.4075
vn -0.0729 0.9476 -0.3109
vn -0.0126 0.1360 -0.9906
vn -0.0114 0.1519 -0.9883
vn -0.0367 0.5879 -0.8081
vn -0.0381 0.7864 -0.6166
vn -0.0448 0.5696 -0.8207
vn -0.0466 0.7623 -0.6455
vn -0.0304 0.5972 -0.8015
vn -0.0428 0.5977 -0.8006
vn -0.0628 0.8176 -0.5724
vn 0.0024 -0.0952 -0.9955
vn -0.0180 0.3142 -0.9492
vn -0.0642 0.8095 -0.5836
vn 0.0215 0.0587 -0.9980
vn 0.0021 -0.1302 -0.9915
vn -0.0368 0.0560 -0.9978
vn -0.0697 0.8859 -0.4587
vn -0.0570 0.4983 -0.8652
vn -0.0398 0.5624 -0.8259
vn -0.0213 0.4223 -0.9062
vn -0.0586 0.7845 -0.6173
vn -0.0726 0.7693 -0.6347
vn -0.0375 0.2983 -0.9537
vn -0.0242 0.3623 -0.9317
vn -0.0426 -0.0988 -0.9942
vn -0.0545 0.4165 -0.9075
vn -0.0710 0.6335 -0.7704
vn -0.0716 0.6332 -0.7707
vn -0.0515 0.0962 -0.9940
vn -0.0114 0.1672 -0.9859
vn -0.0408 0.2231 -0.9739
vn -0.0518 0.4538 -0.8896
vn -0.0713 0.7778 -0.6245
vn -0.0614 0.5545 -0.8299
vn -0.0534 0.4057 -0.9124
vn -0.0451 0.1975 -0.9793
vn -0.0431 0.2009 -0.9787
vn -0.0685 0.5230 -0.8496
vn -0.0022 -0.2699 -0.9629
vn -0.0758 0.6071 -0.7910
vn -0.0472 0.3200 -0.9463
vn -0.0482 0.3366 -0.9404
vn -0.0375 0.0283 -0.9989
vn -0.0260 0.2224 -0.9746
vn -0.0184 -0.0143 -0.9997
vn -0.0629 0.5383 -0.8404
vn -0.0430 0.5387 -0.8414
vn -0.0392 0.5266 -0.8492
vn -0.0644 0.0912 -0.9937
vn -0.0638 0.2573 -0.9642
vn -0.0164 -0.0170 -0.9997
vn 0.0143 -0.0566 -0.9983
vn -0.0949 0.8121 -0.5757
vn -0.0855 0.8387 -0.5378
vn -0.0244 -0.1746 -0.9843
vn -0.0795 0.7978 -0.5977
vn -0.0486 0.1617 -0.9856
vn -0.0373 0.0471 -0.9982
vn -0.0289 -0.0505 -0.9983
vn -0.0842 0.6913 -0.7176
vn -0.0899 0.5704 -0.8164
vn -0.0783 0.7604 -0.6447
vn -0.0476 0.2804 -0.9587
vn -0.0556 0.4855 -0.8725
vn -0.0789 0.3045 -0.9492
vn -0.0787 0.3504 -0.9333
vn -0.0527 0.0419 -0.9977
vn -0.0083 -0.2284 -0.9735
vn -0.0015 -0.3316 -0.9434
vn -0.0181 -0.1283 -0.9916
vn -0.0543 0.3850 -0.9213
vn 0.0083 -0.5088 -0.8608
vn 0.0099 -0.5207 -0.8537
vn -0.0803 0.5140 -0.8540
vn -0.0808 0.5120 -0.8552
vn -0.0584 0.3972 -0.9159
vn -0.0945 0.8175 -0.5682
vn -0.0242 0.1943 -0.9806
vn -0.0972 0.4386 -0.8934
vn -0.0102 -0.2069 -0.9783
vn -0.0845 0.6756 -0.7324
vn -0.0403 -0.0913 -0.9950
vn -0.0876 0.5791 -0.8105
vn -0.0405 -0.1688 -0.9848
vn -0.0041 -0.4052 -0.9142
vn -0.0736 0.1887 -0.9793
vn -0.0916 0.3506 -0.9320
vn -0.0764 0.3978 -0.9143
vn -0.0914 0.4851 -0.8697
vn -0.0388 -0.0651 -0.9971
vn -0.0430 -0.1124 -0.9927
vn -0.0560 0.0969 -0.9937
vn -0.0083 -0.4714 -0.8819
vn -0.0814 0.5432 -0.8356
vn -0.0807 0.5410 -0.8371
vn -0.0180 -0.2966 -0.9548
vn -0.0784 0.3003 -0.9506
vn -0.0547 0.1555 -0.9863
vn -0.0934 0.5738 -0.8137
vn -0.0362 -0.2176 -0.9754
vn -0.0686 0.1906 -0.9793
vn -0.0739 0.4101 -0.9090
vn -0.0363 -0.1702 -0.9847
vn -0.0684 0.2644 -0.9620
vn -0.0760 0.4170 -0.9057
vn -0.0842 0.4419 -0.8931
vn -0.0234 -0.3327 -0.9427
vn -0.0285 -0.2174 -0.9757
vn -0.0780 0.3104 -0.9474
vn -0.0642 0.0281 -0.9975
vn -0.0342 -0.1219 -0.9920
vn -0.0512 0.1592 -0.9859
vn -0.0801 0.3660 -0.9271
vn -0.0520 0.0954 -0.9941
vn -0.0667 0.1002 -0.9927
vn -0.0730 0.3311 -0.9408
vn -0.0757 0.3272 -0.9419
vn -0.0738 0.4950 -0.8657
vn -0.0730 0.4850 -0.8715
vn -0.1164 0.5191 -0.8468
vn -0.0813 0.3922 -0.9163
vn -0.0509 0.0135 -0.9986
vn -0.0473 -0.0612 -0.9970
vn -0.0355 0.0807 -0.9961
vn -0.0518 0.1224 -0.9911
vn -0.0705 0.4611 -0.8845
vn -0.0766 0.4717 -0.8784
vn -0.0776 0.3115 -0.9471
vn -0.0592 0.1592 -0.9855
vn -0.0419 -0.0821 -0.9957
vn -0.0863 0.7888 -0.6086
vn -0.0829 0.7868 -0.6116
vn -0.0156 -0.4131 -0.9105
vn -0.0407 -0.0853 -0.9955
vn -0.0482 -0.0209 -0.9986
vn -0.0333 -0.0296 -0.9990
vn -0.0451 -0.1169 -0.9921
vn -0.0628 0.2146 -0.9747
vn -0.0723 0.3946 -0.9160
vn -0.0639 0.4647 -0.8831
vn -0.0443 0.0631 -0.9970
vn -0.0171 0.0554 -0.9983
vn -0.0591 0.2988 -0.9525
vn -0.1103 0.5739 -0.8115
vn -0.0074 -0.3198 -0.9474
vn -0.0840 -0.0957 -0.9919
vn -0.0696 0.7289 -0.6811
vn -0.0666 0.5813 -0.8110
vn -0.0208 -0.3444 -0.9386
vn -0.0379 -0.0771 -0.9963
vn -0.0686 0.5065 -0.8595
vn -0.0618 0.2613 -0.9633
vn -0.0543 0.0789 -0.9954
vn -0.0105 -0.3038 -0.9527
vn -0.0694 0.6330 -0.7710
vn -0.0446 0.3475 -0.9366
vn -0.0180 -0.0882 -0.9959
vn -0.0881 0.7043 -0.7044
vn -0.0773 0.5860 -0.8066
vn -0.0584 0.3412 -0.9382
vn -0.0520 0.1047 -0.9931
vn -0.0194 -0.2115 -0.9772
vn -0.0615 0.2980 -0.9526
vn -0.0400 0.1182 -0.9922
vn -0.0639 0.5800 -0.8121
vn -0.0365 0.0978 -0.9945
vn -0.0403 0.0973 -0.9944
vn -0.0117 -0.4445 -0.8957
vn -0.0386 0.0465 -0.9982
vn -0.0372 0.0606 -0.9975
vn -0.0424 0.0580 -0.9974
vn -0.0050 -0.3823 -0.9240
vn -0.0327 -0.0245 -0.9992
vn -0.0398 0.1751 -0.9837
vn -0.0191 -0.3002 -0.9537
vn -0.0310 0.2018 -0.9789
vn -0.0646 0.6021 -0.7958
vn -0.0238 -0.0758 -0.9968
vn -0.0410 0.4413 -0.8964
vn -0.0274 0.0131 -0.9995
vn -0.0032 0.4628 -0.8864
vn -0.0142 -0.3262 -0.9452
vn 0.0107 0.3758 -0.9266
vn -0.0247 -0.0514 -0.9984
vn -0.0378 0.3307 -0.9430
vn -0.0099 -0.1157 -0.9932
vn -0.0229 0.0895 -0.9957
vn -0.0438 0.5158 -0.8556
vn -0.0061 -0.3391 -0.9407
vn -0.0182 0.0487 -0.9986
vn -0.0194 0.0155 -0.9997
vn -0.0124 0.0287 -0.9995
vn -0.0195 0.1736 -0.9846
vn -0.0237 0.1101 -0.9936
vn -0.0222 0.2584 -0.9658
vn -0.0158 0.0142 -0.9998
vn -0.0115 0.1309 -0.9913
vn -0.0174 0.1022 -0.9946
vn 0.0063 -0.4206 -0.9072
vn -0.0349 0.3845 -0.9224
vn -0.0119 0.0497 -0.9987
vn -0.0115 0.0488 -0.9987
vn -0.0103 0.0525 -0.9986
vn -0.0256 0.6415 -0.7667
vn -0.0078 -0.0398 -0.9992
vn 0.0133 -0.2123 -0.9771
vn -0.0290 0.7421 -0.6697
vn -0.0328 0.6670 -0.7443
vn -0.0119 0.3262 -0.9452
vn -0.0136 0.3434 -0.9391
vn 0.0270 -0.5127 -0.8582
vn -0.0106 0.3232 -0.9463
vn -0.0120 0.2801 -0.9599
vn -0.0200 0.4837 -0.8750
vn 0.0081 -0.1172 -0.9931
vn 0.0290 -0.2647 -0.9639
vn -0.0053 0.1401 -0.9901
vn -0.0139 0.3624 -0.9319
vn 0.0039 0.2424 -0.9702
vn 0.0314 -0.5484 -0.8356
vn 0.0144 -0.3936 -0.9192
vn 0.0075 -0.1318 -0.9913
vn -0.0050 0.1510 -0.9885
vn 0.0003 -0.3167 -0.9485
vn -0.0021 0.3766 -0.9264
vn -0.0147 0.5157 -0.8566
vn 0.0159 -0.2355 -0.9718
vn 0.0095 0.0043 -0.9999
vn -0.0104 0.5741 -0.8187
vn 0.0137 -0.2525 -0.9675
vn 0.0023 0.4037 -0.9149
vn 0.0156 -0.1024 -0.9946
vn 0.0059 0.4745 -0.8802
vn 0.0067 0.1520 -0.9884
vn 0.0155 0.1192 -0.9927
vn 0.0241 0.0096 -0.9997
vn 0.0223 -0.1296 -0.9913
vn 0.0234 -0.1173 -0.9928
vn -0.0004 0.4810 -0.8767
vn 0.0192 -0.4965 -0.8678
vn 0.0208 0.2233 -0.9745
vn 0.0294 0.1469 -0.9887
vn 0.0253 -0.1499 -0.9884
vn -0.0487 0.0758 -0.9959
vn -0.0613 0.1983 -0.9782
vn 0.0022 0.1284 -0.9917
vn 0.0116 -0.1391 -0.9902
vn 0.0221 0.1372 -0.9903
vn 0.0052 0.3224 -0.9466
vn 0.0360 -0.4848 -0.8739
vn 0.0381 -0.3262 -0.9445
vn 0.0166 0.1855 -0.9825
vn 0.0242 0.4646 -0.8852
vn 0.0331 -0.2563 -0.9660
vn 0.0657 -0.2821 -0.9571
vn 0.0033 0.3910 -0.9204
vn 0.0298 0.3118 -0.9497
vn 0.0441 0.0575 -0.9974
vn 0.0174 0.3594 -0.9330
vn 0.0445 -0.0687 -0.9966
vn 0.0293 -0.5709 -0.8205
vn 0.0285 -0.3491 -0.9366
vn 0.0238 0.4658 -0.8846
vn 0.0252 -0.2421 -0.9699
vn 0.0302 0.0969 -0.9948
vn 0.0346 0.1950 -0.9802
vn 0.0359 -0.2594 -0.9651
vn 0.0355 -0.4732 -0.8802
vn 0.0288 0.1334 -0.9906
vn 0.0303 -0.3014 -0.9530
vn 0.0343 0.0037 -0.9994
vn 0.0341 -0.2587 -0.9654
vn 0.0465 -0.3712 -0.9274
vn 0.0298 0.2452 -0.9690
vn 0.0444 -0.5155 -0.8558
vn 0.0327 0.0040 -0.9995
vn 0.0269 0.2755 -0.9609
vn 0.0310 -0.5001 -0.8654
vn 0.0413 0.0016 -0.9991
vn 0.0230 0.5033 -0.8638
vn 0.0332 -0.0491 -0.9982
vn 0.0300 0.3471 -0.9373
vn 0.0475 0.1434 -0.9885
vn 0.0426 -0.4364 -0.8987
vn 0.0417 -0.4135 -0.9095
vn 0.0325 -0.0585 -0.9978
vn 0.0350 0.1215 -0.9920
vn 0.0405 -0.2237 -0.9738
vn 0.0312 0.4691 -0.8826
vn 0.0472 -0.3019 -0.9522
vn 0.0406 0.1465 -0.9884
vn 0.0396 0.3384 -0.9402
vn 0.0424 -0.0236 -0.9988
vn 0.0412 0.3620 -0.9313
vn 0.0470 0.2584 -0.9649
vn 0.0513 0.0116 -0.9986
vn 0.0447 0.3485 -0.9362
vn 0.0455 -0.4217 -0.9056
vn 0.0480 0.0428 -0.9979
vn 0.0535 0.3866 -0.9207
vn 0.0488 -0.0880 -0.9949
vn 0.0502 0.1024 -0.9935
vn 0.0373 0.3678 -0.9291
vn 0.0522 -0.0833 -0.9952
vn 0.0394 0.6023 -0.7973
vn 0.0521 -0.1649 -0.9849
vn 0.0509 -0.4696 -0.8814
vn 0.0469 0.5045 -0.8621
vn 0.0565 0.1294 -0.9900
vn 0.0609 0.2251 -0.9724
vn 0.0666 -0.3541 -0.9328
vn 0.0498 -0.5167 -0.8547
vn 0.0619 -0.2001 -0.9778
vn 0.0695 0.1578 -0.9850
vn 0.0567 0.1938 -0.9794
vn 0.0690 -0.0624 -0.9957
vn 0.0664 0.3122 -0.9477
vn 0.0559 0.4374 -0.8975
vn 0.0616 -0.1507 -0.9867
vn 0.0589 -0.3564 -0.9325
vn 0.0713 0.7272 -0.6827
vn 0.0512 0.4525 -0.8903
vn 0.0358 0.7424 -0.6690
vn 0.0356 0.7455 -0.6656
vn 0.0559 0.6284 -0.7759
vn 0.0713 0.1757 -0.9819
vn 0.0626 -0.0666 -0.9958
vn 0.0567 0.2865 -0.9564
vn 0.0733 -0.1789 -0.9811
vn 0.0417 -0.5978 -0.8006
vn 0.0691 0.1676 -0.9834
vn 0.0588 -0.1622 -0.9850
vn 0.0712 -0.1663 -0.9835
vn 0.0620 0.3469 -0.9358
vn 0.0779 0.2573 -0.9632
vn 0.0669 -0.0171 -0.9976
vn 0.0642 0.1376 -0.9884
vn 0.0721 -0.0422 -0.9965
vn 0.0608 -0.3963 -0.9161
vn 0.0582 0.0531 -0.9969
vn 0.0626 -0.2663 -0.9619
vn 0.0598 -0.3331 -0.9410
vn 0.0671 0.0978 -0.9929
vn 0.0733 0.0040 -0.9973
vn 0.0608 -0.3795 -0.9232
vn 0.0701 -0.2913 -0.9541
vn 0.0577 0.0340 -0.9978
vn 0.0587 0.0336 -0.9977
vn 0.0580 -0.3271 -0.9432
vn 0.0849 0.4313 -0.8982
vn 0.0630 -0.2693 -0.9610
vn 0.0628 -0.4725 -0.8791
vn 0.0668 -0.4435 -0.8938
vn 0.0659 0.1220 -0.9903
vn 0.0707 0.1275 -0.9893
vn 0.0840 0.1430 -0.9862
vn 0.0767 0.1639 -0.9835
vn 0.0742 0.4776 -0.8755
vn 0.0765 -0.3716 -0.9252
vn 0.0598 0.7925 -0.6069
vn 0.0871 0.2458 -0.9654
vn 0.0795 0.3371 -0.9381
vn 0.0894 -0.1711 -0.9812
vn 0.0706 -0.4544 -0.8880
vn 0.0743 0.4878 -0.8698
vn 0.0848 0.2595 -0.9620
vn 0.0679 0.3373 -0.9389
vn 0.0949 0.0680 -0.9932
vn 0.0696 0.6579 -0.7499
vn 0.0834 0.5773 -0.8122
vn 0.0807 0.3089 -0.9477
vn 0.0766 0.7010 -0.7090
vn 0.0878 0.4544 -0.8865
vn 0.0788 0.5327 -0.8426
vn 0.0867 0.5218 -0.8487
vn 0.0771 0.6066 -0.7913
vn 0.0709 -0.4370 -0.8967
vn 0.0842 0.2776 -0.9570
vn 0.0879 -0.0993 -0.9912
vn 0.0890 0.0390 -0.9953
vn 0.0715 -0.3877 -0.9190
vn 0.0887 0.3781 -0.9215
vn 0.0719 -0.5329 -0.8431
vn 0.0868 0.6550 -0.7506
vn 0.0923 0.6475 -0.7564
vn 0.0841 0.6902 -0.7187
vn 0.0811 0.6905 -0.7188
vn 0.0897 -0.1674 -0.9818
vn 0.0951 0.1408 -0.9855
vn 0.1020 0.2979 -0.9491
vn 0.0765 0.7995 -0.5957
vn 0.1007 0.4426 -0.8911
vn 0.0899 0.5566 -0.8259
vn 0.0864 -0.3644 -0.9272
vn 0.0848 0.7702 -0.6321
vn 0.0703 0.8710 -0.4862
vn 0.0959 -0.0140 -0.9953
vn 0.1114 0.1390 -0.9840
vn 0.1023 0.3666 -0.9247
vn 0.0863 0.6554 -0.7503
vn 0.1142 0.2019 -0.9727
vn 0.0894 -0.3031 -0.9488
vn 0.0946 0.1250 -0.9876
vn 0.1137 -0.0529 -0.9921
vn 0.0870 -0.4049 -0.9102
vn 0.1028 -0.1099 -0.9886
vn 0.1002 0.3978 -0.9120
vn 0.1129 0.2637 -0.9580
vn 0.1123 0.2544 -0.9606
vn 0.0631 -0.3787 -0.9234
vn 0.1017 -0.1858 -0.9773
vn 0.0836 -0.4111 -0.9077
vn 0.0785 -0.5300 -0.8444
vn 0.0978 -0.3019 -0.9483
vn 0.1014 -0.1065 -0.9891
vn 0.1094 0.4807 -0.8700
vn 0.1121 0.4365 -0.8927
vn 0.1032 0.6357 -0.7650
vn 0.1163 -0.0286 -0.9928
vn 0.1128 0.4242 -0.8985
vn 0.1053 -0.0429 -0.9935
vn 0.0930 -0.4615 -0.8823
vn 0.1240 0.1890 -0.9741
vn 0.1111 -0.2347 -0.9657
vn 0.1067 0.0087 -0.9943
vn 0.1127 -0.2282 -0.9671
vn 0.1368 0.0475 -0.9895
vn 0.1191 0.4224 -0.8986
vn 0.1229 0.4185 -0.8999
vn 0.1174 -0.0101 -0.9930
vn 0.1231 0.0716 -0.9898
vn 0.1219 -0.0436 -0.9916
vn 0.1268 0.3621 -0.9235
vn 0.1022 -0.3512 -0.9307
vn 0.1287 0.5669 -0.8137
vn 0.1262 -0.0422 -0.9911
vn 0.1174 0.0437 -0.9921
vn 0.1344 0.5874 -0.7981
vn 0.1080 -0.5419 -0.8335
vn 0.1227 -0.2720 -0.9544
vn 0.1033 -0.2452 -0.9640
vn 0.0975 -0.3107 -0.9455
vn 0.0600 -0.5863 -0.8078
vn 0.1289 0.6517 -0.7475
vn 0.1178 -0.3394 -0.9332
vn 0.1552 -0.2760 -0.9485
vn 0.0824 -0.4076 -0.9094
vn 0.1277 0.5049 -0.8537
vn 0.1389 0.3862 -0.9119
vn 0.1374 0.0543 -0.9890
vn 0.1243 0.7278 -0.6745
vn 0.1377 0.0970 -0.9857
vn 0.1513 0.2637 -0.9527
vn 0.1069 0.8167 -0.5671
vn 0.1066 0.8154 -0.5689
vn 0.1256 0.1400 -0.9822
vn 0.1360 0.5720 -0.8089
vn 0.1568 0.5250 -0.8365
vn 0.1523 0.4749 -0.8668
vn 0.1173 -0.3289 -0.9371
vn 0.0983 -0.4929 -0.8645
vn 0.1283 -0.0889 -0.9877
vn 0.1194 0.7723 -0.6239
vn 0.1340 -0.0709 -0.9884
vn 0.1375 0.0493 -0.9893
vn 0.1455 0.5678 -0.8102
vn 0.1623 0.1710 -0.9718
vn 0.1318 0.3933 -0.9099
vn 0.1504 0.2385 -0.9594
vn 0.1166 -0.3286 -0.9373
vn 0.1467 0.0187 -0.9890
vn 0.1406 0.5753 -0.8057
vn 0.1664 0.2201 -0.9612
vn 0.1286 -0.5093 -0.8509
vn 0.1059 -0.4816 -0.8700
vn 0.0996 -0.3734 -0.9223
vn 0.1228 -0.5466 -0.8284
vn 0.0957 -0.4127 -0.9058
vn 0.1578 0.5085 -0.8465
vn 0.1657 0.2847 -0.9442
vn 0.1202 -0.3235 -0.9385
vn 0.1444 -0.1772 -0.9735
vn 0.1595 0.2921 -0.9430
vn 0.0998 -0.5825 -0.8067
vn 0.1542 -0.0481 -0.9869
vn 0.1091 -0.5270 -0.8429
vn 0.1548 -0.0545 -0.9864
vn 0.1225 -0.3788 -0.9174
vn 0.1732 0.4502 -0.8760
vn 0.1602 0.3237 -0.9325
vn 0.1535 0.1534 -0.9762
vn 0.1599 0.1374 -0.9775
vn 0.1607 0.1403 -0.9770
vn 0.1030 -0.5595 -0.8224
vn 0.1706 0.5966 -0.7842
vn 0.1708 0.4430 -0.8801
vn 0.1705 0.2291 -0.9583
vn 0.1739 0.2059 -0.9630
vn 0.1754 0.2029 -0.9633
vn 0.1586 0.1063 -0.9816
vn 0.1567 -0.3222 -0.9336
vn 0.1720 0.5994 -0.7818
vn 0.1602 -0.1167 -0.9802
vn 0.1627 0.6766 -0.7182
vn 0.1717 0.4350 -0.8839
vn 0.1683 0.5570 -0.8133
vn 0.1665 0.0582 -0.9843
vn 0.1670 0.6313 -0.7574
vn 0.1684 0.6305 -0.7577
vn 0.1235 -0.4484 -0.8853
vn 0.1705 0.3199 -0.9320
vn 0.1416 -0.3251 -0.9350
vn 0.1670 0.3006 -0.9390
vn 0.1557 0.7205 -0.6757
vn 0.1630 0.0167 -0.9865
vn 0.1696 -0.0396 -0.9847
vn 0.1220 -0.4717 -0.8733
vn 0.1583 0.7487 -0.6437
vn 0.1564 0.7239 -0.6720
vn 0.1548 -0.1247 -0.9800
vn 0.1416 -0.2872 -0.9474
vn 0.1876 0.4516 -0.8723
vn 0.1676 0.4706 -0.8663
vn 0.1761 -0.0654 -0.9822
vn 0.1923 0.5118 -0.8373
vn 0.1847 0.2529 -0.9497
vn 0.1662 -0.1689 -0.9715
vn 0.1732 0.0142 -0.9848
vn 0.1413 -0.4244 -0.8944
vn 0.1844 0.0831 -0.9793
vn 0.1782 0.5726 -0.8002
vn 0.1840 0.0970 -0.9781
vn 0.1741 0.0983 -0.9798
vn 0.1923 0.4418 -0.8762
vn 0.2010 0.4391 -0.8757
vn 0.1808 0.0327 -0.9830
vn 0.1796 0.0329 -0.9832
vn 0.1797 0.0330 -0.9832
vn 0.1800 0.0045 -0.9836
vn 0.1890 0.2089 -0.9595
vn 0.1991 0.2053 -0.9582
vn 0.2041 0.4838 -0.8511
vn 0.2086 0.4799 -0.8522
vn 0.1744 -0.1012 -0.9795
vn 0.1904 0.4889 -0.8513
vn 0.1789 -0.0992 -0.9788
vn 0.2108 0.2169 -0.9532
vn 0.1933 0.5832 -0.7890
vn 0.2389 -0.0998 -0.9659
vn 0.1767 0.0667 -0.9820
vn 0.1861 0.5219 -0.8325
vn 0.1916 0.1754 -0.9657
vn 0.1578 -0.3789 -0.9119
vn 0.2145 0.5557 -0.8032
vn 0.1755 -0.2295 -0.9573
vn 0.2013 0.1303 -0.9708
vn 0.1177 -0.5811 -0.8052
vn 0.1950 0.2204 -0.9557
vn 0.1727 -0.3276 -0.9289
vn 0.1954 0.6248 -0.7559
vn 0.1998 0.2122 -0.9566
vn 0.1834 0.6995 -0.6907
vn 0.1795 -0.2256 -0.9575
vn 0.1998 0.3263 -0.9239
vn 0.1809 -0.1457 -0.9727
vn 0.2047 0.6274 -0.7513
vn 0.2108 0.2632 -0.9414
vn 0.1798 -0.2328 -0.9558
vn 0.1973 0.3400 -0.9195
vn 0.1662 -0.2361 -0.9574
vn 0.2041 -0.0004 -0.9790
vn 0.2092 0.6181 -0.7578
vn 0.2160 0.2938 -0.9311
vn 0.1597 -0.3604 -0.9190
vn 0.2251 0.6522 -0.7239
vn 0.2218 0.4410 -0.8697
vn 0.2382 0.2308 -0.9434
vn 0.2237 0.5246 -0.8214
vn 0.1663 0.8884 -0.4278
vn 0.2173 0.2269 -0.9494
vn 0.2300 -0.0464 -0.9721
vn 0.2156 0.1054 -0.9708
vn 0.1364 -0.5214 -0.8423
vn 0.2475 0.1513 -0.9570
vn 0.2019 -0.0543 -0.9779
vn 0.2088 -0.1909 -0.9591
vn 0.2122 -0.1892 -0.9587
vn 0.2055 -0.2147 -0.9548
vn 0.1510 -0.5380 -0.8293
vn 0.2288 -0.0401 -0.9726
vn 0.2459 0.1872 -0.9510
vn 0.2402 0.5993 -0.7636
vn 0.2145 -0.1973 -0.9566
vn 0.2493 0.3072 -0.9184
vn 0.2402 0.5457 -0.8028
vn 0.1492 -0.5508 -0.8212
vn 0.0824 -0.7740 -0.6278
vn 0.2424 0.3906 -0.8881
vn 0.2407 0.5564 -0.7953
vn 0.2588 0.1994 -0.9451
vn 0.2331 -0.1058 -0.9667
vn 0.1969 -0.3084 -0.9307
vn 0.2480 -0.0523 -0.9673
vn 0.2636 0.4416 -0.8576
vn 0.2439 0.7142 -0.6561
vn 0.2417 -0.1534 -0.9582
vn 0.2053 -0.3634 -0.9088
vn 0.2531 -0.1377 -0.9576
vn 0.2790 0.2829 -0.9177
vn 0.2763 0.0369 -0.9604
vn 0.2729 0.0522 -0.9606
vn 0.2874 0.6160 -0.7334
vn 0.2978 0.5733 -0.7633
vn 0.2889 0.0275 -0.9570
vn 0.2781 0.5986 -0.7512
vn 0.2283 -0.3139 -0.9216
vn 0.3046 0.1479 -0.9409
vn 0.2873 0.3256 -0.9008
vn 0.2990 0.2345 -0.9250
vn 0.2416 -0.2961 -0.9241
vn 0.2690 -0.2264 -0.9362
vn 0.2967 0.4378 -0.8487
vn 0.2968 0.1365 -0.9451
vn 0.3112 0.2101 -0.9268
vn 0.3125 0.4076 -0.8580
vn 0.2423 -0.2656 -0.9331
vn 0.2886 0.6935 -0.6601
vn 0.3214 0.4794 -0.8166
vn 0.2445 -0.3376 -0.9090
vn 0.2279 0.9181 -0.3243
vn 0.3186 0.5737 -0.7545
vn 0.2968 -0.1593 -0.9416
vn 0.3868 0.1993 -0.9004
vn 0.4048 0.3704 -0.8360
vn 0.3767 0.0500 -0.9250
vn 0.3376 0.7786 -0.5290
vn 0.3237 -0.2248 -0.9190
vn 0.3976 0.1135 -0.9105
vn 0.0632 0.6520 -0.7556
vn 0.0908 0.4200 -0.9030
vn 0.0699 0.6145 -0.7858
vn 0.0790 0.2799 -0.9568
vn 0.0634 0.5357 -0.8420
vn 0.0878 -0.2489 -0.9645
vn 0.0715 0.7582 -0.6481
vn 0.0938 0.0721 -0.9930
vn 0.0901 0.3706 -0.9244
vn 0.0795 0.4268 -0.9008
vn 0.0906 0.2832 -0.9548
vn 0.1025 0.0806 -0.9915
vn 0.0721 0.1976 -0.9776
vn 0.0610 -0.1510 -0.9867
vn 0.0739 0.0146 -0.9972
vn 0.0793 0.0340 -0.9963
vn 0.0583 0.1307 -0.9897
vn 0.0418 0.4106 -0.9108
vn 0.0274 0.3690 -0.9290
vn 0.0273 0.3693 -0.9289
vn -0.0220 0.8301 -0.5572
vn -0.0180 0.8388 -0.5441
vn -0.0063 0.5314 -0.8471
vn -0.0252 0.5772 -0.8162
vn -0.0163 0.5000 -0.8659
vn -0.0139 0.5501 -0.8350
vn -0.0283 0.5765 -0.8166
vn -0.0176 0.5427 -0.8398
vn -0.0463 0.9014 -0.4306
vn -0.0033 0.5030 -0.8643
vn 0.0174 0.0183 -0.9997
vn -0.0382 0.6040 -0.7961
vn -0.0294 0.6059 -0.7950
vn -0.0175 0.0802 -0.9966
vn -0.0205 0.3858 -0.9224
vn -0.0346 0.5655 -0.8240
vn -0.0347 0.5581 -0.8291
vn -0.0172 0.4107 -0.9116
vn -0.0662 0.7215 -0.6893
vn -0.0604 0.6330 -0.7718
vn 0.0009 -0.2217 -0.9751
vn -0.0033 -0.2215 -0.9752
vn -0.0225 0.2055 -0.9784
vn -0.0215 0.2137 -0.9767
vn -0.0629 0.2319 -0.9707
vn -0.0179 -0.0668 -0.9976
vn -0.0059 -0.2421 -0.9702
vn -0.0590 0.5514 -0.8321
vn -0.0686 0.3527 -0.9332
vn -0.0172 -0.0543 -0.9984
vn -0.0181 -0.1284 -0.9916
vn -0.0905 0.5640 -0.8208
vn -0.0497 0.0151 -0.9987
vn -0.0855 0.3730 -0.9239
vn -0.0537 0.0201 -0.9984
vn -0.0401 0.3678 -0.9290
vn -0.0355 0.3772 -0.9255
vn -0.0664 0.4586 -0.8862
vn -0.0502 0.0145 -0.9986
vn -0.0732 0.5006 -0.8626
vn -0.0733 0.5006 -0.8626
vn -0.0734 0.5006 -0.8625
vn -0.0464 0.3481 -0.9363
vn -0.0560 0.3595 -0.9315
vn -0.0567 0.3577 -0.9321
vn -0.0503 -0.0756 -0.9959
vn -0.0182 0.0001 -0.9998
vn -0.0507 0.0780 -0.9957
vn -0.0261 -0.1696 -0.9852
vn -0.0061 -0.3579 -0.9337
vn -0.0281 -0.2674 -0.9632
vn -0.0724 0.5265 -0.8471
vn -0.0416 0.1210 -0.9918
vn -0.0504 0.6415 -0.7654
vn -0.0358 0.1088 -0.9934
vn -0.0968 0.6999 -0.7076
vn -0.0675 0.0923 -0.9934
vn -0.0031 -0.4533 -0.8913
vn -0.0261 -0.2339 -0.9719
vn -0.0621 0.5816 -0.8111
vn -0.0564 0.4010 -0.9144
vn -0.0195 -0.2510 -0.9678
vn -0.0590 0.4915 -0.8689
vn -0.0381 0.2783 -0.9597
vn -0.0366 0.1195 -0.9922
vn -0.0181 0.0996 -0.9949
vn -0.0097 0.0514 -0.9986
vn -0.0112 0.0669 -0.9977
vn -0.0109 0.2782 -0.9605
vn 0.0150 0.1341 -0.9908
vn -0.0054 -0.0498 -0.9987
vn -0.0063 -0.2007 -0.9796
vn 0.0263 0.1247 -0.9918
vn -0.0046 0.4479 -0.8940
vn 0.0122 -0.1868 -0.9823
vn -0.0076 0.5063 -0.8623
vn 0.0155 -0.0056 -0.9999
vn 0.0037 0.1618 -0.9868
vn 0.0050 0.3498 -0.9368
vn 0.0103 0.0701 -0.9975
vn 0.0030 0.3343 -0.9424
vn 0.0118 -0.1594 -0.9871
vn 0.0271 -0.2899 -0.9567
vn 0.0339 -0.4058 -0.9133
vn 0.0049 0.1680 -0.9858
vn 0.0178 -0.4960 -0.8682
vn 0.0178 0.0231 -0.9996
vn 0.0007 0.5777 -0.8162
vn 0.0237 -0.1900 -0.9815
vn 0.0031 0.1534 -0.9882
vn 0.0154 0.2333 -0.9723
vn 0.0204 0.5130 -0.8582
vn 0.0328 -0.0574 -0.9978
vn 0.0247 0.0669 -0.9975
vn 0.0239 0.1119 -0.9934
vn 0.0240 -0.2430 -0.9697
vn 0.0256 0.4618 -0.8866
vn 0.0448 -0.0586 -0.9973
vn 0.0450 -0.2452 -0.9684
vn 0.0451 0.1032 -0.9936
vn 0.0434 -0.4548 -0.8895
vn 0.0458 -0.0554 -0.9974
vn 0.0571 -0.3285 -0.9428
vn 0.0418 0.3586 -0.9325
vn 0.0457 0.2202 -0.9744
vn 0.0461 -0.3216 -0.9458
vn 0.0471 0.3447 -0.9375
vn 0.0467 0.2684 -0.9622
vn 0.0557 0.2441 -0.9682
vn 0.0511 0.3636 -0.9301
vn 0.0516 -0.1495 -0.9874
vn 0.0608 -0.0940 -0.9937
vn 0.0625 0.2066 -0.9764
vn 0.0463 0.5828 -0.8113
vn 0.0581 -0.2957 -0.9535
vn 0.0570 -0.4845 -0.8729
vn 0.0528 0.3012 -0.9521
vn 0.0539 -0.1100 -0.9925
vn 0.0527 -0.3681 -0.9283
vn 0.0485 0.3474 -0.9365
vn 0.0576 0.0644 -0.9963
vn 0.0581 -0.1282 -0.9900
vn 0.0503 -0.3637 -0.9301
vn 0.0819 0.3578 -0.9302
vn 0.0658 0.0066 -0.9978
vn 0.0786 -0.0031 -0.9969
vn 0.0960 0.0477 -0.9942
vn 0.0730 0.2059 -0.9759
vn 0.0831 0.2091 -0.9744
vn 0.0916 0.2118 -0.9730
vn 0.1018 0.2149 -0.9713
vn 0.0663 -0.4688 -0.8808
vn 0.0760 -0.0780 -0.9940
vn 0.0888 0.1485 -0.9849
vn 0.0655 0.2601 -0.9633
vn 0.0927 -0.1731 -0.9805
vn 0.0691 -0.2953 -0.9529
vn 0.0982 -0.1419 -0.9850
vn 0.0625 -0.1673 -0.9839
vn 0.0651 -0.1674 -0.9837
vn 0.0850 0.0407 -0.9955
vn 0.0698 -0.2615 -0.9627
vn 0.0796 -0.0138 -0.9967
vn 0.0689 0.5688 -0.8196
vn 0.0747 -0.3353 -0.9391
vn 0.0863 0.3090 -0.9471
vn 0.0893 0.1017 -0.9908
vn 0.0666 -0.3178 -0.9458
vn 0.0645 -0.3138 -0.9473
vn 0.0760 -0.4101 -0.9089
vn 0.0819 -0.1678 -0.9824
vn 0.0872 0.3250 -0.9417
vn 0.0865 0.5720 -0.8157
vn 0.0872 0.0613 -0.9943
vn 0.0742 -0.5207 -0.8505
vn 0.1126 -0.0634 -0.9916
vn 0.0766 -0.1848 -0.9798
vn 0.0417 -0.1426 -0.9889
vn 0.0485 -0.0823 -0.9954
vn 0.0671 0.6493 -0.7576
vn 0.0852 0.5745 -0.8140
vn 0.0734 0.4694 -0.8800
vn 0.0796 0.0164 -0.9967
vn 0.0804 0.0154 -0.9966
vn 0.0858 -0.6349 -0.7678
vn 0.0769 -0.3203 -0.9442
vn 0.0712 -0.5565 -0.8278
vn 0.0937 0.2432 -0.9654
vn 0.0950 0.4290 -0.8983
vn 0.0975 0.4438 -0.8908
vn 0.0903 -0.1139 -0.9894
vn 0.0841 0.5507 -0.8305
vn 0.1034 0.2388 -0.9656
vn 0.0886 -0.2469 -0.9650
vn 0.0872 -0.2325 -0.9687
vn 0.0934 -0.2684 -0.9588
vn 0.0978 0.1538 -0.9832
vn 0.1007 0.4556 -0.8845
vn 0.1043 -0.0251 -0.9942
vn 0.0895 0.2886 -0.9533
vn 0.0941 -0.2744 -0.9570
vn 0.0855 0.7378 -0.6696
vn 0.0935 -0.0094 -0.9956
vn 0.1076 0.3278 -0.9386
vn 0.1125 0.4396 -0.8911
vn 0.1084 0.3434 -0.9329
vn 0.0996 -0.2325 -0.9675
vn 0.1126 0.1149 -0.9870
vn 0.0598 -0.6783 -0.7323
vn 0.0589 -0.6834 -0.7276
vn 0.0753 -0.5304 -0.8444
vn 0.1058 0.0985 -0.9895
vn 0.0831 -0.4128 -0.9070
vn 0.1073 0.4932 -0.8633
vn 0.1075 0.4461 -0.8885
vn 0.1141 0.0240 -0.9932
vn 0.1112 0.0413 -0.9929
vn 0.1210 0.4267 -0.8963
vn 0.0896 -0.4144 -0.9057
vn 0.0857 -0.1957 -0.9769
vn 0.1280 0.0091 -0.9917
vn 0.0979 -0.4431 -0.8911
vn 0.1119 0.5231 -0.8449
vn 0.1130 0.1139 -0.9870
vn 0.1254 0.5615 -0.8179
vn 0.1232 0.1284 -0.9840
vn 0.1350 0.3665 -0.9206
vn 0.1272 0.5483 -0.8266
vn 0.1233 0.1186 -0.9852
vn 0.1114 -0.3034 -0.9463
vn 0.1106 -0.3048 -0.9460
vn 0.1294 0.3256 -0.9366
vn 0.1437 0.1458 -0.9788
vn 0.1317 0.2032 -0.9702
vn 0.1325 0.2674 -0.9544
vn 0.1280 0.2752 -0.9528
vn 0.1245 0.2782 -0.9524
vn 0.1310 -0.1494 -0.9801
vn 0.1150 0.1292 -0.9849
vn 0.1264 -0.1566 -0.9795
vn 0.1732 0.5139 -0.8402
vn 0.1337 -0.1508 -0.9795
vn 0.1469 0.1312 -0.9804
vn 0.1249 0.5064 -0.8532
vn 0.1259 0.0918 -0.9878
vn 0.1336 0.2242 -0.9654
vn 0.1274 -0.0226 -0.9916
vn 0.1290 0.5848 -0.8008
vn 0.1290 0.6208 -0.7732
vn 0.1436 0.1633 -0.9761
vn 0.1422 0.3523 -0.9250
vn 0.1731 0.4715 -0.8647
vn 0.1444 0.1360 -0.9801
vn 0.1778 0.1429 -0.9736
vn 0.1528 0.1873 -0.9704
vn 0.1147 -0.3296 -0.9371
vn 0.1117 0.2584 -0.9596
vn 0.1471 0.3038 -0.9413
vn 0.1273 -0.0253 -0.9915
vn 0.1325 -0.2739 -0.9526
vn 0.1668 0.2555 -0.9523
vn 0.1661 0.2268 -0.9597
vn 0.1693 0.4280 -0.8878
vn 0.1466 0.1474 -0.9782
vn 0.1336 -0.1471 -0.9800
vn 0.1089 -0.3781 -0.9193
vn 0.1604 0.4222 -0.8922
vn 0.1461 0.6383 -0.7558
vn 0.1731 0.4406 -0.8808
vn 0.1678 0.0497 -0.9846
vn 0.1868 0.2294 -0.9552
vn 0.1758 0.2390 -0.9550
vn 0.2263 -0.1300 -0.9653
vn 0.2384 0.0809 -0.9678
vn 0.1696 -0.4379 -0.8829
vn 0.2063 -0.2601 -0.9433
vn 0.0813 -0.7782 -0.6228
vn 0.2647 0.5165 -0.8143
vn 0.2810 0.4411 -0.8523
vn 0.3104 0.2304 -0.9223
vn 0.2786 -0.0987 -0.9553
vn 0.3349 0.3323 -0.8817
vn 0.3006 0.4033 -0.8643
vn 0.3221 0.0512 -0.9453
vn 0.3439 0.1772 -0.9221
vn 0.3392 0.4747 -0.8122
vn 0.3502 0.6959 -0.6270
vn 0.0825 -0.0056 -0.9966
vn 0.0902 -0.1969 -0.9763
vn 0.0344 0.2975 -0.9541
vn -0.0371 0.5655 -0.8239
vn -0.0625 0.2941 -0.9537
vn -0.0549 0.0834 -0.9950
vn -0.0103 -0.2050 -0.9787
vn 0.0350 -0.5183 -0.8545
vn 0.0123 -0.1454 -0.9893
vn 0.0490 0.2856 -0.9571
vn 0.0547 -0.1445 -0.9880
vn 0.0517 -0.1697 -0.9841
vn 0.0535 0.2637 -0.9631
vn 0.0542 0.2314 -0.9713
vn 0.0464 -0.7268 -0.6852
vn 0.0888 0.5023 -0.8601
vn 0.0888 0.3999 -0.9122
vn 0.0882 -0.0351 -0.9955
vn 0.0959 0.2153 -0.9718
vn 0.0908 0.2280 -0.9694
vn 0.0969 0.1328 -0.9864
vn 0.0964 0.3510 -0.9314
vn 0.1008 0.5254 -0.8449
vn 0.0882 -0.0542 -0.9946
vn 0.0854 0.6955 -0.7134
vn 0.0917 0.5702 -0.8164
vn 0.1029 0.2366 -0.9661
vn 0.0921 0.3981 -0.9127
vn 0.0941 -0.1425 -0.9853
vn 0.1018 -0.3494 -0.9314
vn 0.1010 0.6000 -0.7936
vn 0.1121 0.3077 -0.9449
vn 0.0972 0.6518 -0.7521
vn 0.1635 -0.4265 -0.8896
vn 0.1655 -0.0019 -0.9862
vn 0.0774 -0.0987 -0.9921
vn 0.0543 0.0760 -0.9956
vn 0.0575 0.1134 -0.9919
vn 0.0953 0.0361 -0.9948
vn 0.0989 -0.2298 -0.9682
vn 0.0179 -0.2112 -0.9773
vn 0.0555 -0.3150 -0.9475
vn 0.0802 0.2278 -0.9704
vn 0.1424 -0.2888 -0.9467
vn -0.0955 -0.7665 -0.6351
vn -0.0929 -0.7624 -0.6404
vn -0.3677 -0.8885 -0.2745
vn -0.3581 -0.8919 -0.2762
vn 0.0132 -0.8209 -0.5709
vn 0.0125 -0.8207 -0.5712
vn 0.0114 -0.8204 -0.5717
vn -0.0053 -0.8311 -0.5561
vn 0.0446 -0.8046 -0.5921
vn 0.0404 -0.8081 -0.5877
vn 0.0425 -0.8088 -0.5866
vn 0.0145 -0.8214 -0.5702
vn -0.0287 -0.7636 -0.6450
vn -0.0318 -0.7688 -0.6386
vn 0.0144 -0.7643 -0.6447
vn -0.0414 -0.7734 -0.6325
vn -0.0471 -0.7369 -0.6743
vn -0.0594 -0.7283 -0.6827
vn 0.0448 -0.8035 -0.5936
vn 0.0385 -0.8071 -0.5892
vn -0.0016 -0.7236 -0.6902
vn 0.0003 -0.7245 -0.6893
vn -0.0036 -0.7225 -0.6914
vn 0.0243 -0.7522 -0.6584
vn 0.0162 -0.7548 -0.6558
vn 0.0020 -0.7560 -0.6546
vn -0.0020 -0.7234 -0.6904
vn 0.0460 -0.7248 -0.6875
vn 0.0476 -0.7238 -0.6883
vn 0.0526 -0.7220 -0.6899
vn 0.0520 -0.8197 -0.5705
vn 0.0684 -0.8129 -0.5783
vn 0.0543 -0.7218 -0.6900
vn 0.1121 -0.7295 -0.6747
vn 0.1148 -0.7289 -0.6749
vn 0.1077 -0.7308 -0.6740
vn 0.0978 -0.8391 -0.5351
vn 0.0952 -0.8388 -0.5361
vn 0.0924 -0.8402 -0.5343
vn 0.1660 -0.7421 -0.6495
vn 0.1972 -0.7364 -0.6471
vn 0.1101 -0.7302 -0.6743
vn 0.2296 -0.7581 -0.6103
vn 0.2643 -0.7466 -0.6105
vn 0.1585 -0.7513 -0.6407
vn 0.2671 -0.7884 -0.5542
vn 0.1946 -0.7818 -0.5923
vn 0.2218 -0.8613 -0.4571
vn 0.2043 -0.8643 -0.4595
vn 0.1755 -0.8799 -0.4416
vn 0.1377 -0.8816 -0.4515
vn 0.1445 -0.8920 -0.4284
vn 0.1130 -0.8907 -0.4402
vn 0.0861 -0.9026 -0.4218
vn -0.0063 -0.9100 -0.4146
vn -0.0166 -0.9054 -0.4241
vn -0.0105 -0.9063 -0.4224
vn -0.0519 -0.8862 -0.4604
vn 0.0389 -0.7525 -0.6575
vn 0.0521 -0.7285 -0.6831
vn 0.0718 -0.7664 -0.6383
vn 0.0653 -0.7716 -0.6328
vn 0.0655 -0.7704 -0.6342
vn 0.0710 -0.7669 -0.6378
vn 0.1044 -0.7591 -0.6426
vn 0.1094 -0.7561 -0.6453
vn 0.1051 -0.7587 -0.6430
vn 0.0581 -0.8811 -0.4693
vn 0.0670 -0.8886 -0.4538
vn 0.0967 -0.8381 -0.5369
vn 0.1519 -0.7750 -0.6135
vn 0.1466 -0.7779 -0.6110
vn 0.1511 -0.7754 -0.6131
vn 0.1101 -0.7557 -0.6456
vn 0.0986 -0.7891 -0.6063
vn 0.1046 -0.7856 -0.6098
vn 0.1056 -0.7850 -0.6104
vn 0.0977 -0.7896 -0.6057
vn 0.1863 -0.8042 -0.5644
vn 0.0953 -0.8371 -0.5387
vn 0.1395 -0.8068 -0.5741
vn 0.1347 -0.8306 -0.5403
vn 0.1460 -0.7783 -0.6107
vn 0.0735 -0.9400 -0.3331
vn 0.0610 -0.9372 -0.3434
vn 0.0544 -0.9352 -0.3498
vn 0.1044 -0.8887 -0.4464
vn 0.1148 -0.8886 -0.4441
vn 0.1036 -0.8885 -0.4469
vn 0.1066 -0.8922 -0.4388
vn 0.0747 -0.9308 -0.3578
vn 0.0820 -0.9420 -0.3255
vn 0.0426 -0.9612 -0.2724
vn 0.1203 -0.8965 -0.4263
vn 0.1160 -0.8891 -0.4427
vn 0.0746 -0.9308 -0.3578
vn 0.0774 -0.9317 -0.3549
vn 0.0729 -0.9316 -0.3561
vn 0.0401 -0.9599 -0.2775
vn 0.2702 -0.8094 -0.5215
vn 0.0767 -0.9313 -0.3561
vn 0.0541 -0.9363 -0.3470
vn 0.0514 -0.9413 -0.3336
vn 0.0569 -0.9376 -0.3431
vn 0.0503 -0.9611 -0.2715
vn 0.0493 -0.9613 -0.2712
vn 0.0522 -0.9609 -0.2719
vn 0.0475 -0.9431 -0.3291
vn 0.0294 -0.9709 -0.2377
vn 0.0488 -0.9613 -0.2712
vn 0.0300 -0.9472 -0.3192
vn 0.1476 -0.8931 -0.4250
vn 0.0925 -0.9148 -0.3932
vn 0.0823 -0.9133 -0.3988
vn 0.0817 -0.9132 -0.3991
vn 0.1330 -0.8917 -0.4327
vn 0.0313 -0.9672 -0.2519
vn 0.0268 -0.9671 -0.2532
vn 0.0209 -0.9668 -0.2545
vn 0.0606 -0.9463 -0.3176
vn 0.0474 -0.9422 -0.3316
vn 0.0398 -0.9387 -0.3423
vn 0.0931 -0.9149 -0.3929
vn 0.0979 -0.9016 -0.4213
vn 0.1070 -0.9028 -0.4165
vn 0.0987 -0.9017 -0.4208
vn 0.1078 -0.9029 -0.4160
vn 0.0701 -0.9219 -0.3811
vn 0.0671 -0.9214 -0.3828
vn 0.0667 -0.9213 -0.3830
vn 0.0368 -0.9674 -0.2505
vn 0.0407 -0.9445 -0.3259
vn 0.0159 -0.9507 -0.3096
vn 0.0526 -0.9418 -0.3320
vn 0.0183 -0.9742 -0.2251
vn 0.0353 -0.9239 -0.3809
vn 0.0802 -0.9109 -0.4048
vn 0.0779 -0.9103 -0.4066
vn 0.0828 -0.9116 -0.4027
vn 0.0777 -0.9102 -0.4068
vn 0.0736 -0.9224 -0.3791
vn 0.0293 -0.9346 -0.3546
vn 0.0712 -0.9343 -0.3493
vn 0.0473 -0.9537 -0.2972
vn 0.0359 -0.9482 -0.3156
vn 0.0258 -0.9426 -0.3330
vn 0.0086 -0.9679 -0.2512
vn 0.0240 -0.9687 -0.2469
vn 0.0167 -0.9698 -0.2434
vn 0.0190 -0.9697 -0.2438
vn 0.0212 -0.9489 -0.3149
vn 0.0761 -0.9237 -0.3754
vn 0.0171 -0.9382 -0.3458
vn 0.0619 -0.9413 -0.3319
vn 0.0178 -0.9275 -0.3734
vn 0.0088 -0.9746 -0.2238
vn 0.0218 -0.9694 -0.2444
vn 0.0187 -0.9502 -0.3111
vn -0.0009 -0.9557 -0.2945
vn 0.0297 -0.9474 -0.3187
vn 0.1018 -0.9044 -0.4143
vn 0.1055 -0.9051 -0.4120
vn 0.1001 -0.9037 -0.4164
vn 0.1026 -0.9048 -0.4134
vn 0.0711 -0.9157 -0.3956
vn 0.0557 -0.9093 -0.4124
vn 0.0423 -0.9139 -0.4037
vn 0.0065 -0.9689 -0.2473
vn 0.0036 -0.9699 -0.2436
vn -0.0026 -0.9691 -0.2468
vn 0.0289 -0.9552 -0.2947
vn 0.0139 -0.9510 -0.3090
vn 0.0027 -0.9452 -0.3264
vn 0.0417 -0.9421 -0.3328
vn -0.0056 -0.9419 -0.3360
vn 0.0594 -0.9290 -0.3654
vn 0.0037 -0.9287 -0.3708
vn -0.0007 -0.9734 -0.2291
vn 0.0124 -0.9696 -0.2442
vn 0.0092 -0.9498 -0.3126
vn -0.0095 -0.9538 -0.3004
vn 0.0170 -0.9477 -0.3188
vn 0.0701 -0.9112 -0.4061
vn 0.0721 -0.9118 -0.4043
vn 0.0708 -0.9114 -0.4053
vn 0.0711 -0.9116 -0.4049
vn 0.0230 -0.9172 -0.3977
vn 0.0510 -0.9200 -0.3885
vn 0.0455 -0.9154 -0.4001
vn 0.0319 -0.9117 -0.4097
vn 0.0358 -0.9129 -0.4066
vn -0.0114 -0.9668 -0.2553
vn -0.0162 -0.9654 -0.2601
vn -0.0107 -0.9670 -0.2547
vn 0.0221 -0.9567 -0.2904
vn -0.0079 -0.9281 -0.3723
vn 0.0322 -0.9437 -0.3292
vn -0.0089 -0.9409 -0.3387
vn 0.0454 -0.9318 -0.3602
vn -0.0166 -0.9653 -0.2605
vn 0.0454 -0.9143 -0.4024
vn 0.0455 -0.9143 -0.4026
vn 0.0297 -0.9116 -0.4100
vn 0.0160 -0.9150 -0.4032
vn 0.0172 -0.9139 -0.4056
vn 0.0126 -0.9144 -0.4046
vn 0.0072 -0.9180 -0.3965
vn 0.0342 -0.9218 -0.3861
vn 0.0006 -0.9674 -0.2533
vn -0.0026 -0.9682 -0.2500
vn 0.0061 -0.9661 -0.2583
vn -0.0074 -0.9697 -0.2443
vn 0.0247 -0.9319 -0.3619
vn -0.0149 -0.9463 -0.3230
vn 0.0158 -0.9451 -0.3263
vn -0.0021 -0.9356 -0.3532
vn 0.0194 -0.9456 -0.3247
vn -0.0163 -0.9267 -0.3754
vn -0.0008 -0.9372 -0.3487
vn -0.0163 -0.9666 -0.2557
vn -0.0093 -0.9500 -0.3121
vn -0.0093 -0.9489 -0.3154
vn -0.0101 -0.9491 -0.3149
vn -0.0221 -0.9628 -0.2693
vn -0.0212 -0.9628 -0.2692
vn -0.0147 -0.9666 -0.2560
vn 0.0087 -0.9115 -0.4112
vn 0.0132 -0.9104 -0.4135
vn 0.0164 -0.9138 -0.4059
vn -0.0286 -0.9586 -0.2833
vn -0.0077 -0.9069 -0.4213
vn 0.0068 -0.9186 -0.3952
vn -0.0214 -0.9628 -0.2693
vn -0.0141 -0.9625 -0.2709
vn -0.0130 -0.9618 -0.2733
vn -0.0089 -0.9612 -0.2759
vn 0.0003 -0.9274 -0.3742
vn -0.0144 -0.9320 -0.3622
vn -0.0007 -0.9272 -0.3745
vn -0.0366 -0.9592 -0.2805
vn -0.0071 -0.9408 -0.3390
vn -0.0223 -0.9403 -0.3395
vn -0.0208 -0.9421 -0.3347
vn -0.0328 -0.9574 -0.2868
vn -0.0377 -0.9551 -0.2940
vn -0.0228 -0.9583 -0.2847
vn -0.0288 -0.9345 -0.3547
vn -0.0301 -0.9344 -0.3548
vn -0.0107 -0.9407 -0.3391
vn -0.0237 -0.9123 -0.4089
vn -0.0206 -0.9098 -0.4145
vn -0.0306 -0.9129 -0.4071
vn -0.0243 -0.9085 -0.4172
vn -0.0352 -0.8958 -0.4430
vn -0.0342 -0.8956 -0.4436
vn -0.0333 -0.8954 -0.4441
vn -0.0400 -0.9546 -0.2952
vn -0.0396 -0.9067 -0.4199
vn -0.0365 -0.9113 -0.4102
vn -0.0286 -0.9157 -0.4009
vn -0.0574 -0.9468 -0.3166
vn -0.0491 -0.9468 -0.3179
vn -0.0636 -0.9461 -0.3174
vn -0.0809 -0.9421 -0.3254
vn -0.0505 -0.9278 -0.3695
vn -0.0607 -0.9148 -0.3992
vn -0.0424 -0.9294 -0.3666
vn -0.1224 -0.9399 -0.3186
vn -0.0661 -0.9204 -0.3853
vn -0.1383 -0.9411 -0.3087
vn -0.0496 -0.9015 -0.4298
vn -0.0746 -0.8955 -0.4388
vn -0.0710 -0.8969 -0.4365
vn -0.0953 -0.9081 -0.4078
vn -0.0564 -0.9119 -0.4065
vn -0.0664 -0.9189 -0.3889
vn -0.0917 -0.8314 -0.5480
vn -0.0869 -0.8303 -0.5505
vn -0.0893 -0.8302 -0.5503
vn 0.1518 -0.8428 -0.5164
vn 0.1580 -0.8410 -0.5175
vn 0.1556 -0.8411 -0.5180
vn 0.1737 -0.8123 -0.5567
vn 0.1539 -0.8419 -0.5173
vn 0.1956 -0.8256 -0.5293
vn 0.2204 -0.8053 -0.5504
vn 0.2600 -0.8013 -0.5388
vn 0.2105 -0.8218 -0.5295
vn 0.1758 -0.8585 -0.4817
vn 0.1691 -0.8567 -0.4872
vn 0.1703 -0.8582 -0.4843
vn 0.2099 -0.8318 -0.5139
vn 0.1750 -0.8611 -0.4773
vn 0.2351 -0.8374 -0.4935
vn 0.1635 -0.8594 -0.4845
vn -0.0099 -0.9501 -0.3119
vn -0.0045 -0.9214 -0.3885
vn -0.0007 -0.9222 -0.3867
vn 0.0127 -0.9258 -0.3777
vn -0.0145 -0.9182 -0.3957
vn -0.0116 -0.9471 -0.3206
vn -0.0153 -0.9310 -0.3648
vn -0.0044 -0.9472 -0.3205
vn -0.0456 -0.9496 -0.3100
vn -0.0301 -0.9389 -0.3430
vn -0.0352 -0.9298 -0.3663
vn -0.0391 -0.9298 -0.3660
vn -0.0565 -0.9468 -0.3168
vn -0.0487 -0.8817 -0.4693
vn -0.0497 -0.8832 -0.4663
vn -0.0552 -0.8807 -0.4704
vn -0.0274 -0.8884 -0.4583
vn -0.0236 -0.9100 -0.4139
vn -0.0436 -0.9063 -0.4203
vn -0.0540 -0.9038 -0.4246
vn -0.0180 -0.9112 -0.4116
vn -0.0573 -0.8832 -0.4655
vn -0.0502 -0.8759 -0.4798
vn -0.0480 -0.8791 -0.4743
vn -0.0411 -0.8817 -0.4700
vn -0.0704 -0.8549 -0.5141
vn -0.0703 -0.8565 -0.5113
vn -0.0760 -0.8549 -0.5133
vn -0.0628 -0.8765 -0.4772
vn -0.0582 -0.8748 -0.4809
vn -0.0673 -0.8575 -0.5101
vn -0.0908 -0.8314 -0.5482
vn 0.1281 0.9517 0.2791
vn 0.1201 0.9519 0.2817
vn 0.0790 0.9605 0.2668
vn 0.0831 0.8248 0.5593
vn 0.0786 0.8242 0.5609
vn 0.0825 0.8264 0.5571
vn 0.0928 0.8707 0.4830
vn 0.0177 0.8860 0.4634
vn 0.0641 0.8562 0.5127
vn 0.0641 0.8557 0.5136
vn 0.0616 0.8578 0.5103
vn 0.2191 0.6028 0.7672
vn 0.1317 0.9656 0.2241
vn 0.0661 0.9268 0.3696
vn 0.0906 0.9361 0.3398
vn 0.0926 0.9288 0.3588
vn 0.0722 0.9318 0.3557
vn 0.1107 0.9430 0.3138
vn 0.1089 0.9427 0.3153
vn 0.1307 0.9408 0.3128
vn 0.1345 0.9628 0.2346
vn 0.1668 0.9490 0.2675
vn 0.1790 0.9565 0.2305
vn 0.1751 0.9574 0.2297
vn 0.3001 0.9362 0.1830
vn 0.1832 0.9441 0.2740
vn 0.2738 0.9394 0.2062
vn 0.1817 0.9531 0.2419
vn 0.2757 0.9310 0.2393
vn 0.0088 0.9988 -0.0486
vn -0.0003 0.9882 0.1532
vn 0.0180 0.9966 0.0803
vn -0.0821 0.8315 0.5494
vn -0.1049 0.8325 0.5440
vn -0.0983 0.8341 0.5427
vn -0.1165 0.7634 0.6353
vn -0.1215 0.7657 0.6317
vn -0.1045 0.7558 0.6464
vn -0.0964 0.8202 0.5639
vn -0.1374 0.7718 0.6209
vn -0.1284 0.7744 0.6196
vn -0.1229 0.8329 0.5396
vn -0.2360 0.7744 0.5870
vn -0.2398 0.7751 0.5846
vn -0.2465 0.7775 0.5785
vn -0.2965 0.7520 0.5888
vn -0.2873 0.7393 0.6090
vn -0.2888 0.7443 0.6021
vn 0.0659 0.6905 0.7203
vn -0.2479 0.7845 0.5684
vn -0.2585 0.7857 0.5621
vn -0.2703 0.7868 0.5549
vn -0.0989 0.9463 0.3078
vn -0.0928 0.9455 0.3120
vn -0.0942 0.9462 0.3097
vn -0.1212 0.8930 0.4334
vn -0.0990 0.9025 0.4191
vn -0.0928 0.9040 0.4173
vn -0.1252 0.8961 0.4258
vn -0.0861 0.9465 0.3110
vn -0.1434 0.8925 0.4276
vn -0.1151 0.9382 0.3265
vn -0.1087 0.9321 0.3454
vn -0.1137 0.9381 0.3273
vn -0.1411 0.8918 0.4298
vn -0.0747 0.9929 0.0924
vn -0.0887 0.9674 0.2374
vn -0.0836 0.9763 0.1995
vn -0.0840 0.9653 0.2474
vn -0.0725 0.9811 0.1791
vn -0.1076 0.9435 0.3133
vn -0.1104 0.9441 0.3106
vn -0.0984 0.9426 0.3191
vn -0.1179 0.9449 0.3054
vn -0.0427 0.9880 0.1484
vn -0.0938 0.9762 0.1954
vn -0.0930 0.9718 0.2168
vn -0.0962 0.9871 0.1283
vn -0.0900 0.9550 0.2827
vn -0.1091 0.9813 0.1588
vn -0.1148 0.9811 0.1557
vn -0.1460 0.9796 0.1384
vn -0.0693 0.9935 0.0901
vn -0.0656 0.9944 0.0827
vn -0.0670 0.9941 0.0859
vn -0.0812 0.9814 0.1740
vn -0.0973 0.9405 0.3256
vn -0.1109 0.9511 0.2884
vn -0.0758 0.9742 0.2126
vn -0.1093 0.9222 0.3710
vn -0.1077 0.9222 0.3715
vn -0.0985 0.9234 0.3710
vn -0.1164 0.9388 0.3242
vn -0.0967 0.9718 0.2151
vn -0.0669 0.9624 0.2632
vn -0.0836 0.9008 0.4262
vn -0.0975 0.9101 0.4028
vn -0.0911 0.9115 0.4012
vn -0.1157 0.9059 0.4074
vn -0.1192 0.9209 0.3712
vn -0.0953 0.9588 0.2677
vn -0.0816 0.9531 0.2915
vn -0.0829 0.9506 0.2993
vn -0.0786 0.9460 0.3144
vn -0.0759 0.9146 0.3972
vn -0.0523 0.9984 -0.0204
vn -0.0401 0.9992 -0.0036
vn -0.0356 0.9993 0.0096
vn -0.0701 0.9933 0.0917
vn -0.0674 0.9890 0.1317
vn -0.0682 0.9889 0.1318
vn -0.0500 0.9899 0.1328
vn -0.0688 0.9779 0.1975
vn -0.0651 0.9783 0.1967
vn -0.0558 0.9794 0.1941
vn -0.0852 0.9878 0.1305
vn -0.0224 0.9994 0.0271
vn -0.0778 0.9767 0.1999
vn -0.0539 0.9908 0.1243
vn -0.0277 0.9995 -0.0138
vn -0.0369 0.9929 0.1128
vn -0.0872 0.9957 0.0308
vn -0.0377 0.9870 0.1563
vn -0.0480 0.9865 0.1567
vn -0.0476 0.9864 0.1572
vn -0.0600 0.9855 0.1584
vn -0.0823 0.9654 0.2476
vn -0.0210 0.9720 0.2342
vn -0.0652 0.9570 0.2827
vn -0.0659 0.9570 0.2827
vn -0.0648 0.9570 0.2827
vn -0.0233 0.9310 0.3642
vn -0.0626 0.9361 0.3462
vn -0.0508 0.9400 0.3374
vn -0.0511 0.9401 0.3370
vn -0.0483 0.9392 0.3401
vn -0.0504 0.9631 0.2643
vn -0.0006 0.9690 0.2471
vn -0.0574 0.9285 0.3668
vn -0.1029 0.9306 0.3512
vn -0.0451 0.9988 0.0213
vn -0.0367 0.9958 0.0843
vn -0.0384 0.9957 0.0841
vn -0.0201 0.9960 0.0866
vn -0.0279 0.9969 -0.0740
vn -0.0340 0.9864 0.1608
vn -0.0378 0.9866 0.1590
vn -0.0219 0.9870 0.1590
vn -0.0561 0.9951 0.0816
vn 0.0079 0.9999 -0.0111
vn -0.0480 0.9864 0.1572
vn -0.0371 0.9637 0.2644
vn -0.0693 0.9728 0.2210
vn 0.0033 0.9986 -0.0533
vn -0.0289 0.9952 0.0936
vn -0.0053 0.9966 0.0818
vn -0.0634 0.9979 -0.0158
vn -0.0080 0.9898 0.1422
vn -0.0160 0.9903 0.1378
vn -0.0246 0.9907 0.1339
vn -0.0447 0.9634 0.2643
vn -0.0337 0.9905 0.1331
vn -0.0192 0.9793 0.2015
vn -0.0089 0.9789 0.2040
vn -0.0191 0.9791 0.2025
vn 0.0021 0.9859 0.1675
vn -0.0389 0.9845 0.1711
vn -0.0069 0.9939 0.1105
vn -0.0315 0.9970 0.0704
vn -0.0227 0.9976 -0.0658
vn 0.0006 0.9979 -0.0645
vn 0.0038 0.9981 -0.0622
vn -0.0057 0.9960 0.0892
vn -0.0031 0.9985 0.0552
vn -0.0484 0.9985 0.0249
vn -0.0164 0.9837 0.1793
vn -0.0467 0.9544 0.2947
vn -0.0284 0.9531 0.3014
vn -0.0162 0.9528 0.3032
vn 0.0264 0.9980 -0.0567
vn -0.0079 0.9961 0.0876
vn 0.0106 0.9975 0.0695
vn -0.0158 0.9803 0.1969
vn -0.0233 0.9799 0.1982
vn -0.0134 0.9804 0.1965
vn 0.0134 0.9893 0.1451
vn 0.0022 0.9639 0.2664
vn -0.0040 0.9651 0.2619
vn -0.0030 0.9651 0.2618
vn -0.0317 0.9333 0.3578
vn -0.0126 0.9640 0.2657
vn 0.0030 0.9837 0.1797
vn -0.0086 0.9633 0.2683
vn -0.0153 0.9900 0.1405
vn -0.0113 0.9270 0.3750
vn -0.0179 0.9311 0.3643
vn -0.0098 0.9270 0.3748
vn -0.0447 0.9651 0.2580
vn 0.0122 0.9456 0.3250
vn -0.0052 0.9452 0.3264
vn 0.0364 0.9677 0.2494
vn 0.0203 0.9869 0.1604
vn -0.0087 0.9970 0.0772
vn 0.0016 0.9990 -0.0438
vn 0.0120 0.9951 0.0986
vn 0.0559 0.9983 0.0167
vn -0.0051 0.9886 0.1506
vn 0.0100 0.9656 0.2599
vn -0.0201 0.9769 0.2128
vn 0.0286 0.9874 0.1559
vn -0.0190 0.9997 -0.0153
vn 0.0338 0.9946 0.0985
vn 0.0477 0.9985 -0.0273
vn 0.0080 0.9947 0.1027
vn 0.0004 0.9285 0.3714
vn -0.0026 0.9294 0.3691
vn -0.0098 0.9326 0.3607
vn 0.0122 0.9586 0.2846
vn 0.0134 0.9584 0.2852
vn 0.0161 0.9582 0.2858
vn -0.0184 0.9677 0.2513
vn 0.0172 0.9587 0.2840
vn 0.0125 0.9794 0.2015
vn 0.0110 0.9271 0.3748
vn 0.0253 0.9764 0.2144
vn 0.0052 0.9897 0.1431
vn 0.0064 0.9360 0.3520
vn 0.0178 0.9281 0.3720
vn 0.0160 0.9295 0.3685
vn 0.0335 0.9835 0.1778
vn 0.0166 0.9998 -0.0098
vn 0.0265 0.9924 0.1203
vn 0.0052 0.9953 0.0964
vn 0.0718 0.9961 0.0513
vn 0.0040 0.9677 0.2520
vn 0.0237 0.9648 0.2620
vn -0.0223 0.9711 0.2376
vn 0.0140 0.9811 0.1930
vn 0.0019 0.9851 0.1719
vn 0.0083 0.9827 0.1849
vn 0.0126 0.9229 0.3847
vn 0.0066 0.9366 0.3503
vn 0.0661 0.9978 0.0083
vn -0.0043 0.9999 0.0129
vn 0.0468 0.9911 0.1250
vn 0.0183 0.9921 0.1245
vn 0.0346 0.9255 0.3771
vn 0.0311 0.9268 0.3744
vn 0.0453 0.9229 0.3823
vn 0.0182 0.9396 0.3419
vn 0.0246 0.9573 0.2880
vn 0.0329 0.9599 0.2784
vn 0.0529 0.9557 0.2895
vn 0.0262 0.9627 0.2694
vn 0.0709 0.9798 0.1870
vn 0.0269 0.9993 0.0253
vn 0.0321 0.9884 0.1487
vn 0.0394 0.9888 0.1437
vn 0.0377 0.9887 0.1449
vn 0.0258 0.9894 0.1430
vn 0.0679 0.9964 0.0514
vn -0.0031 0.9889 0.1485
vn 0.1072 0.7879 0.6064
vn 0.0769 0.8267 0.5573
vn 0.0795 0.8231 0.5622
vn -0.2333 0.7460 0.6237
vn -0.2997 0.7289 0.6155
vn -0.2795 0.7435 0.6076
vn -0.2804 0.7143 0.6412
vn -0.2810 0.7141 0.6412
vn -0.3005 0.7580 0.5790
vn -0.0665 0.9746 0.2138
vn -0.0859 0.9456 0.3138
vn -0.0642 0.9570 0.2828
vn 0.0238 0.9791 0.2018
vn 0.0152 0.9580 0.2864
vn 0.0365 0.9625 0.2687
vn 0.0535 0.6891 0.7227
vn 0.0580 0.6873 0.7240
vn 0.0500 0.7168 0.6954
vn 0.0434 0.7247 0.6877
vn 0.0791 0.7727 0.6298
vn 0.0586 0.7553 0.6528
vn 0.0209 0.7340 0.6789
vn 0.0393 0.7104 0.7027
vn 0.0277 0.7906 0.6117
vn 0.0124 0.6648 0.7469
vn 0.0083 0.6933 0.7206
vn 0.0080 0.6951 0.7188
vn -0.0059 0.6750 0.7378
vn 0.0032 0.7266 0.6871
vn 0.0081 0.8979 0.4401
vn 0.0157 0.8860 0.4634
vn 0.0252 0.8640 0.5029
vn 0.0397 0.8469 0.5302
vn -0.0982 0.6669 0.7386
vn -0.0572 0.6691 0.7410
vn -0.0601 0.6690 0.7409
vn 0.0152 0.9157 0.4017
vn -0.0431 0.7058 0.7071
vn -0.0276 0.7081 0.7056
vn -0.0108 0.7113 0.7028
vn 0.0031 0.8762 0.4819
vn 0.0100 0.8911 0.4536
vn 0.0304 0.7917 0.6102
vn 0.0002 0.7886 0.6150
vn 0.0119 0.8354 0.5496
vn 0.0123 0.8343 0.5511
vn 0.0224 0.8079 0.5888
vn -0.1002 0.6712 0.7344
vn -0.1542 0.6752 0.7214
vn -0.0920 0.7044 0.7038
vn -0.0784 0.7047 0.7052
vn -0.0707 0.7488 0.6590
vn -0.0604 0.7684 0.6371
vn -0.0595 0.7749 0.6293
vn -0.1422 0.6755 0.7235
vn -0.1196 0.7018 0.7023
vn -0.1876 0.6801 0.7087
vn -0.2066 0.6894 0.6943
vn -0.1930 0.6897 0.6979
vn -0.2173 0.6843 0.6961
vn -0.1658 0.6867 0.7078
vn -0.1350 0.7172 0.6836
vn -0.1252 0.7161 0.6867
vn -0.1082 0.7140 0.6918
vn -0.1005 0.7588 0.6435
vn -0.0932 0.7526 0.6518
vn -0.2607 0.6899 0.6753
vn -0.1849 0.6948 0.6951
vn -0.1576 0.7195 0.6763
vn -0.1607 0.7277 0.6668
vn -0.1679 0.7302 0.6623
vn -0.1479 0.7238 0.6740
vn -0.1714 0.7326 0.6587
vn -0.2798 0.7145 0.6413
vn -0.2114 0.7140 0.6674
vn -0.1742 0.7322 0.6585
vn -0.2139 0.7565 0.6180
vn -0.2134 0.7577 0.6166
vn -0.1995 0.7607 0.6176
vn -0.1650 0.7898 0.5907
vn -0.2280 0.7554 0.6143
vn -0.1917 0.7816 0.5936
vn -0.2597 0.8020 0.5379
vn -0.2141 0.8211 0.5292
vn -0.2085 0.8367 0.5065
vn -0.2123 0.8239 0.5255
vn -0.1855 0.8309 0.5246
vn -0.1893 0.8254 0.5318
vn -0.2299 0.8228 0.5198
vn -0.1828 0.8382 0.5138
vn -0.1839 0.8382 0.5135
vn -0.2018 0.8346 0.5126
vn -0.1697 0.8354 0.5228
vn -0.1779 0.8622 0.4743
vn -0.1556 0.8525 0.4991
vn -0.1509 0.8927 0.4247
vn -0.1485 0.8931 0.4246
vn -0.1355 0.8967 0.4214
vn -0.1558 0.8650 0.4770
vn -0.1056 0.8787 0.4655
vn -0.1169 0.8771 0.4659
vn -0.1257 0.8763 0.4651
vn -0.1018 0.8806 0.4628
vn -0.0949 0.8898 0.4463
vn -0.1178 0.8711 0.4767
vn -0.0995 0.8779 0.4683
vn -0.0743 0.8913 0.4473
vn -0.0677 0.8706 0.4873
vn -0.0778 0.8721 0.4831
vn -0.0805 0.8717 0.4833
vn -0.0376 0.9013 0.4316
vn -0.0497 0.9006 0.4318
vn -0.0616 0.9002 0.4311
vn -0.0219 0.9037 0.4275
vn -0.0234 0.9028 0.4294
vn 0.0013 0.9029 0.4299
vn -0.0053 0.9041 0.4273
vn 0.0057 0.9015 0.4328
vn 0.0202 0.8987 0.4380
vn 0.0163 0.9003 0.4349
vn 0.0347 0.8925 0.4498
vn 0.0310 0.9211 0.3880
vn 0.0336 0.8925 0.4498
vn 0.0318 0.9242 0.3806
vn 0.0367 0.8894 0.4556
vn 0.0615 0.8543 0.5161
vn 0.0404 0.8650 0.5002
vn 0.0322 0.9208 0.3887
vn 0.0390 0.8895 0.4554
vn 0.0522 0.9093 0.4128
vn 0.0484 0.9092 0.4135
vn 0.0481 0.8779 0.4764
vn 0.0514 0.8780 0.4759
vn 0.0554 0.8780 0.4754
vn 0.0579 0.8964 0.4394
vn 0.0549 0.8978 0.4371
vn 0.0633 0.8932 0.4452
vn 0.0780 0.8952 0.4387
vn 0.0762 0.8942 0.4411
vn 0.0060 0.9259 0.3776
vn 0.0805 0.9252 0.3708
vn 0.1744 0.9393 0.2954
vn 0.0056 0.9625 0.2711
vn 0.0105 0.9768 0.2138
vn 0.0249 0.9591 0.2819
vn 0.0405 0.9480 0.3158
vn 0.0088 0.9885 0.1508
vn 0.0049 0.9616 0.2744
vn -0.0143 0.9708 0.2395
vn -0.0140 0.8961 0.4436
vn -0.0067 0.8867 0.4622
vn -0.0089 0.8675 0.4974
vn -0.0770 0.7932 0.6041
vn -0.0146 0.8366 0.5476
vn -0.0143 0.7779 0.6282
vn -0.0376 0.8889 0.4565
vn -0.0269 0.8786 0.4768
vn -0.0495 0.8076 0.5877
vn -0.0586 0.8088 0.5851
vn -0.0432 0.8060 0.5904
vn -0.0575 0.8135 0.5788
vn -0.0487 0.8907 0.4520
vn -0.0620 0.8775 0.4755
vn -0.0637 0.8101 0.5828
vn -0.0758 0.8979 0.4335
vn -0.1648 0.8132 0.5582
vn -0.1524 0.8125 0.5627
vn -0.1282 0.8146 0.5657
vn -0.0904 0.8901 0.4468
vn -0.0732 0.8616 0.5023
vn -0.0641 0.9282 0.3664
vn -0.1852 0.8101 0.5563
vn -0.2282 0.7708 0.5948
vn -0.2353 0.7830 0.5758
vn -0.1674 0.8329 0.5275
vn -0.1673 0.8332 0.5271
vn -0.1649 0.8320 0.5297
vn -0.2060 0.8216 0.5315
vn -0.2114 0.8285 0.5185
vn -0.1438 0.8579 0.4932
vn -0.1288 0.8582 0.4969
vn -0.1255 0.8498 0.5120
vn -0.1318 0.8657 0.4829
vn -0.1230 0.8431 0.5235
vn -0.1647 0.8319 0.5298
vn -0.2174 0.8101 0.5446
vn -0.1103 0.9324 0.3442
vn -0.1292 0.8758 0.4651
vn -0.1728 0.8725 0.4571
vn -0.1499 0.8918 0.4268
vn -0.1598 0.8890 0.4292
vn -0.1746 0.8730 0.4554
vn -0.1218 0.9134 0.3885
vn -0.1295 0.8972 0.4222
vn -0.1009 0.8998 0.4245
vn -0.1705 0.8406 0.5142
vn -0.1198 0.8600 0.4960
vn -0.1506 0.8927 0.4247
vn -0.0776 0.8774 0.4734
vn -0.0647 0.8700 0.4887
vn -0.0692 0.8767 0.4760
vn -0.1199 0.8608 0.4946
vn -0.1212 0.8609 0.4940
vn -0.1175 0.8598 0.4969
vn -0.1184 0.8601 0.4963
vn -0.0527 0.8683 0.4933
vn -0.0928 0.9097 0.4047
vn -0.1035 0.9201 0.3778
vn -0.0575 0.9158 0.3976
vn -0.0533 0.9178 0.3934
vn -0.0584 0.9150 0.3991
vn -0.0680 0.8717 0.4853
vn -0.0403 0.8837 0.4662
vn -0.0265 0.8786 0.4768
vn -0.0359 0.8817 0.4705
vn -0.0481 0.9391 0.3403
vn -0.0522 0.9204 0.3876
vn -0.0518 0.8687 0.4927
vn -0.0183 0.8754 0.4830
vn -0.0173 0.9472 0.3203
vn -0.0091 0.9995 -0.0313
vn -0.0164 0.9324 0.3609
vn -0.0497 0.9491 0.3109
vn -0.0176 0.9621 0.2720
vn -0.0183 0.9631 0.2684
vn -0.0165 0.9626 0.2704
vn -0.0313 0.9790 0.2012
vn -0.0288 0.9219 0.3862
vn -0.0383 0.9277 0.3714
vn -0.0384 0.9288 0.3686
vn -0.0501 0.9340 0.3537
vn -0.0047 0.9374 0.3482
vn -0.0195 0.9627 0.2699
vn -0.0027 0.9513 0.3083
vn -0.0220 0.8730 0.4873
vn -0.0189 0.8767 0.4807
vn -0.0390 0.8776 0.4777
vn -0.0377 0.8774 0.4782
vn -0.0146 0.8850 0.4653
vn -0.0079 0.8811 0.4729
vn -0.0055 0.8808 0.4734
vn -0.0070 0.9807 0.1954
vn 0.0087 0.8699 0.4931
vn 0.0080 0.9997 -0.0246
vn -0.0057 0.9235 0.3835
vn 0.0157 0.9356 0.3527
vn 0.0172 0.8684 0.4955
vn 0.0128 0.8800 0.4748
vn 0.0207 0.8783 0.4777
vn 0.0216 0.9998 0.0039
vn 0.0273 0.8662 0.4989
vn 0.0272 0.8762 0.4811
vn 0.0277 0.8764 0.4807
vn 0.0444 0.8593 0.5095
vn 0.0576 0.8631 0.5018
vn 0.0273 0.8666 0.4983
vn 0.0318 0.9988 0.0367
vn 0.0302 0.9882 0.1501
vn 0.0409 0.9969 0.0672
vn 0.0405 0.9836 0.1755
vn 0.0170 0.9646 0.2631
vn 0.0743 0.9864 0.1468
vn 0.0302 0.9573 0.2876
vn 0.0546 0.9567 0.2857
vn 0.0302 0.9927 0.1164
vn -0.0289 0.9932 0.1127
vn 0.1344 0.9568 0.2577
vn 0.0488 0.9942 0.0960
vn 0.0112 0.9649 0.2626
vn 0.0408 0.9497 0.3105
vn 0.0540 0.8499 0.5242
vn 0.0545 0.8519 0.5209
vn 0.0424 0.8558 0.5156
vn 0.0388 0.9696 0.2415
vn 0.0634 0.9872 0.1466
vn 0.0685 0.9528 0.2957
vn 0.0519 0.8778 0.4761
vn 0.0013 0.9565 0.2917
vn 0.0258 0.9616 0.2732
vn 0.0223 0.9611 0.2755
vn 0.0269 0.9838 0.1771
vn 0.0225 0.9856 0.1675
vn -0.0094 0.9920 0.1256
vn 0.0542 0.9915 0.1186
vn 0.0703 0.9402 0.3331
vn 0.0467 0.9657 0.2555
vn 0.0270 0.9597 0.2797
vn 0.0542 0.9386 0.3406
vn 0.0484 0.9383 0.3423
vn 0.0484 0.9392 0.3400
vn 0.0658 0.9884 0.1369
vn 0.0612 0.9887 0.1367
vn 0.0603 0.9888 0.1365
vn 0.1141 0.9676 0.2251
vn 0.0667 0.9883 0.1371
vn 0.0506 0.9756 0.2135
vn 0.0538 0.9736 0.2217
vn 0.0855 0.8242 0.5598
vn 0.0570 0.9613 0.2696
vn 0.0570 0.9557 0.2888
vn 0.0532 0.9620 0.2678
vn 0.0679 0.9853 0.1570
vn 0.0698 0.9830 0.1700
vn 0.0713 0.9850 0.1573
vn 0.0495 0.9857 0.1612
vn 0.0688 0.9667 0.2464
vn 0.0624 0.9679 0.2433
vn 0.0576 0.9669 0.2486
vn 0.0873 0.9805 0.1760
vn 0.0591 0.8617 0.5039
vn 0.0589 0.9441 0.3244
vn 0.0903 0.9773 0.1918
vn 0.0643 0.9447 0.3216
vn 0.0783 0.9619 0.2620
vn 0.0971 0.9742 0.2036
vn 0.0898 0.9762 0.1972
vn 0.0412 0.9510 0.3065
vn 0.0570 0.9495 0.3084
vn 0.0641 0.9480 0.3119
vn 0.0601 0.9270 0.3702
vn 0.0606 0.9280 0.3677
vn 0.0967 0.9749 0.2005
vn 0.1065 0.9725 0.2073
vn 0.1073 0.9693 0.2213
vn -0.0621 0.3348 0.9402
vn -0.0699 -0.0910 0.9934
vn -0.1601 0.3211 0.9334
vn -0.1667 -0.4908 0.8552
vn -0.1299 -0.4319 0.8925
vn -0.2505 -0.4215 0.8715
vn -0.2446 0.4622 0.8524
vn -0.3316 -0.3508 0.8758
vn -0.3363 0.3307 0.8818
vn -0.4046 -0.4397 0.8019
vn -0.4143 0.3981 0.8185
vn -0.4892 -0.4226 0.7630
vn -0.5075 0.3586 0.7835
vn -0.5571 -0.4381 0.7054
vn -0.5676 0.4390 0.6965
vn -0.6070 -0.0186 0.7945
vn -0.5663 0.5510 0.6130
vn -0.6558 0.4139 0.6314
vn -0.6209 0.1216 0.7744
vn -0.6966 0.1745 0.6959
vn -0.6566 -0.3606 0.6625
vn -0.7404 0.2731 0.6142
vn -0.7279 0.3828 0.5688
vn -0.7579 0.1096 0.6431
vn -0.6224 -0.2041 0.7556
vn -0.7774 0.3414 0.5282
vn -0.7498 0.4152 0.5153
vn -0.7378 -0.0804 0.6702
vn -0.8234 0.2851 0.4907
vn -0.6900 -0.5016 0.5218
vn -0.6647 -0.3005 0.6840
vn -0.7137 -0.2985 0.6337
vn -0.8425 0.0040 0.5387
vn -0.7576 0.5104 0.4068
vn -0.7784 -0.3761 0.5026
vn -0.8733 0.3473 0.3415
vn -0.8404 0.3468 0.4165
vn -0.8851 0.0083 0.4652
vn -0.9167 0.1698 0.3617
vn -0.8460 0.3876 0.3661
vn -0.8544 -0.0028 0.5196
vn -0.7656 -0.2768 0.5807
vn -0.7304 -0.5561 0.3965
vn -0.8884 -0.0019 0.4590
vn -0.7859 -0.2998 0.5408
vn -0.9210 0.3443 0.1825
vn -0.9378 0.0676 0.3404
vn -0.9400 0.2751 0.2015
vn -0.8354 -0.3907 0.3866
vn -0.8223 -0.3033 0.4815
vn -0.8845 -0.3520 0.3063
vn -0.9227 0.3850 0.0207
vn -0.8115 0.5352 0.2346
vn -0.8945 0.4237 0.1429
vn -0.8522 -0.4797 0.2092
vn -0.8637 -0.2848 0.4158
vn -0.9763 -0.0019 0.2166
vn -0.9876 0.0011 0.1570
vn -0.9838 0.0014 0.1792
vn -0.9806 -0.0000 0.1959
vn -0.9156 0.3998 0.0420
vn -0.9617 0.2614 -0.0829
vn -0.8905 -0.4248 0.1628
vn -0.9875 -0.0018 0.1579
vn -0.7949 -0.4259 0.4321
vn -0.9200 -0.2489 0.3026
vn -0.9721 0.2118 -0.1009
vn -0.9337 -0.3458 0.0925
vn -0.9096 -0.3021 0.2854
vn -1.0000 0.0042 0.0033
vn -0.9458 0.3209 -0.0499
vn -0.9589 0.2252 -0.1724
vn -1.0000 -0.0016 0.0049
vn -0.9130 -0.4071 0.0283
vn -0.9124 0.2951 -0.2837
vn -0.9349 0.2356 -0.2653
vn -0.9276 -0.3690 -0.0573
vn -0.9623 -0.2357 0.1360
vn -0.9594 0.2469 -0.1363
vn -0.9721 -0.2199 0.0813
vn -0.9929 0.0008 -0.1190
vn -0.8574 -0.5081 -0.0824
vn -0.9955 -0.0028 -0.0949
vn -0.9933 -0.0022 -0.1158
vn -0.9756 -0.2171 0.0332
vn -0.9040 0.2346 -0.3575
vn -0.8445 0.4869 -0.2229
vn -0.8585 -0.4808 -0.1781
vn -0.9615 -0.2268 -0.1552
vn -0.9524 -0.2998 0.0547
vn -0.9769 -0.1973 -0.0821
vn -0.8832 0.2354 -0.4057
vn -0.9129 -0.2995 -0.2774
vn -0.9636 -0.2328 -0.1316
vn -0.7793 -0.5533 -0.2940
vn -0.9395 -0.0038 -0.3425
vn -0.9434 -0.2035 -0.2620
vn -0.9110 -0.1148 -0.3961
vn -0.9518 -0.2529 -0.1737
vn -0.7716 0.2581 -0.5814
vn -0.8135 0.2329 -0.5329
vn -0.8284 0.4752 -0.2965
vn -0.7803 -0.4894 -0.3893
vn -0.8716 0.0347 -0.4889
vn -0.8755 0.0664 -0.4786
vn -0.7558 0.4996 -0.4233
vn -0.7670 0.2292 -0.5993
vn -0.7729 -0.4615 -0.4355
vn -0.9166 -0.2542 -0.3086
vn -0.6840 0.2617 -0.6809
vn -0.8228 0.1059 -0.5584
vn -0.7272 0.4565 -0.5126
vn -0.7718 -0.3645 -0.5209
vn -0.8962 -0.2217 -0.3843
vn -0.7143 0.1414 -0.6854
vn -0.7581 0.1206 -0.6409
vn -0.6328 0.4913 -0.5985
vn -0.7075 -0.4284 -0.5620
vn -0.8387 -0.1628 -0.5196
vn -0.6440 0.1877 -0.7416
vn -0.6873 -0.3361 -0.6439
vn -0.8333 -0.3224 -0.4490
vn -0.7208 -0.0344 -0.6922
vn -0.7418 0.0014 -0.6706
vn -0.6032 0.1616 -0.7810
vn -0.6165 0.3872 -0.6856
vn -0.5823 -0.4816 -0.6550
vn -0.6922 -0.0096 -0.7217
vn -0.5024 0.2428 -0.8298
vn -0.5099 0.4745 -0.7175
vn -0.6144 -0.1232 -0.7793
vn -0.4777 0.3209 -0.8178
vn -0.3975 0.2880 -0.8712
vn -0.4829 0.0122 -0.8756
vn -0.3679 0.4478 -0.8150
vn -0.3704 0.0012 -0.9289
vn -0.2702 0.3598 -0.8931
vn -0.3547 -0.0013 -0.9350
vn -0.2965 -0.4252 -0.8552
vn -0.3784 -0.4739 -0.7951
vn -0.2681 -0.0024 -0.9634
vn -0.1801 -0.3682 -0.9121
vn -0.1539 0.3737 -0.9147
vn -0.0973 0.4234 -0.9007
vn -0.0577 -0.4880 -0.8709
vn -0.0647 0.2294 -0.9712
vn -0.9333 -0.2722 -0.2341
vn -0.8979 -0.0028 -0.4401
vn -0.8870 -0.2328 -0.3988
vn -0.8477 -0.0050 -0.5305
vn -0.8129 -0.0035 -0.5824
vn -0.7926 -0.2572 -0.5529
vn -0.7392 -0.0032 -0.6735
vn -0.7142 -0.0025 -0.6999
vn -0.7570 -0.3164 -0.5718
vn -0.7127 -0.2707 -0.6471
vn -0.6582 -0.0469 -0.7514
vn -0.6209 -0.1677 -0.7657
vn -0.6492 -0.5627 -0.5118
vn -0.5887 -0.1209 -0.7993
vn -0.5782 -0.0055 -0.8158
vn -0.5663 -0.0322 -0.8236
vn -0.4152 -0.5689 -0.7099
vn -0.4723 -0.5083 -0.7201
vn -0.4853 -0.0089 -0.8743
vn -0.4912 -0.0404 -0.8701
vn -0.4848 -0.0068 -0.8746
vn -0.4962 -0.0320 -0.8676
vn -0.3638 -0.0096 -0.9314
vn -0.4856 0.0029 -0.8742
vn -0.6758 0.3028 -0.6720
vn -0.8558 0.0010 -0.5172
vn -0.8934 0.1552 -0.4215
vn -0.7441 0.5495 -0.3799
vn -0.8236 0.2470 -0.5106
vn -0.9407 0.0461 -0.3362
vn -0.8356 0.2741 -0.4760
vn -0.9640 0.0014 -0.2660
vn -0.9763 0.0019 0.2165
vn -0.9335 0.3466 0.0925
vn -0.0004 1.0000 -0.0003
vn -0.2660 0.9082 -0.3230
vn -0.3630 0.8991 -0.2446
vn -0.0003 1.0000 -0.0008
vn -0.0007 1.0000 -0.0003
vn -0.2162 0.8956 -0.3889
vn -0.3711 0.9124 -0.1725
vn -0.1630 0.8836 -0.4389
vn -0.0002 1.0000 -0.0011
vn -0.3833 0.9160 -0.1186
vn -0.0008 1.0000 -0.0002
vn -0.4502 0.8927 -0.0204
vn -0.4125 0.9101 0.0391
vn -0.0005 1.0000 -0.0000
vn 0.0006 1.0000 -0.0007
vn -0.3789 0.9142 0.1437
vn -0.0005 1.0000 0.0004
vn -0.3295 0.9209 0.2085
vn 0.0007 1.0000 -0.0010
vn -0.3325 0.8979 0.2886
vn -0.0005 1.0000 0.0007
vn 0.0005 1.0000 -0.0009
vn -0.2524 0.8991 0.3576
vn -0.2246 0.8949 0.3856
vn -0.0003 1.0000 0.0010
vn 0.0006 1.0000 -0.0000
vn -0.1755 0.8916 0.4175
vn -0.0000 1.0000 0.0015
vn -0.0970 0.8806 0.4639
vn 0.0008 1.0000 -0.0001
vn -0.0002 1.0000 0.0011
vn 0.0007 1.0000 0.0002
vn 0.0002 1.0000 0.0006
vn 0.0008 1.0000 0.0009
vn 0.0009 1.0000 0.0005
vn -0.2495 -0.9119 -0.3258
vn -0.0003 -1.0000 -0.0004
vn -0.3445 -0.9074 -0.2406
vn -0.0004 -1.0000 -0.0003
vn -0.3205 -0.9376 -0.1351
vn -0.0005 -1.0000 -0.0002
vn -0.1466 -0.9217 -0.3590
vn -0.0001 -1.0000 -0.0006
vn -0.4426 -0.8865 -0.1349
vn -0.3615 -0.9311 -0.0498
vn -0.0655 -0.8930 -0.4453
vn -0.0002 -1.0000 -0.0005
vn -0.0006 -1.0000 0.0002
vn -0.4234 -0.9047 0.0471
vn 0.0007 -1.0000 -0.0008
vn -0.0011 -1.0000 0.0005
vn -0.3061 -0.9476 0.0916
vn -0.4239 -0.8899 0.1683
vn -0.0012 -1.0000 0.0003
vn 0.0002 -1.0000 -0.0013
vn -0.3578 -0.8985 0.2544
vn 0.0007 -1.0000 -0.0005
vn -0.0005 -1.0000 0.0005
vn -0.3347 -0.8921 0.3035
vn 0.0008 -1.0000 -0.0005
vn -0.2174 -0.9265 0.3070
vn -0.0001 -1.0000 0.0006
vn -0.1896 -0.9255 0.3279
vn -0.0894 -0.9349 0.3435
vn 0.0011 -1.0000 -0.0001
vn -0.0109 -0.9965 0.0830
vn -0.0001 -1.0000 0.0007
vn 0.0013 -1.0000 0.0001
vn 0.0011 -1.0000 -0.0000
vn 0.0004 -1.0000 0.0006
vn 0.0004 -1.0000 0.0004
vn 0.0005 -1.0000 0.0007
vn -0.3230 -0.7616 0.5619
vn -0.0305 -0.8889 0.4572
vn -0.3023 -0.7708 0.5608
vn -0.2961 -0.7717 0.5628
vn -0.2438 -0.8092 0.5346
vn -0.2668 -0.7075 0.6544
vn -0.1183 -0.8648 0.4880
vn 0.0955 -0.7665 0.6351
vn -0.6501 -0.4096 -0.6401
vn -0.0898 -0.8335 0.5451
vn 0.0929 -0.7624 0.6404
vn -0.1624 -0.8182 0.5515
vn -0.3388 -0.8072 0.4834
vn 0.0109 -0.9181 0.3961
vn 0.3677 -0.8885 0.2745
vn -0.1282 -0.8845 0.4485
vn -0.5760 -0.7728 0.2667
vn 0.3581 -0.8919 0.2762
vn -0.0132 -0.8209 0.5709
vn -0.0125 -0.8207 0.5712
vn -0.0114 -0.8204 0.5717
vn -0.2088 -0.7913 0.5747
vn 0.0053 -0.8311 0.5561
vn -0.3054 -0.7695 0.5609
vn -0.2203 -0.7905 0.5714
vn -0.3477 -0.7551 0.5559
vn -0.3359 -0.7524 0.5666
vn -0.0446 -0.8046 0.5921
vn -0.0404 -0.8081 0.5877
vn -0.0425 -0.8088 0.5866
vn -0.0145 -0.8214 0.5702
vn 0.0287 -0.7636 0.6450
vn 0.0318 -0.7688 0.6386
vn -0.0144 -0.7643 0.6447
vn -0.1756 -0.7990 0.5751
vn 0.0414 -0.7734 0.6325
vn -0.2930 -0.7894 0.5395
vn -0.2177 -0.7941 0.5675
vn -0.2945 -0.7762 0.5576
vn 0.0471 -0.7369 0.6743
vn 0.0594 -0.7283 0.6827
vn -0.0448 -0.8035 0.5936
vn -0.0385 -0.8071 0.5892
vn 0.0016 -0.7236 0.6902
vn -0.0003 -0.7245 0.6893
vn 0.0036 -0.7225 0.6914
vn -0.0243 -0.7522 0.6584
vn -0.0162 -0.7548 0.6558
vn -0.0020 -0.7560 0.6546
vn 0.0020 -0.7234 0.6904
vn -0.0460 -0.7248 0.6875
vn -0.0476 -0.7238 0.6883
vn -0.0526 -0.7220 0.6899
vn -0.0520 -0.8197 0.5705
vn -0.0684 -0.8129 0.5783
vn -0.0543 -0.7218 0.6900
vn -0.1121 -0.7295 0.6747
vn -0.1148 -0.7289 0.6749
vn -0.1077 -0.7308 0.6740
vn -0.0978 -0.8391 0.5351
vn -0.0952 -0.8388 0.5361
vn -0.0924 -0.8402 0.5343
vn -0.1660 -0.7421 0.6495
vn -0.1972 -0.7364 0.6471
vn -0.1101 -0.7302 0.6743
vn -0.2296 -0.7581 0.6103
vn -0.2643 -0.7466 0.6105
vn -0.1585 -0.7513 0.6407
vn -0.2671 -0.7884 0.5542
vn -0.1946 -0.7818 0.5923
vn -0.2218 -0.8613 0.4571
vn -0.2043 -0.8643 0.4595
vn -0.1755 -0.8799 0.4416
vn -0.1377 -0.8816 0.4515
vn -0.1445 -0.8920 0.4284
vn -0.1130 -0.8907 0.4402
vn -0.0861 -0.9026 0.4218
vn 0.0075 -0.9063 0.4225
vn 0.0182 -0.9056 0.4238
vn 0.0107 -0.9063 0.4225
vn 0.0519 -0.8862 0.4604
vn -0.0389 -0.7525 0.6575
vn -0.0718 -0.7664 0.6383
vn -0.0653 -0.7716 0.6328
vn -0.0655 -0.7704 0.6342
vn -0.0710 -0.7669 0.6378
vn -0.0521 -0.7285 0.6831
vn -0.1044 -0.7591 0.6426
vn -0.1094 -0.7561 0.6453
vn -0.1051 -0.7587 0.6430
vn -0.0581 -0.8811 0.4693
vn -0.0670 -0.8886 0.4538
vn -0.0967 -0.8381 0.5369
vn -0.0986 -0.7891 0.6063
vn -0.1046 -0.7856 0.6098
vn -0.1056 -0.7850 0.6104
vn -0.1519 -0.7750 0.6135
vn -0.1466 -0.7779 0.6110
vn -0.1511 -0.7754 0.6131
vn -0.1101 -0.7557 0.6456
vn -0.0977 -0.7896 0.6057
vn -0.0953 -0.8371 0.5387
vn -0.1395 -0.8068 0.5741
vn -0.1347 -0.8306 0.5403
vn -0.1460 -0.7783 0.6107
vn -0.1863 -0.8042 0.5644
vn -0.0735 -0.9400 0.3331
vn -0.0610 -0.9372 0.3434
vn -0.0544 -0.9352 0.3498
vn -0.1044 -0.8887 0.4464
vn -0.1148 -0.8886 0.4441
vn -0.1036 -0.8885 0.4469
vn -0.1066 -0.8922 0.4388
vn -0.0820 -0.9420 0.3255
vn -0.0747 -0.9308 0.3578
vn -0.0426 -0.9612 0.2724
vn -0.1160 -0.8891 0.4427
vn -0.1203 -0.8965 0.4263
vn -0.0746 -0.9308 0.3578
vn -0.0774 -0.9317 0.3549
vn -0.0729 -0.9316 0.3561
vn -0.0401 -0.9599 0.2775
vn -0.2702 -0.8094 0.5215
vn -0.0767 -0.9313 0.3561
vn -0.0541 -0.9363 0.3470
vn -0.0514 -0.9413 0.3336
vn -0.0569 -0.9376 0.3431
vn -0.0503 -0.9611 0.2715
vn -0.0493 -0.9613 0.2712
vn -0.0522 -0.9609 0.2719
vn -0.0475 -0.9431 0.3291
vn -0.0294 -0.9709 0.2377
vn -0.0488 -0.9613 0.2712
vn -0.0300 -0.9472 0.3192
vn -0.1476 -0.8931 0.4250
vn -0.0925 -0.9148 0.3932
vn -0.0823 -0.9133 0.3988
vn -0.0817 -0.9132 0.3991
vn -0.1330 -0.8917 0.4327
vn -0.0606 -0.9463 0.3176
vn -0.0474 -0.9422 0.3316
vn -0.0398 -0.9387 0.3423
vn -0.0313 -0.9672 0.2519
vn -0.0268 -0.9671 0.2532
vn -0.0209 -0.9668 0.2545
vn -0.0931 -0.9149 0.3929
vn -0.0979 -0.9016 0.4213
vn -0.1070 -0.9028 0.4165
vn -0.0987 -0.9017 0.4208
vn -0.1078 -0.9029 0.4160
vn -0.0701 -0.9219 0.3811
vn -0.0671 -0.9214 0.3828
vn -0.0667 -0.9213 0.3830
vn -0.0407 -0.9445 0.3259
vn -0.0159 -0.9507 0.3096
vn -0.0526 -0.9418 0.3320
vn -0.0183 -0.9742 0.2251
vn -0.0368 -0.9674 0.2505
vn -0.0802 -0.9109 0.4048
vn -0.0779 -0.9103 0.4066
vn -0.0828 -0.9116 0.4027
vn -0.0353 -0.9239 0.3809
vn -0.0777 -0.9102 0.4068
vn -0.0736 -0.9224 0.3791
vn -0.0293 -0.9346 0.3546
vn -0.0712 -0.9343 0.3493
vn -0.0086 -0.9679 0.2512
vn -0.0473 -0.9537 0.2972
vn -0.0359 -0.9482 0.3156
vn -0.0258 -0.9426 0.3330
vn -0.0240 -0.9687 0.2469
vn -0.0167 -0.9698 0.2434
vn -0.0190 -0.9697 0.2438
vn -0.0212 -0.9489 0.3149
vn -0.0761 -0.9237 0.3754
vn -0.0171 -0.9382 0.3458
vn -0.0619 -0.9413 0.3319
vn -0.0178 -0.9275 0.3734
vn -0.0088 -0.9746 0.2238
vn -0.0218 -0.9694 0.2444
vn -0.0187 -0.9502 0.3111
vn 0.0009 -0.9557 0.2945
vn -0.0297 -0.9474 0.3187
vn -0.1001 -0.9037 0.4164
vn -0.1055 -0.9051 0.4120
vn -0.1026 -0.9048 0.4134
vn -0.0711 -0.9157 0.3956
vn -0.1018 -0.9044 0.4143
vn -0.0557 -0.9093 0.4124
vn -0.0423 -0.9139 0.4037
vn -0.0053 -0.9689 0.2475
vn -0.0030 -0.9698 0.2437
vn 0.0026 -0.9691 0.2468
vn -0.0289 -0.9552 0.2947
vn -0.0139 -0.9510 0.3090
vn -0.0027 -0.9452 0.3264
vn -0.0417 -0.9421 0.3328
vn -0.0594 -0.9290 0.3654
vn 0.0056 -0.9419 0.3360
vn -0.0037 -0.9287 0.3708
vn 0.0090 -0.9687 0.2480
vn 0.0071 -0.9697 0.2441
vn 0.0002 -0.9724 0.2332
vn -0.0104 -0.9696 0.2446
vn -0.0143 -0.9487 0.3158
vn 0.0028 -0.9523 0.3051
vn -0.0185 -0.9473 0.3198
vn -0.0510 -0.9200 0.3885
vn -0.0701 -0.9112 0.4061
vn -0.0721 -0.9118 0.4043
vn -0.0708 -0.9114 0.4053
vn -0.0230 -0.9172 0.3977
vn -0.0711 -0.9116 0.4049
vn -0.0455 -0.9154 0.4001
vn -0.0319 -0.9117 0.4097
vn -0.0358 -0.9129 0.4066
vn -0.0322 -0.9437 0.3292
vn 0.0089 -0.9409 0.3387
vn -0.0454 -0.9318 0.3602
vn 0.0076 -0.9282 0.3719
vn 0.0155 -0.9654 0.2604
vn -0.0454 -0.9143 0.4024
vn -0.0455 -0.9143 0.4026
vn -0.0297 -0.9116 0.4100
vn -0.0122 -0.9120 0.4099
vn -0.0194 -0.9135 0.4064
vn -0.0143 -0.9117 0.4107
vn -0.0072 -0.9180 0.3965
vn -0.0325 -0.9216 0.3868
vn -0.0006 -0.9675 0.2530
vn 0.0018 -0.9680 0.2509
vn -0.0073 -0.9661 0.2582
vn 0.0072 -0.9694 0.2452
vn -0.0253 -0.9316 0.3626
vn -0.0092 -0.9254 0.3788
vn -0.0093 -0.9225 0.3860
vn 0.0150 -0.9666 0.2558
vn 0.0055 -0.9496 0.3135
vn 0.0097 -0.9489 0.3154
vn 0.0144 -0.9482 0.3173
vn 0.0185 -0.9242 0.3815
vn 0.0149 -0.9432 0.3318
vn 0.0151 -0.9432 0.3318
vn 0.0123 -0.9432 0.3321
vn -0.0107 -0.9478 0.3186
vn 0.0217 -0.9627 0.2695
vn 0.0206 -0.9629 0.2689
vn 0.0147 -0.9666 0.2559
vn -0.0088 -0.9116 0.4109
vn 0.0276 -0.9588 0.2829
vn -0.0065 -0.9120 0.4101
vn 0.0023 -0.9094 0.4160
vn 0.0072 -0.9169 0.3990
vn -0.0120 -0.9211 0.3891
vn 0.0140 -0.9172 0.3981
vn 0.0201 -0.9627 0.2697
vn 0.0137 -0.9625 0.2711
vn 0.0123 -0.9617 0.2737
vn 0.0092 -0.9611 0.2760
vn 0.0368 -0.9588 0.2818
vn 0.0246 -0.9419 0.3351
vn 0.0204 -0.9402 0.3399
vn 0.0208 -0.9414 0.3367
vn 0.0338 -0.9573 0.2871
vn 0.0383 -0.9550 0.2942
vn 0.0249 -0.9581 0.2854
vn 0.0352 -0.8958 0.4430
vn 0.0342 -0.8956 0.4436
vn 0.0193 -0.9100 0.4142
vn 0.0125 -0.9122 0.4096
vn 0.0126 -0.9121 0.4097
vn 0.0104 -0.9063 0.4224
vn 0.0333 -0.8954 0.4441
vn 0.0400 -0.9546 0.2952
vn -0.0548 -0.8513 0.5218
vn 0.0397 -0.9066 0.4201
vn 0.0369 -0.9108 0.4112
vn 0.0292 -0.9152 0.4018
vn 0.0640 -0.9475 0.3134
vn 0.0777 -0.9448 0.3184
vn 0.0660 -0.9461 0.3170
vn -0.1558 -0.7808 0.6050
vn -0.1430 -0.7929 0.5923
vn -0.0579 -0.8713 0.4873
vn -0.1436 -0.8260 0.5451
vn 0.0505 -0.9278 0.3695
vn 0.0607 -0.9148 0.3992
vn 0.0426 -0.9295 0.3665
vn 0.1224 -0.9399 0.3186
vn 0.0661 -0.9204 0.3853
vn -0.1422 -0.8426 0.5195
vn 0.1383 -0.9411 0.3087
vn 0.0496 -0.9015 0.4298
vn 0.0746 -0.8955 0.4388
vn 0.0710 -0.8969 0.4365
vn 0.0953 -0.9081 0.4078
vn 0.0664 -0.9189 0.3889
vn 0.0564 -0.9119 0.4065
vn 0.0917 -0.8314 0.5480
vn 0.0889 -0.8298 0.5509
vn 0.0893 -0.8302 0.5503
vn -0.1539 -0.8419 0.5173
vn -0.1580 -0.8410 0.5175
vn -0.1518 -0.8428 0.5164
vn -0.1556 -0.8411 0.5180
vn -0.1737 -0.8123 0.5567
vn -0.1956 -0.8256 0.5293
vn -0.2600 -0.8013 0.5388
vn -0.2204 -0.8053 0.5504
vn -0.1703 -0.8582 0.4843
vn -0.1691 -0.8567 0.4872
vn -0.1635 -0.8594 0.4845
vn -0.2099 -0.8318 0.5139
vn -0.2105 -0.8218 0.5295
vn -0.1750 -0.8611 0.4773
vn -0.1758 -0.8585 0.4817
vn -0.2351 -0.8374 0.4935
vn 0.0078 -0.9516 0.3074
vn -0.0179 -0.9488 0.3153
vn -0.0058 -0.9324 0.3613
vn -0.0052 -0.9324 0.3615
vn 0.0100 -0.9435 0.3311
vn 0.0167 -0.9456 0.3248
vn 0.0280 -0.9247 0.3796
vn 0.0262 -0.9271 0.3740
vn 0.0448 -0.9192 0.3913
vn 0.0385 -0.9090 0.4149
vn 0.0150 -0.9186 0.3950
vn 0.0200 -0.9135 0.4064
vn 0.0355 -0.9473 0.3184
vn 0.0464 -0.9495 0.3103
vn 0.0301 -0.9389 0.3428
vn -0.0649 -0.8478 0.5263
vn -0.1446 -0.7648 0.6278
vn 0.0360 -0.9299 0.3660
vn 0.0396 -0.9299 0.3658
vn 0.0566 -0.9469 0.3164
vn 0.0437 -0.9055 0.4222
vn 0.0487 -0.8817 0.4693
vn 0.0497 -0.8832 0.4663
vn 0.0552 -0.8807 0.4704
vn 0.0181 -0.9111 0.4118
vn 0.0573 -0.8832 0.4655
vn 0.0274 -0.8884 0.4583
vn 0.0502 -0.8759 0.4798
vn 0.0480 -0.8791 0.4743
vn 0.0411 -0.8817 0.4700
vn 0.0704 -0.8549 0.5141
vn 0.0703 -0.8565 0.5113
vn -0.9366 -0.3020 0.1778
vn 0.0760 -0.8549 0.5133
vn 0.0628 -0.8765 0.4772
vn 0.0582 -0.8748 0.4809
vn 0.0673 -0.8575 0.5101
vn -0.8186 -0.4995 0.2835
vn 0.0908 -0.8314 0.5482
vn 0.0138 -0.9298 0.3679
vn -0.0231 -0.9315 0.3630
vn 0.0089 -0.9323 0.3617
vn 0.0293 -0.9102 0.4131
vn 0.0120 -0.9123 0.4093
vn -0.1281 0.9517 -0.2791
vn -0.1201 0.9519 -0.2817
vn -0.0790 0.9605 -0.2668
vn -0.0831 0.8248 -0.5593
vn -0.0786 0.8242 -0.5609
vn -0.0825 0.8264 -0.5571
vn -0.0928 0.8707 -0.4830
vn -0.0177 0.8860 -0.4634
vn -0.0641 0.8562 -0.5127
vn -0.0641 0.8557 -0.5136
vn -0.0616 0.8578 -0.5103
vn -0.2191 0.6028 -0.7672
vn -0.2268 0.5960 -0.7703
vn -0.2605 0.5624 -0.7848
vn -0.2737 0.9599 0.0609
vn -0.1310 0.9659 -0.2232
vn -0.2839 0.9588 0.0139
vn -0.0661 0.9268 -0.3696
vn -0.0906 0.9361 -0.3398
vn -0.0926 0.9288 -0.3588
vn -0.3577 0.9294 0.0909
vn -0.4871 0.8498 0.2014
vn -0.0722 0.9318 -0.3557
vn -0.1107 0.9430 -0.3138
vn -0.1089 0.9427 -0.3153
vn -0.1307 0.9408 -0.3128
vn -0.1345 0.9628 -0.2346
vn -0.1668 0.9490 -0.2675
vn -0.3967 0.9178 -0.0141
vn -0.2701 0.9402 -0.2074
vn -0.5266 0.8501 0.0025
vn -0.1790 0.9565 -0.2305
vn -0.1751 0.9574 -0.2297
vn -0.1832 0.9441 -0.2740
vn -0.1817 0.9531 -0.2419
vn -0.2955 0.5759 -0.7622
vn -0.2758 0.9309 -0.2394
vn -0.7104 0.7036 0.0162
vn -0.1995 0.9185 0.3414
vn -0.2137 0.9645 0.1549
vn -0.0088 0.9988 0.0486
vn 0.0003 0.9882 -0.1532
vn -0.0180 0.9966 -0.0803
vn -0.1903 0.9813 0.0306
vn 0.0964 0.8202 -0.5639
vn 0.0821 0.8315 -0.5494
vn 0.1049 0.8325 -0.5440
vn 0.0983 0.8341 -0.5427
vn 0.1165 0.7634 -0.6353
vn 0.1215 0.7657 -0.6317
vn 0.1045 0.7558 -0.6464
vn 0.1374 0.7718 -0.6209
vn 0.1284 0.7744 -0.6196
vn 0.1229 0.8329 -0.5396
vn 0.2360 0.7744 -0.5870
vn 0.2398 0.7751 -0.5846
vn 0.2465 0.7775 -0.5785
vn -0.2675 0.6200 -0.7376
vn -0.0659 0.6905 -0.7203
vn -0.2860 0.6226 -0.7284
vn 0.2965 0.7520 -0.5888
vn 0.2873 0.7393 -0.6090
vn 0.2888 0.7443 -0.6021
vn 0.2492 0.7845 -0.5678
vn 0.2552 0.7853 -0.5640
vn 0.2703 0.7868 -0.5549
vn 0.0989 0.9463 -0.3078
vn 0.0928 0.9455 -0.3120
vn 0.0942 0.9462 -0.3097
vn 0.1212 0.8930 -0.4334
vn 0.0990 0.9025 -0.4191
vn 0.0928 0.9040 -0.4173
vn 0.0861 0.9465 -0.3110
vn 0.1252 0.8961 -0.4258
vn 0.1434 0.8925 -0.4276
vn 0.1411 0.8918 -0.4298
vn 0.1151 0.9382 -0.3265
vn 0.1087 0.9321 -0.3454
vn 0.1137 0.9381 -0.3273
vn 0.0747 0.9929 -0.0924
vn 0.0887 0.9674 -0.2374
vn 0.0836 0.9763 -0.1995
vn 0.0840 0.9653 -0.2474
vn 0.0725 0.9811 -0.1791
vn 0.1076 0.9435 -0.3133
vn 0.1104 0.9441 -0.3106
vn 0.0984 0.9426 -0.3191
vn 0.1179 0.9449 -0.3054
vn 0.0427 0.9880 -0.1484
vn 0.0938 0.9762 -0.1954
vn 0.0930 0.9718 -0.2168
vn 0.0962 0.9871 -0.1283
vn 0.0900 0.9550 -0.2827
vn 0.1091 0.9813 -0.1588
vn 0.1148 0.9811 -0.1557
vn 0.1460 0.9796 -0.1384
vn 0.0693 0.9935 -0.0901
vn 0.0656 0.9944 -0.0827
vn 0.0670 0.9941 -0.0859
vn 0.0812 0.9814 -0.1740
vn 0.0973 0.9405 -0.3256
vn 0.1109 0.9511 -0.2884
vn 0.0758 0.9742 -0.2126
vn 0.1093 0.9222 -0.3710
vn 0.1077 0.9222 -0.3715
vn 0.0985 0.9234 -0.3710
vn 0.1164 0.9388 -0.3242
vn 0.0967 0.9718 -0.2151
vn 0.0669 0.9624 -0.2632
vn 0.0836 0.9008 -0.4262
vn 0.0975 0.9101 -0.4028
vn 0.0911 0.9115 -0.4012
vn 0.1157 0.9059 -0.4074
vn 0.1192 0.9209 -0.3712
vn 0.0953 0.9588 -0.2677
vn 0.0816 0.9531 -0.2915
vn 0.0829 0.9506 -0.2993
vn 0.0786 0.9460 -0.3144
vn 0.0759 0.9146 -0.3972
vn 0.0523 0.9984 0.0204
vn 0.0401 0.9992 0.0036
vn 0.0356 0.9993 -0.0096
vn 0.0701 0.9933 -0.0917
vn 0.0674 0.9890 -0.1317
vn 0.0682 0.9889 -0.1318
vn 0.0500 0.9899 -0.1328
vn 0.0688 0.9779 -0.1975
vn 0.0651 0.9783 -0.1967
vn 0.0558 0.9794 -0.1941
vn 0.0852 0.9878 -0.1305
vn 0.0224 0.9994 -0.0271
vn 0.0778 0.9767 -0.1999
vn 0.0539 0.9908 -0.1243
vn 0.0277 0.9995 0.0138
vn 0.0872 0.9957 -0.0308
vn 0.0369 0.9929 -0.1128
vn 0.0377 0.9870 -0.1563
vn 0.0480 0.9865 -0.1567
vn 0.0476 0.9864 -0.1572
vn 0.0600 0.9855 -0.1584
vn 0.0823 0.9654 -0.2476
vn 0.0652 0.9570 -0.2827
vn 0.0659 0.9570 -0.2827
vn 0.0648 0.9570 -0.2827
vn 0.0210 0.9720 -0.2342
vn 0.0233 0.9310 -0.3642
vn 0.0626 0.9361 -0.3462
vn 0.0508 0.9400 -0.3374
vn 0.0511 0.9401 -0.3370
vn 0.0483 0.9392 -0.3401
vn 0.0006 0.9690 -0.2471
vn 0.0504 0.9631 -0.2643
vn 0.0574 0.9285 -0.3668
vn 0.1029 0.9306 -0.3512
vn 0.0451 0.9988 -0.0213
vn 0.0279 0.9969 0.0740
vn 0.0367 0.9958 -0.0843
vn 0.0384 0.9957 -0.0841
vn 0.0201 0.9960 -0.0866
vn 0.0340 0.9864 -0.1608
vn 0.0378 0.9866 -0.1590
vn 0.0219 0.9870 -0.1590
vn 0.0561 0.9951 -0.0816
vn -0.0079 0.9999 0.0111
vn 0.0480 0.9864 -0.1572
vn 0.0371 0.9637 -0.2644
vn 0.0693 0.9728 -0.2210
vn 0.0053 0.9966 -0.0818
vn -0.0033 0.9986 0.0533
vn 0.0289 0.9952 -0.0936
vn 0.0634 0.9979 0.0158
vn 0.0080 0.9898 -0.1422
vn 0.0160 0.9903 -0.1378
vn 0.0246 0.9907 -0.1339
vn 0.0447 0.9634 -0.2643
vn 0.0337 0.9905 -0.1331
vn 0.0192 0.9793 -0.2015
vn 0.0089 0.9789 -0.2040
vn 0.0191 0.9791 -0.2025
vn -0.0021 0.9859 -0.1675
vn 0.0389 0.9845 -0.1711
vn 0.0069 0.9939 -0.1105
vn 0.0315 0.9970 -0.0704
vn 0.0227 0.9976 0.0658
vn -0.0006 0.9979 0.0645
vn -0.0038 0.9981 0.0622
vn 0.0057 0.9960 -0.0892
vn 0.0031 0.9985 -0.0552
vn 0.0484 0.9985 -0.0249
vn 0.0164 0.9837 -0.1793
vn 0.0467 0.9544 -0.2947
vn 0.0284 0.9531 -0.3014
vn 0.0162 0.9528 -0.3032
vn -0.0264 0.9980 0.0567
vn 0.0079 0.9961 -0.0876
vn -0.0106 0.9975 -0.0695
vn 0.0158 0.9803 -0.1969
vn 0.0233 0.9799 -0.1982
vn 0.0134 0.9804 -0.1965
vn -0.0134 0.9893 -0.1451
vn -0.0022 0.9639 -0.2664
vn 0.0040 0.9651 -0.2619
vn 0.0030 0.9651 -0.2618
vn 0.0317 0.9333 -0.3578
vn 0.0126 0.9640 -0.2657
vn -0.0030 0.9837 -0.1797
vn 0.0086 0.9633 -0.2683
vn 0.0153 0.9900 -0.1405
vn 0.0113 0.9270 -0.3750
vn 0.0179 0.9311 -0.3643
vn 0.0098 0.9270 -0.3748
vn 0.0447 0.9651 -0.2580
vn -0.0122 0.9456 -0.3250
vn 0.0052 0.9452 -0.3264
vn -0.0364 0.9677 -0.2494
vn -0.0203 0.9869 -0.1604
vn 0.0087 0.9970 -0.0772
vn -0.0016 0.9990 0.0438
vn -0.0120 0.9951 -0.0986
vn -0.0559 0.9983 -0.0167
vn 0.0051 0.9886 -0.1506
vn -0.0100 0.9656 -0.2599
vn 0.0201 0.9769 -0.2128
vn -0.0286 0.9874 -0.1559
vn 0.0190 0.9997 0.0153
vn -0.0338 0.9946 -0.0985
vn -0.0477 0.9985 0.0273
vn -0.0080 0.9947 -0.1027
vn -0.0004 0.9285 -0.3714
vn 0.0026 0.9294 -0.3691
vn 0.0098 0.9326 -0.3607
vn -0.0122 0.9586 -0.2846
vn -0.0134 0.9584 -0.2852
vn -0.0161 0.9582 -0.2858
vn 0.0184 0.9677 -0.2513
vn -0.0172 0.9587 -0.2840
vn -0.0125 0.9794 -0.2015
vn -0.0110 0.9271 -0.3748
vn -0.0253 0.9764 -0.2144
vn -0.0052 0.9897 -0.1431
vn -0.0064 0.9360 -0.3520
vn -0.0178 0.9281 -0.3720
vn -0.0160 0.9295 -0.3685
vn -0.0335 0.9835 -0.1778
vn -0.0166 0.9998 0.0098
vn -0.0265 0.9924 -0.1203
vn -0.0052 0.9953 -0.0964
vn -0.0718 0.9961 -0.0513
vn -0.0040 0.9677 -0.2520
vn -0.0237 0.9648 -0.2620
vn 0.0223 0.9711 -0.2376
vn -0.0140 0.9811 -0.1930
vn -0.0019 0.9851 -0.1719
vn -0.0083 0.9827 -0.1849
vn -0.0126 0.9229 -0.3847
vn -0.0066 0.9366 -0.3503
vn -0.0661 0.9978 -0.0083
vn 0.0043 0.9999 -0.0129
vn -0.0468 0.9911 -0.1250
vn -0.0183 0.9921 -0.1245
vn -0.0346 0.9255 -0.3771
vn -0.0311 0.9268 -0.3744
vn -0.0453 0.9229 -0.3823
vn -0.0182 0.9396 -0.3419
vn -0.0246 0.9573 -0.2880
vn -0.0329 0.9599 -0.2784
vn -0.0529 0.9557 -0.2895
vn -0.0262 0.9627 -0.2694
vn -0.0709 0.9798 -0.1870
vn -0.0269 0.9993 -0.0253
vn -0.0321 0.9884 -0.1487
vn -0.0394 0.9888 -0.1437
vn -0.0377 0.9887 -0.1449
vn -0.0258 0.9894 -0.1430
vn -0.0679 0.9964 -0.0514
vn 0.0031 0.9889 -0.1485
vn -0.1459 0.7840 -0.6034
vn -0.9426 0.2647 -0.2037
vn -0.1072 0.7879 -0.6064
vn -0.0769 0.8267 -0.5573
vn -0.0795 0.8231 -0.5622
vn -0.9409 0.3315 0.0689
vn 0.2795 0.7435 -0.6076
vn 0.2997 0.7289 -0.6155
vn 0.2804 0.7143 -0.6412
vn 0.2810 0.7141 -0.6412
vn 0.2333 0.7460 -0.6237
vn 0.3005 0.7580 -0.5790
vn 0.0665 0.9746 -0.2138
vn 0.0859 0.9456 -0.3138
vn 0.0642 0.9570 -0.2828
vn -0.0238 0.9791 -0.2018
vn -0.0152 0.9580 -0.2864
vn -0.0365 0.9625 -0.2687
vn -0.0535 0.6891 -0.7227
vn -0.0580 0.6873 -0.7240
vn -0.0500 0.7168 -0.6954
vn -0.3060 0.6278 -0.7157
vn -0.0434 0.7247 -0.6877
vn -0.3152 0.6591 -0.6829
vn -0.3740 0.6412 -0.6700
vn -0.3460 0.6323 -0.6932
vn -0.3299 0.6238 -0.7086
vn -0.3699 0.7004 -0.6105
vn -0.0791 0.7727 -0.6298
vn -0.4936 0.6776 -0.5451
vn -0.2734 0.7136 -0.6450
vn -0.0586 0.7553 -0.6528
vn -0.4026 0.6513 -0.6432
vn -0.0209 0.7340 -0.6789
vn -0.0393 0.7104 -0.7027
vn -0.2805 0.7681 -0.5756
vn -0.0277 0.7906 -0.6117
vn -0.4150 0.7525 -0.5114
vn -0.0605 0.7859 -0.6154
vn -0.0124 0.6648 -0.7469
vn -0.0083 0.6933 -0.7206
vn -0.0080 0.6951 -0.7188
vn 0.0059 0.6750 -0.7378
vn -0.0032 0.7266 -0.6871
vn -0.2760 0.9021 -0.3318
vn -0.0081 0.8979 -0.4401
vn -0.2054 0.9273 -0.3130
vn -0.2837 0.8762 -0.3896
vn -0.0157 0.8860 -0.4634
vn -0.2398 0.8584 -0.4536
vn -0.0252 0.8640 -0.5029
vn -0.2430 0.8366 -0.4909
vn -0.0397 0.8469 -0.5302
vn -0.2404 0.9432 -0.2291
vn 0.0982 0.6669 -0.7386
vn 0.0572 0.6691 -0.7410
vn 0.0601 0.6690 -0.7409
vn -0.0152 0.9157 -0.4017
vn 0.0431 0.7058 -0.7071
vn 0.0276 0.7081 -0.7056
vn 0.0108 0.7113 -0.7028
vn -0.0031 0.8762 -0.4819
vn -0.0100 0.8911 -0.4536
vn -0.0304 0.7917 -0.6102
vn -0.1734 0.8361 -0.5204
vn -0.0119 0.8354 -0.5496
vn -0.0727 0.8347 -0.5459
vn -0.0123 0.8343 -0.5511
vn -0.3446 0.7971 -0.4958
vn -0.0224 0.8079 -0.5888
vn -0.4990 0.7327 -0.4628
vn -0.0002 0.7886 -0.6150
vn 0.1002 0.6712 -0.7344
vn 0.1542 0.6752 -0.7214
vn 0.0920 0.7044 -0.7038
vn 0.0784 0.7047 -0.7052
vn 0.0707 0.7488 -0.6590
vn 0.0604 0.7684 -0.6371
vn 0.0595 0.7749 -0.6293
vn 0.1422 0.6755 -0.7235
vn 0.1196 0.7018 -0.7023
vn 0.1876 0.6801 -0.7087
vn 0.2066 0.6894 -0.6943
vn 0.1930 0.6897 -0.6979
vn 0.2173 0.6843 -0.6961
vn 0.1658 0.6867 -0.7078
vn 0.1350 0.7172 -0.6836
vn 0.1252 0.7161 -0.6867
vn 0.1082 0.7140 -0.6918
vn 0.1005 0.7588 -0.6435
vn 0.0932 0.7526 -0.6518
vn 0.2607 0.6899 -0.6753
vn 0.1849 0.6948 -0.6951
vn 0.1576 0.7195 -0.6763
vn 0.1607 0.7277 -0.6668
vn 0.1679 0.7302 -0.6623
vn 0.1479 0.7237 -0.6740
vn 0.1714 0.7326 -0.6587
vn 0.2798 0.7145 -0.6413
vn 0.2114 0.7140 -0.6674
vn 0.1742 0.7322 -0.6585
vn 0.2139 0.7565 -0.6180
vn 0.2134 0.7577 -0.6166
vn 0.1995 0.7607 -0.6176
vn 0.1650 0.7898 -0.5907
vn 0.2280 0.7554 -0.6143
vn 0.1917 0.7816 -0.5936
vn 0.2597 0.8020 -0.5379
vn 0.1855 0.8309 -0.5246
vn 0.2141 0.8211 -0.5292
vn 0.2085 0.8367 -0.5065
vn 0.2123 0.8239 -0.5255
vn 0.2299 0.8228 -0.5198
vn 0.1893 0.8254 -0.5318
vn 0.1828 0.8382 -0.5138
vn 0.1839 0.8382 -0.5135
vn 0.2018 0.8346 -0.5126
vn 0.1697 0.8354 -0.5228
vn 0.1779 0.8622 -0.4743
vn 0.1556 0.8525 -0.4991
vn 0.1509 0.8927 -0.4247
vn 0.1485 0.8931 -0.4246
vn 0.1355 0.8967 -0.4214
vn 0.1558 0.8650 -0.4770
vn 0.1056 0.8787 -0.4655
vn 0.1169 0.8771 -0.4659
vn 0.1257 0.8763 -0.4651
vn 0.1018 0.8806 -0.4628
vn 0.0949 0.8898 -0.4463
vn 0.1178 0.8711 -0.4767
vn 0.0995 0.8779 -0.4683
vn 0.0743 0.8913 -0.4473
vn 0.0677 0.8706 -0.4873
vn 0.0778 0.8721 -0.4831
vn 0.0805 0.8717 -0.4833
vn 0.0376 0.9013 -0.4316
vn 0.0497 0.9006 -0.4318
vn 0.0616 0.9002 -0.4311
vn 0.0234 0.9028 -0.4294
vn 0.0219 0.9037 -0.4275
vn -0.0013 0.9029 -0.4299
vn 0.0053 0.9041 -0.4273
vn -0.0057 0.9015 -0.4328
vn -0.0202 0.8987 -0.4380
vn -0.0163 0.9003 -0.4349
vn -0.0347 0.8925 -0.4498
vn -0.0310 0.9211 -0.3880
vn -0.0336 0.8925 -0.4498
vn -0.0318 0.9242 -0.3806
vn -0.0367 0.8894 -0.4556
vn -0.0615 0.8543 -0.5161
vn -0.0404 0.8650 -0.5002
vn -0.0322 0.9208 -0.3887
vn -0.0390 0.8895 -0.4554
vn -0.0522 0.9093 -0.4128
vn -0.0484 0.9092 -0.4135
vn -0.0481 0.8779 -0.4764
vn -0.0514 0.8780 -0.4759
vn -0.0554 0.8780 -0.4754
vn -0.0579 0.8964 -0.4394
vn -0.0549 0.8978 -0.4371
vn -0.0633 0.8932 -0.4452
vn -0.0780 0.8952 -0.4387
vn -0.2178 0.9562 -0.1956
vn -0.0060 0.9259 -0.3776
vn -0.0762 0.8942 -0.4411
vn -0.0805 0.9252 -0.3708
vn -0.1744 0.9393 -0.2954
vn -0.0056 0.9625 -0.2711
vn -0.3085 0.9496 -0.0558
vn -0.0105 0.9768 -0.2138
vn -0.2401 0.9702 -0.0329
vn -0.2705 0.9508 -0.1510
vn -0.0249 0.9591 -0.2819
vn -0.0405 0.9480 -0.3158
vn -0.0088 0.9885 -0.1508
vn -0.0049 0.9616 -0.2744
vn 0.0143 0.9708 -0.2395
vn 0.0140 0.8961 -0.4436
vn 0.0067 0.8867 -0.4622
vn 0.0089 0.8675 -0.4974
vn 0.0146 0.8366 -0.5476
vn 0.0770 0.7932 -0.6041
vn 0.0143 0.7779 -0.6282
vn 0.0376 0.8889 -0.4565
vn 0.0269 0.8786 -0.4768
vn 0.0495 0.8076 -0.5877
vn 0.0586 0.8088 -0.5851
vn 0.0432 0.8060 -0.5904
vn 0.0575 0.8135 -0.5788
vn 0.0620 0.8775 -0.4755
vn 0.0487 0.8907 -0.4520
vn 0.0637 0.8101 -0.5828
vn 0.0758 0.8979 -0.4335
vn 0.1648 0.8132 -0.5582
vn 0.1486 0.8146 -0.5606
vn 0.1282 0.8146 -0.5657
vn 0.0732 0.8616 -0.5023
vn 0.0904 0.8901 -0.4468
vn 0.0641 0.9282 -0.3664
vn 0.1852 0.8101 -0.5563
vn 0.2060 0.8216 -0.5315
vn 0.1674 0.8329 -0.5275
vn 0.1673 0.8332 -0.5271
vn 0.1649 0.8320 -0.5297
vn 0.2353 0.7830 -0.5758
vn 0.2282 0.7708 -0.5948
vn 0.2114 0.8285 -0.5185
vn 0.1438 0.8579 -0.4932
vn 0.1288 0.8582 -0.4969
vn 0.1255 0.8498 -0.5120
vn 0.1318 0.8657 -0.4829
vn 0.1647 0.8319 -0.5298
vn 0.1230 0.8431 -0.5235
vn 0.2174 0.8101 -0.5446
vn 0.1103 0.9324 -0.3442
vn 0.1292 0.8758 -0.4651
vn 0.1746 0.8730 -0.4554
vn 0.1499 0.8918 -0.4268
vn 0.1728 0.8725 -0.4571
vn 0.1598 0.8890 -0.4292
vn 0.1218 0.9134 -0.3885
vn 0.1295 0.8972 -0.4222
vn 0.1009 0.8998 -0.4245
vn 0.1705 0.8406 -0.5142
vn 0.1198 0.8600 -0.4960
vn 0.1506 0.8927 -0.4247
vn 0.0776 0.8774 -0.4734
vn 0.0647 0.8700 -0.4887
vn 0.0692 0.8767 -0.4760
vn 0.0527 0.8683 -0.4933
vn 0.1199 0.8608 -0.4946
vn 0.1212 0.8609 -0.4940
vn 0.1175 0.8598 -0.4969
vn 0.1184 0.8601 -0.4963
vn 0.0928 0.9097 -0.4047
vn 0.1035 0.9201 -0.3778
vn 0.0575 0.9158 -0.3976
vn 0.0533 0.9178 -0.3934
vn 0.0584 0.9150 -0.3991
vn 0.0680 0.8717 -0.4853
vn 0.0403 0.8837 -0.4662
vn 0.0265 0.8786 -0.4768
vn 0.0359 0.8817 -0.4705
vn 0.0481 0.9391 -0.3403
vn 0.0522 0.9204 -0.3876
vn 0.0518 0.8687 -0.4927
vn 0.0183 0.8754 -0.4830
vn 0.0173 0.9472 -0.3203
vn 0.0091 0.9995 0.0313
vn 0.0164 0.9324 -0.3609
vn 0.0497 0.9491 -0.3109
vn 0.0176 0.9621 -0.2720
vn 0.0183 0.9631 -0.2684
vn 0.0165 0.9626 -0.2704
vn 0.0313 0.9790 -0.2012
vn 0.0384 0.9288 -0.3686
vn 0.0383 0.9277 -0.3714
vn 0.0501 0.9340 -0.3537
vn 0.0288 0.9219 -0.3862
vn 0.0047 0.9374 -0.3482
vn 0.0195 0.9627 -0.2699
vn 0.0027 0.9513 -0.3083
vn 0.0219 0.8730 -0.4873
vn 0.0189 0.8767 -0.4808
vn 0.0390 0.8776 -0.4777
vn 0.0377 0.8774 -0.4782
vn 0.0146 0.8850 -0.4653
vn 0.0079 0.8811 -0.4729
vn 0.0055 0.8808 -0.4734
vn 0.0070 0.9807 -0.1954
vn -0.0088 0.8699 -0.4932
vn -0.0080 0.9997 0.0246
vn 0.0057 0.9235 -0.3835
vn -0.0157 0.9356 -0.3527
vn -0.0172 0.8684 -0.4955
vn -0.0128 0.8800 -0.4748
vn -0.0207 0.8783 -0.4777
vn -0.0216 0.9998 -0.0039
vn -0.0274 0.8662 -0.4989
vn -0.0272 0.8762 -0.4811
vn -0.0277 0.8764 -0.4807
vn -0.0444 0.8593 -0.5095
vn -0.0576 0.8631 -0.5018
vn -0.0273 0.8666 -0.4983
vn -0.0318 0.9988 -0.0367
vn -0.0302 0.9882 -0.1501
vn -0.0409 0.9969 -0.0672
vn -0.0405 0.9836 -0.1755
vn -0.0170 0.9646 -0.2631
vn -0.0743 0.9864 -0.1468
vn -0.0302 0.9573 -0.2876
vn -0.0546 0.9567 -0.2857
vn -0.0302 0.9927 -0.1164
vn 0.0289 0.9932 -0.1127
vn -0.1344 0.9568 -0.2577
vn -0.0488 0.9942 -0.0960
vn -0.0112 0.9649 -0.2626
vn -0.0408 0.9497 -0.3105
vn -0.0540 0.8499 -0.5242
vn -0.0545 0.8519 -0.5209
vn -0.0424 0.8558 -0.5156
vn -0.0388 0.9696 -0.2415
vn -0.0634 0.9872 -0.1466
vn -0.0685 0.9528 -0.2957
vn -0.0519 0.8778 -0.4761
vn -0.0013 0.9565 -0.2917
vn -0.0258 0.9616 -0.2732
vn -0.0223 0.9611 -0.2755
vn -0.0269 0.9838 -0.1771
vn -0.0225 0.9856 -0.1675
vn 0.0094 0.9920 -0.1256
vn -0.0542 0.9915 -0.1186
vn -0.0703 0.9402 -0.3331
vn -0.0467 0.9657 -0.2555
vn -0.0270 0.9597 -0.2797
vn -0.0542 0.9386 -0.3406
vn -0.0484 0.9383 -0.3423
vn -0.0484 0.9392 -0.3400
vn -0.0658 0.9884 -0.1369
vn -0.0612 0.9887 -0.1367
vn -0.0603 0.9888 -0.1365
vn -0.1141 0.9676 -0.2251
vn -0.0667 0.9883 -0.1371
vn -0.0506 0.9756 -0.2135
vn -0.0538 0.9736 -0.2217
vn -0.0855 0.8242 -0.5598
vn -0.0570 0.9613 -0.2696
vn -0.0570 0.9557 -0.2888
vn -0.0532 0.9620 -0.2678
vn -0.0679 0.9853 -0.1570
vn -0.0698 0.9830 -0.1700
vn -0.0713 0.9850 -0.1573
vn -0.0495 0.9857 -0.1612
vn -0.0688 0.9667 -0.2464
vn -0.0624 0.9679 -0.2433
vn -0.0576 0.9669 -0.2486
vn -0.0873 0.9805 -0.1760
vn -0.0591 0.8617 -0.5039
vn -0.0589 0.9441 -0.3244
vn -0.0903 0.9773 -0.1918
vn -0.0643 0.9447 -0.3216
vn -0.0783 0.9619 -0.2620
vn -0.0975 0.9742 -0.2035
vn -0.0898 0.9762 -0.1972
vn -0.0412 0.9510 -0.3065
vn -0.0570 0.9495 -0.3084
vn -0.0641 0.9480 -0.3119
vn -0.0601 0.9270 -0.3702
vn -0.0606 0.9280 -0.3677
vn -0.0967 0.9749 -0.2005
vn -0.1081 0.9718 -0.2096
vn -0.2729 0.9558 0.1091
vn -0.2947 0.9460 0.1349
vn -0.8062 -0.5073 0.3044
vn -0.9477 -0.1835 0.2611
vn -1.0000 -0.0015 0.0021
vn -1.0000 0.0018 -0.0008
vn -1.0000 0.0018 -0.0011
vn -1.0000 -0.0004 0.0003
vn -0.0603 -0.6530 0.7550
vn -0.2608 -0.4542 0.8519
vn -0.0638 -0.5858 0.8079
vn -0.0674 -0.5443 0.8362
vn -0.0511 -0.7762 0.6284
vn -0.0527 0.8832 0.4661
vn -0.0413 0.9016 0.4305
vn -0.0324 0.9654 0.2589
vn -0.0353 0.9569 0.2884
vn -0.0502 0.8861 0.4608
vn -0.0436 0.9310 0.3624
vn -0.0200 -0.9535 0.3006
vn -0.0789 -0.4893 0.8685
vn -0.0796 -0.3370 0.9381
vn -0.0710 -0.5328 0.8432
vn -0.0660 -0.2518 0.9655
vn -0.0678 -0.4763 0.8767
vn -0.0729 -0.2609 0.9626
vn -0.0588 -0.6105 0.7899
vn -0.0505 -0.5258 0.8491
vn -0.0140 0.9713 0.2374
vn -0.0110 0.9804 0.1969
vn -0.0008 0.9998 -0.0207
vn -0.0047 0.9995 0.0297
vn -0.0091 0.9973 0.0726
vn 0.0004 0.9925 0.1226
vn -0.0629 -0.3605 0.9306
vn -0.0655 -0.1956 0.9785
vn -0.0509 -0.3331 0.9415
vn -0.0346 -0.3080 0.9508
vn -0.0580 -0.2823 0.9576
vn -0.0439 -0.3427 0.9384
vn -0.0496 -0.2656 0.9628
vn 0.0092 0.5835 0.8121
vn -0.0267 -0.4457 0.8948
vn 0.0282 0.9822 0.1856
vn 0.0463 0.7913 -0.6097
vn 0.0195 0.8324 0.5538
vn -0.0318 -0.2119 0.9768
vn -0.0283 -0.1942 0.9805
vn -0.0258 -0.2459 0.9690
vn -0.0143 -0.2825 0.9592
vn 0.0558 0.8789 -0.4737
vn -0.0304 -0.4520 0.8915
vn -0.0153 -0.3583 0.9335
vn 0.0547 0.9443 0.3245
vn 0.0546 0.9418 0.3317
vn -0.0071 -0.3274 0.9449
vn 0.0690 0.9892 0.1294
vn 0.0628 0.9036 0.4237
vn 0.0534 0.8941 0.4447
vn 0.0582 0.9283 0.3673
vn -0.0246 -0.4488 0.8933
vn -0.0103 -0.3361 0.9418
vn -0.0358 -0.5621 0.8263
vn -0.0198 -0.4553 0.8901
vn -0.0337 -0.5657 0.8239
vn -0.0022 -0.2707 0.9627
vn 0.0657 0.6495 0.7575
vn 0.0915 0.9512 0.2947
vn 0.0876 0.9744 0.2071
vn 0.0869 0.9664 0.2420
vn 0.0905 0.8534 0.5133
vn 0.0822 0.8956 0.4372
vn -0.0907 -0.7616 -0.6417
vn 0.0913 0.9608 0.2619
vn 0.0930 0.8955 0.4353
vn 0.0957 0.8976 0.4302
vn 0.0912 0.9840 0.1530
vn 0.0911 0.9836 0.1558
vn -0.0074 -0.5060 0.8625
vn -0.0111 -0.5131 0.8582
vn -0.0172 -0.6174 0.7865
vn -0.0051 -0.5198 0.8543
vn 0.0546 -0.2800 0.9584
vn -0.0041 -0.5108 0.8597
vn -0.0120 -0.6271 0.7788
vn 0.0750 0.9337 0.3501
vn -0.0210 -0.7223 0.6913
vn 0.0053 -0.4352 0.9003
vn 0.0077 -0.5092 0.8606
vn -0.0106 -0.6003 0.7997
vn 0.0344 0.8796 -0.4744
vn 0.0665 0.9754 0.2102
vn 0.0676 0.9449 0.3204
vn 0.0677 0.9372 0.3420
vn 0.0754 0.8304 0.5521
vn -0.0220 -0.7187 0.6950
vn -0.0270 -0.5455 0.8377
vn -0.0021 -0.5910 0.8067
vn 0.0002 -0.4581 0.8889
vn 0.0148 -0.2440 0.9697
vn 0.0031 -0.3616 0.9323
vn 0.0538 0.9396 0.3381
vn 0.0257 0.7594 -0.6501
vn -0.0304 -0.8075 0.5891
vn -0.0300 -0.8026 0.5957
vn -0.0277 -0.7740 0.6326
vn -0.0272 -0.7678 0.6401
vn -0.0242 -0.7245 0.6888
vn 0.0417 0.8564 0.5146
vn 0.0419 0.9178 0.3948
vn 0.0263 0.7903 0.6122
vn 0.0427 0.7471 0.6633
vn 0.0422 0.8655 0.4991
vn -0.0224 -0.6248 0.7804
vn -0.0140 -0.6203 0.7842
vn -0.0282 -0.7568 0.6530
vn -0.0248 -0.5942 0.8039
vn -0.0234 -0.5834 0.8118
vn 0.0315 0.8332 -0.5520
vn 0.0297 0.9107 0.4121
vn 0.0338 0.9680 0.2485
vn -0.0320 -0.8192 0.5726
vn -0.0290 -0.6932 0.7202
vn -0.0310 -0.7857 0.6178
vn 0.0237 0.9982 0.0543
vn 0.0211 0.9791 0.2021
vn -0.0318 -0.8286 0.5589
vn -0.0323 -0.7775 0.6281
vn -0.0384 -0.7897 0.6123
vn -0.0323 -0.7824 0.6219
vn -0.0305 -0.6886 0.7245
vn -0.0410 -0.7369 0.6748
vn -0.0329 -0.7547 0.6552
vn 0.0307 0.8585 -0.5119
vn 0.0006 0.9043 0.4269
vn 0.0011 0.9083 0.4183
vn -0.0318 -0.8428 0.5373
vn -0.0292 -0.6801 0.7325
vn -0.0343 -0.7750 0.6310
vn -0.0342 -0.7766 0.6290
vn -0.0324 -0.8273 0.5609
vn -0.0335 -0.7749 0.6312
vn 0.0047 0.9976 0.0694
vn -0.0054 0.9542 0.2992
vn -0.0382 0.7180 0.6950
vn -0.0387 0.6552 0.7544
vn -0.0296 0.7930 0.6085
vn -0.0232 0.8668 0.4981
vn -0.0322 -0.8375 0.5455
vn -0.0355 -0.7801 0.6246
vn -0.0346 -0.8132 0.5810
vn -0.0467 -0.5143 0.8564
vn -0.0411 -0.6897 0.7229
vn -0.0450 -0.5968 0.8011
vn 0.0274 0.8833 -0.4680
vn -0.0243 0.9229 0.3842
vn 0.0252 0.8973 -0.4407
vn -0.0415 -0.7748 0.6309
vn -0.0308 -0.8629 0.5044
vn -0.0563 -0.6953 0.7165
vn -0.0461 -0.7572 0.6516
vn -0.0520 -0.6745 0.7364
vn -0.0439 -0.7742 0.6314
vn -0.0304 -0.8645 0.5017
vn -0.0388 -0.8209 0.5697
vn -0.0467 -0.7701 0.6363
vn -0.0381 -0.8247 0.5643
vn -0.0616 -0.7178 0.6935
vn -0.0393 -0.8165 0.5760
vn -0.0351 -0.8453 0.5332
vn -0.0276 -0.8799 0.4743
vn -0.0369 -0.8406 0.5404
vn -0.0734 -0.6224 0.7792
vn -0.0839 -0.5853 0.8064
vn -0.0675 -0.6698 0.7395
vn -0.0421 -0.8268 0.5609
vn -0.0521 -0.7803 0.6233
vn -0.0411 -0.8310 0.5547
vn -0.0317 -0.8663 0.4985
vn -0.0657 -0.7351 0.6748
vn -0.1033 -0.5707 0.8146
vn -0.1025 -0.6262 0.7729
vn -0.0513 -0.7458 0.6642
vn -0.0882 -0.6464 0.7579
vn -0.0378 -0.8473 0.5298
vn -0.0490 -0.8144 0.5783
vn -0.0305 -0.8755 0.4823
vn -0.1084 -0.5912 0.7992
vn -0.1132 -0.4663 0.8774
vn -0.0771 -0.6999 0.7100
vn -0.1159 0.9396 0.3220
vn -0.1614 0.7231 0.6716
vn -0.1651 0.7254 0.6683
vn -0.1389 0.8660 0.4804
vn -0.0599 0.9975 -0.0372
vn -0.1375 -0.4254 0.8945
vn -0.1030 -0.6152 0.7816
vn -0.0484 -0.8266 0.5608
vn -0.0335 0.9850 -0.1690
vn -0.1346 0.9112 0.3892
vn -0.1928 0.7905 0.5813
vn -0.1733 0.7900 0.5881
vn -0.1741 0.7471 0.6415
vn -0.1464 0.9000 0.4106
vn -0.1765 0.7985 0.5755
vn -0.0792 -0.7361 0.6723
vn -0.0792 -0.7363 0.6720
vn -0.1317 -0.5070 0.8519
vn -0.1424 -0.5137 0.8461
vn -0.1307 -0.5418 0.8303
vn -0.0674 -0.7802 0.6219
vn -0.0826 -0.6568 0.7496
vn -0.0709 -0.7796 0.6223
vn -0.1879 0.7749 0.6035
vn -0.1889 0.8039 0.5639
vn -0.1724 0.8256 0.5373
vn -0.1459 0.9186 0.3673
vn -0.0788 0.9969 -0.0067
vn -0.1483 0.9307 0.3345
vn -0.1263 0.9629 0.2383
vn -0.0565 0.9929 -0.1045
vn -0.1775 0.8741 0.4522
vn -0.0370 -0.8667 0.4974
vn -0.1152 -0.6344 0.7644
vn -0.1225 -0.5796 0.8057
vn -0.0511 -0.8317 0.5528
vn -0.1351 -0.5697 0.8107
vn -0.1424 -0.5549 0.8196
vn -0.1241 -0.6146 0.7790
vn -0.1633 -0.4826 0.8605
vn -0.0908 -0.7322 0.6751
vn -0.0851 -0.7595 0.6449
vn -0.0320 -0.8802 0.4735
vn -0.1003 -0.7232 0.6833
vn -0.0665 -0.8135 0.5777
vn -0.1793 -0.4884 0.8540
vn -0.1701 -0.4996 0.8494
vn -0.1611 -0.5724 0.8040
vn -0.1476 -0.5889 0.7946
vn -0.2643 0.9012 0.3436
vn -0.2618 0.8693 0.4192
vn -0.1761 0.9789 0.1033
vn -0.3138 0.7654 0.5619
vn -0.2754 0.8558 0.4379
vn -0.2788 0.6988 0.6587
vn -0.3486 0.7326 0.5846
vn -0.2931 0.8587 0.4204
vn -0.2022 0.9713 0.1255
vn -0.3416 0.7813 0.5223
vn -0.2984 0.8691 0.3946
vn -0.1735 -0.6946 0.6982
vn -0.2772 -0.4619 0.8425
vn -0.2212 -0.5914 0.7754
vn -0.0970 -0.8135 0.5734
vn -0.0924 -0.8188 0.5667
vn -0.2534 -0.5650 0.7852
vn -0.1729 -0.6937 0.6992
vn -0.3723 0.8315 0.4123
vn -0.3910 0.7853 0.4801
vn -0.2524 -0.5721 0.7804
vn -0.1115 -0.8122 0.5726
vn -0.1094 -0.8147 0.5694
vn -0.1847 -0.7298 0.6582
vn -0.3023 -0.5026 0.8100
vn -0.2326 -0.6559 0.7181
vn -0.0816 0.3986 0.9135
vn -0.2576 0.1409 0.9559
vn -0.2764 0.4260 0.8614
vn -0.1303 0.7569 0.6404
vn -0.3198 -0.1743 0.9313
vn -0.0408 0.8405 0.5403
vn -0.0593 0.6977 0.7140
vn -0.0222 0.9561 0.2922
vn -0.0689 -0.5178 0.8527
vn -0.0637 -0.6404 0.7654
vn -0.0673 -0.5365 0.8412
vn -0.0559 0.8932 0.4461
vn -0.0668 0.8236 0.5632
vn -0.0490 0.9134 0.4041
vn -0.0257 0.9855 0.1680
vn -0.0354 0.9619 0.2711
vn -0.0356 0.9601 0.2774
vn -0.0140 0.9992 0.0370
vn -0.0177 0.9975 0.0690
vn -0.0193 0.9823 0.1864
vn -0.0521 0.8450 0.5321
vn -0.0463 0.8521 0.5213
vn -0.0767 -0.1156 0.9903
vn -0.0646 -0.1881 0.9800
vn -0.0675 -0.0969 0.9930
vn -0.0612 -0.1326 0.9893
vn -0.0154 0.9409 0.3383
vn -0.0131 0.9251 0.3794
vn -0.0605 -0.2584 0.9641
vn -0.0072 0.9252 0.3795
vn -0.0027 0.9574 0.2888
vn -0.0092 0.9161 0.4009
vn -0.0128 0.8912 0.4535
vn 0.0215 0.9998 0.0022
vn -0.0069 0.9188 0.3947
vn 0.0217 0.9998 -0.0049
vn -0.0449 -0.2677 0.9625
vn -0.0390 -0.1571 0.9868
vn 0.0327 0.9949 -0.0959
vn 0.0364 0.9886 0.1459
vn 0.0422 0.9888 -0.1431
vn -0.0252 -0.0089 0.9996
vn -0.0327 0.1609 0.9864
vn -0.0328 -0.0296 0.9990
vn -0.0267 -0.1428 0.9894
vn 0.0212 0.6341 0.7729
vn 0.0404 0.9629 0.2669
vn -0.0237 -0.2407 0.9703
vn -0.0211 -0.2934 0.9558
vn 0.0470 0.9296 0.3655
vn 0.0420 0.9330 0.3575
vn 0.0402 0.9387 0.3424
vn 0.0555 0.9956 0.0752
vn 0.0649 0.9978 0.0123
vn 0.0555 0.9690 0.2408
vn -0.0262 -0.2872 0.9575
vn 0.0633 0.9980 -0.0000
vn 0.0632 0.9980 -0.0008
vn 0.0728 0.9493 0.3058
vn 0.0587 0.9090 0.4127
vn 0.0015 0.0483 0.9988
vn -0.0127 -0.1666 0.9860
vn 0.0561 0.6800 0.7310
vn 0.0663 0.8357 0.5451
vn -0.0213 -0.3342 0.9423
vn -0.0172 -0.3330 0.9428
vn 0.0476 0.7213 0.6910
vn 0.0610 0.8953 0.4412
vn 0.0024 -0.2248 0.9744
vn 0.0730 0.8726 0.4830
vn 0.0742 0.8838 0.4620
vn 0.0699 0.8301 0.5533
vn 0.0668 0.9068 0.4163
vn 0.0778 0.9246 0.3730
vn 0.0776 0.9063 0.4155
vn 0.0549 0.7356 0.6752
vn 0.0727 0.8052 0.5886
vn 0.0728 0.8059 0.5876
vn 0.0890 0.9114 0.4018
vn 0.0836 0.9112 0.4033
vn 0.0983 0.9297 0.3549
vn 0.0946 0.8320 0.5466
vn 0.0912 0.9804 0.1748
vn 0.1028 0.8359 0.5392
vn 0.0987 0.8712 0.4809
vn 0.0977 0.7943 0.5997
vn 0.0916 0.9820 0.1653
vn 0.0988 0.7473 0.6571
vn 0.0930 0.8210 0.5633
vn 0.0049 -0.4677 0.8839
vn -0.0051 -0.5391 0.8422
vn 0.0133 -0.4120 0.9111
vn 0.0885 0.7074 0.7012
vn 0.1012 0.7891 0.6059
vn 0.0055 -0.4136 0.9105
vn 0.0153 -0.3815 0.9242
vn 0.0066 -0.4587 0.8886
vn -0.0099 -0.6157 0.7879
vn 0.0047 -0.4754 0.8797
vn 0.0922 0.7211 0.6866
vn 0.0865 0.6309 0.7710
vn 0.0809 0.5738 0.8150
vn 0.0925 0.9117 0.4003
vn 0.0920 0.9115 0.4008
vn 0.0876 0.9825 0.1644
vn -0.0064 -0.5992 0.8006
vn 0.0169 -0.3535 0.9353
vn -0.0092 -0.6208 0.7839
vn 0.0019 -0.4877 0.8730
vn 0.0129 -0.4629 0.8863
vn -0.0173 -0.6906 0.7230
vn 0.0737 0.9121 0.4033
vn 0.0705 0.6675 0.7412
vn 0.0764 0.9350 0.3463
vn -0.0122 -0.5394 0.8419
vn -0.0019 -0.4394 0.8983
vn 0.0781 0.7427 0.6650
vn 0.0669 0.8084 0.5848
vn 0.0609 0.6744 0.7359
vn 0.0404 0.7001 0.7129
vn 0.0686 0.7895 0.6099
vn 0.0680 0.7912 0.6078
vn 0.0669 0.9079 0.4138
vn 0.0076 -0.3437 0.9390
vn -0.0014 -0.3265 0.9452
vn 0.0038 -0.3293 0.9442
vn -0.0207 -0.6871 0.7262
vn 0.0543 0.9302 0.3630
vn 0.0537 0.8290 0.5567
vn -0.0025 -0.4467 0.8947
vn -0.0065 -0.4548 0.8906
vn -0.0070 -0.4589 0.8885
vn -0.0163 -0.5922 0.8057
vn 0.0337 0.4807 0.8762
vn 0.0522 0.4695 0.8814
vn 0.0484 0.6339 0.7719
vn 0.0522 0.7734 0.6318
vn 0.0506 0.9073 0.4175
vn -0.0166 -0.5965 0.8024
vn -0.0194 -0.6176 0.7863
vn -0.0257 -0.7529 0.6576
vn 0.0443 0.8436 0.5351
vn 0.0376 0.6992 0.7139
vn 0.0542 0.8336 0.5497
vn -0.0179 -0.5550 0.8316
vn -0.0161 -0.4868 0.8733
vn -0.0294 -0.7456 0.6657
vn 0.0192 0.9437 0.3303
vn 0.0120 0.8186 0.5743
vn -0.0289 -0.6838 0.7291
vn -0.0189 -0.4991 0.8663
vn -0.0314 -0.5953 0.8029
vn -0.0313 -0.5843 0.8109
vn -0.0325 -0.8120 0.5828
vn -0.0312 -0.5835 0.8115
vn -0.0344 -0.7186 0.6946
vn -0.0359 -0.6648 0.7462
vn -0.0361 -0.6617 0.7489
vn -0.0365 -0.5756 0.8169
vn -0.0317 -0.5166 0.8556
vn -0.0315 -0.5595 0.8282
vn -0.0107 0.7980 0.6026
vn -0.0394 -0.6385 0.7686
vn -0.0377 -0.6343 0.7722
vn -0.0088 0.9179 0.3966
vn -0.0097 0.9101 0.4143
vn -0.0398 -0.4520 0.8911
vn -0.0493 -0.5260 0.8491
vn -0.0410 -0.6420 0.7656
vn -0.0354 -0.7843 0.6194
vn -0.0354 -0.7822 0.6221
vn -0.0266 0.6837 0.7293
vn -0.0367 0.3063 0.9512
vn -0.0385 0.4429 0.8957
vn -0.0286 0.4967 0.8674
vn -0.0499 -0.3023 0.9519
vn -0.0439 -0.4989 0.8656
vn -0.0418 -0.3398 0.9396
vn -0.0411 -0.6385 0.7685
vn -0.0442 0.5024 0.8635
vn -0.0334 0.6421 0.7659
vn -0.0327 0.6473 0.7615
vn -0.0244 0.8032 0.5953
vn -0.0241 0.8057 0.5919
vn -0.0443 0.6311 0.7745
vn -0.0309 0.7260 0.6870
vn -0.0365 0.6519 0.7575
vn -0.0391 -0.7301 0.6822
vn -0.0448 -0.5728 0.8184
vn -0.0386 -0.7391 0.6725
vn -0.0330 -0.8374 0.5456
vn -0.0419 -0.7274 0.6850
vn -0.0454 -0.6938 0.7188
vn -0.0410 -0.7144 0.6985
vn -0.0472 0.6789 0.7328
vn -0.0432 0.6377 0.7691
vn -0.0414 0.7547 0.6547
vn -0.0295 0.8878 0.4593
vn -0.0278 0.9023 0.4303
vn -0.0254 0.8988 0.4376
vn -0.0458 0.5240 0.8505
vn -0.0563 0.7069 0.7051
vn -0.0649 0.6185 0.7831
vn -0.0378 0.9087 0.4157
vn -0.0587 0.7257 0.6855
vn -0.0429 0.8556 0.5159
vn -0.0202 0.9905 0.1361
vn -0.0415 -0.7759 0.6295
vn -0.0412 -0.7775 0.6276
vn -0.0378 -0.7128 0.7003
vn -0.0445 0.9184 0.3931
vn -0.0622 0.7868 0.6141
vn -0.0802 0.6232 0.7779
vn -0.0566 0.8205 0.5689
vn -0.0697 -0.6016 0.7958
vn -0.0531 -0.6332 0.7721
vn -0.0463 -0.7352 0.6762
vn -0.0642 -0.4506 0.8904
vn -0.0555 -0.6221 0.7810
vn -0.0580 0.8308 0.5535
vn -0.0568 0.8448 0.5321
vn -0.0656 0.7964 0.6012
vn -0.0657 0.7607 0.6457
vn -0.0660 0.7070 0.7041
vn -0.0872 -0.4668 0.8801
vn -0.0592 -0.6799 0.7309
vn -0.0587 -0.6843 0.7269
vn -0.0484 -0.7584 0.6500
vn -0.0770 -0.5339 0.8420
vn -0.0889 -0.4005 0.9120
vn -0.0746 -0.5266 0.8468
vn -0.0604 -0.6578 0.7507
vn -0.1054 0.7105 0.6958
vn -0.0923 0.7929 0.6024
vn -0.0861 0.7805 0.6192
vn -0.0729 -0.5857 0.8072
vn -0.0646 -0.6799 0.7305
vn -0.0911 -0.3950 0.9141
vn -0.1071 -0.4093 0.9061
vn -0.0651 -0.6567 0.7513
vn -0.0563 -0.7487 0.6605
vn -0.0270 0.9969 -0.0740
vn -0.0820 0.8893 0.4498
vn -0.0978 0.8021 0.5891
vn -0.0711 0.9360 0.3446
vn -0.0799 -0.5900 0.8034
vn -0.0712 -0.6618 0.7463
vn -0.0748 -0.6399 0.7648
vn -0.0558 -0.7609 0.6465
vn -0.0536 -0.7731 0.6320
vn -0.0807 -0.4171 0.9053
vn -0.1010 -0.5082 0.8553
vn -0.0714 -0.6798 0.7299
vn -0.0780 0.9395 0.3334
vn 0.0230 0.9068 -0.4209
vn -0.1055 0.8461 0.5224
vn -0.0944 0.9096 0.4045
vn -0.1083 0.8322 0.5439
vn -0.1047 -0.4081 0.9069
vn -0.1043 -0.4241 0.8996
vn -0.1080 -0.2994 0.9480
vn -0.0922 -0.5833 0.8070
vn -0.0829 -0.6146 0.7845
vn -0.1101 -0.3985 0.9105
vn -0.1177 -0.3972 0.9101
vn -0.1333 0.7197 0.6814
vn -0.1242 0.7683 0.6279
vn -0.1235 -0.3438 0.9309
vn -0.0727 -0.6973 0.7131
vn -0.0717 -0.6976 0.7129
vn -0.0944 -0.5936 0.7992
vn -0.0650 -0.7311 0.6791
vn -0.0998 -0.5577 0.8240
vn -0.0961 0.9421 0.3212
vn -0.0484 0.9987 -0.0149
vn -0.0375 0.9954 -0.0886
vn -0.1165 -0.3399 0.9332
vn -0.1203 -0.5008 0.8572
vn -0.1217 0.8930 0.4332
vn -0.0999 0.9545 0.2808
vn -0.1399 0.8539 0.5013
vn -0.1504 0.7658 0.6253
vn -0.1474 0.7229 0.6750
vn -0.1056 -0.6187 0.7785
vn -0.1423 -0.4014 0.9048
vn -0.1638 0.7118 0.6830
vn -0.1858 0.5871 0.7879
vn -0.1781 0.6374 0.7497
vn -0.1452 -0.3180 0.9369
vn -0.1425 -0.4176 0.8974
vn -0.1765 -0.2192 0.9596
vn -0.1357 -0.4762 0.8688
vn -0.1626 0.8213 0.5468
vn -0.1345 0.9114 0.3890
vn -0.1254 -0.5157 0.8475
vn -0.1464 -0.4591 0.8762
vn -0.1350 -0.4170 0.8988
vn -0.1303 -0.5385 0.8325
vn -0.1330 -0.5411 0.8304
vn -0.1499 -0.4500 0.8804
vn -0.1720 0.8561 0.4874
vn -0.1964 0.7398 0.6435
vn -0.2045 -0.1760 0.9629
vn -0.1378 -0.5490 0.8244
vn -0.2101 0.6798 0.7027
vn -0.2062 0.6654 0.7175
vn -0.1322 -0.6002 0.7888
vn -0.2103 0.7382 0.6409
vn -0.1984 0.8060 0.5577
vn -0.1182 0.9881 0.0985
vn -0.1587 -0.5049 0.8484
vn -0.1659 0.9232 0.3468
vn -0.0906 0.9958 -0.0090
vn -0.1960 0.8939 0.4032
vn -0.1700 -0.4947 0.8523
vn -0.1962 -0.3674 0.9091
vn -0.2135 0.8559 0.4709
vn -0.2106 0.8560 0.4721
vn -0.0567 0.9789 -0.1964
vn -0.2408 0.8132 0.5298
vn -0.2520 0.7486 0.6133
vn -0.2062 0.8984 0.3877
vn -0.1898 0.9324 0.3075
vn -0.2572 0.7709 0.5828
vn -0.0944 -0.7547 0.6492
vn -0.0429 -0.8659 0.4985
vn -0.2739 0.7489 0.6035
vn -0.2099 0.9263 0.3128
vn -0.1341 0.9900 0.0449
vn -0.1999 0.9401 0.2760
vn -0.2496 0.8415 0.4791
vn -0.1284 0.9917 0.0121
vn -0.1266 0.9919 0.0068
vn -0.1306 -0.6912 0.7107
vn -0.1377 -0.6967 0.7040
vn -0.0592 -0.8398 0.5396
vn -0.1877 -0.5197 0.8334
vn -0.2207 -0.4471 0.8668
vn -0.2446 -0.3478 0.9051
vn -0.3268 0.1213 0.9373
vn -0.2727 0.8399 0.4693
vn -0.0640 -0.8411 0.5371
vn -0.2009 -0.5217 0.8291
vn -0.1583 -0.6481 0.7449
vn -0.1063 -0.7861 0.6089
vn -0.3014 0.8899 0.3425
vn -0.3084 0.8699 0.3849
vn -0.3291 0.8619 0.3857
vn -0.1584 -0.6881 0.7081
vn -0.3912 0.7311 0.5590
vn -0.3996 0.6859 0.6082
vn -0.4029 0.7873 0.4666
vn -0.2846 -0.5157 0.8081
vn -0.3979 0.8579 0.3250
vn -0.4356 0.8263 0.3570
vn -0.4739 0.7801 0.4085
vn -0.2604 -0.6443 0.7191
vn -0.4398 0.8517 0.2849
vn -0.4805 0.8367 0.2626
vn -0.6101 0.5056 0.6100
vn -0.5742 0.5877 0.5700
vn -0.4102 -0.4756 0.7782
vn -0.2938 -0.7228 0.6255
vn -0.5551 -0.3463 0.7562
vn -0.5663 -0.3792 0.7318
vn -0.5939 0.7814 0.1919
vn -0.7363 0.0496 0.6749
vn -0.7334 0.1978 0.6503
vn -0.7522 0.4669 0.4649
vn -0.7316 0.6069 0.3106
vn -0.7621 0.6189 0.1899
vn -0.8433 0.2592 0.4708
vn -0.5692 -0.5439 0.6166
vn -0.5991 -0.4767 0.6432
vn -0.8837 0.3616 0.2970
vn -0.5338 -0.6538 0.5363
vn -0.0779 -0.2222 0.9719
vn -0.0785 -0.1005 0.9918
vn -0.0277 -0.2281 0.9733
vn -0.0797 -0.3170 0.9451
vn -0.0867 -0.4468 0.8904
vn -0.0218 0.9638 0.2657
vn -0.0512 0.8902 0.4527
vn -0.0508 0.8442 0.5337
vn -0.0359 0.9605 0.2758
vn -0.0699 -0.5750 0.8152
vn -0.0585 -0.6424 0.7641
vn -0.0732 -0.5595 0.8256
vn -0.0579 -0.6408 0.7655
vn -0.0580 -0.6436 0.7631
vn 0.0383 0.8544 -0.5182
vn -0.0487 0.8891 0.4551
vn -0.0775 -0.3059 0.9489
vn -0.0572 0.7224 0.6891
vn -0.0196 0.9700 0.2422
vn -0.0182 0.8766 0.4808
vn -0.0172 0.7828 0.6221
vn -0.0384 0.7088 0.7044
vn -0.0052 0.8998 0.4364
vn -0.0092 0.8955 0.4449
vn -0.0026 0.9523 0.3050
vn 0.0089 0.9001 0.4355
vn 0.0261 0.9871 0.1582
vn 0.0269 0.9996 0.0054
vn 0.0381 0.9983 0.0451
vn 0.0184 0.8646 0.5022
vn 0.0234 0.8433 0.5370
vn 0.0120 0.8367 0.5476
vn -0.0133 0.4320 0.9018
vn 0.0016 0.6632 0.7484
vn 0.0155 0.7084 0.7057
vn 0.0276 0.8504 0.5255
vn 0.0303 0.8474 0.5301
vn 0.0465 0.9064 0.4199
vn 0.0302 0.8789 0.4760
vn 0.0337 0.9203 0.3899
vn 0.0246 0.8149 0.5791
vn 0.0533 0.9029 0.4265
vn 0.0611 0.8097 0.5836
vn 0.0279 0.2422 0.9698
vn 0.0126 0.0305 0.9995
vn 0.0280 0.3633 0.9313
vn 0.0580 0.8702 0.4893
vn 0.0588 0.8677 0.4936
vn 0.0399 0.5740 0.8179
vn 0.0250 0.4680 0.8834
vn 0.0727 0.9208 0.3832
vn 0.0602 0.9042 0.4228
vn -0.0422 -0.6576 0.7522
vn -0.0411 -0.5086 0.8600
vn -0.0584 -0.6747 0.7358
vn 0.0392 -0.1427 0.9890
vn -0.0283 -0.5802 0.8140
vn -0.0051 -0.3832 0.9237
vn 0.0111 -0.3080 0.9513
vn 0.0063 -0.2298 0.9732
vn 0.0525 0.8214 -0.5679
vn -0.0273 -0.6113 0.7909
vn 0.0979 0.9624 0.2533
vn 0.0833 0.7440 0.6630
vn 0.0933 0.7691 0.6322
vn 0.1005 0.8090 0.5792
vn 0.0118 -0.2645 0.9643
vn 0.0406 -0.1451 0.9886
vn 0.0401 -0.0152 0.9991
vn 0.0874 0.6750 0.7326
vn 0.0933 0.9049 0.4154
vn 0.0947 0.9760 0.1962
vn 0.0037 -0.3342 0.9425
vn 0.0275 -0.2391 0.9706
vn 0.1103 0.7876 0.6062
vn 0.0994 0.7935 0.6004
vn 0.0294 -0.2578 0.9658
vn 0.0174 -0.4228 0.9060
vn 0.0027 -0.4712 0.8820
vn -0.0019 -0.4696 0.8829
vn 0.0020 -0.4988 0.8667
vn -0.0036 -0.5464 0.8375
vn -0.0016 -0.5457 0.8380
vn 0.0298 -0.2188 0.9753
vn 0.0777 0.3854 0.9195
vn 0.0922 0.8808 0.4645
vn 0.0924 0.7788 0.6205
vn 0.0896 0.8528 0.5145
vn 0.0930 0.5407 0.8361
vn 0.0834 0.8398 0.5365
vn 0.0877 0.6720 0.7354
vn 0.0818 0.6488 0.7565
vn 0.0761 0.9546 0.2879
vn -0.0154 0.3614 -0.9323
vn 0.0581 0.9434 -0.3266
vn 0.0717 0.9882 -0.1354
vn 0.0839 0.8110 0.5790
vn 0.0650 0.6285 0.7751
vn 0.0740 0.7197 0.6903
vn 0.0633 0.5715 0.8182
vn 0.0187 -0.1930 0.9810
vn 0.0339 -0.0477 0.9983
vn 0.0608 0.5002 0.8637
vn 0.0472 0.3147 0.9480
vn 0.0593 0.8698 0.4898
vn 0.0620 0.7495 0.6591
vn 0.0651 0.6967 0.7144
vn 0.0427 0.2578 0.9653
vn 0.0470 0.5595 0.8275
vn 0.0446 0.5186 0.8538
vn 0.0499 0.5061 0.8610
vn 0.0246 0.4337 0.9007
vn 0.0382 0.4020 0.9149
vn 0.0457 0.4544 0.8896
vn 0.0365 0.6002 0.7990
vn 0.0367 0.6012 0.7983
vn 0.0346 0.5839 0.8111
vn 0.0321 0.6292 0.7766
vn -0.0164 -0.5203 0.8539
vn 0.0315 0.5985 0.8005
vn 0.0294 0.5972 0.8016
vn -0.0127 -0.4136 0.9104
vn 0.0338 0.7216 0.6915
vn 0.0271 0.6763 0.7361
vn 0.0308 0.7542 0.6559
vn 0.0349 0.9193 0.3921
vn 0.0346 0.9250 0.3783
vn 0.0166 0.5897 0.8075
vn 0.0130 0.5473 0.8369
vn 0.0185 0.6272 0.7787
vn 0.0183 0.6273 0.7786
vn 0.0271 0.7946 0.6065
vn 0.0116 0.7832 0.6217
vn -0.0007 0.6520 0.7582
vn 0.0194 0.6218 0.7829
vn -0.0305 -0.5704 0.8208
vn -0.0319 -0.4948 0.8684
vn -0.0358 -0.4248 0.9046
vn -0.0246 -0.5096 0.8601
vn -0.0302 -0.6687 0.7429
vn -0.0171 -0.5645 0.8253
vn -0.0019 0.3732 0.9278
vn -0.0009 0.5445 0.8388
vn -0.0060 0.5208 0.8537
vn 0.0025 0.6684 0.7438
vn 0.0025 0.6720 0.7405
vn -0.0072 0.5849 0.8111
vn -0.0282 -0.3620 0.9317
vn -0.0253 -0.1725 0.9847
vn -0.0282 -0.3613 0.9320
vn -0.0287 -0.2244 0.9741
vn -0.0282 -0.3610 0.9321
vn -0.0187 -0.1644 0.9862
vn -0.0277 -0.3530 0.9352
vn -0.0227 -0.1967 0.9802
vn -0.0248 -0.1580 0.9871
vn 0.0011 0.6951 0.7189
vn 0.0013 0.6842 0.7293
vn 0.0037 0.7947 0.6070
vn -0.0118 0.4066 0.9135
vn -0.0109 0.7325 0.6807
vn -0.0050 0.6325 0.7746
vn 0.0016 0.7967 0.6044
vn 0.0053 0.8797 0.4754
vn 0.0035 0.7646 0.6445
vn -0.0021 0.7418 0.6706
vn 0.0015 0.8131 0.5822
vn -0.0086 0.7140 0.7001
vn 0.0006 0.8596 0.5110
vn -0.0078 0.5765 0.8171
vn -0.0241 0.6491 0.7603
vn -0.0091 0.7458 0.6661
vn -0.0289 0.5671 0.8232
vn -0.0262 0.4929 0.8697
vn -0.0176 0.7607 0.6489
vn -0.0110 0.7839 0.6208
vn -0.0094 0.4957 0.8684
vn -0.0431 -0.5318 0.8458
vn -0.0430 -0.2623 0.9640
vn -0.0421 -0.3903 0.9197
vn -0.0354 0.5034 0.8633
vn -0.0423 -0.5661 0.8232
vn -0.0335 0.4798 0.8767
vn -0.0311 0.6362 0.7709
vn -0.0443 0.5702 0.8203
vn -0.0542 -0.4760 0.8778
vn -0.0456 -0.5384 0.8415
vn -0.0462 -0.5353 0.8434
vn -0.0501 -0.3901 0.9194
vn -0.0539 -0.3466 0.9365
vn -0.0486 -0.4032 0.9138
vn -0.0456 -0.6546 0.7546
vn -0.0503 -0.4889 0.8709
vn -0.0282 0.8670 0.4975
vn -0.0282 0.8730 0.4868
vn -0.0417 0.6923 0.7204
vn -0.0404 0.7218 0.6909
vn -0.0276 0.7573 0.6524
vn -0.0730 0.6657 0.7427
vn -0.0410 0.5485 0.8351
vn -0.0393 0.8236 0.5658
vn -0.0546 0.5176 0.8539
vn -0.0516 0.7671 0.6395
vn -0.0577 0.5918 0.8040
vn -0.0426 0.8621 0.5049
vn -0.0325 -0.8432 0.5366
vn -0.0301 -0.8548 0.5181
vn -0.0323 -0.8450 0.5338
vn -0.0381 -0.7931 0.6079
vn -0.0298 -0.8632 0.5040
vn -0.0332 -0.8351 0.5491
vn -0.0225 -0.5439 0.8389
vn -0.0466 -0.5894 0.8065
vn 0.0273 0.8245 -0.5652
vn -0.0614 0.3111 0.9484
vn -0.0557 0.4309 0.9007
vn -0.0619 0.5359 0.8420
vn -0.0636 0.5520 0.8314
vn -0.0722 0.3845 0.9203
vn -0.0839 0.4909 0.8672
vn -0.0676 0.3043 0.9502
vn -0.0719 0.5507 0.8316
vn -0.0509 -0.6737 0.7373
vn -0.0478 -0.6880 0.7242
vn -0.0484 -0.6786 0.7329
vn -0.0418 -0.7604 0.6481
vn -0.0627 -0.6118 0.7885
vn -0.0623 -0.6374 0.7680
vn -0.0736 -0.4813 0.8735
vn -0.0611 -0.6290 0.7750
vn -0.0586 -0.5527 0.8313
vn -0.0633 -0.5498 0.8329
vn -0.0879 -0.3812 0.9203
vn -0.0865 -0.3294 0.9402
vn -0.1007 -0.3558 0.9291
vn 0.0071 0.9585 -0.2851
vn -0.0058 0.9882 -0.1528
vn -0.0695 0.9017 0.4268
vn -0.0556 0.9590 0.2778
vn -0.0811 0.8574 0.5082
vn -0.0814 0.8631 0.4985
vn -0.1138 0.5311 0.8397
vn -0.1044 0.7273 0.6784
vn -0.0938 0.8215 0.5624
vn -0.1107 0.6993 0.7062
vn -0.1074 0.5866 0.8027
vn -0.0936 0.8681 0.4874
vn -0.0932 0.8716 0.4813
vn -0.1112 0.6065 0.7873
vn -0.1034 0.8077 0.5805
vn -0.1034 0.8032 0.5867
vn -0.1176 0.6709 0.7321
vn -0.1118 0.7425 0.6604
vn -0.1656 0.5297 0.8319
vn -0.1277 0.5216 0.8436
vn -0.1256 0.5513 0.8248
vn -0.0646 -0.6583 0.7500
vn -0.0556 -0.7598 0.6478
vn -0.0898 -0.5143 0.8529
vn -0.1345 -0.3817 0.9144
vn -0.1018 0.8314 0.5462
vn -0.1242 0.6559 0.7446
vn -0.1045 0.4967 0.8616
vn -0.0786 0.9379 0.3378
vn -0.1105 0.8313 0.5447
vn -0.1045 -0.3694 0.9234
vn -0.1270 0.7672 0.6288
vn -0.1459 0.5210 0.8410
vn -0.1536 0.6354 0.7568
vn -0.1334 0.7098 0.6916
vn -0.1384 0.6890 0.7114
vn -0.1379 0.5759 0.8058
vn -0.1474 0.6268 0.7651
vn -0.1554 0.5635 0.8114
vn -0.1342 0.7507 0.6468
vn -0.1317 0.7883 0.6010
vn -0.1087 0.9049 0.4116
vn -0.1323 0.7835 0.6072
vn -0.1465 0.7093 0.6896
vn -0.1508 0.6390 0.7543
vn -0.1589 0.6052 0.7800
vn -0.1485 0.6561 0.7399
vn -0.1425 0.7718 0.6197
vn -0.1888 0.5936 0.7823
vn -0.1872 0.6208 0.7613
vn -0.1934 -0.1689 0.9665
vn -0.1831 -0.1706 0.9682
vn -0.2218 0.2185 0.9503
vn -0.1971 0.8042 0.5607
vn -0.2064 0.8238 0.5280
vn -0.2352 0.6676 0.7064
vn -0.2463 -0.0358 0.9685
vn -0.2553 0.0193 0.9667
vn -0.2698 0.4398 0.8566
vn -0.2321 -0.2408 0.9424
vn -0.2325 0.8147 0.5312
vn -0.1875 -0.5138 0.8372
vn -0.2200 -0.3619 0.9059
vn -0.1301 -0.6811 0.7206
vn -0.2334 -0.2605 0.9368
vn -0.1803 -0.5367 0.8243
vn -0.1568 -0.6315 0.7594
vn -0.2154 -0.4586 0.8622
vn -0.2586 -0.3475 0.9013
vn -0.2113 -0.5132 0.8318
vn -0.2265 -0.5124 0.8284
vn -0.3667 0.5343 0.7616
vn -0.3623 0.2213 0.9054
vn -0.3432 0.6690 0.6593
vn -0.3594 0.0623 0.9311
vn -0.3140 -0.1855 0.9311
vn -0.2393 -0.4829 0.8424
vn -0.3759 0.5634 0.7357
vn -0.3231 0.7881 0.5240
vn -0.3626 0.6249 0.6914
vn -0.1976 -0.6103 0.7671
vn -0.2706 -0.4295 0.8616
vn -0.4140 0.3080 0.8566
vn -0.3432 -0.2190 0.9134
vn -0.4257 0.3128 0.8491
vn -0.3839 0.7178 0.5808
vn -0.2894 -0.4228 0.8587
vn -0.3637 -0.2047 0.9087
vn -0.4230 0.5050 0.7523
vn -0.4132 0.1678 0.8950
vn -0.4107 0.6442 0.6452
vn -0.2015 -0.6600 0.7237
vn -0.3800 -0.2500 0.8906
vn -0.3398 -0.3097 0.8880
vn -0.4588 0.3809 0.8027
vn -0.4093 0.6856 0.6020
vn -0.4126 -0.1161 0.9035
vn -0.4610 0.1472 0.8751
vn -0.4399 0.6444 0.6255
vn -0.4811 0.3611 0.7989
vn -0.4223 -0.1189 0.8986
vn -0.4565 0.6734 0.5815
vn -0.3832 -0.3274 0.8637
vn -0.4775 0.6195 0.6231
vn -0.4874 0.1122 0.8660
vn -0.5088 0.4849 0.7113
vn -0.4967 0.0602 0.8658
vn -0.3961 -0.3167 0.8619
vn -0.5449 0.4906 0.6800
vn -0.4901 0.6734 0.5535
vn -0.5303 0.2030 0.8232
vn -0.2774 -0.6104 0.7420
vn -0.4670 -0.2119 0.8585
vn -0.5683 0.2094 0.7957
vn -0.4432 -0.2476 0.8615
vn -0.5050 -0.2291 0.8322
vn -0.4640 -0.2668 0.8447
vn -0.5796 0.1901 0.7924
vn -0.5984 0.1119 0.7933
vn -0.6246 0.1527 0.7659
vn -0.5703 0.7155 0.4036
vn -0.5420 -0.2489 0.8027
vn -0.6602 0.3538 0.6625
vn -0.6382 0.5997 0.4828
vn -0.3136 -0.6396 0.7018
vn -0.3734 -0.5772 0.7262
vn -0.6370 -0.0280 0.7704
vn -0.4989 -0.4199 0.7581
vn -0.7022 0.3554 0.6169
vn -0.5835 0.7570 0.2943
vn -0.6842 0.5835 0.4375
vn -0.7907 0.1749 0.5867
vn -0.6033 -0.3836 0.6992
vn -0.7787 -0.0553 0.6249
vn -0.7682 -0.3705 0.5222
vn -0.8624 0.0108 0.5061
vn -0.9051 -0.0415 0.4231
vn -0.0655 0.4453 0.8930
vn -0.0701 0.5147 0.8545
vn -0.0664 0.1896 0.9796
vn -0.0733 0.1891 0.9792
vn -0.0624 -0.2708 0.9606
vn -0.0755 0.3327 0.9400
vn -0.0834 -0.1140 0.9900
vn -0.0784 -0.0994 0.9920
vn -0.0772 0.3119 0.9470
vn -0.0557 0.6763 0.7345
vn -0.0796 0.3087 0.9478
vn -0.0746 0.2990 0.9513
vn -0.0735 0.4458 0.8921
vn -0.0674 0.6287 0.7747
vn -0.0763 0.2994 0.9511
vn -0.0478 0.8170 0.5747
vn -0.0853 0.1234 0.9887
vn -0.0801 -0.3410 0.9366
vn -0.0521 -0.7547 0.6540
vn -0.0668 -0.6043 0.7939
vn -0.0513 -0.7692 0.6369
vn -0.0800 -0.3735 0.9242
vn -0.0320 0.9269 0.3739
vn -0.0620 0.7817 0.6205
vn -0.0442 0.8726 0.4864
vn -0.0815 0.6974 0.7120
vn -0.0720 -0.4920 0.8676
vn -0.0809 -0.1177 0.9898
vn -0.0620 0.6799 0.7306
vn -0.0388 0.7376 0.6741
vn -0.0560 0.7993 0.5983
vn -0.0722 -0.4392 0.8955
vn -0.0757 -0.3413 0.9369
vn -0.0831 -0.1926 0.9777
vn -0.0690 -0.5807 0.8112
vn -0.0069 0.9997 0.0245
vn -0.0101 0.9975 0.0702
vn -0.0757 0.8008 0.5941
vn -0.0301 0.9706 0.2387
vn -0.0915 -0.2467 0.9648
vn -0.0698 -0.4837 0.8725
vn -0.0839 -0.2886 0.9538
vn -0.0920 -0.3339 0.9381
vn -0.0811 -0.3839 0.9198
vn -0.0898 -0.3964 0.9137
vn -0.0705 -0.5637 0.8230
vn -0.0719 -0.5247 0.8483
vn -0.0892 0.0618 0.9941
vn -0.0889 -0.1996 0.9758
vn -0.0942 0.1719 0.9806
vn -0.0868 -0.1239 0.9885
vn -0.0897 -0.1805 0.9795
vn -0.0973 -0.0389 0.9945
vn -0.0805 -0.2864 0.9547
vn -0.0613 0.7828 0.6193
vn -0.0843 -0.1513 0.9849
vn -0.0888 -0.1121 0.9897
vn -0.0758 0.5866 0.8063
vn -0.0879 0.3836 0.9193
vn -0.0678 0.7335 0.6763
vn -0.1021 0.5156 0.8507
vn -0.0908 0.3476 0.9332
vn -0.0792 -0.3027 0.9498
vn -0.0837 -0.3291 0.9406
vn -0.0648 -0.6201 0.7818
vn -0.0825 -0.0903 0.9925
vn -0.0682 0.3597 0.9306
vn -0.0954 0.4057 0.9090
vn -0.0524 0.8490 0.5258
vn -0.0468 0.9433 0.3285
vn -0.0830 -0.1153 0.9899
vn -0.0601 -0.1803 0.9818
vn -0.0626 0.7637 0.6425
vn -0.0529 0.8095 0.5848
vn -0.0808 -0.4794 0.8739
vn -0.0722 -0.2843 0.9560
vn -0.0587 -0.4758 0.8776
vn -0.0715 0.5965 0.7994
vn -0.0612 0.6178 0.7839
vn -0.0915 -0.0216 0.9956
vn -0.0678 0.2393 0.9686
vn -0.0616 0.6497 0.7577
vn -0.0835 0.0764 0.9936
vn -0.0643 -0.1211 0.9906
vn -0.0441 0.5592 0.8278
vn -0.0935 0.1325 0.9868
vn -0.0595 0.4574 0.8873
vn -0.0781 0.7035 0.7064
vn -0.0620 0.7179 0.6934
vn -0.0529 0.8241 0.5640
vn -0.0773 0.1638 0.9835
vn -0.0434 0.3211 0.9460
vn 0.0344 0.5228 0.8518
vn -0.0142 0.9639 0.2657
vn -0.0412 0.8007 0.5976
vn -0.0340 0.8012 0.5974
vn -0.0554 0.5141 0.8559
vn -0.0457 0.6098 0.7913
vn -0.0686 0.0650 0.9955
vn -0.0489 0.6016 0.7973
vn -0.0391 0.7964 0.6035
vn -0.0527 0.3382 0.9396
vn -0.0589 0.3537 0.9335
vn -0.0395 0.6733 0.7383
vn -0.0613 0.1363 0.9888
vn -0.0595 -0.0525 0.9968
vn -0.0643 -0.0653 0.9958
vn -0.0437 -0.1164 0.9922
vn -0.0001 0.8635 0.5043
vn -0.0167 0.7242 0.6894
vn -0.0283 0.1171 0.9927
vn -0.0487 0.0088 0.9988
vn -0.0297 0.8126 0.5820
vn -0.0012 0.8418 0.5398
vn -0.0293 0.7918 0.6100
vn -0.0174 0.5850 0.8109
vn -0.0374 -0.1065 0.9936
vn -0.0202 0.4129 0.9105
vn -0.0313 0.1988 0.9795
vn -0.0089 0.4776 0.8785
vn -0.0411 -0.0454 0.9981
vn 0.0109 0.8093 0.5874
vn -0.0017 0.6121 0.7908
vn -0.0073 0.4156 0.9095
vn 0.0328 0.8402 0.5414
vn 0.0498 0.9333 0.3556
vn 0.0048 0.4508 0.8926
vn -0.0353 0.0436 0.9984
vn -0.0356 0.0396 0.9986
vn -0.0069 0.1067 0.9943
vn -0.0244 0.1587 0.9870
vn -0.0144 0.2942 0.9556
vn -0.0163 0.2122 0.9771
vn -0.0217 -0.2323 0.9724
vn 0.0447 0.9429 0.3300
vn -0.0015 0.0537 0.9986
vn -0.0237 0.1149 0.9931
vn -0.0025 0.2416 0.9704
vn 0.0440 0.8173 0.5746
vn -0.0032 0.0315 0.9995
vn -0.0080 0.1085 0.9941
vn 0.0453 0.9257 0.3754
vn 0.0010 0.1708 0.9853
vn 0.0222 0.3384 0.9407
vn 0.0270 0.4348 0.9001
vn 0.0379 0.5905 0.8062
vn 0.0405 0.7977 0.6017
vn 0.0252 0.4600 0.8875
vn 0.0036 0.0829 0.9966
vn 0.0195 0.2957 0.9551
vn -0.0134 -0.3069 0.9516
vn 0.0021 -0.1161 0.9932
vn -0.0151 -0.3124 0.9498
vn 0.0430 0.4079 0.9120
vn 0.0026 -0.0617 0.9981
vn 0.0323 0.4121 0.9105
vn 0.0298 0.2756 0.9608
vn 0.0063 -0.0153 0.9999
vn 0.0615 0.5981 0.7991
vn 0.0168 0.0472 0.9987
vn -0.0264 -0.4427 0.8963
vn 0.0666 0.6654 0.7435
vn 0.0573 0.6325 0.7724
vn 0.0007 -0.1883 0.9821
vn -0.0111 -0.3497 0.9368
vn -0.0465 -0.6123 0.7892
vn 0.0012 -0.3684 0.9297
vn 0.0143 -0.0881 0.9960
vn -0.0195 -0.4764 0.8790
vn 0.0131 0.0699 0.9975
vn 0.0442 0.1764 0.9833
vn -0.0137 -0.4334 0.9011
vn -0.0292 -0.6237 0.7811
vn -0.0333 -0.6420 0.7660
vn 0.0865 0.8633 0.4972
vn 0.0823 0.7015 0.7079
vn 0.0521 0.3073 0.9502
vn 0.0530 0.5674 0.8218
vn 0.0748 0.4798 0.8742
vn 0.0688 0.6019 0.7956
vn 0.0595 0.3810 0.9227
vn 0.0662 0.4007 0.9138
vn 0.0286 -0.0547 0.9981
vn 0.0157 -0.1748 0.9845
vn 0.0198 -0.1376 0.9903
vn 0.0875 0.7823 0.6168
vn -0.0186 -0.5147 0.8572
vn -0.0048 -0.3810 0.9246
vn 0.0176 -0.2681 0.9632
vn 0.0071 -0.2079 0.9781
vn -0.0013 -0.3561 0.9344
vn -0.0233 -0.5967 0.8021
vn -0.0060 -0.5038 0.8638
vn 0.0114 -0.3638 0.9314
vn 0.0119 -0.1523 0.9883
vn 0.0904 0.7900 0.6065
vn 0.0308 -0.0655 0.9974
vn 0.0260 0.0694 0.9972
vn 0.0994 0.4718 0.8761
vn 0.0707 0.5124 0.8558
vn 0.0567 0.3528 0.9340
vn 0.0886 0.5286 0.8442
vn 0.0675 0.3114 0.9479
vn 0.0598 0.3158 0.9469
vn 0.0899 0.6556 0.7498
vn 0.0428 -0.1317 0.9904
vn 0.0358 -0.1394 0.9896
vn 0.0906 0.7663 0.6360
vn 0.0590 0.3013 0.9517
vn 0.0180 -0.2424 0.9700
vn 0.0590 0.2856 0.9565
vn 0.0816 0.3442 0.9353
vn 0.0475 0.1483 0.9878
vn 0.0690 0.9490 -0.3077
vn 0.0698 0.9535 -0.2933
vn -0.0177 -0.5737 0.8189
vn -0.0099 -0.5271 0.8498
vn -0.0198 -0.4999 0.8659
vn -0.0176 -0.6211 0.7835
vn 0.0012 -0.2681 0.9634
vn 0.0508 0.0778 0.9957
vn 0.0726 0.2965 0.9523
vn 0.1129 0.3100 0.9440
vn 0.0681 0.3121 0.9476
vn 0.0275 -0.3415 0.9395
vn 0.0765 -0.2187 0.9728
vn 0.0486 0.0286 0.9984
vn 0.0792 0.2623 0.9617
vn 0.0963 0.5659 0.8188
vn 0.0545 0.3266 0.9436
vn 0.0811 0.5310 0.8435
vn 0.0885 0.5599 0.8238
vn 0.0190 -0.2785 0.9602
vn 0.0564 0.0185 0.9982
vn 0.0399 -0.0507 0.9979
vn 0.0638 0.1209 0.9906
vn 0.0453 -0.0606 0.9971
vn 0.0855 0.3656 0.9268
vn 0.0911 0.5712 0.8158
vn 0.0825 0.5215 0.8492
vn 0.0570 0.1496 0.9871
vn 0.0072 -0.4024 0.9155
vn 0.0884 0.6906 0.7178
vn 0.0277 -0.2796 0.9597
vn 0.0344 -0.0327 0.9989
vn 0.0924 0.6388 0.7638
vn 0.0966 0.7783 0.6205
vn 0.0251 -0.2888 0.9571
vn 0.0879 0.5266 0.8456
vn 0.0407 0.4988 0.8658
vn 0.0514 0.0316 0.9982
vn 0.0620 0.1733 0.9829
vn 0.0501 0.4106 0.9104
vn 0.0847 0.6200 0.7800
vn 0.0856 0.6286 0.7730
vn 0.0343 -0.1609 0.9864
vn 0.0285 -0.1563 0.9873
vn 0.0260 -0.2758 0.9609
vn 0.0303 -0.2130 0.9766
vn 0.0113 -0.3770 0.9262
vn 0.0843 0.9294 0.3593
vn 0.0854 0.7985 0.5959
vn 0.0784 0.7831 0.6169
vn 0.0799 0.8257 0.5585
vn 0.0881 0.8426 0.5313
vn 0.0905 0.7560 0.6483
vn 0.0234 -0.2406 0.9703
vn 0.0807 0.7813 0.6189
vn 0.0750 0.7941 0.6032
vn 0.0859 0.7099 0.6991
vn 0.0797 0.4326 0.8981
vn 0.0510 0.6464 0.7613
vn 0.0728 0.6447 0.7609
vn 0.0803 0.7750 0.6268
vn 0.0871 0.7601 0.6439
vn 0.0808 0.7991 0.5958
vn 0.0010 -0.4928 0.8701
vn 0.0158 -0.3438 0.9389
vn 0.0045 -0.4501 0.8929
vn 0.0250 -0.1946 0.9806
vn 0.0124 -0.1923 0.9812
vn -0.0097 -0.5452 0.8382
vn 0.0580 0.1642 0.9847
vn 0.0508 0.1527 0.9870
vn 0.0604 0.7081 0.7035
vn 0.0539 0.3424 0.9380
vn 0.0515 0.5975 0.8002
vn 0.0157 -0.1784 0.9838
vn 0.0530 0.4593 0.8867
vn 0.0666 0.4486 0.8913
vn 0.0031 -0.4990 0.8666
vn -0.0003 -0.4698 0.8828
vn 0.0632 0.8615 0.5039
vn 0.0628 0.8621 0.5028
vn 0.0189 -0.1461 0.9891
vn 0.0234 0.2067 0.9781
vn 0.0340 0.1289 0.9911
vn 0.0211 0.2147 0.9764
vn 0.0179 -0.0327 0.9993
vn 0.0049 -0.2968 0.9549
vn 0.0340 0.4010 0.9154
vn 0.0081 -0.0941 0.9955
vn 0.0215 -0.1362 0.9904
vn 0.0130 0.0091 0.9999
vn 0.0220 0.1758 0.9842
vn -0.0025 -0.3341 0.9425
vn 0.0040 -0.1901 0.9818
vn -0.0023 -0.3447 0.9387
vn -0.0037 -0.3726 0.9280
vn 0.0418 0.5598 0.8275
vn 0.0230 0.5093 0.8603
vn -0.0097 -0.4064 0.9136
vn -0.0046 -0.3637 0.9315
vn 0.0029 -0.1512 0.9885
vn -0.0092 -0.1141 0.9934
vn 0.0062 0.1400 0.9901
vn 0.0181 0.3126 0.9497
vn 0.0159 0.2712 0.9624
vn 0.0125 0.2178 0.9759
vn 0.0330 0.6473 0.7615
vn -0.0024 -0.2292 0.9734
vn 0.0234 0.5612 0.8273
vn -0.0129 -0.2290 0.9733
vn 0.0054 0.2455 0.9694
vn 0.0160 0.5900 0.8072
vn -0.0058 -0.2460 0.9693
vn 0.0174 0.1261 0.9919
vn -0.0036 -0.1193 0.9929
vn -0.0039 -0.0916 0.9958
vn -0.0208 -0.5687 0.8223
vn -0.0229 -0.5347 0.8447
vn 0.0061 0.4659 0.8848
vn 0.0302 0.7411 0.6708
vn 0.0212 0.7301 0.6830
vn 0.0078 0.6014 0.7989
vn 0.0227 0.8258 0.5636
vn -0.0263 -0.6485 0.7607
vn -0.0283 -0.5449 0.8380
vn -0.0257 -0.5604 0.8279
vn -0.0242 -0.3860 0.9222
vn -0.0156 -0.3932 0.9193
vn -0.0238 -0.4044 0.9143
vn -0.0149 -0.0552 0.9984
vn -0.0232 -0.3254 0.9453
vn -0.0140 0.1096 0.9939
vn -0.0157 0.3956 0.9183
vn -0.0298 0.1596 0.9867
vn -0.0160 0.5104 0.8598
vn -0.0095 0.4383 0.8988
vn -0.0072 0.5042 0.8636
vn -0.0336 -0.4257 0.9042
vn -0.0245 -0.0596 0.9979
vn -0.0391 -0.3406 0.9394
vn -0.0211 0.0015 0.9998
vn -0.0174 -0.1152 0.9932
vn -0.0272 0.1745 0.9843
vn -0.0153 0.5389 0.8423
vn -0.0340 0.0349 0.9988
vn -0.0282 0.1661 0.9857
vn -0.0106 0.5543 0.8322
vn -0.0308 -0.5653 0.8243
vn -0.0070 0.6609 0.7504
vn -0.0285 0.3333 0.9424
vn -0.0358 -0.1002 0.9943
vn -0.0251 0.3107 0.9502
vn -0.0390 -0.1684 0.9849
vn -0.0124 0.6208 0.7839
vn -0.0026 0.4260 0.9047
vn -0.0082 0.6575 0.7534
vn -0.0132 0.7019 0.7121
vn -0.0220 0.5653 0.8246
vn -0.0272 0.4267 0.9040
vn -0.0337 0.1994 0.9793
vn -0.0342 -0.7312 0.6813
vn -0.0354 -0.7292 0.6833
vn -0.0226 0.6218 0.7828
vn -0.0428 -0.4068 0.9125
vn -0.0391 -0.2640 0.9637
vn -0.0329 0.4843 0.8743
vn -0.0369 0.0384 0.9986
vn -0.0231 -0.3157 0.9486
vn -0.0493 -0.3421 0.9384
vn -0.0427 0.0685 0.9967
vn -0.0545 0.0486 0.9973
vn -0.0539 -0.0760 0.9957
vn -0.0474 -0.3495 0.9357
vn -0.0454 -0.4779 0.8773
vn -0.0475 0.0047 0.9989
vn -0.0321 -0.0086 0.9994
vn -0.0501 -0.2050 0.9775
vn -0.0356 0.4498 0.8924
vn -0.0398 0.2504 0.9673
vn -0.0342 0.6926 0.7205
vn -0.0419 0.5742 0.8177
vn -0.0534 -0.1754 0.9830
vn -0.0482 -0.5210 0.8522
vn -0.0502 -0.5283 0.8476
vn -0.0473 0.5399 0.8404
vn -0.0448 0.5620 0.8259
vn -0.0448 0.6632 0.7471
vn -0.0613 0.5129 0.8563
vn -0.0427 -0.7224 0.6901
vn -0.0574 0.5271 0.8478
vn -0.0572 -0.3389 0.9391
vn -0.0498 -0.5524 0.8321
vn -0.0560 -0.3757 0.9250
vn -0.0503 0.5846 0.8097
vn -0.0699 -0.3443 0.9363
vn -0.0767 -0.3884 0.9183
vn -0.0657 -0.4684 0.8810
vn -0.0558 -0.4072 0.9116
vn -0.0510 -0.6466 0.7611
vn -0.0599 -0.4585 0.8867
vn -0.0572 -0.5699 0.8197
vn -0.0431 -0.7363 0.6753
vn -0.0451 -0.7053 0.7075
vn -0.0464 -0.7018 0.7108
vn -0.0739 0.2945 0.9528
vn -0.0841 0.2300 0.9696
vn -0.0527 -0.5954 0.8017
vn -0.0591 -0.4678 0.8819
vn -0.0638 0.5158 0.8543
vn -0.0605 0.5183 0.8531
vn -0.0720 0.5283 0.8460
vn -0.0671 -0.4871 0.8708
vn -0.0595 -0.5758 0.8154
vn -0.0647 -0.6050 0.7936
vn -0.0607 -0.5301 0.8458
vn -0.0676 0.6458 0.7605
vn -0.0589 0.7928 0.6067
vn -0.0566 0.7986 0.5992
vn -0.0635 0.7388 0.6710
vn -0.0567 0.8834 0.4651
vn -0.0796 -0.2213 0.9720
vn -0.0560 -0.6246 0.7789
vn -0.0870 0.3982 0.9132
vn -0.0923 0.3407 0.9356
vn -0.0876 -0.1138 0.9896
vn -0.0637 -0.3188 0.9457
vn -0.0669 -0.5031 0.8617
vn -0.0615 -0.6135 0.7873
vn -0.0783 0.6461 0.7592
vn -0.1005 0.1906 0.9765
vn -0.0783 0.3073 0.9484
vn -0.0736 0.3045 0.9497
vn -0.0759 0.3060 0.9490
vn -0.0892 -0.2712 0.9584
vn -0.0494 0.9275 0.3706
vn -0.0875 0.6230 0.7773
vn -0.0571 0.8651 0.4984
vn -0.0653 0.8290 0.5554
vn -0.0654 0.8278 0.5571
vn -0.0762 -0.2375 0.9684
vn -0.0956 -0.0510 0.9941
vn -0.0880 -0.0723 0.9935
vn -0.0826 0.3862 0.9187
vn -0.0523 -0.6629 0.7469
vn -0.0590 -0.5635 0.8240
vn -0.0493 -0.7267 0.6852
vn -0.0516 -0.7063 0.7060
vn -0.0727 -0.5291 0.8454
vn -0.0631 -0.6611 0.7476
vn -0.0841 0.7166 0.6924
vn -0.0770 0.7468 0.6606
vn -0.0765 0.7486 0.6586
vn -0.0733 -0.3239 0.9432
vn -0.0864 -0.1186 0.9892
vn -0.0842 -0.3607 0.9289
vn -0.0839 0.6594 0.7471
vn -0.0833 0.7031 0.7062
vn -0.0702 -0.4957 0.8657
vn -0.0713 -0.5434 0.8364
vn -0.0738 -0.5476 0.8334
vn -0.0597 0.9060 0.4190
vn -0.0319 0.9936 0.1085
vn -0.0869 0.7412 0.6656
vn -0.0803 0.8171 0.5708
vn -0.0871 0.6664 0.7405
vn -0.0747 0.7628 0.6423
vn -0.0903 0.7209 0.6872
vn -0.0895 0.7188 0.6894
vn -0.1044 0.6586 0.7452
vn -0.0928 0.7587 0.6448
vn -0.1026 0.6687 0.7364
vn -0.1140 0.5354 0.8368
vn -0.1110 0.4522 0.8850
vn -0.1174 0.5673 0.8151
vn -0.1137 0.1673 0.9793
vn -0.1250 -0.0672 0.9899
vn -0.1207 0.0922 0.9884
vn -0.0994 -0.2419 0.9652
vn -0.1124 0.4971 0.8604
vn -0.1120 0.0219 0.9935
vn -0.1209 0.5405 0.8326
vn -0.1246 0.4563 0.8811
vn -0.1087 -0.3187 0.9416
vn -0.1035 -0.3146 0.9436
vn -0.1131 -0.1878 0.9757
vn -0.0966 -0.2304 0.9683
vn -0.0798 -0.5657 0.8208
vn -0.1359 0.3729 0.9179
vn -0.1042 0.8587 0.5017
vn -0.1213 0.7717 0.6243
vn -0.1254 -0.2706 0.9545
vn -0.1212 -0.0417 0.9918
vn -0.1465 0.4028 0.9035
vn -0.1056 -0.4913 0.8645
vn -0.1377 0.0511 0.9892
vn -0.1405 -0.0781 0.9870
vn -0.1371 0.2253 0.9646
vn -0.1398 -0.0372 0.9895
vn -0.1300 0.5115 0.8494
vn -0.1294 0.5090 0.8510
vn -0.1485 -0.1019 0.9836
vn -0.1769 0.1224 0.9766
vn -0.1416 -0.1370 0.9804
vn -0.1551 -0.0738 0.9851
vn -0.0994 -0.5158 0.8509
vn -0.1494 0.6071 0.7804
vn -0.1529 0.6242 0.7661
vn -0.1403 0.7395 0.6583
vn -0.1560 0.5672 0.8086
vn -0.1583 0.6663 0.7287
vn -0.1483 0.6846 0.7136
vn -0.1368 -0.2968 0.9451
vn -0.1466 -0.3493 0.9255
vn -0.1397 -0.5102 0.8487
vn -0.1582 0.0846 0.9838
vn -0.1527 -0.1414 0.9781
vn -0.1461 -0.0879 0.9854
vn -0.1832 0.1002 0.9780
vn -0.1719 0.7107 0.6821
vn -0.1367 -0.3527 0.9257
vn -0.1935 0.2793 0.9405
vn -0.1884 0.3226 0.9276
vn -0.1755 -0.1529 0.9725
vn -0.1786 -0.0687 0.9815
vn -0.1385 -0.4310 0.8917
vn -0.2068 0.5771 0.7900
vn -0.2217 0.2467 0.9434
vn -0.1869 -0.1901 0.9638
vn -0.2187 0.2472 0.9440
vn -0.2198 0.5529 0.8038
vn -0.2128 0.6127 0.7611
vn -0.2140 0.1148 0.9701
vn -0.2411 0.0832 0.9669
vn -0.2118 0.6438 0.7353
vn -0.2171 0.2375 0.9468
vn -0.1912 -0.0635 0.9795
vn -0.1927 -0.0422 0.9803
vn -0.2337 0.5768 0.7827
vn -0.1667 -0.4186 0.8927
vn -0.2328 0.0711 0.9699
vn -0.1789 -0.3135 0.9326
vn -0.2219 0.1278 0.9667
vn -0.2514 0.1832 0.9504
vn -0.2513 0.1832 0.9504
vn -0.1678 -0.4260 0.8890
vn -0.2376 0.5790 0.7799
vn -0.2275 0.6442 0.7302
vn -0.2295 0.2216 0.9477
vn -0.2288 0.2426 0.9427
vn -0.2288 0.2426 0.9428
vn -0.2289 0.2429 0.9426
vn -0.2301 -0.0943 0.9686
vn -0.2446 0.4678 0.8493
vn -0.2563 0.4842 0.8366
vn -0.2525 0.5277 0.8110
vn -0.2783 0.3720 0.8855
vn -0.2658 0.4466 0.8543
vn -0.2428 -0.0238 0.9698
vn -0.2336 0.7741 0.5884
vn -0.2786 0.2270 0.9332
vn -0.2792 0.3976 0.8740
vn -0.2619 0.6623 0.7020
vn -0.2700 0.0320 0.9623
vn -0.2026 -0.3973 0.8950
vn -0.2732 0.6095 0.7442
vn -0.2761 0.5768 0.7688
vn -0.2817 0.2091 0.9364
vn -0.2883 0.1791 0.9407
vn -0.2712 -0.0352 0.9619
vn -0.2954 0.6429 0.7067
vn -0.3278 0.4654 0.8221
vn -0.3270 0.6446 0.6911
vn -0.3009 0.6705 0.6781
vn -0.2733 0.7927 0.5448
vn -0.2845 0.7487 0.5988
vn -0.3214 0.2322 0.9180
vn -0.2664 -0.2033 0.9422
vn -0.3123 0.6478 0.6948
vn -0.2914 -0.2232 0.9302
vn -0.3176 0.1077 0.9421
vn -0.3318 0.6367 0.6961
vn -0.3374 0.2849 0.8972
vn -0.3216 0.6670 0.6721
vn -0.3298 0.3640 0.8711
vn -0.2980 -0.2022 0.9329
vn -0.3130 -0.1093 0.9434
vn -0.3554 0.3003 0.8851
vn -0.3332 0.6640 0.6694
vn -0.3516 0.5533 0.7551
vn -0.2623 -0.3624 0.8943
vn -0.3476 0.0763 0.9345
vn -0.3169 -0.2692 0.9095
vn -0.3375 0.7786 0.5290
vn -0.2807 -0.4134 0.8662
vn -0.3069 -0.3211 0.8959
vn -0.3713 -0.0526 0.9270
vn -0.4080 0.3346 0.8494
vn -0.3701 0.7017 0.6088
vn -0.3912 0.6339 0.6672
vn -0.3524 -0.1714 0.9200
vn -0.2964 -0.4417 0.8468
vn -0.4352 0.5177 0.7366
vn -0.4145 0.1306 0.9006
vn -0.4168 0.0298 0.9085
vn -0.4478 0.3145 0.8370
vn -0.4440 0.1832 0.8771
vn -0.4472 0.3171 0.8363
vn -0.3648 -0.1951 0.9104
vn -0.2839 -0.5842 0.7603
vn -0.5167 0.7154 0.4703
vn -0.5783 0.4133 0.7034
vn -0.3738 -0.5167 0.7702
vn -0.0831 -0.1376 0.9870
vn -0.0772 0.3285 0.9414
vn -0.0850 0.4237 0.9018
vn -0.0794 -0.1420 0.9867
vn -0.0890 -0.0874 0.9922
vn -0.0916 0.2434 0.9656
vn -0.0877 0.0273 0.9958
vn -0.0848 0.4907 0.8672
vn -0.0745 0.5982 0.7979
vn -0.1039 0.2551 0.9613
vn -0.0629 0.7717 0.6329
vn -0.0436 0.8928 0.4484
vn -0.0352 0.9371 0.3474
vn -0.0664 0.7202 0.6905
vn -0.0849 0.5310 0.8431
vn -0.0936 0.2318 0.9683
vn -0.0902 0.0087 0.9959
vn -0.0937 -0.0002 0.9956
vn -0.0760 0.4705 0.8791
vn -0.0723 0.6788 0.7308
vn -0.1018 0.0014 0.9948
vn -0.0753 0.4673 0.8809
vn -0.0923 0.0215 0.9955
vn -0.0951 0.2880 0.9529
vn -0.0806 -0.1215 0.9893
vn -0.0931 0.3326 0.9385
vn -0.0869 0.3518 0.9320
vn -0.0865 0.3533 0.9315
vn -0.0438 0.9233 0.3815
vn -0.0493 0.9302 0.3639
vn -0.0824 -0.3316 0.9398
vn -0.0673 0.6912 0.7196
vn -0.0624 0.6954 0.7159
vn -0.0679 0.6926 0.7181
vn -0.0913 0.4031 0.9106
vn -0.0806 0.5608 0.8240
vn -0.0729 0.7022 0.7083
vn -0.0824 0.5931 0.8009
vn -0.0946 0.2169 0.9716
vn -0.0900 -0.0522 0.9946
vn -0.0632 0.7571 0.6502
vn -0.0810 -0.1080 0.9908
vn -0.1099 -0.0305 0.9935
vn -0.0555 0.8017 0.5951
vn -0.0584 -0.1684 0.9840
vn -0.0772 0.4260 0.9014
vn -0.0819 0.4691 0.8793
vn -0.0857 0.1450 0.9857
vn -0.0673 0.6251 0.7776
vn -0.0640 -0.1599 0.9850
vn -0.0865 -0.2283 0.9697
vn -0.0888 -0.2354 0.9678
vn -0.0728 0.2007 0.9769
vn -0.0742 0.2046 0.9760
vn -0.0740 0.2038 0.9762
vn -0.0968 -0.0635 0.9933
vn -0.0769 0.5070 0.8585
vn -0.0780 0.4412 0.8940
vn -0.0778 0.5101 0.8566
vn -0.0227 0.8950 0.4455
vn -0.0302 0.8271 0.5613
vn -0.0283 0.2681 0.9630
vn -0.0778 0.5542 0.8287
vn -0.0238 0.9303 0.3660
vn -0.0677 0.0438 0.9967
vn -0.0672 0.0457 0.9967
vn -0.0441 0.5165 0.8552
vn -0.0327 0.8059 0.5912
vn -0.0419 0.4377 0.8981
vn -0.0292 0.5325 0.8459
vn -0.0306 0.5389 0.8418
vn -0.0636 0.2191 0.9736
vn -0.0448 0.0910 0.9948
vn -0.0217 0.7756 0.6308
vn -0.0494 -0.1053 0.9932
vn -0.0559 0.0559 0.9969
vn -0.0455 0.1385 0.9893
vn -0.0353 0.5320 0.8460
vn -0.0361 0.5274 0.8488
vn -0.0374 0.5599 0.8277
vn -0.0116 0.7857 0.6185
vn -0.0141 0.8236 0.5669
vn -0.0350 0.5306 0.8469
vn -0.0284 0.4465 0.8943
vn -0.0109 0.5618 0.8272
vn -0.0235 0.3535 0.9351
vn -0.0382 -0.0204 0.9991
vn -0.0294 0.3692 0.9289
vn 0.0073 0.8867 0.4622
vn -0.0036 0.8416 0.5401
vn -0.0351 -0.1228 0.9918
vn -0.0174 0.2720 0.9621
vn 0.0076 0.5009 0.8655
vn 0.0108 0.6435 0.7654
vn 0.0138 0.7375 0.6752
vn 0.0283 0.8241 0.5657
vn -0.0060 0.2837 0.9589
vn 0.0040 0.4899 0.8718
vn 0.0220 0.8400 0.5421
vn 0.0018 0.2741 0.9617
vn -0.0001 0.1132 0.9936
vn -0.0167 0.0145 0.9998
vn 0.0270 0.8195 0.5725
vn 0.0326 0.8070 0.5897
vn 0.0057 0.2829 0.9591
vn 0.0242 0.6475 0.7617
vn 0.0274 0.6536 0.7563
vn 0.0302 0.6640 0.7472
vn 0.0287 0.6651 0.7462
vn -0.0106 0.0038 0.9999
vn 0.0452 0.8848 0.4638
vn 0.0430 0.6967 0.7161
vn 0.0313 0.5067 0.8615
vn 0.0242 0.8603 0.5092
vn 0.0386 0.6029 0.7969
vn 0.0643 0.8130 0.5787
vn 0.0116 0.6596 0.7515
vn 0.0424 0.5913 0.8053
vn 0.0543 0.9116 0.4075
vn 0.0729 0.9476 0.3109
vn 0.0126 0.1360 0.9906
vn 0.0114 0.1526 0.9882
vn 0.0404 0.6039 0.7961
vn 0.0408 0.8016 0.5965
vn 0.0446 0.5702 0.8203
vn 0.0573 0.7854 0.6163
vn 0.0344 0.5056 0.8621
vn 0.0404 0.5988 0.7999
vn 0.0628 0.8176 0.5724
vn -0.0024 -0.0952 0.9955
vn 0.0180 0.3142 0.9492
vn 0.0642 0.8095 0.5836
vn -0.0215 0.0587 0.9980
vn -0.0021 -0.1302 0.9915
vn 0.0368 0.0560 0.9978
vn 0.0570 0.4983 0.8652
vn 0.0398 0.5624 0.8259
vn 0.0697 0.8859 0.4587
vn 0.0213 0.4223 0.9062
vn 0.0586 0.7845 0.6173
vn 0.0726 0.7693 0.6347
vn 0.0375 0.2983 0.9537
vn 0.0242 0.3623 0.9317
vn 0.0426 -0.0988 0.9942
vn 0.0545 0.4165 0.9075
vn 0.0710 0.6335 0.7704
vn 0.0716 0.6332 0.7707
vn 0.0515 0.0962 0.9940
vn 0.0114 0.1672 0.9858
vn 0.0408 0.2231 0.9739
vn 0.0518 0.4538 0.8896
vn 0.0713 0.7778 0.6245
vn 0.0614 0.5545 0.8299
vn 0.0534 0.4057 0.9124
vn 0.0451 0.1975 0.9793
vn 0.0431 0.2009 0.9787
vn 0.0685 0.5230 0.8496
vn 0.0022 -0.2699 0.9629
vn 0.0758 0.6071 0.7910
vn 0.0472 0.3200 0.9463
vn 0.0482 0.3366 0.9404
vn 0.0375 0.0283 0.9989
vn 0.0260 0.2224 0.9746
vn 0.0184 -0.0143 0.9997
vn 0.0629 0.5383 0.8404
vn 0.0430 0.5387 0.8414
vn 0.0392 0.5266 0.8492
vn 0.0644 0.0912 0.9937
vn 0.0638 0.2573 0.9642
vn 0.0164 -0.0170 0.9997
vn -0.0143 -0.0566 0.9983
vn 0.0949 0.8121 0.5757
vn 0.0850 0.8435 0.5304
vn 0.0774 0.5330 0.8425
vn 0.0244 -0.1746 0.9843
vn 0.0606 0.3301 0.9420
vn 0.0898 0.8777 0.4707
vn 0.0439 0.1939 0.9800
vn 0.0409 0.0546 0.9977
vn 0.0289 -0.0505 0.9983
vn 0.0762 0.5340 0.8420
vn 0.0738 0.6182 0.7826
vn 0.0825 0.8216 0.5641
vn 0.0666 0.3676 0.9276
vn 0.0895 0.6047 0.7914
vn 0.0812 0.5806 0.8101
vn 0.0820 0.7605 0.6442
vn 0.0717 0.3118 0.9475
vn 0.0512 0.3716 0.9270
vn 0.0615 0.0865 0.9944
vn 0.0093 -0.2088 0.9779
vn 0.0015 -0.3316 0.9434
vn 0.0181 -0.1283 0.9916
vn 0.0543 0.3850 0.9213
vn -0.0083 -0.5088 0.8608
vn -0.0099 -0.5207 0.8537
vn 0.0803 0.5140 0.8540
vn 0.0808 0.5120 0.8552
vn 0.0584 0.3972 0.9159
vn 0.0945 0.8175 0.5682
vn 0.0972 0.4386 0.8934
vn 0.0242 0.1943 0.9806
vn 0.0102 -0.2069 0.9783
vn 0.0845 0.6756 0.7324
vn 0.0403 -0.0913 0.9950
vn 0.0876 0.5791 0.8105
vn 0.0405 -0.1688 0.9848
vn 0.0041 -0.4052 0.9142
vn 0.0736 0.1887 0.9793
vn 0.0916 0.3506 0.9320
vn 0.0764 0.3978 0.9143
vn 0.0914 0.4851 0.8697
vn 0.0388 -0.0651 0.9971
vn 0.0430 -0.1124 0.9927
vn 0.0560 0.0969 0.9937
vn 0.0083 -0.4714 0.8819
vn 0.0814 0.5432 0.8356
vn 0.0807 0.5410 0.8371
vn 0.0180 -0.2966 0.9548
vn 0.0784 0.3003 0.9506
vn 0.0547 0.1555 0.9863
vn 0.0934 0.5738 0.8137
vn 0.0362 -0.2176 0.9754
vn 0.0686 0.1906 0.9793
vn 0.0739 0.4101 0.9090
vn 0.0363 -0.1702 0.9847
vn 0.0684 0.2644 0.9620
vn 0.0760 0.4170 0.9057
vn 0.0842 0.4419 0.8931
vn 0.0234 -0.3327 0.9427
vn 0.0285 -0.2174 0.9757
vn 0.0780 0.3104 0.9474
vn 0.0642 0.0281 0.9975
vn 0.0342 -0.1219 0.9920
vn 0.0512 0.1592 0.9859
vn 0.0801 0.3660 0.9271
vn 0.0520 0.0954 0.9941
vn 0.0667 0.1002 0.9927
vn 0.0730 0.3311 0.9408
vn 0.0757 0.3272 0.9419
vn 0.0738 0.4950 0.8657
vn 0.0730 0.4850 0.8715
vn 0.1164 0.5191 0.8468
vn 0.0813 0.3922 0.9163
vn 0.0509 0.0135 0.9986
vn 0.0473 -0.0612 0.9970
vn 0.0355 0.0807 0.9961
vn 0.0518 0.1224 0.9911
vn 0.0705 0.4611 0.8845
vn 0.0766 0.4717 0.8784
vn 0.0776 0.3115 0.9471
vn 0.0592 0.1592 0.9855
vn 0.0419 -0.0821 0.9957
vn 0.0863 0.7888 0.6086
vn 0.0829 0.7868 0.6116
vn 0.0156 -0.4131 0.9105
vn 0.0407 -0.0853 0.9955
vn 0.0482 -0.0209 0.9986
vn 0.0333 -0.0296 0.9990
vn 0.0451 -0.1169 0.9921
vn 0.0628 0.2146 0.9747
vn 0.0723 0.3946 0.9160
vn 0.0639 0.4647 0.8831
vn 0.0443 0.0631 0.9970
vn 0.0171 0.0554 0.9983
vn 0.0591 0.2988 0.9525
vn 0.1103 0.5739 0.8115
vn 0.0074 -0.3198 0.9474
vn 0.0840 -0.0957 0.9919
vn 0.0696 0.7289 0.6811
vn 0.0666 0.5813 0.8110
vn 0.0208 -0.3444 0.9386
vn 0.0379 -0.0771 0.9963
vn 0.0686 0.5065 0.8595
vn 0.0618 0.2613 0.9633
vn 0.0543 0.0789 0.9954
vn 0.0105 -0.3038 0.9527
vn 0.0694 0.6330 0.7710
vn 0.0446 0.3475 0.9366
vn 0.0180 -0.0882 0.9959
vn 0.0881 0.7043 0.7044
vn 0.0773 0.5860 0.8066
vn 0.0584 0.3412 0.9382
vn 0.0520 0.1047 0.9931
vn 0.0194 -0.2115 0.9772
vn 0.0615 0.2980 0.9526
vn 0.0400 0.1182 0.9922
vn 0.0639 0.5800 0.8121
vn 0.0365 0.0978 0.9945
vn 0.0403 0.0973 0.9944
vn 0.0117 -0.4445 0.8957
vn 0.0386 0.0465 0.9982
vn 0.0372 0.0606 0.9975
vn 0.0424 0.0580 0.9974
vn 0.0050 -0.3823 0.9240
vn 0.0327 -0.0245 0.9992
vn 0.0398 0.1751 0.9837
vn 0.0191 -0.3002 0.9537
vn 0.0310 0.2018 0.9789
vn 0.0646 0.6021 0.7958
vn 0.0238 -0.0758 0.9968
vn 0.0410 0.4413 0.8964
vn 0.0274 0.0131 0.9995
vn 0.0032 0.4628 0.8864
vn 0.0142 -0.3262 0.9452
vn -0.0107 0.3758 0.9266
vn 0.0247 -0.0514 0.9984
vn 0.0378 0.3307 0.9430
vn 0.0099 -0.1157 0.9932
vn 0.0229 0.0895 0.9957
vn 0.0438 0.5158 0.8556
vn 0.0061 -0.3391 0.9407
vn 0.0182 0.0487 0.9986
vn 0.0194 0.0155 0.9997
vn 0.0124 0.0287 0.9995
vn 0.0195 0.1736 0.9846
vn 0.0237 0.1101 0.9936
vn 0.0222 0.2584 0.9658
vn 0.0158 0.0142 0.9998
vn 0.0115 0.1309 0.9913
vn 0.0174 0.1022 0.9946
vn -0.0063 -0.4206 0.9072
vn 0.0349 0.3845 0.9224
vn 0.0119 0.0497 0.9987
vn 0.0115 0.0488 0.9987
vn 0.0103 0.0525 0.9986
vn 0.0256 0.6415 0.7667
vn 0.0078 -0.0398 0.9992
vn -0.0133 -0.2123 0.9771
vn 0.0290 0.7421 0.6697
vn 0.0328 0.6670 0.7443
vn 0.0119 0.3262 0.9452
vn 0.0136 0.3434 0.9391
vn -0.0270 -0.5127 0.8582
vn 0.0106 0.3232 0.9463
vn 0.0120 0.2801 0.9599
vn 0.0200 0.4837 0.8750
vn -0.0081 -0.1172 0.9931
vn -0.0290 -0.2647 0.9639
vn 0.0053 0.1401 0.9901
vn 0.0139 0.3624 0.9319
vn -0.0039 0.2424 0.9702
vn -0.0314 -0.5484 0.8356
vn -0.0144 -0.3936 0.9192
vn -0.0075 -0.1318 0.9913
vn 0.0050 0.1510 0.9885
vn -0.0003 -0.3167 0.9485
vn 0.0021 0.3766 0.9264
vn 0.0147 0.5157 0.8566
vn -0.0159 -0.2355 0.9718
vn -0.0095 0.0043 0.9999
vn 0.0104 0.5741 0.8187
vn -0.0137 -0.2525 0.9675
vn -0.0023 0.4037 0.9149
vn -0.0156 -0.1024 0.9946
vn -0.0059 0.4745 0.8802
vn -0.0067 0.1520 0.9884
vn -0.0155 0.1192 0.9927
vn -0.0241 0.0096 0.9997
vn -0.0223 -0.1296 0.9913
vn -0.0234 -0.1173 0.9928
vn 0.0004 0.4810 0.8767
vn -0.0192 -0.4965 0.8678
vn -0.0208 0.2233 0.9745
vn -0.0294 0.1469 0.9887
vn -0.0253 -0.1499 0.9884
vn 0.0487 0.0758 0.9959
vn 0.0613 0.1983 0.9782
vn -0.0022 0.1284 0.9917
vn -0.0116 -0.1391 0.9902
vn -0.0221 0.1372 0.9903
vn -0.0052 0.3224 0.9466
vn -0.0360 -0.4848 0.8739
vn -0.0381 -0.3262 0.9445
vn -0.0166 0.1855 0.9825
vn -0.0242 0.4646 0.8852
vn -0.0331 -0.2563 0.9660
vn -0.0657 -0.2821 0.9571
vn -0.0033 0.3910 0.9204
vn -0.0298 0.3118 0.9497
vn -0.0441 0.0575 0.9974
vn -0.0174 0.3594 0.9330
vn -0.0445 -0.0687 0.9966
vn -0.0293 -0.5709 0.8205
vn -0.0285 -0.3491 0.9366
vn -0.0238 0.4658 0.8846
vn -0.0252 -0.2421 0.9699
vn -0.0302 0.0969 0.9948
vn -0.0346 0.1950 0.9802
vn -0.0359 -0.2594 0.9651
vn -0.0355 -0.4732 0.8802
vn -0.0288 0.1334 0.9906
vn -0.0303 -0.3014 0.9530
vn -0.0343 0.0037 0.9994
vn -0.0341 -0.2587 0.9654
vn -0.0465 -0.3712 0.9274
vn -0.0298 0.2452 0.9690
vn -0.0444 -0.5155 0.8558
vn -0.0327 0.0040 0.9995
vn -0.0269 0.2755 0.9609
vn -0.0310 -0.5001 0.8654
vn -0.0413 0.0016 0.9991
vn -0.0230 0.5033 0.8638
vn -0.0332 -0.0491 0.9982
vn -0.0300 0.3471 0.9373
vn -0.0475 0.1434 0.9885
vn -0.0426 -0.4364 0.8987
vn -0.0417 -0.4135 0.9095
vn -0.0325 -0.0585 0.9978
vn -0.0350 0.1215 0.9920
vn -0.0405 -0.2237 0.9738
vn -0.0312 0.4691 0.8826
vn -0.0472 -0.3019 0.9522
vn -0.0406 0.1465 0.9884
vn -0.0396 0.3384 0.9402
vn -0.0424 -0.0236 0.9988
vn -0.0412 0.3620 0.9313
vn -0.0470 0.2584 0.9649
vn -0.0513 0.0116 0.9986
vn -0.0447 0.3485 0.9362
vn -0.0455 -0.4217 0.9056
vn -0.0480 0.0428 0.9979
vn -0.0535 0.3866 0.9207
vn -0.0488 -0.0880 0.9949
vn -0.0502 0.1024 0.9935
vn -0.0373 0.3678 0.9291
vn -0.0522 -0.0833 0.9952
vn -0.0394 0.6023 0.7973
vn -0.0521 -0.1649 0.9849
vn -0.0509 -0.4696 0.8814
vn -0.0469 0.5045 0.8621
vn -0.0565 0.1294 0.9900
vn -0.0609 0.2251 0.9724
vn -0.0666 -0.3541 0.9328
vn -0.0498 -0.5167 0.8547
vn -0.0619 -0.2001 0.9778
vn -0.0695 0.1578 0.9850
vn -0.0567 0.1938 0.9794
vn -0.0690 -0.0624 0.9957
vn -0.0664 0.3122 0.9477
vn -0.0559 0.4374 0.8975
vn -0.0616 -0.1507 0.9867
vn -0.0589 -0.3564 0.9325
vn -0.0713 0.7272 0.6827
vn -0.0512 0.4525 0.8903
vn -0.0358 0.7424 0.6690
vn -0.0356 0.7455 0.6656
vn -0.0559 0.6284 0.7759
vn -0.0713 0.1757 0.9819
vn -0.0626 -0.0666 0.9958
vn -0.0567 0.2865 0.9564
vn -0.0733 -0.1789 0.9811
vn -0.0417 -0.5978 0.8006
vn -0.0691 0.1676 0.9834
vn -0.0588 -0.1622 0.9850
vn -0.0712 -0.1663 0.9835
vn -0.0620 0.3469 0.9358
vn -0.0779 0.2573 0.9632
vn -0.0669 -0.0171 0.9976
vn -0.0642 0.1376 0.9884
vn -0.0721 -0.0422 0.9965
vn -0.0608 -0.3963 0.9161
vn -0.0582 0.0531 0.9969
vn -0.0626 -0.2663 0.9619
vn -0.0598 -0.3331 0.9410
vn -0.0671 0.0978 0.9929
vn -0.0733 0.0040 0.9973
vn -0.0608 -0.3795 0.9232
vn -0.0701 -0.2913 0.9541
vn -0.0577 0.0340 0.9978
vn -0.0587 0.0336 0.9977
vn -0.0580 -0.3271 0.9432
vn -0.0849 0.4313 0.8982
vn -0.0630 -0.2693 0.9610
vn -0.0628 -0.4725 0.8791
vn -0.0668 -0.4435 0.8938
vn -0.0659 0.1220 0.9903
vn -0.0707 0.1275 0.9893
vn -0.0840 0.1430 0.9862
vn -0.0769 0.1635 0.9835
vn -0.0785 0.4750 0.8765
vn -0.0856 0.2663 0.9601
vn -0.0722 -0.0141 0.9973
vn -0.0736 -0.4012 0.9130
vn -0.0682 -0.3895 0.9185
vn -0.0754 0.2180 0.9730
vn -0.0697 0.5449 0.8356
vn -0.0598 0.7926 0.6069
vn -0.0835 0.2681 0.9598
vn -0.0795 0.3371 0.9381
vn -0.0808 0.0420 0.9958
vn -0.0906 -0.2313 0.9686
vn -0.0706 -0.4544 0.8880
vn -0.0737 0.4877 0.8699
vn -0.0848 0.2595 0.9620
vn -0.0679 0.3373 0.9389
vn -0.0949 0.0680 0.9932
vn -0.0696 0.6579 0.7499
vn -0.0834 0.5773 0.8122
vn -0.0807 0.3089 0.9477
vn -0.0766 0.7010 0.7090
vn -0.0878 0.4544 0.8865
vn -0.0788 0.5327 0.8426
vn -0.0867 0.5218 0.8487
vn -0.0771 0.6066 0.7913
vn -0.0709 -0.4370 0.8967
vn -0.0842 0.2776 0.9570
vn -0.0879 -0.0993 0.9912
vn -0.0890 0.0390 0.9953
vn -0.0715 -0.3877 0.9190
vn -0.0887 0.3781 0.9215
vn -0.0719 -0.5329 0.8431
vn -0.0868 0.6550 0.7506
vn -0.0923 0.6475 0.7564
vn -0.0841 0.6902 0.7187
vn -0.0811 0.6905 0.7188
vn -0.0897 -0.1674 0.9818
vn -0.0951 0.1408 0.9855
vn -0.1020 0.2979 0.9491
vn -0.0765 0.7995 0.5957
vn -0.1007 0.4426 0.8911
vn -0.0899 0.5566 0.8259
vn -0.0864 -0.3644 0.9272
vn -0.0848 0.7702 0.6321
vn -0.0703 0.8710 0.4862
vn -0.0959 -0.0140 0.9953
vn -0.1114 0.1390 0.9840
vn -0.1023 0.3666 0.9247
vn -0.0863 0.6554 0.7503
vn -0.1142 0.2019 0.9727
vn -0.0894 -0.3031 0.9487
vn -0.0945 0.1250 0.9876
vn -0.1137 -0.0529 0.9921
vn -0.0870 -0.4049 0.9102
vn -0.1028 -0.1099 0.9886
vn -0.1002 0.3978 0.9120
vn -0.1129 0.2638 0.9580
vn -0.1113 0.2550 0.9605
vn -0.0631 -0.3787 0.9234
vn -0.0998 -0.1876 0.9772
vn -0.0836 -0.4111 0.9077
vn -0.0785 -0.5300 0.8444
vn -0.0975 -0.2273 0.9689
vn -0.0984 -0.1314 0.9864
vn -0.1021 0.0417 0.9939
vn -0.1167 0.1967 0.9735
vn -0.1172 0.4851 0.8666
vn -0.1041 0.5799 0.8080
vn -0.1121 0.4365 0.8927
vn -0.1032 0.6357 0.7650
vn -0.1163 -0.0286 0.9928
vn -0.1128 0.4242 0.8985
vn -0.1053 -0.0429 0.9935
vn -0.0930 -0.4615 0.8823
vn -0.1240 0.1890 0.9741
vn -0.1111 -0.2347 0.9657
vn -0.1067 0.0087 0.9943
vn -0.1127 -0.2282 0.9671
vn -0.1368 0.0475 0.9895
vn -0.1191 0.4224 0.8986
vn -0.1229 0.4185 0.8999
vn -0.1174 -0.0101 0.9930
vn -0.1231 0.0716 0.9898
vn -0.1219 -0.0436 0.9916
vn -0.1268 0.3621 0.9235
vn -0.1022 -0.3512 0.9307
vn -0.1287 0.5669 0.8137
vn -0.1262 -0.0422 0.9911
vn -0.1174 0.0437 0.9921
vn -0.1344 0.5874 0.7981
vn -0.1080 -0.5419 0.8335
vn -0.1227 -0.2720 0.9544
vn -0.1033 -0.2452 0.9640
vn -0.0975 -0.3107 0.9455
vn -0.0600 -0.5863 0.8078
vn -0.1289 0.6517 0.7475
vn -0.1178 -0.3394 0.9332
vn -0.1552 -0.2760 0.9485
vn -0.0824 -0.4076 0.9094
vn -0.1277 0.5049 0.8537
vn -0.1389 0.3862 0.9119
vn -0.1374 0.0543 0.9890
vn -0.1243 0.7278 0.6745
vn -0.1377 0.0970 0.9857
vn -0.1513 0.2637 0.9527
vn -0.1069 0.8167 0.5671
vn -0.1066 0.8154 0.5689
vn -0.1256 0.1400 0.9822
vn -0.1360 0.5720 0.8089
vn -0.1568 0.5250 0.8365
vn -0.1523 0.4749 0.8668
vn -0.1173 -0.3289 0.9371
vn -0.0983 -0.4929 0.8645
vn -0.1283 -0.0889 0.9877
vn -0.1194 0.7723 0.6239
vn -0.1340 -0.0709 0.9884
vn -0.1375 0.0493 0.9893
vn -0.1455 0.5678 0.8102
vn -0.1623 0.1710 0.9718
vn -0.1318 0.3933 0.9099
vn -0.1504 0.2385 0.9594
vn -0.1166 -0.3286 0.9373
vn -0.1467 0.0187 0.9890
vn -0.1406 0.5753 0.8057
vn -0.1664 0.2201 0.9612
vn -0.1286 -0.5093 0.8509
vn -0.1059 -0.4816 0.8700
vn -0.0996 -0.3734 0.9223
vn -0.1228 -0.5466 0.8284
vn -0.0957 -0.4127 0.9058
vn -0.1578 0.5085 0.8465
vn -0.1657 0.2847 0.9442
vn -0.1202 -0.3235 0.9385
vn -0.1444 -0.1772 0.9735
vn -0.1595 0.2921 0.9430
vn -0.0998 -0.5825 0.8067
vn -0.1542 -0.0481 0.9869
vn -0.1091 -0.5270 0.8429
vn -0.1548 -0.0545 0.9864
vn -0.1225 -0.3788 0.9174
vn -0.1732 0.4502 0.8760
vn -0.1602 0.3237 0.9325
vn -0.1535 0.1534 0.9762
vn -0.1599 0.1374 0.9775
vn -0.1607 0.1403 0.9770
vn -0.1030 -0.5595 0.8224
vn -0.1706 0.5966 0.7842
vn -0.1708 0.4430 0.8801
vn -0.1705 0.2291 0.9583
vn -0.1739 0.2059 0.9630
vn -0.1754 0.2029 0.9633
vn -0.1586 0.1063 0.9816
vn -0.1567 -0.3222 0.9336
vn -0.1720 0.5994 0.7818
vn -0.1602 -0.1167 0.9802
vn -0.1627 0.6766 0.7182
vn -0.1717 0.4350 0.8839
vn -0.1683 0.5570 0.8133
vn -0.1665 0.0582 0.9843
vn -0.1670 0.6313 0.7574
vn -0.1684 0.6305 0.7577
vn -0.1235 -0.4484 0.8853
vn -0.1705 0.3199 0.9320
vn -0.1416 -0.3251 0.9350
vn -0.1670 0.3006 0.9390
vn -0.1557 0.7205 0.6757
vn -0.1630 0.0167 0.9865
vn -0.1696 -0.0396 0.9847
vn -0.1220 -0.4717 0.8733
vn -0.1583 0.7487 0.6437
vn -0.1564 0.7239 0.6720
vn -0.1548 -0.1247 0.9800
vn -0.1416 -0.2872 0.9474
vn -0.1876 0.4516 0.8723
vn -0.1676 0.4706 0.8663
vn -0.1761 -0.0654 0.9822
vn -0.1923 0.5118 0.8373
vn -0.1847 0.2529 0.9497
vn -0.1662 -0.1689 0.9715
vn -0.1732 0.0142 0.9848
vn -0.1844 0.0831 0.9793
vn -0.1413 -0.4244 0.8944
vn -0.1782 0.5726 0.8002
vn -0.1840 0.0970 0.9781
vn -0.1741 0.0983 0.9798
vn -0.1923 0.4418 0.8762
vn -0.2010 0.4391 0.8757
vn -0.1808 0.0327 0.9830
vn -0.1800 0.0328 0.9831
vn -0.1800 0.0327 0.9831
vn -0.1801 0.0329 0.9831
vn -0.1801 0.0296 0.9832
vn -0.1958 0.2305 0.9532
vn -0.1977 0.2330 0.9522
vn -0.2048 0.4848 0.8503
vn -0.2086 0.4799 0.8522
vn -0.1744 -0.1012 0.9795
vn -0.1904 0.4889 0.8513
vn -0.1789 -0.0992 0.9788
vn -0.2108 0.2169 0.9532
vn -0.1933 0.5832 0.7890
vn -0.2389 -0.0998 0.9659
vn -0.1767 0.0667 0.9820
vn -0.1861 0.5219 0.8325
vn -0.1916 0.1754 0.9657
vn -0.1578 -0.3789 0.9119
vn -0.2145 0.5557 0.8032
vn -0.1755 -0.2295 0.9573
vn -0.2013 0.1303 0.9708
vn -0.1177 -0.5811 0.8052
vn -0.1950 0.2204 0.9557
vn -0.1727 -0.3276 0.9289
vn -0.1954 0.6248 0.7559
vn -0.1998 0.2122 0.9566
vn -0.1834 0.6995 0.6907
vn -0.1795 -0.2256 0.9575
vn -0.1998 0.3263 0.9239
vn -0.1809 -0.1457 0.9727
vn -0.2047 0.6274 0.7513
vn -0.2108 0.2632 0.9414
vn -0.1798 -0.2328 0.9558
vn -0.1973 0.3400 0.9195
vn -0.1662 -0.2361 0.9574
vn -0.2041 -0.0004 0.9790
vn -0.2092 0.6181 0.7578
vn -0.2160 0.2938 0.9311
vn -0.1597 -0.3604 0.9190
vn -0.2251 0.6522 0.7239
vn -0.2218 0.4410 0.8697
vn -0.2382 0.2308 0.9434
vn -0.2237 0.5246 0.8214
vn -0.1663 0.8884 0.4278
vn -0.2173 0.2269 0.9494
vn -0.2300 -0.0464 0.9721
vn -0.2156 0.1054 0.9708
vn -0.1364 -0.5214 0.8423
vn -0.2475 0.1513 0.9570
vn -0.2019 -0.0543 0.9779
vn -0.2088 -0.1909 0.9591
vn -0.2122 -0.1892 0.9587
vn -0.1815 -0.3556 0.9168
vn -0.2311 -0.0616 0.9710
vn -0.2459 0.1872 0.9510
vn -0.2402 0.5993 0.7636
vn -0.2163 -0.2376 0.9470
vn -0.2501 0.3054 0.9188
vn -0.2402 0.5457 0.8028
vn -0.2136 -0.1800 0.9602
vn -0.2522 0.3566 0.8996
vn -0.2407 0.5564 0.7953
vn -0.2491 0.1759 0.9524
vn -0.1966 -0.3083 0.9307
vn -0.2450 0.0665 0.9672
vn -0.2480 -0.0523 0.9673
vn -0.2668 0.5891 0.7627
vn -0.2247 0.7933 0.5659
vn -0.2080 -0.3599 0.9095
vn -0.2432 -0.1464 0.9589
vn -0.2540 -0.1356 0.9576
vn -0.2790 0.2829 0.9177
vn -0.2763 0.0369 0.9604
vn -0.2729 0.0522 0.9606
vn -0.2874 0.6160 0.7334
vn -0.2978 0.5733 0.7633
vn -0.2889 0.0275 0.9570
vn -0.2781 0.5986 0.7512
vn -0.2283 -0.3139 0.9216
vn -0.3046 0.1479 0.9409
vn -0.2873 0.3256 0.9008
vn -0.2990 0.2345 0.9250
vn -0.2416 -0.2961 0.9241
vn -0.2690 -0.2264 0.9362
vn -0.2967 0.4378 0.8487
vn -0.2968 0.1365 0.9451
vn -0.3112 0.2101 0.9268
vn -0.3125 0.4076 0.8580
vn -0.2394 -0.2494 0.9383
vn -0.2886 0.6935 0.6601
vn -0.3214 0.4794 0.8166
vn -0.2539 -0.2873 0.9236
vn -0.2342 -0.3513 0.9065
vn -0.2279 0.9181 0.3243
vn -0.3234 0.5675 0.7572
vn -0.2968 -0.1593 0.9416
vn -0.3870 0.1977 0.9006
vn -0.4048 0.3730 0.8349
vn -0.3763 0.0491 0.9252
vn -0.3369 0.7780 0.5304
vn -0.3237 -0.2248 0.9190
vn -0.3989 0.1220 0.9088
vn -0.0632 0.6520 0.7556
vn -0.0908 0.4200 0.9030
vn -0.0699 0.6145 0.7858
vn -0.0790 0.2799 0.9568
vn -0.0634 0.5357 0.8420
vn -0.0878 -0.2489 0.9645
vn -0.0715 0.7582 0.6481
vn -0.0938 0.0721 0.9930
vn -0.0901 0.3706 0.9244
vn -0.0795 0.4268 0.9008
vn -0.0906 0.2832 0.9548
vn -0.1025 0.0806 0.9915
vn -0.0721 0.1976 0.9776
vn -0.0610 -0.1510 0.9867
vn -0.0739 0.0146 0.9972
vn -0.0793 0.0340 0.9963
vn -0.0583 0.1307 0.9897
vn -0.0418 0.4106 0.9108
vn -0.0274 0.3690 0.9290
vn -0.0273 0.3693 0.9289
vn 0.0220 0.8301 0.5572
vn 0.0180 0.8388 0.5441
vn 0.0063 0.5314 0.8471
vn 0.0252 0.5772 0.8162
vn 0.0163 0.5000 0.8659
vn 0.0139 0.5501 0.8350
vn 0.0283 0.5765 0.8166
vn 0.0176 0.5427 0.8398
vn 0.0463 0.9014 0.4306
vn 0.0033 0.5030 0.8643
vn -0.0174 0.0183 0.9997
vn 0.0382 0.6040 0.7961
vn 0.0294 0.6059 0.7950
vn 0.0168 0.0800 0.9967
vn 0.0205 0.3858 0.9224
vn 0.0346 0.5655 0.8240
vn 0.0347 0.5581 0.8291
vn 0.0172 0.4107 0.9116
vn 0.0662 0.7215 0.6893
vn 0.0604 0.6330 0.7718
vn -0.0009 -0.2217 0.9751
vn 0.0033 -0.2215 0.9751
vn 0.0225 0.2055 0.9784
vn 0.0215 0.2137 0.9767
vn 0.0629 0.2319 0.9707
vn 0.0179 -0.0668 0.9976
vn 0.0059 -0.2421 0.9702
vn 0.0657 0.3286 0.9422
vn 0.0172 -0.0543 0.9984
vn 0.0181 -0.1284 0.9916
vn 0.0905 0.5640 0.8208
vn 0.0497 0.0151 0.9987
vn 0.0855 0.3730 0.9239
vn 0.0537 0.0201 0.9984
vn 0.0401 0.3678 0.9290
vn 0.0355 0.3772 0.9255
vn 0.0664 0.4586 0.8862
vn 0.0502 0.0145 0.9986
vn 0.0732 0.5006 0.8626
vn 0.0733 0.5006 0.8626
vn 0.0734 0.5006 0.8625
vn 0.0464 0.3481 0.9363
vn 0.0560 0.3595 0.9315
vn 0.0567 0.3577 0.9321
vn 0.0503 -0.0756 0.9959
vn 0.0182 0.0001 0.9998
vn 0.0507 0.0780 0.9957
vn 0.0261 -0.1696 0.9852
vn 0.0061 -0.3579 0.9337
vn 0.0281 -0.2674 0.9632
vn 0.0724 0.5265 0.8471
vn 0.0416 0.1210 0.9918
vn 0.0504 0.6415 0.7654
vn 0.0358 0.1088 0.9934
vn 0.0968 0.6999 0.7076
vn 0.0675 0.0923 0.9934
vn 0.0031 -0.4533 0.8913
vn 0.0261 -0.2339 0.9719
vn 0.0621 0.5816 0.8111
vn 0.0564 0.4010 0.9144
vn 0.0195 -0.2510 0.9678
vn 0.0590 0.4915 0.8689
vn 0.0381 0.2783 0.9597
vn 0.0366 0.1195 0.9922
vn 0.0181 0.0996 0.9949
vn 0.0097 0.0514 0.9986
vn 0.0112 0.0669 0.9977
vn 0.0109 0.2782 0.9605
vn -0.0150 0.1341 0.9908
vn 0.0054 -0.0498 0.9987
vn 0.0063 -0.2007 0.9796
vn -0.0263 0.1247 0.9918
vn 0.0046 0.4479 0.8940
vn -0.0122 -0.1868 0.9823
vn 0.0076 0.5063 0.8623
vn -0.0155 -0.0056 0.9999
vn -0.0037 0.1618 0.9868
vn -0.0050 0.3498 0.9368
vn -0.0103 0.0701 0.9975
vn -0.0030 0.3343 0.9424
vn -0.0118 -0.1594 0.9871
vn -0.0271 -0.2899 0.9567
vn -0.0339 -0.4058 0.9133
vn -0.0049 0.1680 0.9858
vn -0.0178 -0.4960 0.8682
vn -0.0178 0.0231 0.9996
vn -0.0007 0.5777 0.8162
vn -0.0237 -0.1900 0.9815
vn -0.0031 0.1534 0.9882
vn -0.0154 0.2333 0.9723
vn -0.0204 0.5130 0.8582
vn -0.0328 -0.0574 0.9978
vn -0.0247 0.0669 0.9975
vn -0.0239 0.1119 0.9934
vn -0.0240 -0.2430 0.9697
vn -0.0256 0.4618 0.8866
vn -0.0448 -0.0586 0.9973
vn -0.0450 -0.2452 0.9684
vn -0.0451 0.1032 0.9936
vn -0.0434 -0.4548 0.8895
vn -0.0458 -0.0554 0.9974
vn -0.0571 -0.3285 0.9428
vn -0.0418 0.3586 0.9325
vn -0.0457 0.2202 0.9744
vn -0.0461 -0.3216 0.9458
vn -0.0471 0.3447 0.9375
vn -0.0467 0.2684 0.9622
vn -0.0557 0.2441 0.9682
vn -0.0511 0.3636 0.9301
vn -0.0516 -0.1495 0.9874
vn -0.0608 -0.0940 0.9937
vn -0.0625 0.2066 0.9764
vn -0.0463 0.5828 0.8113
vn -0.0581 -0.2957 0.9535
vn -0.0570 -0.4845 0.8729
vn -0.0528 0.3012 0.9521
vn -0.0539 -0.1100 0.9925
vn -0.0527 -0.3681 0.9283
vn -0.0485 0.3474 0.9365
vn -0.0576 0.0644 0.9963
vn -0.0581 -0.1282 0.9900
vn -0.0503 -0.3637 0.9301
vn -0.0819 0.3578 0.9302
vn -0.0658 0.0066 0.9978
vn -0.0786 -0.0031 0.9969
vn -0.0960 0.0477 0.9942
vn -0.0730 0.2059 0.9759
vn -0.0831 0.2091 0.9744
vn -0.0916 0.2118 0.9730
vn -0.1018 0.2149 0.9713
vn -0.0663 -0.4688 0.8808
vn -0.0760 -0.0780 0.9940
vn -0.0888 0.1485 0.9849
vn -0.0655 0.2601 0.9633
vn -0.0927 -0.1731 0.9805
vn -0.0691 -0.2953 0.9529
vn -0.0982 -0.1419 0.9850
vn -0.0625 -0.1673 0.9839
vn -0.0651 -0.1674 0.9837
vn -0.0850 0.0407 0.9955
vn -0.0698 -0.2615 0.9627
vn -0.0796 -0.0138 0.9967
vn -0.0689 0.5688 0.8196
vn -0.0747 -0.3353 0.9391
vn -0.0863 0.3090 0.9471
vn -0.0893 0.1017 0.9908
vn -0.0666 -0.3178 0.9458
vn -0.0645 -0.3138 0.9473
vn -0.0760 -0.4101 0.9089
vn -0.0819 -0.1678 0.9824
vn -0.0872 0.3250 0.9417
vn -0.0865 0.5720 0.8157
vn -0.0872 0.0613 0.9943
vn -0.0742 -0.5207 0.8505
vn -0.1126 -0.0634 0.9916
vn -0.0766 -0.1848 0.9798
vn -0.0417 -0.1426 0.9889
vn -0.0485 -0.0823 0.9954
vn -0.0671 0.6493 0.7576
vn -0.0852 0.5745 0.8140
vn -0.0734 0.4694 0.8800
vn -0.0796 0.0164 0.9967
vn -0.0804 0.0154 0.9966
vn -0.0858 -0.6349 0.7678
vn -0.0769 -0.3203 0.9442
vn -0.0712 -0.5565 0.8278
vn -0.0937 0.2432 0.9654
vn -0.0950 0.4290 0.8983
vn -0.0975 0.4438 0.8908
vn -0.0903 -0.1139 0.9894
vn -0.0841 0.5507 0.8305
vn -0.1034 0.2388 0.9656
vn -0.0886 -0.2469 0.9650
vn -0.0872 -0.2325 0.9687
vn -0.0934 -0.2684 0.9588
vn -0.0978 0.1538 0.9832
vn -0.1007 0.4556 0.8845
vn -0.1043 -0.0251 0.9942
vn -0.0895 0.2886 0.9533
vn -0.0941 -0.2744 0.9570
vn -0.0855 0.7378 0.6696
vn -0.0935 -0.0094 0.9956
vn -0.1076 0.3278 0.9386
vn -0.1125 0.4398 0.8910
vn -0.1084 0.3434 0.9329
vn -0.0988 -0.2308 0.9680
vn -0.1121 0.0894 0.9897
vn -0.1078 0.3091 0.9449
vn -0.1141 0.1218 0.9860
vn -0.0598 -0.6783 0.7323
vn -0.0589 -0.6834 0.7276
vn -0.0753 -0.5304 0.8444
vn -0.0831 -0.4128 0.9070
vn -0.1109 0.4817 0.8693
vn -0.1151 0.0430 0.9924
vn -0.1210 0.4267 0.8963
vn -0.0896 -0.4144 0.9057
vn -0.0857 -0.1957 0.9769
vn -0.1280 0.0091 0.9917
vn -0.0979 -0.4431 0.8911
vn -0.1119 0.5231 0.8449
vn -0.1130 0.1139 0.9870
vn -0.1254 0.5615 0.8179
vn -0.1232 0.1284 0.9840
vn -0.1350 0.3665 0.9206
vn -0.1272 0.5483 0.8266
vn -0.1233 0.1186 0.9852
vn -0.1114 -0.3034 0.9463
vn -0.1106 -0.3048 0.9460
vn -0.1294 0.3256 0.9366
vn -0.1437 0.1458 0.9788
vn -0.1317 0.2032 0.9702
vn -0.1325 0.2674 0.9544
vn -0.1280 0.2752 0.9528
vn -0.1245 0.2782 0.9524
vn -0.1310 -0.1494 0.9801
vn -0.1150 0.1292 0.9849
vn -0.1264 -0.1566 0.9795
vn -0.1732 0.5139 0.8402
vn -0.1337 -0.1508 0.9795
vn -0.1469 0.1312 0.9804
vn -0.1249 0.5064 0.8532
vn -0.1259 0.0918 0.9878
vn -0.1336 0.2242 0.9654
vn -0.1274 -0.0226 0.9916
vn -0.1290 0.5848 0.8008
vn -0.1290 0.6208 0.7732
vn -0.1436 0.1633 0.9761
vn -0.1422 0.3523 0.9250
vn -0.1731 0.4715 0.8647
vn -0.1444 0.1360 0.9801
vn -0.1778 0.1429 0.9736
vn -0.1528 0.1873 0.9704
vn -0.1147 -0.3296 0.9371
vn -0.1117 0.2584 0.9596
vn -0.1471 0.3038 0.9413
vn -0.1273 -0.0253 0.9915
vn -0.1325 -0.2739 0.9526
vn -0.1668 0.2555 0.9523
vn -0.1661 0.2268 0.9597
vn -0.1693 0.4280 0.8878
vn -0.1466 0.1474 0.9782
vn -0.1336 -0.1471 0.9800
vn -0.1089 -0.3781 0.9193
vn -0.1604 0.4222 0.8922
vn -0.1461 0.6383 0.7558
vn -0.1731 0.4406 0.8808
vn -0.1678 0.0497 0.9846
vn -0.1868 0.2294 0.9552
vn -0.1758 0.2390 0.9550
vn -0.2018 -0.1827 0.9622
vn -0.1511 -0.5345 0.8316
vn -0.1274 -0.6293 0.7666
vn -0.2647 0.5165 0.8143
vn -0.2810 0.4411 0.8523
vn -0.3104 0.2304 0.9223
vn -0.2991 -0.0774 0.9511
vn -0.3349 0.3323 0.8817
vn -0.3247 0.3541 0.8770
vn -0.3213 0.3473 0.8810
vn -0.3001 0.3053 0.9037
vn -0.3011 -0.0814 0.9501
vn -0.2614 -0.2097 0.9422
vn -0.3439 0.1772 0.9221
vn -0.3392 0.4747 0.8122
vn -0.3502 0.6959 0.6270
vn -0.0825 -0.0056 0.9966
vn -0.0902 -0.1969 0.9763
vn -0.0344 0.2975 0.9541
vn 0.0371 0.5655 0.8239
vn 0.0625 0.2941 0.9537
vn 0.0549 0.0834 0.9950
vn 0.0103 -0.2050 0.9787
vn -0.0350 -0.5183 0.8545
vn -0.0123 -0.1454 0.9893
vn -0.0490 0.2856 0.9571
vn -0.0547 -0.1445 0.9880
vn -0.0517 -0.1697 0.9841
vn -0.0535 0.2637 0.9631
vn -0.0542 0.2314 0.9713
vn -0.0464 -0.7268 0.6852
vn -0.0888 0.5023 0.8601
vn -0.0888 0.3999 0.9122
vn -0.0882 -0.0351 0.9955
vn -0.0959 0.2153 0.9718
vn -0.0908 0.2280 0.9694
vn -0.0969 0.1328 0.9864
vn -0.0964 0.3510 0.9314
vn -0.1008 0.5254 0.8449
vn -0.0882 -0.0542 0.9946
vn -0.0854 0.6955 0.7134
vn -0.0917 0.5702 0.8164
vn -0.1029 0.2366 0.9661
vn -0.0921 0.3981 0.9127
vn -0.0941 -0.1425 0.9853
vn -0.1018 -0.3494 0.9314
vn -0.1010 0.6000 0.7936
vn -0.0972 0.6518 0.7521
vn -0.1635 -0.4265 0.8896
vn -0.1655 -0.0019 0.9862
vn -0.2955 0.2963 0.9082
vn -0.0774 -0.0987 0.9921
vn -0.0543 0.0760 0.9956
vn -0.0575 0.1134 0.9919
vn -0.0953 0.0361 0.9948
vn -0.0989 -0.2298 0.9682
vn -0.0179 -0.2112 0.9773
vn -0.0555 -0.3150 0.9475
vn -0.0802 0.2278 0.9704
vn -0.1424 -0.2888 0.9467
vn -0.4528 0.5643 0.6903
vn -0.2544 0.5588 -0.7893
vn -0.2515 0.5259 -0.8125
vn -0.6713 0.5060 -0.5416
vn -0.7015 0.5034 -0.5045
vn -0.6351 0.7344 -0.2393
vn -0.5462 0.6770 0.4933
vn -0.6895 0.5550 -0.4654
vn -0.7192 0.5549 -0.4181
vn -0.7751 0.5352 -0.3357
vn -0.6173 0.6471 -0.4476
vn -0.7904 0.5403 -0.2887
vn -0.8514 0.4860 -0.1975
vn -0.9227 0.3708 -0.1057
vn -0.7664 0.5904 -0.2532
vn -0.5430 0.7225 -0.4280
vn -0.7728 0.5890 -0.2364
vn -0.7596 0.6069 -0.2337
vn -0.6097 0.7122 -0.3480
vn -0.7045 0.6969 -0.1341
vn -0.8264 0.5557 0.0906
vn -0.6393 0.7614 -0.1077
vn -0.5466 0.8314 -0.1000
vn -0.6534 0.7570 0.0046
vn -0.7424 0.6607 0.1108
vn -0.6368 0.7650 0.0961
vn -0.5908 0.7537 0.2881
vn -0.6609 0.7011 0.2677
vn -0.6910 0.6777 -0.2516
vn -0.5047 0.8000 0.3244
vn -0.6753 -0.5374 0.5051
vn -0.9051 -0.2275 0.3593
vn -0.6673 -0.5753 0.4730
vn -0.8005 -0.4849 0.3523
vn -0.5542 -0.7871 0.2709
vn -0.5639 -0.7704 0.2974
vn -0.4333 -0.8416 0.3223
vn -0.2886 -0.8445 0.4511
vn -0.6926 -0.7213 0.0039
vn -0.8425 -0.4557 -0.2874
vn -0.7477 -0.5744 -0.3332
vn -0.6000 -0.5767 -0.5545
vn -0.6331 -0.5692 -0.5246
vn -0.6321 -0.7070 -0.3171
vn -0.5385 -0.4504 -0.7121
vn -0.5249 -0.4255 -0.7372
vn -0.5791 -0.6541 0.4866
vn -0.7750 -0.5255 0.3510
vn -0.8597 -0.4920 0.1373
vn -0.7763 -0.5764 0.2551
vn -0.8039 -0.5639 0.1894
vn -0.5639 -0.7333 0.3799
vn -0.8147 -0.5687 0.1129
vn -0.6221 -0.7103 0.3292
vn -0.9288 -0.3343 -0.1599
vn -0.7934 -0.6065 0.0509
vn -0.7983 -0.6022 0.0022
vn -0.3595 -0.8310 0.4246
vn -0.7726 -0.6327 -0.0524
vn -0.4896 -0.8215 0.2923
vn -0.6829 -0.7271 -0.0705
vn -0.7672 -0.5905 -0.2506
vn -0.5304 -0.8402 0.1128
vn -0.5946 -0.8019 -0.0577
vn -0.3637 -0.8997 0.2416
vn -0.7274 -0.5861 -0.3569
vn -0.7506 -0.5621 0.3475
vn -0.7687 -0.5652 0.2995
vn -0.6404 -0.6658 0.3830
vn -0.7425 -0.6316 0.2230
vn -0.5688 -0.7501 0.3375
vn -0.5362 -0.7698 0.3463
vn -0.7632 -0.6356 0.1162
vn -0.4208 -0.8584 0.2934
vn -0.3334 -0.9164 0.2215
vn -0.5812 -0.8055 -0.1154
vn -0.6637 -0.6812 -0.3089
vn -0.1181 0.8437 -0.5236
vn -0.3493 0.8930 -0.2837
vn -0.6018 0.7218 -0.3418
vn -0.6618 0.7113 -0.2365
vn -0.6543 0.7461 -0.1233
vn -0.6108 0.7781 0.1464
vn -0.1548 -0.8059 -0.5715
vn -0.3693 -0.8624 -0.3461
vn -0.5095 -0.8604 -0.0097
vn -0.3593 -0.8448 0.3965
vn -0.2005 -0.8528 0.4821
vn -0.3619 0.0020 -0.9322
vn -0.4243 -0.0010 -0.9055
vn -0.6342 0.0011 -0.7732
vn -0.6304 -0.0002 -0.7763
vn -0.8094 -0.0007 -0.5872
vn -0.8200 0.0001 -0.5724
vn -0.9595 -0.0015 -0.2816
vn -0.9467 0.0005 -0.3220
vn -0.9985 0.0016 -0.0540
vn -0.9985 -0.0020 0.0546
vn -0.9771 0.0020 0.2129
vn -0.9382 -0.0025 0.3462
vn -0.8583 0.0028 0.5132
vn -0.7760 -0.0025 0.6307
vn -0.6552 0.0021 0.7554
vn -0.5556 -0.0017 0.8314
vn -0.4434 0.0016 0.8963
vn -0.3181 -0.0019 0.9481
vn -0.1878 0.0020 0.9822
s 1
usemtl color_727980
f 1//1 3//2 2//3
f 2//3 3//2 4//4
f 3//2 5//5 4//4
f 4//4 5//5 6//6
f 5//5 7//7 6//6
f 6//6 7//7 8//8
f 7//7 9//9 8//8
f 8//8 9//9 10//10
f 9//9 11//11 10//10
f 10//10 11//11 12//12
f 11//11 13//13 12//12
f 12//12 13//13 14//14
f 14//15 15//16 16//17
f 13//13 15//18 14//14
f 15//16 17//19 16//17
f 16//17 17//19 18//20
f 18//20 17//19 19//21
f 17//22 20//23 19//24
f 20//23 21//25 19//24
f 19//24 21//25 22//26
f 21//25 23//27 22//26
f 25//28 26//29 2494//30
f 27//31 26//29 25//28
f 25//28 2494//30 28//32
f 29//33 25//28 28//32
f 29//33 27//31 25//28
f 30//34 29//35 28//36
f 31//37 30//34 28//36
f 32//38 30//34 31//37
f 33//39 31//37 28//36
f 34//40 31//37 33//39
f 34//40 32//38 31//37
f 35//41 34//40 33//39
f 36//42 35//41 33//39
f 37//43 35//41 36//42
f 39//44 36//42 38//45
f 39//44 37//46 36//42
f 40//47 39//44 38//45
f 42//48 40//47 38//45
f 41//49 42//50 38//45
f 43//51 42//48 41//49
f 44//52 43//51 41//49
f 45//53 43//51 44//52
f 46//54 45//53 44//52
f 47//55 45//53 46//54
f 48//56 47//57 46//54
f 49//58 48//56 46//54
f 50//59 48//56 49//58
f 52//60 50//59 49//58
f 52//61 49//58 51//62
f 53//63 52//61 51//62
f 54//64 53//63 51//62
f 55//65 53//63 54//64
f 57//66 55//65 54//64
f 56//67 57//66 54//64
f 58//68 57//66 56//67
f 59//69 58//68 56//67
f 59//69 56//67 60//70
f 61//71 59//69 60//70
f 62//72 61//71 60//70
f 63//73 61//71 62//72
f 62//72 60//70 64//74
f 65//75 63//73 62//72
f 64//74 65//75 62//72
f 66//76 65//75 64//74
f 67//77 66//76 64//74
f 68//78 66//79 67//77
f 70//80 68//78 67//77
f 71//81 70//80 67//77
f 72//82 70//80 71//81
f 71//81 67//77 69//83
f 69//83 72//82 71//81
f 73//84 72//82 69//83
f 74//85 73//84 69//83
f 75//86 73//84 74//85
f 77//87 75//86 74//85
f 78//88 74//85 76//89
f 78//88 77//90 74//85
f 80//91 76//89 79//92
f 80//91 78//88 76//89
f 79//92 76//89 24//93
f 81//94 80//91 79//92
f 82//95 79//92 24//93
f 82//95 81//94 79//92
f 88//96 4737//97 86//98
f 87//99 86//98 85//100
f 88//96 86//98 87//99
f 88//96 87//99 89//101
f 90//102 88//96 89//101
f 92//103 88//96 90//102
f 92//103 90//102 91//104
f 94//105 91//104 93//106
f 94//105 92//103 91//104
f 95//107 94//105 93//106
f 97//108 92//103 94//105
f 96//109 94//105 95//107
f 97//108 94//105 96//109
f 99//110 96//109 98//111
f 99//110 97//108 96//109
f 100//112 99//110 98//111
f 101//113 99//110 100//112
f 102//114 101//113 100//112
f 104//115 101//113 102//114
f 104//115 102//114 103//116
f 106//117 103//116 105//118
f 106//117 104//115 103//116
f 107//119 104//115 106//117
f 108//120 106//117 105//118
f 107//119 106//117 108//120
f 109//121 107//119 108//120
f 111//122 107//119 109//121
f 111//122 109//121 110//123
f 112//124 111//122 110//123
f 113//125 111//122 112//124
f 114//126 113//127 112//128
f 113//127 114//126 115//129
f 116//130 113//125 115//131
f 117//132 113//125 116//130
f 117//132 116//130 118//133
f 119//134 117//132 118//135
f 120//136 119//134 118//135
f 122//137 119//134 120//136
f 122//137 117//132 119//134
f 121//138 122//137 120//139
f 123//140 122//137 121//138
f 124//141 122//137 123//140
f 124//141 123//140 125//142
f 126//143 124//141 125//142
f 127//144 124//141 126//143
f 128//145 127//144 126//143
f 130//146 128//145 129//147
f 130//146 127//144 128//145
f 131//148 130//146 129//147
f 133//149 130//146 131//148
f 133//149 131//148 132//150
f 135//151 132//150 134//152
f 135//151 133//149 132//150
f 136//153 135//151 134//152
f 137//154 135//151 136//153
f 137//154 136//153 84//155
f 84//155 83//156 138//157
f 137//154 84//155 138//157
f 82//95 83//156 84//155
f 81//94 82//95 84//155
f 80//91 84//155 136//153
f 80//91 81//94 84//155
f 78//88 136//153 134//152
f 78//88 80//91 136//153
f 77//90 78//88 134//152
f 77//90 134//152 132//150
f 75//86 77//87 132//150
f 75//86 132//150 131//148
f 73//84 131//148 129//147
f 73//84 75//86 131//148
f 72//82 129//147 128//145
f 72//82 73//84 129//147
f 72//82 128//145 126//143
f 70//80 72//82 126//143
f 188//158 139//159 125//142
f 183//160 188//158 125//142
f 123//140 183//160 125//142
f 68//78 126//143 125//142
f 68//78 70//80 126//143
f 68//78 125//142 139//159
f 227//161 183//160 123//140
f 68//78 139//159 184//162
f 140//163 227//161 123//140
f 121//138 140//163 123//140
f 66//79 68//78 184//162
f 141//164 140//163 121//138
f 65//75 66//76 142//165
f 65//75 142//165 143//166
f 144//167 121//138 120//139
f 63//73 65//75 143//166
f 225//168 120//136 118//135
f 225//168 144//169 120//136
f 145//170 225//168 118//171
f 63//73 143//166 146//172
f 61//71 63//73 146//173
f 61//71 146//172 147//174
f 255//175 145//170 118//171
f 116//130 253//176 118//133
f 61//71 147//174 148//177
f 59//69 61//71 148//177
f 149//178 116//130 115//131
f 58//68 59//69 148//177
f 58//68 148//177 267//179
f 150//180 115//129 114//126
f 58//68 267//179 151//181
f 152//182 150//180 114//126
f 112//128 152//183 114//126
f 57//66 58//68 151//181
f 57//184 151//185 271//186
f 153//187 152//183 112//128
f 55//65 57//66 271//186
f 55//65 271//186 154//188
f 155//189 112//124 110//123
f 155//190 153//187 112//128
f 53//63 154//191 156//192
f 53//63 55//65 154//188
f 202//193 155//190 110//194
f 157//195 202//193 110//194
f 52//61 53//63 156//192
f 52//196 156//197 158//198
f 217//199 110//123 109//121
f 217//200 157//195 110//194
f 52//201 158//198 159//202
f 217//203 109//121 108//120
f 50//59 52//60 159//202
f 50//59 159//202 160//204
f 50//59 160//204 161//205
f 162//206 217//203 108//120
f 215//207 108//120 105//118
f 48//56 50//59 161//205
f 48//56 161//205 163//208
f 47//57 48//56 165//209
f 294//210 47//55 165//211
f 212//212 164//213 105//214
f 166//215 167//216 103//116
f 45//53 47//55 296//217
f 166//215 103//116 102//114
f 43//51 45//53 169//218
f 210//219 168//220 102//221
f 210//219 102//114 100//112
f 42//48 43//51 170//222
f 209//223 210//219 100//112
f 40//47 42//48 324//224
f 209//225 100//112 98//111
f 229//226 209//223 98//227
f 39//44 40//47 172//228
f 208//229 98//111 96//109
f 173//230 208//229 96//109
f 174//231 96//109 95//107
f 174//231 173//230 96//109
f 176//232 174//231 95//107
f 176//233 95//107 93//106
f 178//234 176//233 93//106
f 178//234 93//106 91//104
f 193//235 91//104 90//102
f 179//236 193//235 90//102
f 32//38 34//40 179//237
f 179//236 90//102 89//101
f 30//34 32//38 179//237
f 29//238 179//236 89//101
f 29//35 30//34 179//237
f 29//238 89//101 87//99
f 27//31 29//33 87//99
f 27//31 87//99 85//100
f 26//29 27//31 85//239
f 184//162 142//165 66//76
f 163//208 165//211 48//56
f 294//210 296//217 47//55
f 296//217 299//240 45//53
f 299//240 169//218 45//53
f 169//218 303//241 43//242
f 303//241 170//222 43//243
f 170//222 324//224 42//48
f 324//224 171//244 40//245
f 171//246 172//246 40//246
f 172//247 180//248 39//44
f 180//248 283//249 37//46
f 180//248 37//46 39//44
f 283//250 175//251 37//252
f 175//251 177//253 35//41
f 175//251 35//41 37//43
f 177//254 181//255 35//256
f 181//255 34//40 35//41
f 181//255 193//257 34//40
f 193//258 179//258 34//258
f 193//259 178//234 91//104
f 208//229 229//226 98//111
f 168//220 166//260 102//221
f 167//216 212//212 105//118
f 167//216 105//118 103//116
f 164//213 182//261 105//214
f 182//261 215//207 105//118
f 215//207 162//206 108//120
f 150//262 149//262 115//262
f 149//178 237//263 116//130
f 237//263 253//176 116//130
f 253//176 255//175 118//171
f 144//167 141//164 121//138
f 191//264 139//159 187//265
f 195//266 189//267 186//268
f 183//160 186//268 188//158
f 190//269 188//158 186//268
f 189//267 190//269 186//268
f 187//265 188//158 190//269
f 139//159 188//158 187//265
f 192//270 139//159 191//264
f 192//270 184//162 139//159
f 192//270 185//271 184//162
f 194//272 176//232 193//273
f 176//233 178//234 193//259
f 207//274 176//232 194//272
f 176//232 207//274 174//231
f 207//274 173//230 174//231
f 207//274 230//275 229//226
f 197//276 210//219 230//275
f 197//276 196//277 168//220
f 217//203 199//278 231//279
f 201//280 202//193 232//281
f 204//282 238//283 205//284
f 227//161 246//285 183//160
f 246//285 186//268 183//160
f 207//274 208//229 173//230
f 208//229 207//274 229//226
f 230//275 210//219 209//223
f 210//219 197//276 168//220
f 168//220 196//277 166//260
f 196//277 211//286 166//260
f 166//215 211//286 167//216
f 212//212 167//216 211//286
f 211//286 213//287 212//212
f 213//287 214//288 164//213
f 182//261 164//213 214//288
f 198//289 182//261 214//288
f 216//290 215//207 198//289
f 216//290 162//206 215//207
f 162//206 199//278 217//203
f 200//291 231//279 199//278
f 232//281 157//195 217//203
f 232//281 200//291 201//280
f 218//292 233//293 201//280
f 155//190 202//193 233//293
f 218//294 219//295 234//296
f 153//187 247//297 152//183
f 219//295 220//298 248//299
f 220//298 250//300 249//301
f 235//302 150//303 152//183
f 236//304 235//302 250//300
f 250//305 203//306 236//307
f 150//303 236//308 222//309
f 221//310 251//311 203//312
f 150//303 222//309 149//178
f 238//283 239//313 237//263
f 204//282 239//313 238//283
f 256//314 254//315 240//316
f 240//316 257//317 256//314
f 257//317 241//318 256//314
f 256//314 241//318 145//170
f 241//318 225//168 145//170
f 206//319 224//320 240//316
f 224//320 258//321 242//322
f 225//168 242//322 144//169
f 259//323 244//324 243//325
f 244//324 140//163 141//164
f 230//275 209//223 229//226
f 212//212 213//287 164//213
f 199//278 162//206 216//290
f 232//281 231//279 200//291
f 231//279 232//281 217//203
f 232//281 202//193 157//195
f 202//193 201//280 233//293
f 234//296 233//293 218//292
f 233//293 234//296 155//190
f 234//296 153//187 155//190
f 219//295 248//299 234//296
f 153//187 234//296 247//297
f 247//297 248//299 220//298
f 152//183 247//297 249//301
f 249//301 247//297 220//298
f 249//301 235//302 152//183
f 250//300 235//302 249//301
f 236//308 150//303 235//302
f 236//308 251//311 222//309
f 251//311 252//326 222//309
f 222//309 252//326 149//178
f 251//311 221//310 252//326
f 252//326 221//310 205//284
f 149//178 252//326 237//263
f 252//326 205//284 238//283
f 252//326 238//283 237//263
f 237//263 239//313 253//176
f 255//175 253//176 239//313
f 255//175 239//313 254//315
f 239//313 223//327 254//315
f 204//282 223//327 239//313
f 254//315 256//314 255//175
f 145//170 255//175 256//314
f 223//327 240//316 254//315
f 206//319 240//316 223//327
f 224//320 257//317 240//316
f 241//318 257//317 225//168
f 257//317 242//322 225//168
f 257//317 224//320 242//322
f 243//325 242//322 258//321
f 258//321 259//323 243//325
f 243//325 144//169 242//322
f 244//324 259//323 260//328
f 243//325 244//324 141//164
f 244//324 260//328 226//329
f 244//324 245//330 140//163
f 245//330 244//324 226//329
f 226//329 228//331 245//330
f 227//161 140//163 245//330
f 246//285 245//330 228//331
f 245//330 246//285 227//161
f 228//331 195//266 246//285
f 195//266 186//268 246//285
f 182//261 198//289 215//207
f 203//312 251//311 236//308
f 144//169 243//325 141//164
f 234//296 248//299 247//297
f 268//332 151//185 267//179
f 266//333 261//334 269//335
f 263//336 264//337 142//165
f 142//165 264//337 143//166
f 146//172 264//337 265//338
f 265//338 147//174 146//172
f 147//174 265//338 285//339
f 147//174 285//339 148//177
f 266//333 148//177 285//339
f 266//333 267//179 148//177
f 266//333 269//335 268//332
f 268//332 269//335 151//185
f 151//185 261//334 270//340
f 270//340 271//186 151//185
f 261//334 272//341 270//340
f 274//342 156//197 154//188
f 300//343 302//344 321//345
f 279//346 307//347 280//348
f 306//349 324//224 305//350
f 171//244 281//351 172//247
f 194//352 313//353 284//354
f 313//353 177//253 175//251
f 194//352 177//355 313//353
f 193//356 177//355 194//352
f 181//255 177//254 193//257
f 185//271 263//336 184//162
f 263//336 142//165 184//162
f 264//337 146//172 143//166
f 266//333 268//332 267//179
f 261//334 151//185 269//335
f 270//340 154//188 271//186
f 270//340 272//341 273//357
f 270//340 273//357 154//188
f 314//358 273//357 262//359
f 314//358 286//360 273//357
f 273//357 286//360 274//342
f 156//197 274//342 286//360
f 286//360 158//198 156//197
f 317//361 288//362 290//363
f 288//362 289//364 290//363
f 161//205 317//361 163//208
f 163//208 317//361 290//363
f 289//364 291//365 290//363
f 277//366 291//365 289//364
f 318//367 294//210 165//211
f 295//368 293//369 277//366
f 300//343 297//370 295//368
f 301//371 321//345 302//344
f 322//372 169//218 299//240
f 278//373 302//344 300//343
f 322//372 304//374 303//241
f 280//348 278//373 300//343
f 307//347 306//349 323//375
f 306//349 308//376 324//224
f 326//377 171//244 324//224
f 279//346 327//378 309//379
f 326//377 281//351 171//244
f 309//379 281//351 326//377
f 309//379 311//380 281//351
f 327//378 312//381 309//379
f 309//379 312//381 311//380
f 327//378 282//382 312//381
f 281//351 310//383 172//247
f 281//351 311//380 310//383
f 262//359 273//357 272//341
f 286//360 315//384 158//198
f 159//202 158//198 315//384
f 314//358 275//385 315//384
f 287//386 159//202 315//384
f 275//385 287//386 315//384
f 287//386 160//204 159//202
f 275//385 276//387 316//388
f 160//204 287//386 316//388
f 160//204 288//362 161//205
f 289//364 316//388 276//387
f 289//364 288//362 316//388
f 317//361 161//205 288//362
f 290//363 292//389 163//208
f 293//369 291//365 277//366
f 293//369 292//389 291//365
f 163//208 292//389 165//211
f 318//367 165//211 292//389
f 293//369 295//368 292//389
f 292//389 295//368 319//390
f 297//370 319//390 295//368
f 297//370 298//391 319//390
f 294//210 318//367 296//217
f 318//367 320//392 296//217
f 300//343 298//391 297//370
f 296//217 320//392 301//371
f 301//371 299//240 296//217
f 301//371 320//392 321//345
f 320//392 298//391 321//345
f 321//345 298//391 300//343
f 299//240 301//371 322//372
f 301//371 302//344 322//372
f 303//241 169//218 322//372
f 323//375 322//372 302//344
f 302//344 278//373 323//375
f 323//375 304//374 322//372
f 278//373 280//348 323//375
f 306//349 304//374 323//375
f 305//350 324//224 170//222
f 307//347 325//393 306//349
f 325//393 307//347 279//346
f 325//393 308//376 306//349
f 326//377 324//224 308//376
f 308//376 325//393 309//379
f 325//393 279//346 309//379
f 308//376 309//379 326//377
f 329//394 311//380 312//381
f 329//395 328//396 311//380
f 282//382 329//394 312//381
f 328//396 329//395 284//354
f 328//396 283//249 180//248
f 284//354 283//250 328//396
f 284//354 313//353 283//250
f 175//251 283//250 313//353
f 154//188 273//357 274//342
f 315//384 286//360 314//358
f 316//388 287//386 275//385
f 160//204 316//388 288//362
f 290//363 291//365 292//389
f 319//390 318//367 292//389
f 298//391 318//367 319//390
f 318//367 298//391 320//392
f 170//222 303//241 304//374
f 280//348 307//347 323//375
f 306//349 305//350 304//374
f 310//383 311//380 328//396
f 180//248 172//247 328//396
f 305//350 170//222 304//374
f 328//396 172//247 310//383
f 284//397 329//394 282//382
f 331//398 640//399 330//400
f 332//401 333//402 331//398
f 332//401 331//398 330//400
f 334//403 333//402 332//401
f 335//404 334//403 332//401
f 336//405 334//403 335//404
f 336//405 335//404 337//406
f 338//407 336//405 337//406
f 339//408 338//407 337//406
f 340//409 338//407 339//408
f 341//410 185//271 192//270
f 641//411 185//271 341//410
f 641//412 341//410 846//413
f 1351//414 342//415 343//416
f 344//417 345//418 343//419
f 346//420 343//420 347//420
f 348//421 349//422 654//423
f 350//424 348//425 889//426
f 350//427 889//426 891//428
f 351//429 352//430 346//431
f 351//429 346//432 347//433
f 353//434 354//434 348//434
f 353//435 348//435 350//435
f 353//436 350//436 355//436
f 356//437 354//438 353//439
f 358//440 354//438 359//441
f 360//442 361//443 354//444
f 360//442 354//445 358//446
f 362//447 361//443 363//448
f 364//449 361//443 365//450
f 367//451 675//451 361//451
f 367//452 361//452 364//452
f 367//453 364//454 669//455
f 368//456 369//456 370//456
f 368//457 366//458 371//459
f 368//460 371//460 369//460
f 372//461 367//453 961//462
f 372//463 675//464 367//465
f 373//466 368//466 370//466
f 373//467 374//467 368//467
f 375//468 975//469 373//470
f 375//471 373//471 370//471
f 376//472 370//472 377//472
f 376//473 378//474 379//475
f 376//476 379//477 370//478
f 1463//479 380//480 991//481
f 1463//482 991//483 1002//484
f 1505//485 514//485 380//485
f 1504//486 381//486 377//486
f 1054//487 1505//488 1511//489
f 1054//490 514//490 1505//490
f 382//491 377//491 521//491
f 382//492 383//492 377//492
f 382//493 384//494 383//495
f 385//496 386//497 387//498
f 385//499 514//500 386//501
f 388//502 382//502 521//502
f 388//503 389//503 382//503
f 1075//504 522//505 514//506
f 1075//504 514//506 385//507
f 1075//504 385//507 1063//508
f 390//509 1076//510 388//511
f 390//509 388//512 521//513
f 1093//514 522//515 1075//516
f 1093//514 1075//517 1091//518
f 391//519 392//519 521//519
f 391//520 521//520 724//520
f 391//521 715//521 392//521
f 1097//522 1618//522 522//522
f 1097//523 393//523 394//523
f 1097//524 522//524 393//524
f 395//525 720//525 391//525
f 395//526 391//526 724//526
f 396//527 1097//528 397//529
f 396//530 1618//530 1097//530
f 398//531 1618//532 396//533
f 399//534 724//534 732//534
f 399//535 400//535 724//535
f 399//536 401//536 400//536
f 402//537 537//537 1618//537
f 402//538 403//539 404//540
f 402//541 1618//532 403//542
f 405//543 399//543 732//543
f 405//544 532//544 399//544
f 731//545 1133//546 405//547
f 731//548 405//548 732//548
f 406//549 402//549 407//549
f 406//550 537//550 402//550
f 1138//551 406//552 1136//553
f 1138//554 537//554 406//554
f 408//555 732//555 409//555
f 408//556 410//556 732//556
f 411//557 408//557 409//557
f 412//558 413//558 414//558
f 415//559 416//559 413//559
f 415//560 417//561 418//562
f 415//563 413//563 417//563
f 1182//564 415//565 419//566
f 1182//567 416//567 415//567
f 1772//568 416//569 1182//570
f 761//571 1815//571 416//571
f 761//572 1193//573 420//574
f 761//575 416//575 1193//575
f 421//576 761//577 422//578
f 421//579 1815//579 761//579
f 1211//580 1815//581 421//582
f 1211//583 421//584 423//585
f 424//586 778//586 1815//586
f 424//587 1815//587 572//587
f 424//588 572//589 425//590
f 426//591 1231//592 1229//593
f 426//594 1229//594 773//594
f 426//595 773//595 427//595
f 776//596 778//596 424//596
f 776//597 424//588 1237//598
f 428//599 426//599 427//599
f 428//600 429//600 426//600
f 430//601 428//602 427//603
f 430//601 431//604 428//605
f 778//606 776//597 432//607
f 580//608 779//609 1872//610
f 580//611 778//612 779//613
f 433//614 434//615 435//616
f 433//617 435//617 427//617
f 433//618 427//618 436//618
f 437//619 438//619 433//619
f 437//620 433//621 436//622
f 1256//623 439//623 778//623
f 1256//624 580//608 584//625
f 1256//626 778//626 580//626
f 440//627 1256//628 441//629
f 440//627 439//630 1256//631
f 784//632 1283//633 439//634
f 591//635 1283//635 784//635
f 591//636 784//632 788//637
f 1283//638 591//636 1281//639
f 603//640 444//641 445//642
f 445//643 446//644 603//645
f 447//646 448//647 445//643
f 447//648 445//648 449//648
f 449//649 800//650 447//646
f 453//651 451//652 607//653
f 453//654 611//655 451//656
f 453//657 607//653 608//658
f 609//659 452//660 454//661
f 455//662 456//663 613//664
f 456//665 455//662 617//666
f 638//667 636//668 469//669
f 472//670 187//265 190//269
f 189//267 472//670 190//269
f 192//270 191//264 341//410
f 189//267 195//266 473//671
f 474//672 473//671 195//673
f 475//674 641//675 846//676
f 344//677 648//678 345//679
f 477//680 476//681 344//677
f 477//682 343//682 346//682
f 477//683 344//683 343//683
f 478//684 477//684 346//684
f 479//685 346//431 352//430
f 479//685 352//686 480//687
f 350//427 481//688 355//689
f 355//689 482//690 906//691
f 484//692 483//693 347//433
f 353//439 355//689 906//691
f 357//694 356//437 353//439
f 485//695 347//695 486//695
f 485//696 487//697 484//692
f 485//698 484//698 347//698
f 662//699 485//700 486//701
f 914//702 488//703 358//446
f 486//704 489//705 662//706
f 920//707 665//708 358//446
f 920//707 924//709 665//710
f 360//442 358//446 665//708
f 363//448 361//443 360//442
f 492//711 486//711 369//711
f 492//712 493//712 486//712
f 667//713 669//714 364//449
f 668//715 492//715 369//715
f 668//716 494//717 492//718
f 369//719 495//720 668//716
f 669//714 667//713 496//721
f 953//722 371//459 1413//723
f 953//724 369//719 371//725
f 669//714 1414//726 670//727
f 1419//728 366//458 1423//729
f 671//730 669//714 670//727
f 671//731 367//453 669//455
f 958//732 366//458 368//457
f 958//733 1423//733 366//733
f 367//453 1426//734 961//462
f 497//735 374//736 968//737
f 497//735 368//738 374//739
f 498//740 968//737 374//736
f 498//741 499//742 968//743
f 373//470 500//744 374//745
f 378//474 501//746 502//747
f 501//746 378//474 376//748
f 503//749 376//749 504//749
f 503//750 504//751 1008//752
f 1013//753 1008//752 504//754
f 1467//755 1472//756 505//757
f 506//758 692//759 504//754
f 507//760 508//760 1505//760
f 507//761 1505//761 380//761
f 507//762 1467//763 505//757
f 507//764 380//480 1467//755
f 509//765 1026//766 510//767
f 511//768 506//768 504//768
f 511//769 510//769 506//770
f 1035//771 508//771 1031//771
f 1035//772 1031//772 1033//772
f 512//773 1505//488 508//774
f 512//773 508//775 513//776
f 1510//777 1504//778 377//779
f 514//500 1056//780 1519//781
f 384//782 516//783 515//784
f 517//785 516//786 384//787
f 517//788 384//788 382//788
f 1538//789 1540//790 1063//791
f 1538//792 1063//792 385//792
f 704//793 389//793 518//793
f 704//794 382//794 389//794
f 1065//795 519//796 1063//791
f 1065//795 1543//797 519//798
f 708//799 518//799 389//799
f 708//800 707//801 518//802
f 1545//803 389//803 388//803
f 1547//804 1063//791 519//796
f 1547//805 1075//517 1063//806
f 1076//807 1072//808 388//809
f 1082//810 520//811 1091//518
f 1082//810 1091//518 1075//517
f 1966//812 393//812 522//812
f 523//813 391//813 720//813
f 523//814 720//814 524//814
f 1579//815 1097//815 394//815
f 525//816 526//817 397//818
f 525//819 397//529 1097//528
f 1600//820 397//818 526//817
f 396//821 1605//822 1101//823
f 396//821 397//824 1605//822
f 396//821 527//825 1116//826
f 396//533 1116//826 398//531
f 399//827 528//827 401//827
f 727//828 402//538 404//540
f 727//829 404//829 1634//829
f 1121//830 399//830 532//830
f 1121//831 532//831 529//831
f 730//832 407//833 402//538
f 730//834 530//835 407//836
f 531//837 1645//838 529//839
f 531//840 529//840 532//840
f 1129//841 407//836 530//835
f 1129//842 530//843 1126//844
f 534//845 533//846 532//847
f 534//848 532//849 405//850
f 405//850 1133//851 535//852
f 1663//853 407//853 536//853
f 1663//854 406//854 407//854
f 1140//855 538//856 537//857
f 1140//855 539//858 538//859
f 540//860 541//861 410//862
f 540//863 1141//864 541//865
f 540//866 410//866 408//866
f 542//867 543//867 544//867
f 1712//868 542//868 544//868
f 545//869 544//870 408//871
f 545//872 408//872 411//872
f 743//873 412//874 414//875
f 546//876 411//876 409//876
f 546//877 1729//878 411//879
f 547//880 743//881 744//882
f 547//880 412//883 743//884
f 1731//885 546//886 409//887
f 549//888 548//889 409//887
f 2041//890 550//891 419//892
f 2041//893 419//566 415//565
f 419//894 551//895 1176//896
f 1176//896 1182//897 419//894
f 552//898 1179//899 553//900
f 1187//901 554//902 555//903
f 1187//901 555//904 1772//568
f 1187//901 1772//568 1182//897
f 1191//905 416//569 1772//568
f 1192//906 1193//573 416//569
f 556//907 553//907 557//907
f 556//908 552//908 553//908
f 556//909 558//910 552//898
f 559//911 420//574 1193//573
f 1195//912 420//574 2070//913
f 1195//914 761//572 420//574
f 1197//915 422//578 761//577
f 1197//916 764//917 422//918
f 560//919 556//919 557//919
f 560//920 561//920 556//920
f 562//921 560//922 557//923
f 564//924 422//925 764//926
f 564//924 764//927 565//928
f 422//925 567//929 1205//930
f 568//931 563//932 557//923
f 1208//933 421//584 422//934
f 1208//935 422//925 1205//930
f 569//936 423//585 421//584
f 1815//937 1820//938 572//589
f 570//939 568//939 557//939
f 570//940 571//940 568//940
f 570//941 557//941 773//941
f 425//590 1826//942 1220//943
f 573//944 574//944 570//944
f 573//945 570//945 773//945
f 1220//943 424//588 425//590
f 773//946 1223//947 573//948
f 1230//949 1237//598 424//588
f 1230//949 575//950 1237//598
f 426//591 1232//951 1231//592
f 426//591 429//952 1841//953
f 1237//598 575//950 576//954
f 1842//955 577//956 1237//598
f 776//597 1237//598 577//956
f 578//957 429//958 428//605
f 1241//959 432//607 776//597
f 1241//959 579//960 432//961
f 581//962 584//625 580//608
f 581//963 582//964 584//625
f 583//965 433//614 438//966
f 584//625 1247//967 1249//968
f 437//620 585//969 438//970
f 1256//624 584//625 1249//968
f 781//971 441//629 1256//628
f 586//972 587//973 436//622
f 586//974 436//974 588//974
f 784//632 439//634 589//975
f 590//976 586//977 588//978
f 784//632 786//979 788//637
f 1277//980 788//637 786//979
f 592//981 593//982 588//978
f 592//983 588//983 1286//983
f 594//984 592//985 1286//986
f 594//984 595//987 592//988
f 596//989 600//990 1283//638
f 597//991 598//992 1290//993
f 597//994 1290//995 1286//986
f 597//996 1286//997 444//641
f 1919//998 596//989 599//999
f 1919//998 600//1000 596//1001
f 603//640 1300//1002 444//641
f 1927//1003 604//1003 600//1003
f 1927//1004 600//1000 1304//1005
f 793//1006 604//1007 1927//1004
f 605//1008 449//1009 450//1010
f 606//1011 451//1012 604//1007
f 450//1010 809//1013 807//1014
f 452//660 809//1013 450//1010
f 612//1015 609//659 454//661
f 617//666 455//662 820//1016
f 615//1017 454//1018 457//1019
f 618//1020 457//1019 458//1021
f 458//1021 619//1022 618//1020
f 826//1023 460//1024 620//1025
f 459//1026 621//1027 458//1021
f 832//1028 828//1029 829//1030
f 622//1031 459//1026 461//1032
f 462//1033 460//1024 625//1034
f 836//1035 1336//1036 464//1037
f 466//1038 837//1039 628//1040
f 466//1038 628//1040 839//1041
f 630//1042 463//1043 465//1044
f 468//1045 837//1039 466//1038
f 465//1044 635//1046 632//1047
f 635//1046 465//1044 467//1048
f 632//1047 634//1049 841//1050
f 633//1051 841//1050 634//1049
f 636//668 632//1047 635//1046
f 637//1052 468//1045 633//1051
f 635//1046 469//669 636//668
f 637//1052 470//1053 468//1045
f 637//1052 639//1054 470//1053
f 330//400 638//667 469//669
f 850//1055 475//1056 846//1057
f 641//675 642//1058 1340//1059
f 645//1060 474//1060 195//1060
f 1371//1061 476//1062 477//1063
f 652//1064 349//1064 348//1064
f 652//1065 651//1066 349//1067
f 652//1068 348//1068 653//1068
f 652//1069 653//1069 1365//1069
f 479//685 478//1070 346//431
f 1376//1071 654//423 349//422
f 480//687 352//686 655//1072
f 351//429 347//433 656//1073
f 487//697 1382//1074 484//692
f 487//697 659//1075 1387//1076
f 660//1077 659//1075 487//1078
f 660//1077 487//1079 485//700
f 914//702 358//440 359//441
f 664//1080 490//1081 491//1082
f 491//1082 490//1081 486//704
f 925//1083 486//1083 493//1083
f 925//1084 493//1085 932//1086
f 928//1087 927//1088 930//1089
f 1403//1090 493//1085 666//1091
f 1407//1092 666//1093 493//1094
f 1407//1095 493//1095 492//1095
f 668//716 495//720 950//1096
f 371//459 366//458 1416//1097
f 1425//1098 673//1099 1424//1100
f 958//1101 672//1102 1423//729
f 672//1103 674//1104 1425//1098
f 368//738 959//1105 958//1106
f 678//1107 676//1108 677//1109
f 678//1110 675//464 676//1111
f 680//1112 1440//1113 1439//1114
f 685//1115 675//1115 678//1115
f 685//1116 678//1116 1440//1116
f 370//478 379//477 686//1117
f 379//475 1459//1118 686//1119
f 378//474 981//1120 379//475
f 985//1121 689//1122 690//1123
f 996//1124 501//746 999//1125
f 999//1125 501//746 376//748
f 999//1125 376//1126 503//750
f 1004//1127 1463//479 1002//1128
f 1006//1129 503//750 1008//752
f 692//759 1015//1130 504//754
f 507//762 505//757 1477//1131
f 693//1132 1031//1133 508//1134
f 693//1135 507//762 694//1136
f 693//1132 694//1136 1025//1137
f 693//1138 508//1138 507//1138
f 1026//766 695//1139 510//767
f 1961//1140 510//1140 511//1140
f 1961//1141 509//1141 510//1141
f 698//1142 1961//1143 511//1144
f 511//1144 699//1145 700//1146
f 702//1147 377//1147 381//1147
f 702//1148 504//1148 376//1148
f 702//1149 376//1149 377//1149
f 702//1150 511//1150 504//1150
f 1050//1151 377//779 383//495
f 1052//1152 1053//1153 1055//1154
f 1517//1155 1057//1156 1056//780
f 1056//780 1057//1156 1519//781
f 516//1157 1523//1158 515//784
f 382//1159 703//1160 517//1161
f 706//1162 704//1163 518//1164
f 707//1165 1062//1165 518//1165
f 389//1166 709//1167 708//1168
f 710//1169 389//1170 1545//1171
f 388//809 1071//1172 1545//1171
f 711//1173 1075//517 1547//805
f 1076//510 712//1174 1072//1175
f 520//811 1090//1176 1091//518
f 713//1177 521//513 392//1178
f 713//1179 392//1180 714//1181
f 1555//1182 392//1180 715//1183
f 1555//1184 715//1185 1559//1186
f 391//1187 523//1188 1575//1189
f 1582//1190 525//1191 1097//1192
f 1582//1193 1589//1194 525//1195
f 717//1196 1584//1197 524//1198
f 718//1199 524//1200 720//1201
f 1100//1202 1600//1203 526//1204
f 1100//1202 1599//1205 1600//1203
f 1100//1206 719//1207 1599//1205
f 1100//1208 526//1209 1098//1210
f 721//1211 720//1211 395//1211
f 721//1212 395//1213 1972//1214
f 721//1215 1595//1216 720//1201
f 723//1217 395//1218 724//1219
f 723//1217 722//1220 395//1221
f 1114//1222 724//1223 400//1224
f 1611//1225 400//1224 401//1226
f 725//1227 528//1228 399//1229
f 726//1230 399//1229 1121//1231
f 727//1232 1634//1233 1635//1234
f 728//1235 1121//1231 529//839
f 729//1236 730//832 402//538
f 1128//1237 531//1238 532//1239
f 407//1240 1129//1241 1653//1242
f 1663//1243 536//1244 1660//1245
f 406//1246 1663//1243 1668//1247
f 1677//1248 732//1249 410//862
f 1677//1250 1134//1251 732//1252
f 1145//1253 540//1254 408//1255
f 733//1256 544//1257 543//1258
f 733//1259 408//1259 544//1259
f 734//1260 413//1261 537//1262
f 734//1260 414//1263 413//1261
f 734//1264 538//859 1690//1265
f 734//1260 735//1266 414//1263
f 734//1267 537//1267 538//1267
f 736//1268 542//1269 737//1270
f 736//1271 543//1271 542//1271
f 736//1268 738//1272 543//1273
f 544//1274 739//1275 1712//1276
f 740//1277 735//1278 1715//1279
f 740//1277 414//875 735//1280
f 745//1281 413//1282 412//883
f 2105//1283 2041//890 415//1284
f 2105//1283 415//1285 2036//1286
f 748//1287 749//1288 550//1289
f 748//1287 550//891 2041//890
f 750//1290 409//1290 553//1290
f 750//1291 751//1291 409//1291
f 1760//1292 750//1292 553//1292
f 1760//1293 753//1293 750//1293
f 553//900 754//1294 1760//1295
f 558//910 755//1296 552//898
f 1776//1297 558//1298 556//1299
f 1776//1297 756//1300 558//910
f 1194//1301 561//1302 757//1303
f 1194//1304 556//1299 561//1305
f 758//1306 757//1307 561//1308
f 758//1306 759//1309 757//1310
f 762//1311 1197//1312 761//572
f 762//1311 2076//1313 1197//1314
f 763//1315 760//1316 561//1317
f 763//1315 561//1318 560//1319
f 1197//916 1198//1320 764//917
f 566//1321 1199//1322 563//932
f 566//1321 563//932 568//931
f 568//931 571//1323 766//1324
f 571//1323 767//1325 766//1324
f 769//1326 770//1327 771//1328
f 769//1329 571//1323 770//1330
f 2093//1331 571//1331 570//1331
f 2093//1332 770//1332 571//1332
f 1822//1333 570//1334 574//1335
f 1822//1333 574//1336 772//1337
f 774//1338 1841//953 429//952
f 429//952 578//957 775//1339
f 780//1340 1880//1341 1243//1342
f 436//622 1252//1343 437//620
f 586//972 590//976 782//1344
f 590//976 1272//1345 782//1344
f 787//1346 1894//1347 1898//1348
f 591//636 789//1349 1281//639
f 790//1350 592//981 595//987
f 1283//638 1905//1351 1287//1352
f 596//989 1283//638 1287//1352
f 1906//1353 1292//1354 599//999
f 1906//1355 599//999 596//989
f 1919//998 1921//1356 600//1000
f 1297//1357 1295//1358 1294//1359
f 1295//1358 601//1360 1294//1359
f 1295//1358 1296//1361 601//1360
f 600//1000 1298//1362 1304//1005
f 1304//1005 1306//1363 791//1364
f 1927//1004 1304//1005 791//1364
f 1927//1004 792//1365 793//1006
f 794//1366 1312//1367 1311//1368
f 792//1365 604//1007 793//1006
f 796//1369 1313//1370 1312//1367
f 1312//1367 794//1366 797//1371
f 792//1365 1313//1370 796//1369
f 796//1369 1312//1367 797//1371
f 796//1369 798//1372 792//1365
f 795//1373 447//646 799//1374
f 794//1366 795//1375 799//1374
f 797//1371 794//1366 799//1374
f 799//1374 447//646 800//650
f 1315//1376 606//1011 604//1007
f 606//1011 801//1377 451//1012
f 805//1378 1321//1379 802//1380
f 806//1381 1321//1379 805//1378
f 808//1382 805//1378 807//1014
f 608//1383 804//1384 811//1385
f 608//658 607//653 804//1384
f 809//1013 808//1382 807//1014
f 453//654 610//1386 611//655
f 610//1387 453//657 1326//1388
f 813//1389 1325//1390 609//659
f 612//1391 816//1392 814//1393
f 818//1394 612//1015 454//661
f 814//1393 816//1392 815//1395
f 612//1391 817//1396 816//1392
f 818//1394 817//1397 612//1015
f 819//1398 815//1395 816//1392
f 815//1395 614//1399 613//664
f 815//1395 819//1398 614//1399
f 455//662 613//664 614//1399
f 820//1016 614//1399 819//1398
f 455//662 614//1399 820//1016
f 819//1398 816//1392 821//1400
f 821//1400 816//1392 817//1396
f 817//1396 615//1017 822//1401
f 822//1401 821//1400 817//1396
f 616//1402 820//1016 821//1400
f 616//1402 617//666 820//1016
f 457//1019 822//1401 615//1017
f 618//1020 825//1403 1328//1404
f 620//1025 456//665 824//1405
f 825//1403 1329//1406 1328//1404
f 1930//1407 1329//1406 825//1403
f 824//1405 1332//1408 826//1023
f 1930//1407 825//1403 1331//1409
f 1332//1408 1930//1407 1331//1409
f 458//1021 621//1027 619//1022
f 460//1024 826//1023 827//1410
f 828//1029 1333//1411 1335//1412
f 624//1413 623//1414 828//1029
f 624//1413 828//1029 832//1028
f 829//1030 831//1415 832//1028
f 829//1030 830//1416 831//1415
f 625//1034 623//1414 624//1413
f 831//1415 830//1416 622//1031
f 624//1413 832//1028 833//1417
f 832//1028 831//1415 834//1418
f 622//1031 461//1032 831//1415
f 461//1032 835//1419 831//1415
f 626//1420 627//1421 462//1033
f 627//1421 837//1039 462//1033
f 833//1417 834//1418 838//1422
f 628//1040 833//1417 838//1422
f 838//1422 834//1418 1336//1036
f 1336//1036 835//1419 464//1037
f 1336//1036 629//1423 838//1422
f 836//1035 464//1037 630//1042
f 836//1035 631//1424 629//1423
f 838//1422 840//1425 839//1041
f 629//1423 840//1425 838//1422
f 836//1035 630//1042 631//1424
f 631//1424 840//1425 629//1423
f 630//1042 632//1047 631//1424
f 630//1042 465//1044 632//1047
f 468//1045 466//1038 839//1041
f 633//1051 468//1045 839//1041
f 633//1051 839//1041 840//1425
f 840//1425 841//1050 633//1051
f 632//1047 636//668 634//1049
f 637//1052 633//1051 634//1049
f 469//669 635//1046 467//1048
f 843//1426 637//1052 842//1427
f 842//1427 844//1428 843//1426
f 636//668 638//667 842//1427
f 843//1426 639//1054 637//1052
f 844//1428 842//1427 638//667
f 640//399 844//1428 330//400
f 843//1426 640//399 331//398
f 470//1053 639//1054 331//398
f 333//402 471//1429 331//398
f 191//264 187//265 846//413
f 472//670 189//267 845//1430
f 845//1430 189//267 473//671
f 846//413 187//265 472//670
f 845//1430 473//671 849//1431
f 845//1430 848//1432 847//1433
f 850//1055 846//1057 847//1434
f 848//1435 845//1430 849//1431
f 850//1055 847//1434 848//1436
f 850//1055 848//1436 851//1437
f 851//1438 848//1435 849//1431
f 850//1055 851//1437 475//1056
f 474//672 1337//1439 849//1431
f 1337//1440 851//1438 849//1431
f 852//1441 851//1438 1337//1440
f 853//1442 1337//1440 643//1443
f 852//1441 853//1442 854//1444
f 643//1443 474//672 857//1445
f 854//1446 853//1442 643//1443
f 1340//1059 642//1058 855//1447
f 1340//1448 348//1449 185//271
f 1340//1450 862//1450 653//1450
f 1340//1059 185//1451 641//675
f 1340//1452 653//1452 348//1452
f 857//1445 474//672 645//1453
f 859//1454 857//1455 645//1456
f 1341//1457 1340//1059 1338//1458
f 1933//1459 645//1460 865//1461
f 646//1462 862//1463 863//1464
f 646//1462 653//1465 862//1463
f 866//1466 645//1466 195//1466
f 866//1467 195//1467 343//1467
f 866//1468 343//1469 342//415
f 1347//1470 653//1471 646//1462
f 1936//1472 653//1471 869//1473
f 1359//1474 649//1474 1365//1474
f 1359//1475 653//1476 1936//1472
f 1359//1475 1365//1477 653//1476
f 1361//1478 870//1479 871//1480
f 649//1481 870//1482 1361//1478
f 649//1481 1364//1483 1365//1484
f 648//678 344//677 872//1485
f 1365//1484 874//1486 650//1487
f 476//681 872//1485 344//677
f 876//1488 1368//1489 1367//1490
f 876//1491 1370//1492 1368//1489
f 877//1493 1365//1494 650//1487
f 877//1493 651//1066 652//1065
f 877//1495 652//1495 1365//1495
f 881//1496 879//1497 878//1498
f 1372//1499 477//1500 478//1070
f 1373//1501 651//1502 881//1496
f 1374//1503 1372//1499 478//1070
f 1373//1501 349//422 651//1502
f 884//1504 478//1070 479//685
f 348//421 654//423 887//1505
f 890//1506 889//426 887//1507
f 655//1508 888//1509 480//687
f 891//428 889//426 890//1506
f 891//428 1378//1510 1379//1511
f 1379//1511 655//1072 892//1512
f 352//686 892//1512 655//1072
f 891//428 1379//1511 893//1513
f 350//427 891//428 893//1513
f 893//1513 1379//1511 892//1512
f 894//1514 893//1513 892//1512
f 350//427 893//1513 894//1514
f 896//1515 895//1515 898//1515
f 481//688 894//1514 896//1516
f 481//688 896//1516 898//1517
f 898//1517 895//1518 897//1519
f 899//1520 898//1517 897//1519
f 481//688 898//1517 900//1521
f 900//1521 355//689 481//688
f 899//1520 900//1521 898//1517
f 901//1522 900//1521 899//1523
f 347//433 902//1524 656//1073
f 899//1525 657//1526 658//1527
f 657//1526 899//1525 902//1524
f 901//1528 899//1528 658//1528
f 1380//1529 901//1522 658//1527
f 900//1521 901//1522 1380//1529
f 483//693 902//1524 347//433
f 903//1530 658//1527 657//1526
f 903//1530 483//693 904//1531
f 904//1531 905//1532 903//1530
f 905//1532 1381//1533 903//1530
f 907//1534 905//1532 904//1531
f 1384//1535 908//1536 1383//1537
f 908//1536 353//439 1383//1537
f 357//694 353//439 908//1536
f 359//441 354//438 909//1538
f 912//1539 911//1540 485//700
f 1398//1541 359//441 910//1542
f 485//700 662//699 912//1539
f 912//1539 662//1543 661//1544
f 915//1545 1399//1546 661//1544
f 488//703 914//702 913//1547
f 919//1548 916//1549 917//1550
f 489//705 486//704 490//1081
f 358//446 488//703 663//1551
f 919//1548 917//1550 918//1552
f 919//1548 918//1552 921//1553
f 918//1552 490//1081 664//1080
f 663//1551 919//1548 920//707
f 921//1553 918//1552 664//1080
f 920//707 358//446 663//1551
f 920//707 919//1548 921//1553
f 920//707 921//1553 922//1554
f 920//707 922//1554 924//709
f 923//1555 921//1556 491//1082
f 926//1557 924//709 927//1088
f 491//1082 486//704 925//1084
f 927//1088 923//1555 925//1084
f 930//1089 927//1088 925//1084
f 665//708 924//1558 926//1559
f 932//1086 930//1089 925//1084
f 933//1560 360//442 1400//1561
f 363//448 933//1560 1402//1562
f 363//448 360//442 933//1560
f 934//1563 362//447 363//448
f 937//1564 361//443 362//447
f 492//718 939//1565 1407//1092
f 940//1566 1945//1567 941//1568
f 942//1569 492//718 494//717
f 945//1570 947//1571 667//713
f 668//716 950//1096 948//1572
f 496//1573 667//713 949//1574
f 952//1575 949//1574 950//1576
f 951//1577 952//1575 950//1096
f 951//1577 950//1096 495//720
f 952//1575 496//1573 949//1574
f 1411//1578 496//1573 952//1575
f 954//1579 670//727 1417//1580
f 954//1579 671//731 670//727
f 673//1581 1426//734 367//453
f 961//462 963//1582 372//1583
f 1947//1584 964//1585 962//1586
f 966//1587 965//1588 1948//1589
f 372//1583 965//1588 967//1590
f 967//1590 965//1588 966//1587
f 967//1591 675//464 372//463
f 969//1592 968//737 499//1593
f 675//464 967//1591 971//1594
f 973//1595 677//1109 676//1108
f 677//1109 1432//1596 678//1107
f 1432//1597 1434//1598 1437//1599
f 1435//1600 1434//1598 1950//1601
f 1437//1599 678//1602 1432//1597
f 1437//1603 1440//1113 678//1604
f 1951//1605 374//736 500//1606
f 2100//1607 1951//1608 679//1609
f 682//1610 1953//1611 1447//1612
f 1953//1613 1449//1614 680//1615
f 976//1616 685//1616 1440//1616
f 976//1617 1440//1113 680//1112
f 683//1618 1954//1619 1450//1620
f 977//1621 375//468 370//478
f 978//1622 685//1622 976//1622
f 978//1623 976//1624 684//1625
f 685//1626 979//1627 689//1628
f 1459//1118 379//475 687//1629
f 689//1628 979//1627 1958//1630
f 1958//1630 688//1631 689//1628
f 981//1120 687//1629 379//475
f 688//1632 980//1633 983//1634
f 982//1635 983//1636 980//1637
f 982//1638 980//1633 687//1629
f 689//1122 688//1639 983//1640
f 691//1641 982//1635 981//1120
f 691//1641 981//1120 378//474
f 689//1122 983//1640 690//1123
f 691//1641 984//1642 982//1635
f 988//1643 987//1644 986//1645
f 1460//1646 988//1643 986//1645
f 989//1647 380//1647 675//1647
f 989//1648 675//1648 685//1648
f 989//1649 991//1650 380//1651
f 989//1652 685//1652 689//1652
f 990//1653 991//1650 989//1649
f 1460//1646 993//1654 990//1653
f 994//1655 993//1654 992//1656
f 995//1657 991//1650 990//1653
f 998//1658 991//483 995//1659
f 1001//1660 998//1661 997//1662
f 1003//1663 1001//1660 997//1662
f 1008//752 1462//1664 1006//1129
f 1008//752 1010//1665 1462//1664
f 1012//1666 1465//1667 1011//1668
f 1008//752 1013//753 1010//1665
f 1016//1669 1014//1670 1017//1671
f 1015//1672 1018//1673 1017//1671
f 1016//1669 1017//1671 1019//1674
f 505//757 1472//756 1016//1675
f 1018//1673 1015//1676 692//759
f 1020//1677 1016//1678 1019//1674
f 1019//1674 1017//1671 1018//1673
f 1016//1675 1020//1677 505//757
f 1479//1679 506//758 510//1680
f 693//1132 697//1681 1031//1133
f 1027//1682 1026//766 509//1683
f 1029//1684 1028//1685 1030//1686
f 1961//1143 696//1687 509//1688
f 1031//1689 1032//1690 1033//1691
f 700//1146 698//1142 511//1144
f 1035//1692 1036//1693 508//775
f 1040//1694 702//1695 1041//1696
f 1040//1697 699//1145 511//1144
f 1040//1698 511//1698 702//1698
f 702//1695 1043//1699 1041//1696
f 512//773 513//776 1042//1700
f 1962//1701 702//1695 381//1702
f 381//1702 1495//1703 1962//1701
f 1501//1704 1504//1705 1047//1706
f 1501//1707 381//1708 1504//1709
f 1048//1710 1505//488 1500//1711
f 1511//1712 1049//1713 1051//1714
f 1051//1715 1054//487 1511//489
f 383//495 1053//1153 1052//1152
f 1515//1716 1055//1717 1517//1155
f 1055//1717 1057//1156 1517//1155
f 383//495 384//494 1053//1153
f 1054//487 1517//1155 1056//780
f 1058//1718 1055//1154 1053//1153
f 514//500 1054//487 1056//780
f 1060//1719 516//1157 1529//1720
f 1529//1720 516//786 517//785
f 385//496 387//498 1526//1721
f 1061//1722 705//1723 704//1163
f 1538//789 385//1724 1533//1725
f 704//1726 705//1727 382//1159
f 1538//789 1539//1728 1540//790
f 1542//1729 1062//1730 707//1731
f 707//801 1064//1732 1542//1733
f 708//800 1963//1734 707//801
f 1067//1735 1543//1736 1965//1737
f 1067//1735 1965//1737 1068//1738
f 1067//1739 519//1740 1543//1741
f 1546//1742 1547//805 519//1740
f 1071//1172 1070//1743 1545//1171
f 1072//808 1071//1172 388//809
f 1074//1744 1071//1172 1072//808
f 1078//1745 711//1173 1073//1746
f 1078//1745 1082//810 1075//517
f 1079//1747 1077//1748 712//1749
f 1080//1750 1079//1747 712//1751
f 1079//1747 1080//1750 1083//1752
f 520//811 1082//810 1079//1747
f 1084//1753 390//509 521//513
f 520//811 1079//1747 1085//1754
f 1086//1755 1084//1753 521//513
f 520//811 1085//1754 1090//1756
f 1087//1757 1086//1755 1089//1758
f 1092//1759 1090//1176 1088//1760
f 1092//1759 1088//1760 1087//1757
f 1091//518 1090//1176 1092//1759
f 1093//514 1091//518 1092//1759
f 1554//1761 1092//1759 1551//1762
f 1558//1763 1966//1764 522//515
f 1096//1765 391//1187 716//1766
f 1096//1767 715//1767 391//1767
f 1096//1768 1094//1769 715//1185
f 394//1770 393//1771 1095//1772
f 1577//1773 1579//1774 394//1775
f 1583//1776 1580//1777 1578//1778
f 1584//1197 523//1188 524//1198
f 1592//1779 524//1198 718//1780
f 1595//1781 721//1212 1597//1782
f 395//1213 722//1220 1607//1783
f 1103//1784 1101//823 1605//822
f 1103//1785 1605//1786 1606//1787
f 1105//1788 1103//1785 1102//1789
f 1107//1790 1108//1791 1106//1792
f 723//1217 724//1219 1109//1793
f 396//821 1101//823 1111//1794
f 1112//1795 1109//1793 724//1219
f 1113//1796 1108//1791 1109//1793
f 1112//1795 1113//1796 1109//1793
f 1115//1797 1108//1791 1113//1796
f 1115//1797 527//825 1108//1791
f 1608//1798 1115//1797 1113//1796
f 1610//1799 1115//1797 1608//1798
f 1610//1799 1116//826 1115//1797
f 1117//1800 1611//1801 401//1802
f 401//1802 528//1803 1621//1804
f 1621//1804 528//1228 1626//1805
f 528//1228 1118//1806 1626//1805
f 404//1807 403//542 1624//1808
f 1121//1231 1120//1809 726//1230
f 727//828 1635//1234 1973//1810
f 727//828 1973//1810 1639//1811
f 529//839 1122//1812 728//1235
f 1646//1813 1645//838 531//837
f 530//1814 1648//1815 1126//844
f 1647//1816 1979//1817 1126//844
f 1648//1815 1647//1816 1126//844
f 1129//842 1126//844 1649//1818
f 1652//1819 1653//1820 1129//842
f 1654//1821 1132//1822 1653//1823
f 1131//1824 1656//1825 534//845
f 1131//1826 534//848 405//850
f 1133//546 731//545 1666//1827
f 1672//1828 1673//1829 1668//1247
f 1678//1830 1136//553 406//1246
f 410//862 1135//1831 1677//1248
f 541//1832 1141//1833 1682//1834
f 1140//855 537//857 1139//1835
f 1141//864 540//863 1142//1836
f 539//1837 1994//1838 1686//1839
f 540//1254 1145//1253 1144//1840
f 1999//1841 1701//1842 1149//1843
f 1701//1844 735//1844 734//1844
f 1701//1845 734//1264 1148//1846
f 1701//1847 1150//1848 735//1849
f 1701//1842 1148//1850 1149//1843
f 1707//1851 737//1270 542//1852
f 1715//1853 735//1849 1152//1854
f 1718//1855 1716//1856 544//870
f 544//870 545//869 741//1857
f 740//1277 1715//1279 1153//1858
f 1722//1859 414//875 2000//1860
f 742//1861 2001//1862 1723//1863
f 2003//1864 743//873 414//875
f 2004//1865 1725//1866 411//1867
f 1155//1868 411//1869 1729//878
f 744//882 743//881 1157//1870
f 2005//1871 547//880 744//882
f 1158//1872 2017//1873 548//889
f 2017//1873 1158//1872 2018//1874
f 1158//1872 548//889 549//888
f 1158//1872 1159//1875 2018//1874
f 745//1281 412//883 2019//1876
f 1159//1875 1160//1877 745//1281
f 1161//1878 1159//1879 1158//1872
f 1162//1880 1159//1881 1161//1882
f 1160//1877 413//1282 745//1281
f 1159//1883 1162//1883 1160//1883
f 746//1884 549//888 409//1885
f 746//1884 751//1886 1741//1887
f 746//1888 409//1888 751//1888
f 1162//1889 1163//1889 1160//1889
f 1734//1890 1162//1891 1164//1892
f 1733//1893 1736//1894 417//1895
f 1733//1893 417//1896 413//1282
f 1736//1894 1165//1897 417//1898
f 751//1899 2024//1900 1741//1901
f 2022//1902 2025//1903 2023//1904
f 1168//1905 751//1899 1169//1906
f 2029//1907 415//560 418//562
f 2029//1907 747//1908 415//1285
f 1746//1909 415//1285 747//1908
f 1170//1910 1169//1910 751//1910
f 1170//1911 751//1911 750//1911
f 750//1912 753//1913 1173//1914
f 1756//1915 1173//1914 753//1913
f 1760//1916 1175//1917 753//1918
f 1764//1919 1760//1916 754//1920
f 553//900 1179//899 1178//1921
f 1179//899 1181//1922 1178//1921
f 1179//899 1185//1923 1181//1922
f 1179//899 552//898 1185//1923
f 1184//1924 1768//1925 1181//1922
f 1185//1923 1184//1924 1181//1922
f 1186//1926 1769//1927 1184//1924
f 1185//1923 1188//1928 1186//1926
f 1186//1926 1189//1929 554//902
f 756//1300 1770//1930 558//910
f 757//1303 2061//1931 1194//1301
f 420//574 559//911 2062//1932
f 2065//1933 2068//1934 2070//1935
f 2065//1936 2070//913 420//574
f 760//1316 1196//1937 561//1317
f 560//1938 562//921 1800//1939
f 764//917 1198//1320 1794//1940
f 1794//1940 1797//1941 764//917
f 2085//1942 563//932 1199//1322
f 765//1943 422//925 564//924
f 1200//1944 2086//1945 2085//1942
f 1200//1944 765//1943 2086//1945
f 1202//1946 1201//1947 1803//1948
f 1202//1946 1803//1948 1203//1949
f 1204//1950 1202//1946 1203//1951
f 1209//1952 1208//935 1207//1953
f 421//584 1208//933 768//1954
f 1210//1955 771//1328 770//1327
f 1814//1956 770//1957 2093//1958
f 570//1959 1213//1960 2093//1958
f 1216//1961 1217//1962 425//1963
f 1214//1964 1218//1965 1215//1966
f 1234//1967 576//954 575//950
f 1838//1968 426//591 1841//953
f 1842//955 1237//598 1236//1969
f 1240//1970 577//956 1842//1971
f 1845//1972 1843//1973 775//1339
f 577//956 1844//1974 776//597
f 1847//1975 1844//1974 1845//1972
f 1844//1974 1847//1975 1241//959
f 776//597 1844//1974 1241//959
f 432//961 1855//1976 778//612
f 1242//1977 434//615 433//614
f 780//1340 582//964 1880//1341
f 1881//1978 1883//1979 780//1340
f 2097//1980 1883//1979 1881//1978
f 1245//1981 2097//1980 1882//1982
f 1245//1981 583//965 438//966
f 1245//1981 1882//1982 583//965
f 1244//1983 1883//1979 2097//1980
f 1246//1984 1247//967 1244//1983
f 438//970 585//969 1246//1985
f 1248//1986 1249//1987 1246//1988
f 437//620 1250//1989 585//969
f 1884//1990 1256//628 1249//1987
f 1251//1991 1250//1989 1252//1343
f 1257//1992 1884//1990 1253//1993
f 1259//1994 1254//1995 1258//1994
f 781//971 1257//1992 1259//1996
f 1261//1997 1258//1998 587//973
f 1258//1998 1261//1997 1886//1999
f 1886//2000 1260//2001 1258//2002
f 1262//2003 1260//2003 1886//2003
f 586//972 1885//2004 587//973
f 783//2005 439//630 440//627
f 782//1344 1272//1345 1269//2006
f 590//976 1274//2007 1273//2008
f 1896//2009 1276//2010 1274//2007
f 588//978 1275//2011 590//976
f 1894//1347 1277//980 1276//2010
f 1277//980 786//979 1276//2010
f 787//1346 788//637 1277//980
f 789//1349 788//637 787//1346
f 1898//1348 789//1349 787//1346
f 591//636 788//637 789//1349
f 1281//639 789//1349 1278//2012
f 1278//2012 1279//2013 1280//2014
f 1900//2015 1281//639 1278//2012
f 1278//2012 1280//2014 1900//2015
f 790//1350 595//987 1899//2016
f 594//984 1903//2017 595//987
f 1284//2018 1285//2019 1904//2020
f 596//989 1287//1352 1906//1355
f 598//992 1910//2021 1290//995
f 1293//2022 1917//2023 442//2024
f 442//2025 1917//2026 597//991
f 601//1360 1920//2027 1294//1359
f 1921//1356 1296//1361 600//1000
f 1921//1356 601//1360 1296//1361
f 1300//1002 602//2028 444//641
f 1301//2029 1298//1362 1299//2030
f 1300//1002 1302//2031 602//2028
f 1299//2030 602//2028 1303//2032
f 602//2028 1302//2031 1303//2032
f 603//640 1302//2031 1300//1002
f 603//645 1305//2033 1923//2034
f 1926//2035 791//1364 1924//2036
f 1925//2037 1307//2038 1310//2039
f 1308//2040 1926//2035 1309//2041
f 448//647 794//1366 1311//1368
f 795//1375 794//1366 448//647
f 795//1373 448//647 447//646
f 792//1365 798//1372 604//1007
f 1315//1376 798//1372 796//1369
f 1314//2042 796//1369 797//1371
f 1314//2042 1315//1376 796//1369
f 1316//2043 800//650 449//649
f 1320//2044 801//2045 1319//2046
f 1317//2047 1318//2048 1321//1379
f 451//652 801//2045 1320//2044
f 1319//2046 1317//2047 803//2049
f 1317//2047 1321//1379 803//2049
f 804//1384 1319//2046 803//2049
f 1320//2044 1319//2046 804//1384
f 1321//1379 605//1008 802//1380
f 1320//2044 804//1384 451//652
f 802//1380 605//1008 450//1010
f 803//2049 1321//1379 806//1381
f 804//1384 607//653 451//652
f 807//1014 802//1380 450//1010
f 807//1014 805//1378 802//1380
f 803//2049 806//1381 804//1384
f 806//1381 811//1385 804//1384
f 806//1381 805//1378 1322//2050
f 806//1381 1322//2050 811//1385
f 1322//2050 805//1378 808//1382
f 810//2051 453//657 608//658
f 1322//2050 808//1382 1323//2052
f 809//1013 1323//2052 808//1382
f 1323//2052 811//1385 1322//2050
f 1323//2053 1324//2054 811//1385
f 1324//2054 810//2051 811//1385
f 1324//2054 1326//1388 810//2051
f 1325//2055 1324//2054 1323//2053
f 1325//1390 1323//2052 809//1013
f 1325//1390 809//1013 452//660
f 609//659 1325//1390 452//660
f 812//2056 1326//1388 1324//2054
f 812//2056 1324//2054 1325//2055
f 812//2056 610//1387 1326//1388
f 813//2057 812//2056 1325//2055
f 814//2058 812//2058 813//2058
f 813//1389 609//659 612//1391
f 610//2059 812//2059 815//2059
f 815//1395 812//2060 814//1393
f 815//1395 611//655 610//1386
f 815//1395 613//664 611//655
f 454//661 817//1397 818//1394
f 817//1396 454//1018 615//1017
f 819//1398 821//1400 820//1016
f 821//1400 822//1401 1327//2061
f 1328//1404 822//1401 457//1019
f 456//665 617//666 616//1402
f 1327//2061 822//1401 1328//1404
f 1930//1407 616//1402 1327//2061
f 1328//1404 1329//1406 1327//2061
f 1930//1407 1327//2061 1329//1406
f 618//1020 1328//1404 457//1019
f 616//1402 1930//1407 823//2062
f 823//2062 456//665 616//1402
f 823//2062 824//1405 456//665
f 619//1022 825//1403 618//1020
f 620//1025 824//1405 826//1023
f 1330//2063 825//1403 619//1022
f 1331//1409 825//1403 1330//2063
f 826//1023 1332//1408 1333//1411
f 1330//2063 619//1022 621//1027
f 1333//1411 1332//1408 1331//1409
f 621//1027 1334//2064 1330//2063
f 1331//1409 1335//1412 1333//1411
f 1330//2063 1335//1412 1331//1409
f 1330//2063 1334//2064 1335//1412
f 1334//2064 621//1027 459//1026
f 1333//1411 623//1414 827//1410
f 828//1029 623//1414 1333//1411
f 1334//2064 829//1030 1335//1412
f 829//1030 828//1029 1335//1412
f 830//1416 1334//2064 459//1026
f 829//1030 1334//2064 830//1416
f 625//1034 460//1024 623//1414
f 626//1420 625//1034 624//1413
f 834//1418 833//1417 832//1028
f 833//1417 626//1420 624//1413
f 835//1419 834//1418 831//1415
f 833//1417 627//1421 626//1420
f 1336//1036 834//1418 835//1419
f 464//1037 835//1419 461//1032
f 464//1037 461//2065 463//1043
f 833//1417 628//1040 627//1421
f 627//1421 628//1040 837//1039
f 629//1423 1336//1036 836//1035
f 630//1042 464//1037 463//1043
f 838//1422 839//1041 628//1040
f 841//1050 631//1424 632//1047
f 842//1427 634//1049 636//668
f 842//1427 637//1052 634//1049
f 330//400 844//1428 638//667
f 640//399 843//1426 844//1428
f 639//1054 843//1426 331//398
f 470//1053 331//398 471//1429
f 474//672 643//1443 1337//1439
f 852//2066 854//1446 642//1058
f 1339//2067 1338//1458 856//2068
f 1341//1457 862//1463 1340//1059
f 1932//2069 862//1463 644//2070
f 1342//2071 1343//2072 863//1464
f 1343//2072 646//1462 863//1464
f 864//2073 865//1461 1345//2074
f 864//2073 1346//2075 1343//2072
f 864//2073 1345//2074 1346//2075
f 1934//2076 645//2076 866//2076
f 1934//2077 865//1461 645//2078
f 1344//2079 1345//2074 1934//2077
f 1347//1470 646//1462 1343//2072
f 342//415 1350//2080 866//1468
f 868//2081 1935//2082 1350//2080
f 869//1473 868//2081 1353//2083
f 1352//2084 868//2081 867//2085
f 1352//2086 1353//2083 868//2081
f 1354//2087 1352//2084 867//2085
f 1355//2088 1352//2086 1354//2089
f 1354//2089 1356//2090 1355//2088
f 1357//2091 1356//2092 1354//2093
f 1358//2094 1351//2095 343//419
f 1359//1475 870//1479 649//2096
f 871//1480 1356//2092 1357//2091
f 1360//2097 1357//2098 1358//2099
f 1362//2100 1360//2101 647//2102
f 647//2102 345//418 648//678
f 873//2103 872//1485 476//1062
f 1368//1489 1366//2104 873//2103
f 1368//1489 873//2103 1367//1490
f 650//1487 874//1486 1366//2104
f 1366//2104 1368//1489 650//1487
f 1368//1489 875//2105 650//1487
f 1367//1490 1371//1061 876//2106
f 1370//1492 875//2105 1368//1489
f 877//1493 875//2105 1369//2107
f 877//1493 1369//2107 651//1066
f 1369//2107 1370//1492 879//2108
f 879//2108 1370//1492 876//1491
f 1372//1499 880//2109 477//1500
f 879//2110 881//1496 651//1502
f 882//2111 878//1498 880//2109
f 1372//1499 882//2111 880//2109
f 1372//1499 1374//1503 882//2111
f 883//2112 882//2111 1374//1503
f 1376//1071 349//422 1373//1501
f 1375//2113 883//2112 1377//2114
f 886//2115 654//2116 1376//2117
f 884//1504 888//1509 1377//2114
f 888//1509 884//1504 480//687
f 1377//2118 885//2119 886//2120
f 885//2121 887//2121 886//2121
f 889//426 348//425 887//1507
f 1378//2122 885//2123 888//1509
f 1378//2122 888//1509 655//1508
f 1378//2124 655//1072 1379//1511
f 895//2125 352//430 351//429
f 895//2126 892//1512 352//686
f 894//2127 892//2127 896//2127
f 896//2128 892//2128 895//2128
f 481//688 350//427 894//1514
f 897//2129 895//2125 351//429
f 656//1073 897//2129 351//429
f 899//1520 656//1073 902//1524
f 355//689 900//1521 1380//1529
f 1381//1533 1380//1529 658//1527
f 657//1526 902//1524 483//693
f 355//689 1380//1529 482//690
f 1381//2130 482//690 1380//1529
f 903//1530 657//1526 483//693
f 482//690 1381//2130 906//2131
f 904//1531 483//693 484//692
f 1383//1537 353//439 906//691
f 1384//2132 907//1534 1385//2133
f 1382//1074 487//697 1385//2133
f 1386//2134 1384//2135 1385//2136
f 1386//2134 908//1536 1384//1535
f 1387//1076 1386//2134 1385//2136
f 1386//2134 1939//2137 908//1536
f 357//694 1388//2138 356//437
f 1391//2139 659//1075 660//1077
f 356//437 1390//2140 354//438
f 1393//2141 1395//2142 909//1538
f 1395//2143 1392//2144 1394//2145
f 1390//2140 1393//2141 354//438
f 485//700 1396//2146 660//1077
f 1394//2147 660//1077 1396//2146
f 1395//2143 1394//2145 1396//2148
f 1397//2149 1395//2150 1396//2146
f 909//1538 1395//2142 910//1542
f 1397//2149 1396//2146 911//1540
f 1397//2149 910//1542 1395//2142
f 909//1538 910//1542 359//441
f 910//1542 1397//2149 1398//1541
f 911//1540 1398//1541 1397//2149
f 1399//1546 1398//1541 911//1540
f 661//1544 1399//1546 912//1539
f 913//2151 1398//1541 1399//1546
f 913//1547 914//702 1398//1541
f 913//2152 916//1549 488//703
f 916//1549 915//2153 917//1550
f 918//1552 917//2154 489//705
f 489//705 490//1081 918//1552
f 916//1549 919//1548 663//1551
f 921//1553 664//1080 491//2155
f 922//1554 921//1553 923//1555
f 927//1088 922//1554 923//1555
f 923//1555 491//1082 925//1084
f 928//1087 926//1557 927//1088
f 929//2156 665//708 926//1559
f 928//1087 929//2157 926//1557
f 930//1089 931//2158 928//1087
f 929//2157 928//1087 931//2158
f 932//1086 931//2158 930//1089
f 931//2158 1400//1561 929//2157
f 665//708 929//2156 360//442
f 931//2158 932//1086 1401//2159
f 360//442 929//2156 1400//1561
f 1400//1561 931//2158 1401//2159
f 933//1560 1400//1561 1401//2159
f 493//1085 1940//2160 1401//2159
f 1401//2159 1402//1562 933//1560
f 1403//1090 1940//2160 493//1085
f 1940//2160 1402//1562 1401//2159
f 1940//2160 1403//1090 1943//2161
f 1941//2162 1942//2163 934//1563
f 666//1093 1943//2161 1403//1090
f 1943//2161 666//1093 1404//2164
f 1944//2165 362//447 934//1563
f 1407//1092 1404//2164 666//1093
f 936//2166 937//1564 1944//2167
f 936//2166 365//450 937//1564
f 936//2166 1945//1567 365//450
f 937//1564 365//450 361//443
f 1408//2168 935//2169 939//1565
f 1408//2168 939//1565 492//718
f 940//1566 941//1568 1409//2170
f 492//718 942//1569 1408//2168
f 941//2171 942//1569 1409//2172
f 941//2173 1408//2168 942//2174
f 1409//2170 1410//2175 940//1566
f 942//1569 494//717 943//2176
f 945//1570 1410//2175 1409//2170
f 1409//2172 942//1569 943//2176
f 1409//2170 943//2177 944//2178
f 494//717 946//2179 943//2176
f 944//2178 947//1571 945//1570
f 944//2178 946//2180 947//1571
f 946//2180 494//2181 948//2182
f 948//1572 494//717 668//716
f 949//1574 946//2180 948//2182
f 949//1574 667//713 947//1571
f 949//1574 948//2183 950//1576
f 953//724 495//720 369//719
f 951//1577 495//720 953//2184
f 496//721 1414//726 669//714
f 951//2185 953//722 1413//723
f 1414//726 496//2186 1411//2187
f 1412//2188 951//2189 1413//723
f 1411//2190 951//2190 1412//2190
f 1411//2187 1412//2188 1414//726
f 371//459 1415//2191 1413//723
f 371//459 1416//1097 1415//2191
f 1415//2191 955//2192 1417//1580
f 955//2192 1415//2191 1416//1097
f 955//2192 954//1579 1417//1580
f 1419//728 1418//2193 366//458
f 1419//728 1421//2194 1418//2193
f 1423//729 1421//2194 1419//728
f 367//453 671//731 956//2195
f 1424//2196 673//1581 956//2195
f 367//453 956//2195 673//1581
f 672//1103 1425//1098 1424//1100
f 672//1103 958//1106 957//2197
f 957//2197 674//1104 672//1103
f 1425//1098 1426//2198 673//1099
f 1427//2199 1426//734 674//2200
f 957//2197 958//1106 1429//2201
f 957//2197 1429//2202 1428//2203
f 1426//734 1427//2199 961//462
f 1429//2201 958//1106 959//1105
f 1429//2202 1427//2204 1428//2203
f 962//1586 1427//2204 1429//2202
f 960//2205 1429//2201 959//1105
f 1429//2202 960//2205 962//1586
f 963//1582 961//462 1427//2199
f 368//738 960//2205 959//1105
f 963//1582 1427//2204 962//1586
f 962//1586 960//2205 1946//2206
f 962//1586 964//1585 963//1582
f 1946//2206 1947//1584 962//1586
f 497//735 1946//2206 368//738
f 372//1583 963//1582 964//1585
f 965//1588 964//1585 1947//1584
f 965//1588 372//1583 964//1585
f 966//1587 1948//1589 969//1592
f 966//1587 970//2207 967//1590
f 968//737 969//1592 1948//1589
f 966//1587 969//1592 970//2207
f 971//1594 967//1590 970//2207
f 970//2207 969//1592 972//2208
f 675//464 971//1594 676//1111
f 972//2208 971//1594 970//2207
f 969//1592 499//1593 972//2208
f 972//2208 676//1111 971//1594
f 972//2209 973//1595 676//1108
f 1949//2210 972//2211 499//2212
f 1949//2210 973//2213 972//2214
f 1430//2215 973//2213 1949//2210
f 1431//2216 1949//2210 499//2212
f 1431//2217 499//742 498//741
f 1430//2215 1950//1601 973//2213
f 1950//1601 1432//1597 973//2213
f 1950//1601 974//2218 1435//2219
f 1436//2220 1434//2221 1435//2219
f 498//740 374//736 1951//1605
f 498//741 1951//1608 974//2218
f 1435//2219 974//2218 1951//1608
f 1435//2219 2100//1607 1436//2220
f 500//1606 679//2222 1951//1605
f 1438//2223 1440//1113 1437//1603
f 1440//1113 1438//2223 1439//1114
f 679//2222 1441//2224 1442//2225
f 1442//2226 1441//2226 1443//2226
f 1443//2227 1445//2228 1444//2229
f 1443//2227 1444//2229 1439//1114
f 1445//2230 1446//2231 681//2232
f 1445//2233 681//2234 1952//2235
f 1952//2235 1444//2229 1445//2228
f 680//2236 1444//2229 1952//2235
f 681//2234 1446//2237 1447//1612
f 975//469 1448//2238 373//470
f 976//1624 680//1615 1449//1614
f 1450//2239 1449//1614 1953//1613
f 1450//1620 1953//1611 683//1618
f 976//1624 1449//1614 1450//2239
f 1450//2239 684//1625 976//1624
f 1955//2240 375//468 977//1621
f 1956//2241 1452//2242 684//2243
f 977//1621 686//1117 1453//2244
f 1455//2245 1453//2246 686//1119
f 1454//2247 1453//2244 1456//2248
f 686//1117 977//1621 370//478
f 1455//2245 1456//2249 1453//2250
f 1456//2251 1957//2252 1454//2247
f 1457//2253 1957//2252 1456//2254
f 1458//2255 1455//2245 1459//1118
f 685//2256 1457//2253 979//2257
f 981//1120 982//1635 687//1629
f 983//1636 982//1635 984//1642
f 984//1642 690//1123 983//1636
f 690//1123 984//1642 987//1644
f 691//2258 987//1644 984//2259
f 985//1121 987//1644 988//1643
f 989//1649 689//1122 985//1121
f 986//1645 992//2260 1460//1646
f 990//1653 988//1643 1460//1646
f 990//1653 989//1649 988//1643
f 992//2261 501//746 996//1124
f 992//2260 993//1654 1460//1646
f 996//1124 994//1655 992//2261
f 994//1655 990//1653 993//1654
f 990//1653 994//1655 995//1657
f 997//2262 998//2262 995//2262
f 997//2263 995//1657 996//1124
f 998//1658 1002//484 991//483
f 998//2264 1001//1660 1002//1128
f 1003//1663 997//1662 1000//2265
f 1002//1128 1001//1660 1461//2266
f 1003//1663 1461//2266 1001//1660
f 1461//2266 1004//1127 1002//1128
f 1462//1664 1005//2267 1006//1129
f 1004//1127 1464//2268 1463//479
f 1009//2269 1463//479 1464//2268
f 1464//2268 1007//2270 1465//1667
f 1007//2270 1462//1664 1465//1667
f 1011//2271 1462//1664 1010//1665
f 1011//1668 1465//1667 1462//1664
f 1010//1665 1013//753 1466//2272
f 1466//2272 1013//753 1470//2273
f 1469//2274 1012//1666 1011//1668
f 1469//2275 1011//2271 1468//2276
f 1015//1130 1470//2273 1013//753
f 1469//2277 1472//756 1467//755
f 1471//2278 1470//2279 1015//1672
f 1014//1670 1472//2280 1469//2275
f 1015//1130 1013//753 504//754
f 1468//2276 1470//2273 1471//2281
f 1468//2276 1471//2282 1014//1670
f 1017//1671 1471//2278 1015//1672
f 1471//2282 1017//1671 1014//1670
f 1014//1670 1016//1669 1472//2280
f 1474//2283 1019//1674 1018//1673
f 1019//1674 1475//2284 1020//1677
f 1473//2285 1019//1674 1474//2283
f 1475//2284 1019//1674 1473//2285
f 1475//2284 1473//2285 1477//1131
f 1477//1131 1473//2285 1476//2286
f 1476//2286 506//758 1479//1679
f 1480//2287 1477//1131 1476//2286
f 1478//2288 1476//2286 1479//1679
f 1476//2286 1478//2288 1480//2287
f 1479//1679 510//767 1959//2289
f 1959//2289 510//767 1021//2290
f 1481//2291 1024//2292 694//1136
f 1021//2290 510//767 1023//2293
f 1024//2292 1025//1137 694//1136
f 1024//2292 1023//2293 1482//2294
f 1482//2295 1023//2296 695//1139
f 695//1139 1026//766 1960//2297
f 1482//2295 695//1139 1960//2297
f 1028//1685 697//1681 1482//2295
f 1482//2295 1960//2297 1028//1685
f 1027//1682 1960//2297 1026//766
f 1483//2298 1031//1689 697//1681
f 1484//2299 1483//2300 696//2301
f 1485//2302 696//1687 1961//1143
f 1486//2303 1485//2302 1961//1143
f 698//2304 1034//2305 1487//2306
f 1034//2305 1488//2307 1033//2308
f 1033//2308 1488//2307 1035//1692
f 1034//2305 698//2304 700//1146
f 1489//2309 699//1145 1037//2310
f 1035//1692 1489//2309 1036//1693
f 701//2311 1037//2310 699//1145
f 1038//2312 1490//2313 1037//2310
f 1490//2314 1038//2314 1036//2314
f 1040//1694 701//2315 699//2316
f 1039//2317 1036//1693 1038//2318
f 1038//2319 1491//2320 1039//2321
f 508//775 1039//2317 513//776
f 1493//2322 1491//2320 1492//2323
f 513//776 1491//2320 1042//1700
f 1492//2323 1041//2324 1493//2322
f 1042//1700 1491//2320 1493//2322
f 1493//2322 1494//2325 1042//1700
f 1496//2326 1494//2325 1043//2327
f 1496//2328 1962//1701 1495//1703
f 1496//2326 1044//2329 1494//2325
f 1497//2330 1045//2330 1496//2330
f 1495//2331 381//1708 1046//2332
f 1045//2333 512//773 1044//2329
f 1045//2333 1498//2334 1500//1711
f 1045//2333 1500//1711 1505//488
f 1502//2335 1499//2336 1501//1704
f 1505//488 1048//1710 1511//489
f 1506//2337 1503//2337 1502//2337
f 1048//1710 1508//2338 1511//489
f 1504//778 1510//777 1507//2339
f 1507//2340 1513//2340 1509//2340
f 1508//2341 1509//2341 1512//2341
f 1510//2342 1050//1151 1513//2343
f 1050//1151 1510//777 377//779
f 1514//2344 1513//2343 1050//1151
f 1049//1713 1509//2345 1514//2344
f 1514//2344 1050//1151 1052//1152
f 1515//1716 1514//2344 1052//1152
f 1049//1713 1514//2344 1515//1716
f 1515//1716 1051//1714 1049//1713
f 1050//1151 383//495 1052//1152
f 1054//487 1051//1715 1516//2346
f 1515//1716 1052//1152 1055//1717
f 1517//1155 1516//2346 1515//1716
f 1058//2347 1057//1156 1055//1717
f 1058//1718 1053//1153 384//494
f 1520//2348 1057//1156 1058//2347
f 1059//2349 384//782 515//784
f 1518//2350 1520//2348 1522//2351
f 386//501 514//500 1521//2352
f 1521//2353 1522//2354 1524//2355
f 1525//2356 386//501 1521//2352
f 1525//2356 387//498 386//501
f 1060//1719 1523//1158 516//1157
f 1526//1721 1524//2357 1523//1158
f 387//498 1525//2356 1526//1721
f 1523//1158 1060//1719 1526//1721
f 1526//1721 1527//2358 1528//2359
f 1528//2359 385//1724 1526//1721
f 1530//2360 1527//2358 1529//1720
f 517//785 1530//2360 1529//1720
f 517//1161 703//1160 1530//2361
f 1527//2358 1530//2360 1531//2362
f 1531//2362 1528//2359 1527//2358
f 1532//2363 1530//2361 703//1160
f 1528//2359 1531//2362 1533//1725
f 385//1724 1528//2359 1533//1725
f 1534//2364 1531//2362 1530//2360
f 705//1727 703//1160 382//1159
f 705//2365 1532//2363 703//1160
f 1534//2364 1536//2366 1531//2362
f 1532//2363 705//2365 1534//2367
f 705//1723 1061//1722 1534//2364
f 1534//2364 1061//1722 1535//2368
f 1534//2364 1535//2368 1536//2366
f 1538//789 1533//1725 1536//2366
f 1537//2369 1535//2368 1061//1722
f 1537//2369 1061//1722 704//1163
f 1539//1728 1535//2368 1537//2369
f 706//1162 1539//1728 1537//2369
f 704//1163 706//1162 1537//2369
f 1541//2370 1540//790 706//1162
f 1062//2371 1541//2370 706//1162
f 1062//2372 706//1162 518//1164
f 1541//2370 1063//791 1540//790
f 1542//1733 1064//1732 1065//795
f 707//801 1963//1734 1064//1732
f 1066//2373 1065//795 1064//1732
f 1963//2374 1066//2375 1064//2376
f 1964//2377 1963//2374 708//1168
f 1068//1738 1965//1737 709//1167
f 1068//1738 709//1167 389//1166
f 1069//2378 1068//1738 389//1166
f 1067//1735 1068//1738 1069//2378
f 1067//1739 1069//2378 519//1740
f 1069//2378 389//1166 710//2379
f 1544//2380 519//1740 1069//2378
f 710//2379 1544//2380 1069//2378
f 1546//1742 519//1740 1544//2380
f 1544//2380 710//2379 1070//2381
f 1070//2381 1548//2382 1544//2380
f 1546//1742 1544//2380 1548//2383
f 1074//1744 1070//1743 1071//1172
f 1549//2384 1074//1744 1072//808
f 712//1749 1549//2384 1072//808
f 1077//2385 1073//2386 1074//2387
f 1077//1748 1078//1745 1073//1746
f 1077//1748 1082//810 1078//1745
f 1081//2388 1076//510 390//509
f 1082//810 1077//1748 1079//1747
f 1084//1753 1083//1752 1081//2388
f 1085//1754 1079//1747 1083//1752
f 1083//1752 1084//1753 1086//1755
f 1083//1752 1086//1755 1088//1760
f 1085//1754 1083//1752 1088//2389
f 1090//1756 1085//1754 1088//2390
f 1088//1760 1086//1755 1087//1757
f 713//2391 1089//1758 1086//1755
f 713//1177 1086//1755 521//513
f 1550//2392 713//1179 714//1181
f 1551//2393 1087//1757 1089//1758
f 1092//1759 1087//1757 1551//1762
f 1550//2394 1551//2393 1089//1758
f 1554//2395 1093//514 1092//1759
f 1550//2394 1553//2396 1551//2393
f 1553//2397 1550//2392 1552//2398
f 1554//1761 1551//1762 1553//2399
f 522//515 1093//514 1554//2395
f 1552//2398 392//1180 1555//1182
f 1557//2400 1554//1761 1553//2399
f 1556//2401 1557//2400 1553//2399
f 1560//2402 1555//1184 1559//1186
f 1560//2402 1559//1186 715//1185
f 1561//2403 1560//2402 715//1185
f 1563//2404 1966//2405 1562//2406
f 1563//2404 393//1771 1966//2405
f 1567//2407 1565//2408 1564//2409
f 1566//2410 1567//2407 1094//1769
f 1566//2410 1094//1769 1096//1765
f 1568//2411 1567//2407 1569//2412
f 391//1187 1573//2413 716//1766
f 1572//2414 1577//1773 394//1775
f 1968//2415 1575//1189 523//1188
f 1579//1774 1577//1773 1576//2416
f 1968//2415 523//1188 1581//2417
f 1578//1778 1968//2415 1581//2417
f 1582//1190 1580//1777 1583//1776
f 1584//1197 717//1196 1587//2418
f 1588//2419 1587//2418 717//1196
f 1590//2420 1588//2421 1970//2422
f 1592//1779 1591//2423 524//1198
f 1590//2424 526//817 525//816
f 1971//2425 1592//1779 1098//2426
f 1098//1210 526//1209 1971//2427
f 1592//1779 718//1780 1098//2426
f 1098//2428 718//2429 1099//2430
f 1100//2431 1098//2428 1099//2430
f 1593//2432 1594//2432 1099//2432
f 1593//2433 1099//2430 718//2429
f 397//2434 1600//1203 1602//2435
f 1603//2436 721//1212 1972//1214
f 1607//1783 1102//1789 1606//1787
f 722//1220 1104//2437 1607//1783
f 1102//1789 1607//1783 1104//2437
f 1606//1787 1102//1789 1103//1785
f 1105//1788 1101//823 1103//1784
f 1105//1788 1104//2437 1106//1792
f 1106//1792 1104//2437 1107//1790
f 1105//1788 1110//2438 1101//823
f 1106//1792 1110//2438 1105//1788
f 1107//1790 723//1217 1109//1793
f 1109//1793 1108//1791 1107//1790
f 1111//2439 1101//823 1110//2438
f 1108//1791 1110//2438 1106//1792
f 724//1219 1114//1222 1112//1795
f 1111//1794 527//825 396//821
f 1112//1795 1114//1222 1113//1796
f 527//825 1115//1797 1116//826
f 1610//1799 398//531 1116//826
f 1612//2440 1611//1801 1616//2441
f 1612//2442 1609//2443 1611//1225
f 1614//2444 1612//2440 1616//2441
f 1620//2445 398//531 1613//2446
f 1616//2441 1117//1800 1615//2447
f 1614//2444 1617//2448 1620//2445
f 1618//532 398//531 1620//2445
f 1617//2448 1614//2444 1616//2441
f 1117//1800 401//1802 1615//2447
f 1616//2441 1615//2447 1619//2449
f 1620//2445 403//542 1618//532
f 1615//2447 401//1802 1621//1804
f 1623//2450 1619//2449 1615//2447
f 1619//2449 1622//2451 1617//2448
f 1620//2445 1617//2448 1622//2451
f 1623//2450 1615//2447 1621//1804
f 1620//2445 1624//1808 403//542
f 1620//2445 1622//2451 1624//2452
f 1621//1804 1625//2453 1623//2450
f 1625//2453 1622//2451 1623//2450
f 1624//2452 1622//2451 1627//2454
f 1628//2455 1625//2453 1626//1805
f 1118//1806 1628//2455 1626//1805
f 1631//2456 1629//2457 1118//1806
f 1630//2458 1631//2456 1118//1806
f 1630//2458 528//1228 725//1227
f 1631//2456 404//2459 1629//2457
f 1631//2456 1630//2458 1632//2460
f 1632//2460 1630//2458 725//1227
f 1632//2460 725//1227 1633//2461
f 1634//2462 404//2459 1631//2456
f 1636//2463 1634//1233 1632//2460
f 726//1230 1119//2464 399//1229
f 1635//1234 1636//2463 1638//2465
f 1635//1234 1638//2465 1973//1810
f 1120//1809 1121//1231 1637//2466
f 1637//2466 1640//2467 1638//2465
f 1121//1231 1640//2467 1637//2466
f 1639//1811 1638//2465 1640//2467
f 1640//2467 1641//2468 1639//1811
f 402//538 727//828 1641//2468
f 1975//2469 729//1236 402//538
f 1643//2470 1976//2471 728//1235
f 1642//2472 1976//2471 1643//2470
f 729//1236 1975//2469 1642//2472
f 1122//1812 529//839 1124//2473
f 730//834 729//1236 1123//2474
f 1645//838 1646//1813 1978//2475
f 531//837 1127//2476 1647//1816
f 1127//2476 1979//1817 1647//1816
f 1127//2476 531//837 1128//1237
f 1649//1818 1126//844 1979//1817
f 1129//842 1130//2477 1652//1819
f 1650//2478 532//1239 533//2479
f 1653//1823 1652//1819 1651//2480
f 1654//1821 1651//2480 533//2479
f 1653//1823 1651//2480 1654//1821
f 1654//1821 533//2479 1655//2481
f 1654//1821 1655//2481 1656//1825
f 1654//1821 1656//1825 1132//1822
f 407//1240 1653//1242 1132//2482
f 1656//1825 1657//2483 1132//1822
f 405//850 1658//2484 1131//1826
f 1656//1825 1131//1824 1658//2484
f 1132//2482 536//1244 407//1240
f 1659//2485 1132//1822 1657//2483
f 1658//2484 1659//2486 1657//2483
f 1661//2487 1658//2484 405//850
f 1662//2488 1659//2486 1661//2487
f 1668//1247 1673//1829 406//1246
f 732//1252 1670//2489 731//545
f 1674//2490 1673//1829 1672//1828
f 406//1246 1675//2491 1678//1830
f 1677//1250 1135//1831 1679//2492
f 1135//1831 1985//2493 1679//2492
f 1991//2494 1682//1834 1141//864
f 1993//2495 1143//2496 1140//855
f 1683//2497 1994//1838 1143//2496
f 1140//855 1994//1838 539//858
f 1685//2498 1683//2497 1684//2499
f 539//1837 1686//1839 1687//2500
f 1689//2501 1688//2502 1144//1840
f 539//1837 1687//2500 1691//2503
f 1690//1265 539//858 1691//2503
f 1996//2504 1690//1265 1691//2503
f 408//2505 1693//2506 1145//1253
f 1690//1265 1996//2504 734//1264
f 1693//2507 408//2508 1147//2509
f 1997//2510 1694//2511 1693//2506
f 734//1264 1996//2504 1694//2511
f 1147//2509 733//1256 1997//2510
f 1997//2510 1696//2512 1695//2513
f 734//1264 1146//2514 1148//1846
f 1697//2515 1695//2513 1696//2512
f 1148//1850 1146//2516 1695//2513
f 1695//2513 1697//2515 1698//2517
f 1148//1850 1695//2513 1698//2517
f 1699//2518 1697//2515 543//1258
f 1698//2517 1697//2515 1699//2518
f 1699//2518 543//1258 738//2519
f 1700//2520 1149//1843 1698//2517
f 1999//1841 1998//2521 1702//2522
f 738//1272 736//1268 1998//2521
f 1701//1842 1704//2523 1150//1848
f 1701//1842 1702//2522 1704//2523
f 1702//2522 1703//2524 1704//2523
f 1705//2525 1704//2523 1703//2524
f 1705//2525 1150//1848 1704//2523
f 1151//2526 1707//1851 1709//2527
f 735//1849 1150//1848 1151//2526
f 542//1852 1710//2528 1709//2527
f 1710//2528 1151//2526 1709//2527
f 1711//2529 1151//2526 1710//2528
f 1713//2530 1711//2529 1710//2528
f 739//1275 1714//2531 1712//2532
f 1714//2533 1152//1854 1713//2530
f 1716//2534 739//1275 544//1274
f 1717//2535 1715//2536 1714//2537
f 1720//2538 1719//2539 1718//2540
f 1721//2541 741//1857 545//2542
f 2000//1860 414//875 740//1277
f 1723//1863 1721//2541 545//2542
f 1721//2541 1723//1863 2001//1862
f 1722//1859 2000//2543 2001//1862
f 742//1861 1723//1863 545//2542
f 1725//1866 545//2544 411//1867
f 2002//2545 1154//2546 1724//2547
f 2003//1864 1724//2547 1726//2548
f 743//881 2003//1864 1726//2548
f 2004//1865 1154//2546 1725//2549
f 1155//1868 1156//2550 2004//1865
f 1727//2551 1157//1870 1156//2550
f 1155//1868 1729//878 1727//2551
f 1727//2551 1728//2552 1157//1870
f 1729//878 1728//2552 1727//2551
f 2010//2553 546//877 1731//2554
f 1158//1872 549//888 1161//1878
f 746//1884 1161//1878 549//888
f 1161//1882 1164//2555 1162//1880
f 1164//1892 1735//2556 1738//2557
f 1734//1890 1164//1892 1738//2557
f 1735//2556 746//1884 1741//1887
f 1735//2558 1741//2559 1166//2560
f 1734//1890 1736//1894 1163//2561
f 1738//2562 1739//2563 1737//2564
f 1739//2563 1165//1897 1737//2565
f 1739//2563 1738//2562 1740//2566
f 417//1898 1165//1897 2020//2567
f 1169//1906 1745//2568 1168//1905
f 1169//2569 1748//2570 2035//2571
f 2039//2572 2037//2573 2110//2574
f 1748//2575 1169//2575 1170//2575
f 2040//2576 2110//2574 1748//2577
f 2041//890 2105//1283 1749//2578
f 2042//2579 1170//2580 750//1912
f 2044//2581 748//1287 2043//2582
f 1172//2583 2044//2581 2043//2582
f 750//1912 1171//2584 2042//2579
f 1752//2585 2045//2586 1751//2587
f 1754//2588 1174//2589 2046//2590
f 1755//2591 1754//2588 2047//2592
f 2049//2593 1754//2588 1755//2591
f 1174//2589 550//2594 2045//2586
f 1174//2589 1757//2595 752//2596
f 419//894 2052//2597 551//895
f 1763//2598 551//895 2052//2599
f 1764//1919 754//1920 1765//2600
f 1767//2601 1765//2600 754//2602
f 1177//2603 1767//2601 1178//2604
f 1177//2603 1178//1921 1180//2605
f 1180//2605 1176//896 1177//2603
f 1180//2605 1183//2606 1176//896
f 1180//2605 1178//1921 1181//1922
f 1180//2605 1181//1922 1768//1925
f 1182//897 1176//896 1183//2606
f 1183//2606 1180//2605 1768//1925
f 1184//1924 1183//2606 1768//1925
f 1769//1927 1183//2606 1184//1924
f 1187//901 1182//897 1183//2606
f 1185//1923 1186//1926 1184//1924
f 1185//1923 552//898 1188//1928
f 1186//1926 554//902 1769//1927
f 1189//1929 1186//1926 1188//1928
f 755//1296 1189//1929 1188//1928
f 755//1296 1770//1930 1771//2607
f 1771//2607 1190//2608 1189//1929
f 1190//2608 555//903 554//902
f 555//903 1773//2609 1775//2610
f 1774//2611 1773//2609 1770//1930
f 1772//568 555//904 1775//2610
f 1774//2612 1778//2613 1777//2614
f 2063//2615 2059//2616 2058//2617
f 559//911 2060//2618 2062//1932
f 2072//2619 759//1309 758//1306
f 1781//2620 2070//1935 2071//2621
f 1783//2622 758//1306 561//1308
f 1782//2623 2074//2624 2073//2625
f 1784//2626 1782//2623 2073//2625
f 1784//2627 761//572 1195//914
f 1788//2628 760//1316 763//1315
f 2077//2629 1787//2630 1197//1314
f 1198//1320 1197//916 1787//2631
f 1790//2632 1791//2633 1789//2634
f 1793//2635 763//1315 560//1319
f 1795//2636 1791//2633 1796//2637
f 2078//2638 560//1319 1800//2639
f 1797//1941 1794//1940 1795//2636
f 1796//2637 1797//1941 1795//2636
f 1798//2640 1797//1941 1796//2637
f 1798//2640 1796//2641 2078//2642
f 2079//2643 2078//2642 1800//1939
f 1799//2644 565//2645 764//917
f 2080//2646 565//928 1799//2644
f 2084//2647 562//921 557//923
f 564//924 565//928 2082//2648
f 2085//1942 1199//1322 1200//1944
f 765//1943 1200//1944 567//929
f 422//925 765//1943 567//929
f 1200//1944 1199//1322 1803//1948
f 1200//1944 1201//1947 567//929
f 1803//1948 1201//1947 1200//1944
f 568//931 1803//1948 566//1321
f 567//929 1204//1950 1205//930
f 1203//1949 1206//2649 1204//1950
f 1206//2649 1205//930 1204//1950
f 766//1324 1804//2650 1203//1949
f 1207//1953 1205//930 1206//2649
f 1206//2649 1804//2651 1207//1953
f 1208//935 1205//930 1207//1953
f 1207//1953 767//2652 1805//2653
f 1209//1952 768//1954 1208//935
f 1209//1952 1805//2653 1806//2654
f 1806//2654 1805//2653 1807//2655
f 1808//2656 767//1325 571//1323
f 1808//2657 1805//2653 767//2652
f 1807//2655 1805//2653 1808//2657
f 421//584 768//1954 1806//2654
f 1810//2658 1809//2659 2090//2660
f 1211//2661 423//2662 1809//2659
f 1810//2658 1211//2661 1809//2659
f 770//2663 1814//1956 1812//2664
f 1816//2665 1813//2666 1812//2664
f 2094//2667 1812//2664 1814//1956
f 1816//2665 1815//581 1811//2668
f 1816//2665 2094//2667 1817//2669
f 1815//581 1816//2665 1212//2670
f 1212//2670 1816//2665 1817//2669
f 1212//2670 1817//2669 1819//2671
f 1212//2670 1820//938 1815//581
f 1819//2671 1820//938 1212//2670
f 2095//2672 1819//2671 1821//2673
f 1823//2674 2095//2675 1821//2673
f 1823//2676 1215//1966 2095//2677
f 1216//2678 572//589 2095//2672
f 1823//2676 1214//1964 1215//1966
f 1216//2678 425//590 572//589
f 1215//1966 1217//1962 1216//1961
f 772//1337 574//1336 1824//2679
f 1824//2679 1214//2680 772//1337
f 1824//2681 1218//2682 1214//2683
f 1217//1962 1215//1966 1218//1965
f 1827//2684 1218//2682 1824//2681
f 1217//1962 1827//2685 425//1963
f 1826//942 425//590 1827//2684
f 1827//2684 1824//2681 1825//2686
f 1826//942 1219//2687 1220//943
f 574//2688 573//948 1828//2689
f 1827//2684 1219//2687 1826//942
f 1219//2687 1827//2684 1828//2689
f 2096//2690 1828//2689 573//948
f 1221//2691 1828//2689 2096//2690
f 1223//947 1830//2692 2096//2693
f 1223//947 2096//2690 573//948
f 1222//2694 1220//943 1221//2691
f 1830//2695 1221//2691 2096//2690
f 424//588 1220//943 1222//2694
f 424//588 1222//2694 1225//2696
f 1829//2697 1830//2695 1226//2698
f 1829//2697 1227//2699 1225//2696
f 1225//2696 1227//2699 1228//2700
f 1832//2701 424//588 1225//2696
f 1225//2696 1228//2700 1832//2701
f 1832//2701 1230//949 424//588
f 1229//2702 1226//2698 773//946
f 1831//2703 1829//2697 1226//2698
f 1231//592 1831//2703 1229//2702
f 1833//2704 1233//2705 1230//949
f 1835//2706 1834//2707 1231//592
f 1233//2705 1833//2704 1834//2708
f 1835//2706 1231//592 1232//951
f 575//950 1230//949 1233//2705
f 1232//951 1235//2709 1835//2706
f 1234//1967 1836//2710 1835//2706
f 1234//1967 575//950 1836//2711
f 1837//2712 576//954 1234//1967
f 1235//2709 426//591 1838//1968
f 1839//2713 1237//598 576//954
f 1839//2714 576//954 1837//2712
f 1841//953 1840//2715 1838//1968
f 1839//2714 1840//2716 1238//2717
f 1238//2718 1840//2719 1841//953
f 1238//2720 1236//2720 1839//2720
f 1236//1969 1237//598 1839//2713
f 774//1338 1238//2718 1841//953
f 1238//2721 1239//2721 1236//2722
f 1239//2723 1842//955 1236//1969
f 774//2724 1239//2723 1238//2725
f 1843//1973 1239//2723 774//2724
f 1240//1970 1842//955 1239//2723
f 1240//1970 1239//2723 1843//1973
f 775//1339 578//957 1846//2726
f 1845//1972 1846//2726 1847//1975
f 1846//2726 578//957 777//2727
f 1847//1975 1846//2726 777//2727
f 1847//1975 1848//2728 1241//959
f 777//2727 578//957 428//605
f 1848//2728 1847//1975 777//2727
f 1848//2728 777//2727 1849//2729
f 1848//2728 1851//2730 579//960
f 1851//2730 1848//2728 1849//2729
f 1851//2730 1849//2729 1852//2731
f 1850//2732 1849//2729 428//605
f 579//960 1851//2730 432//961
f 431//604 1850//2732 428//605
f 1851//2730 1852//2731 1853//2733
f 1851//2730 1853//2733 432//961
f 1852//2731 1849//2729 1850//2732
f 1853//2733 1855//1976 432//961
f 1852//2731 1854//2734 1855//1976
f 1853//2733 1852//2731 1855//1976
f 1854//2734 1852//2731 1850//2732
f 1850//2732 1856//2735 1854//2734
f 1856//2735 1850//2732 431//604
f 1856//2735 1858//2736 1854//2734
f 1855//1976 1854//2734 1860//2737
f 1860//2737 1854//2734 1858//2736
f 1856//2735 431//604 1857//2738
f 1855//1976 1860//2737 778//612
f 1857//2738 431//604 430//601
f 1858//2736 1856//2735 1857//2738
f 1858//2736 1859//2739 1860//2737
f 1858//2736 1861//2740 1859//2739
f 778//612 1860//2737 1863//2741
f 1861//2740 1858//2736 1857//2738
f 1863//2741 1860//2737 1859//2739
f 1861//2740 1857//2738 1862//2742
f 1861//2740 1862//2742 1866//2743
f 1861//2740 1866//2743 1859//2739
f 1862//2742 1857//2738 430//601
f 1863//2741 1859//2739 1866//2743
f 1862//2742 430//601 1864//2744
f 1862//2742 1865//2745 1866//2743
f 1865//2745 1862//2742 1864//2744
f 1863//2741 1866//2743 779//609
f 1864//2744 427//603 1867//2746
f 1866//2743 1865//2745 1868//2747
f 1867//2746 427//603 435//616
f 1865//2745 1864//2744 1867//2746
f 779//609 1866//2743 1868//2747
f 1869//2748 1865//2745 1867//2746
f 1868//2747 1865//2745 1869//2748
f 1868//2747 1869//2748 1870//2749
f 1868//2747 1870//2749 1872//610
f 779//609 1868//2747 1872//610
f 1867//2746 435//616 1871//2750
f 1867//2746 1871//2750 1869//2748
f 1874//2751 1869//2748 1871//2750
f 1870//2749 1869//2748 1874//2751
f 434//615 1871//2750 435//616
f 1870//2749 1874//2751 1875//2752
f 1872//610 1870//2749 1875//2752
f 1871//2750 434//615 1873//2753
f 1874//2751 1871//2750 1873//2753
f 434//615 1242//1977 1873//2753
f 1875//2752 1874//2751 1876//2754
f 1875//2752 1876//2754 580//608
f 1876//2754 1874//2751 1873//2753
f 1873//2753 1242//1977 1877//2755
f 1876//2754 1873//2753 1877//2755
f 580//608 1876//2754 581//962
f 581//962 1876//2754 1877//2755
f 1242//1977 1879//2756 1878//2757
f 1879//2756 1242//1977 433//614
f 1242//1977 1878//2757 1877//2755
f 1880//1341 581//962 1877//2755
f 1880//1341 582//964 581//2758
f 1880//1341 1877//2755 1878//2757
f 1243//1342 1878//2757 1879//2756
f 1880//1341 1878//2757 1243//1342
f 583//965 1879//2756 433//614
f 1243//1342 1879//2756 1881//1978
f 1882//1982 1879//2756 583//965
f 1882//1982 1881//1978 1879//2756
f 780//1340 1243//1342 1881//1978
f 1882//1982 2097//1980 1881//1978
f 2097//1980 1245//1981 1244//1983
f 584//625 1883//1979 1247//967
f 1244//1983 1245//1981 1246//1984
f 1244//1983 1247//967 1883//1979
f 438//970 1246//1985 1245//2759
f 1247//967 1246//1984 1249//968
f 1248//1986 585//969 1250//1989
f 1251//1991 1884//1990 1249//1987
f 1252//2760 1253//1993 1251//1991
f 1253//1993 1884//1990 1251//1991
f 1254//2761 1253//1993 1252//2760
f 1255//2762 1254//2761 1252//2760
f 1255//2763 1252//1343 436//622
f 1253//1993 1254//2761 1257//1992
f 1258//1998 1254//2761 1255//2762
f 1257//1992 1254//2761 1259//1996
f 1255//2763 436//622 587//973
f 1258//1998 1255//2762 587//973
f 1258//2764 1260//2765 1259//2766
f 1259//1996 441//629 781//971
f 1259//2766 1262//2767 441//629
f 1259//2766 1260//2765 1262//2767
f 1263//2768 1262//2769 1886//1999
f 1886//1999 1261//1997 1885//2004
f 1262//2770 1263//2771 1264//2772
f 441//629 1262//2767 1264//2773
f 1265//2774 1263//2768 1885//2004
f 1265//2774 1264//2772 1263//2771
f 1267//2775 1265//2774 1885//2004
f 783//2005 1264//2772 1265//2774
f 1267//2775 1885//2004 1266//2776
f 1267//2775 1887//2777 1265//2774
f 2098//2778 1266//2776 782//2779
f 1268//2780 783//2005 1887//2777
f 1268//2780 439//630 783//2005
f 1271//2781 439//630 1268//2780
f 1889//2782 782//2779 1269//2783
f 1891//2784 1889//2782 1269//2006
f 1892//2785 1891//2784 1273//2008
f 1273//2008 1272//1345 590//976
f 1273//2008 1893//2786 1892//2785
f 785//2787 1274//2007 1276//2010
f 1896//2009 1274//2007 1275//2011
f 1276//2010 786//979 785//2787
f 1895//2788 1894//1347 1896//2009
f 1894//1347 1895//2788 1898//1348
f 787//1346 1277//980 1894//1347
f 593//982 1897//2789 588//978
f 1897//2789 1279//2013 1898//1348
f 1279//2013 593//982 592//981
f 1279//2013 592//981 790//1350
f 1900//2015 1280//2014 1899//2016
f 1901//2790 1282//2791 1900//2015
f 1905//1351 1282//2791 1901//2792
f 1902//2793 1900//2793 1899//2793
f 1901//2792 1900//2794 1902//2795
f 1904//2020 1905//1351 1901//2792
f 1284//2018 1904//2020 1902//2795
f 1284//2796 1903//2017 594//984
f 1905//1351 1904//2020 1287//1352
f 1289//2797 1285//2019 1284//2018
f 1289//2797 1284//2796 594//984
f 1285//2019 1289//2797 1288//2798
f 1291//2799 1289//2797 1286//986
f 1287//1352 1285//2019 1288//2798
f 1288//2798 1906//1353 1287//1352
f 1290//995 1291//2799 1286//986
f 1288//2798 1289//2797 1291//2799
f 1906//1353 1288//2798 1907//2800
f 2099//2801 1288//2802 1908//2803
f 1907//2800 1288//2798 2099//2804
f 1907//2800 1292//1354 1906//1353
f 2099//2804 1292//2805 1907//2800
f 1909//2806 1290//995 1910//2021
f 2099//2801 1909//2806 1911//2807
f 1911//2807 1912//2808 1292//2805
f 1913//2809 1911//2807 1910//2021
f 599//999 1292//1354 1912//2810
f 597//991 1915//2811 598//992
f 1916//2812 1913//2809 1915//2811
f 1915//2811 597//991 1916//2812
f 1920//2027 1921//1356 1914//2813
f 442//2814 597//996 444//641
f 601//1360 1921//1356 1920//2027
f 443//2815 1293//2022 442//2024
f 1293//2022 443//2815 1294//1359
f 1295//1358 1299//2030 1296//1361
f 1298//1362 1296//1361 1299//2030
f 602//2028 1299//2030 443//2815
f 1298//1362 600//1000 1296//1361
f 1301//2029 1304//1005 1298//1362
f 1304//1005 1301//2029 1306//1363
f 1301//2029 1922//2816 1306//1363
f 1307//2038 1305//2033 446//644
f 1925//2037 1305//2033 1307//2038
f 1307//2038 446//644 445//643
f 1310//2039 445//643 1311//1368
f 1308//2040 792//1365 1927//1004
f 1311//1368 445//643 448//647
f 1310//2039 1312//1367 1309//2041
f 1311//1368 1312//1367 1310//2039
f 1313//1370 1308//2040 1309//2041
f 1308//2040 1313//1370 792//1365
f 1313//1370 1309//2041 1312//1367
f 1315//1376 604//1007 798//1372
f 797//1371 799//1374 1928//2817
f 1928//2817 1314//2042 797//1371
f 799//1374 1316//2818 1928//2817
f 1316//2818 799//1374 800//650
f 1928//2817 1929//2819 1314//2042
f 1314//2042 606//1011 1315//1376
f 1929//2819 801//1377 1314//2042
f 1316//2818 1929//2819 1928//2817
f 801//1377 606//1011 1314//2042
f 1318//2820 1316//2043 449//649
f 1318//2048 449//1009 605//1008
f 1316//2818 1317//2047 1929//2819
f 801//1377 1929//2819 1319//2821
f 1319//2046 1929//2822 1317//2047
f 605//1008 1321//1379 1318//2048
f 811//1385 810//2051 608//1383
f 453//657 810//2051 1326//1388
f 813//1389 612//1391 814//1393
f 1327//2061 616//1402 821//1400
f 824//1405 823//2062 1930//1407
f 824//1405 1930//1407 1332//1408
f 826//1023 1333//1411 827//1410
f 623//1414 460//1024 827//1410
f 459//1026 622//1031 830//1416
f 626//1420 462//1033 625//1034
f 840//1425 631//1424 841//1050
f 475//674 642//1058 641//675
f 856//2068 854//1446 643//1443
f 858//2823 856//2068 857//1445
f 1339//2067 856//2068 858//2823
f 858//2823 857//1445 859//1454
f 1340//1059 855//1447 1338//1458
f 859//1454 860//2824 858//2823
f 645//1456 860//2824 859//1454
f 1342//2071 1932//2069 860//2824
f 1342//2071 861//2825 1933//1459
f 1933//1459 864//2073 1342//2071
f 864//2073 1343//2072 1342//2071
f 866//1468 1344//2079 1934//2077
f 1344//2079 1346//2075 1345//2074
f 1349//2826 1346//2075 1344//2079
f 1350//2827 1349//2826 1344//2079
f 866//1468 1350//2080 1344//2079
f 1348//2828 1346//2075 1349//2826
f 1348//2828 653//1471 1347//1470
f 1349//2826 1935//2082 1348//2828
f 1935//2082 1349//2826 1350//2080
f 867//2085 868//2081 1350//2080
f 1936//1472 869//1473 1353//2083
f 342//415 1351//414 867//2085
f 1354//2829 867//2085 1351//414
f 1359//1475 1936//1472 1355//2088
f 1357//2098 1354//2829 1351//414
f 1357//2098 1351//414 1358//2099
f 1356//2090 870//1479 1359//1475
f 1356//2090 871//1480 870//1479
f 1360//2101 1358//2094 345//418
f 345//418 1358//2094 343//419
f 1361//1478 871//1480 1357//2091
f 1360//2101 1361//1478 1357//2091
f 345//418 647//2102 1360//2101
f 1360//2101 1362//2100 1361//1478
f 1363//2830 1361//1478 1362//2100
f 649//1481 1361//1478 1363//2830
f 647//2102 1937//2831 1362//2100
f 648//678 1938//2832 647//2102
f 872//1485 1938//2832 648//678
f 1364//1483 1937//2831 1938//2832
f 874//1486 1364//1483 1366//2104
f 874//1486 1365//1484 1364//1483
f 1367//1490 873//2103 476//1062
f 877//1493 650//1487 875//2105
f 1367//1490 476//1062 1371//1061
f 875//2105 1370//1492 1369//2107
f 880//2109 1371//1061 477//1500
f 878//1498 876//2106 880//2109
f 878//1498 882//2111 1373//1501
f 1373//1501 882//2111 1375//2113
f 1375//2113 882//2833 883//2112
f 1375//2113 1376//2834 1373//1501
f 1374//1503 884//1504 883//2112
f 883//2112 884//1504 1377//2114
f 478//1070 884//1504 1374//1503
f 1377//2114 1376//2834 1375//2113
f 1377//2118 886//2120 1376//2835
f 654//2116 886//2115 887//2836
f 479//685 480//687 884//1504
f 1377//2114 888//1509 885//2123
f 890//2837 887//2837 885//2837
f 1378//2838 890//2838 885//2838
f 1378//1510 891//428 890//1506
f 899//1520 897//1519 656//1073
f 903//1530 1381//1533 658//1527
f 905//1532 906//691 1381//1533
f 1382//1074 904//1531 484//692
f 904//1531 1382//1074 907//1534
f 1383//1537 906//691 905//1532
f 905//1532 1384//2839 1383//1537
f 907//1534 1384//2132 905//1532
f 1939//2137 1386//2134 1387//1076
f 357//694 1939//2137 1388//2138
f 1387//1076 1388//2138 1939//2137
f 1388//2138 1387//1076 1389//2840
f 1388//2138 1389//2840 1390//2140
f 1388//2138 1390//2140 356//437
f 1389//2840 659//1075 1392//2144
f 1392//2144 659//1075 1391//2139
f 1390//2140 1389//2840 1393//2141
f 1392//2144 1393//2141 1389//2840
f 909//1538 354//438 1393//2141
f 911//1540 1396//2146 485//700
f 912//1539 1399//1546 911//1540
f 1398//1541 914//702 359//441
f 915//2153 913//2841 1399//2842
f 915//2153 916//1549 913//2841
f 662//1543 915//1545 661//1544
f 915//2843 662//2844 917//2154
f 917//2154 662//2844 489//705
f 488//703 916//1549 663//1551
f 924//709 922//1554 927//1088
f 493//1085 1401//2159 932//1086
f 1402//1562 1940//2160 1943//2161
f 363//448 1402//1562 1941//2162
f 1943//2845 1941//2162 1402//1562
f 1942//2163 1941//2162 1943//2846
f 1942//2163 1943//2846 1404//2847
f 1404//2847 1944//2165 934//1563
f 1404//2848 1405//2849 1944//2850
f 1405//2851 1404//2164 1407//1092
f 1944//2850 1405//2849 1406//2852
f 937//1564 362//2853 1944//2167
f 1406//2852 936//2166 1944//2850
f 935//2169 1945//2854 1406//2852
f 939//1565 935//2169 1407//1092
f 935//2169 938//2855 1945//2854
f 1410//2175 365//450 940//1566
f 1410//2175 364//449 365//450
f 1410//2175 945//1570 364//449
f 944//2178 945//1570 1409//2170
f 364//449 945//1570 667//713
f 944//2178 943//2177 946//2180
f 949//1574 947//1571 946//2180
f 1411//1578 952//1575 951//1577
f 1413//723 1415//2191 1412//2188
f 1412//2188 1417//1580 1414//726
f 1412//2188 1415//2191 1417//1580
f 1414//726 1417//1580 670//727
f 366//458 955//2192 1416//1097
f 1420//2856 954//1579 955//2192
f 1418//2193 955//2192 366//458
f 1420//2856 671//731 954//1579
f 1420//2856 1418//2193 1422//2857
f 1422//2857 1418//2193 1421//2858
f 956//2195 671//731 1420//2856
f 1420//2856 1422//2857 956//2195
f 1421//2194 1423//729 672//1102
f 1424//2196 1422//2857 672//2859
f 674//1104 1426//2198 1425//1098
f 1428//2203 1427//2860 674//1104
f 1948//1589 965//1588 1947//1584
f 1948//1589 1947//1584 1946//2206
f 497//735 968//737 1948//1589
f 974//2218 1950//1601 1431//2216
f 1433//2861 974//2218 1431//2862
f 1433//2861 498//741 974//2218
f 1437//1603 1434//2863 1436//2864
f 2100//1607 1438//2865 1436//2220
f 1437//1603 1436//2864 1438//2223
f 1438//2865 2100//1607 679//2866
f 679//2222 1442//2225 1438//2867
f 1441//2224 679//2222 500//1606
f 1442//2868 1439//1114 1438//2223
f 1446//2237 373//470 1448//2238
f 1444//2229 680//2869 1439//1114
f 1447//1612 1448//2238 682//1610
f 1952//2235 1447//1612 680//2236
f 1448//2238 975//469 682//1610
f 683//1618 1953//1611 682//1610
f 683//1618 682//1610 975//469
f 975//469 375//468 683//1618
f 375//468 1955//2240 1954//1619
f 1955//2240 1451//2870 1954//1619
f 1956//2871 1450//1620 1954//1619
f 1956//2241 1954//1619 1451//2870
f 1956//2241 684//2243 1450//2872
f 1451//2870 1452//2242 1956//2241
f 1454//2247 1452//2242 1451//2870
f 1453//2244 1454//2247 1451//2870
f 1454//2247 1957//2252 1452//2242
f 1957//2252 685//2256 978//1623
f 685//2256 1957//2252 1457//2253
f 686//1119 1459//1118 1455//2245
f 1456//2249 1455//2245 1458//2255
f 979//2873 1457//2253 1456//2254
f 1958//1630 1456//2249 1458//2255
f 1958//1630 979//1627 1456//2249
f 688//1631 1958//1630 1458//2255
f 688//1632 1458//2255 1459//1118
f 980//1633 1459//1118 687//1629
f 690//1123 987//1644 985//1121
f 502//2874 986//1645 987//1644
f 502//747 501//746 992//2261
f 502//2874 992//2260 986//1645
f 994//1655 996//1124 995//1657
f 999//1125 997//1662 996//1124
f 1000//2265 999//1125 503//750
f 503//750 1006//1129 1000//2265
f 1005//2267 1003//1663 1006//1129
f 1003//1663 1007//2270 1461//2266
f 1012//1666 1009//2269 1465//1667
f 380//480 1009//2269 1012//1666
f 1010//1665 1466//2272 1011//2271
f 380//480 1012//1666 1467//755
f 1468//2276 1011//2271 1466//2272
f 1469//2275 1468//2276 1014//1670
f 692//759 1474//2283 1018//1673
f 1020//1677 1475//2284 505//757
f 1476//2286 1473//2285 1474//2283
f 506//758 1476//2286 1474//2283
f 1477//1131 505//757 1475//2284
f 507//762 1477//1131 1480//2287
f 1022//2875 1478//2288 1959//2289
f 1021//2290 1022//2875 1959//2289
f 1481//2291 1022//2875 1024//2292
f 1023//2293 510//767 695//1139
f 1482//2295 1025//1137 1024//2292
f 1482//2295 693//1132 1025//1137
f 693//1132 1482//2295 697//1681
f 1029//1684 697//1681 1028//1685
f 1030//1686 1028//1685 1027//1682
f 509//1683 1030//1686 1027//1682
f 1029//1684 1483//2298 697//1681
f 1030//1686 1483//2298 1029//1684
f 1483//2298 1030//1686 509//1683
f 1483//2298 509//1683 696//2876
f 1031//1689 1483//2298 1484//2299
f 1032//1690 1031//1689 1484//2299
f 1484//2299 696//2301 1485//2877
f 1484//2299 1485//2877 1032//1690
f 1032//1690 1487//2306 1033//2308
f 1486//2303 1961//1143 698//1142
f 1487//2878 1486//2303 698//2879
f 1033//2308 1487//2306 1034//2305
f 1489//2309 1488//2307 1034//2305
f 700//1146 1489//2309 1034//2305
f 1489//2309 1035//1692 1488//2307
f 1490//2313 1489//2309 1037//2310
f 1036//1693 1489//2309 1490//2313
f 1037//2310 701//2311 1038//2880
f 508//775 1036//1693 1039//2317
f 1491//2320 1038//2319 1492//2323
f 1492//2323 701//2311 1041//2324
f 1039//2321 1491//2320 513//776
f 1493//2322 1041//2324 1043//2327
f 1493//2322 1043//2327 1494//2325
f 1043//1699 702//1695 1962//1701
f 1042//1700 1044//2329 512//773
f 1494//2325 1044//2329 1042//1700
f 1045//2333 1044//2329 1496//2881
f 1495//2882 1046//2883 1496//2884
f 1046//2885 1497//2885 1496//2885
f 1046//2332 1498//2886 1497//2887
f 1498//2334 1045//2333 1497//2888
f 512//773 1045//2333 1505//488
f 1498//2886 1046//2332 1501//1707
f 1046//2332 381//1708 1501//1707
f 1498//2334 1501//1704 1499//2336
f 1499//2336 1500//1711 1498//2334
f 1502//2889 1500//2889 1499//2889
f 1502//2890 1503//2891 1500//1711
f 1048//1710 1500//1711 1503//2891
f 1048//1710 1503//2892 1506//2893
f 1502//2335 1047//1706 1507//2894
f 1502//2895 1507//2895 1506//2895
f 1047//1706 1504//1705 1507//2896
f 1506//2893 1507//2897 1508//2338
f 1507//2898 1510//2342 1513//2343
f 1509//2899 1508//2899 1507//2899
f 1512//2900 1511//489 1508//2338
f 1514//2344 1509//2345 1513//2343
f 1509//2345 1049//1713 1512//2901
f 1049//1713 1511//1712 1512//2901
f 1516//2346 1051//1714 1515//1716
f 1517//1155 1054//487 1516//2346
f 1058//2902 1059//2349 1520//2903
f 1059//2349 1058//2902 384//782
f 1057//1156 1518//2904 1519//781
f 1518//2350 1057//1156 1520//2348
f 1522//2354 1521//2353 1518//2904
f 1519//781 1518//2904 1521//2353
f 1522//2905 1520//2903 1059//2349
f 1521//2352 514//500 1519//781
f 1059//2349 515//784 1522//2905
f 1525//2356 1524//2357 1526//1721
f 1060//1719 1527//2358 1526//1721
f 1529//1720 1527//2358 1060//1719
f 1532//2363 1534//2367 1530//2906
f 1535//2368 1538//789 1536//2366
f 1539//1728 1538//789 1535//2368
f 1542//1733 1063//791 1541//2370
f 1542//1729 1541//2907 1062//1730
f 1065//795 1063//791 1542//1733
f 1964//2377 1066//2375 1963//2374
f 1543//1736 1066//2375 1964//2377
f 1070//1743 710//1169 1545//1171
f 1546//1742 1548//2383 1547//805
f 711//1173 1547//805 1548//2383
f 1548//2382 1070//2381 1074//2908
f 1073//2386 1548//2909 1074//2387
f 1548//2383 1073//1746 711//1173
f 1074//2910 1549//2910 1077//2910
f 1075//517 711//1173 1078//1745
f 1549//2384 712//1749 1077//1748
f 712//1174 1076//510 1081//2388
f 712//1751 1081//2388 1080//1750
f 1080//1750 1081//2388 1083//1752
f 1084//1753 1081//2388 390//509
f 1089//1758 713//2391 1550//2394
f 1556//2401 1552//2398 1555//1182
f 1556//2911 1553//2397 1552//2398
f 522//515 1554//2395 1558//1763
f 1558//1763 1554//1761 1557//2400
f 1560//2912 1556//2401 1555//1182
f 1560//2912 1557//2400 1556//2401
f 1557//2913 1560//2402 1562//2406
f 1562//2406 1560//2402 1561//2403
f 1557//2400 1966//1764 1558//1763
f 715//1185 1564//2409 1561//2403
f 1966//2405 1557//2913 1562//2406
f 1564//2409 715//1185 1094//1769
f 1563//2404 1562//2406 1561//2403
f 1561//2914 1565//2914 1563//2914
f 1565//2915 1561//2403 1564//2409
f 1565//2408 393//1771 1563//2404
f 1094//1769 1567//2407 1564//2409
f 1095//1772 393//1771 1565//2408
f 1565//2408 1567//2407 1568//2411
f 1565//2408 1568//2411 1095//1772
f 1567//2407 1566//2410 1569//2916
f 1096//1765 1569//2916 1566//2410
f 1570//2917 1568//2411 1569//2412
f 394//1775 1095//1772 1568//2411
f 1570//2917 394//1775 1568//2411
f 1096//1765 1571//2918 1569//2916
f 1571//2919 1570//2917 1569//2412
f 1570//2917 1572//2414 394//1775
f 1096//1765 716//1766 1571//2918
f 1572//2414 1570//2917 1571//2919
f 1572//2414 1571//2919 1574//2920
f 1573//2413 1574//2920 1571//2921
f 1573//2413 1571//2918 716//1766
f 1967//2922 1572//2414 1574//2920
f 1968//2415 1967//2922 1575//1189
f 1576//2416 1577//1773 1967//2922
f 1968//2415 1576//2416 1967//2922
f 1576//2416 1968//2415 1578//1778
f 1576//2416 1580//1777 1579//1774
f 1580//1777 1576//2416 1578//1778
f 1578//1778 1581//2417 1583//1776
f 1580//1777 1582//1190 1097//1192
f 1581//2417 1969//2923 1583//1776
f 1969//2923 1581//2417 523//1188
f 1969//2923 523//1188 1584//1197
f 1584//1197 1587//2418 1969//2923
f 1586//2924 1969//2923 1587//2418
f 1589//1194 1582//1190 1585//2925
f 1588//2926 1589//1194 1585//2925
f 1970//2927 1588//2419 717//1196
f 1588//2926 525//1195 1589//1194
f 1591//2423 717//1196 524//1198
f 525//816 1588//2928 1590//2424
f 1591//2929 1590//2420 1970//2422
f 1591//2929 1971//2427 1590//2420
f 1591//2423 1592//1779 1971//2425
f 1971//2427 526//1209 1590//2420
f 1593//2930 718//1199 720//1201
f 1595//1216 1593//2930 720//1201
f 1594//2931 719//1207 1100//1206
f 1593//2932 1596//2932 1594//2932
f 1596//2933 1593//2934 1595//1781
f 1596//2933 719//1207 1594//2935
f 1598//2936 1596//2933 1597//1782
f 1599//1205 719//1207 1598//2936
f 1602//2435 1600//1203 1601//2937
f 721//1212 1601//2937 1597//1782
f 1603//2436 1601//2937 721//1212
f 1601//2937 1603//2436 1602//2435
f 1604//2938 1602//2435 1603//2436
f 397//2434 1604//2938 1605//1786
f 397//2434 1602//2435 1604//2938
f 1607//1783 1603//2436 1972//1214
f 1607//1783 1972//1214 395//1213
f 1606//1787 1603//2436 1607//1783
f 1104//2437 722//1220 723//1217
f 1104//2437 1105//1788 1102//1789
f 723//1217 1107//1790 1104//2437
f 1111//1794 1108//1791 527//825
f 1111//2439 1110//2438 1108//1791
f 1114//1222 1608//1798 1113//1796
f 400//1224 1608//1798 1114//1222
f 400//1224 1609//2443 1608//1798
f 1608//1798 1609//2443 1610//1799
f 1611//1225 1609//2443 400//1224
f 1612//2442 1610//1799 1609//2443
f 1610//1799 1613//2446 398//531
f 1613//2446 1610//1799 1612//2442
f 1616//2441 1611//1801 1117//1800
f 1613//2446 1612//2442 1614//2444
f 1620//2445 1613//2446 1614//2444
f 1617//2448 1616//2441 1619//2449
f 1622//2451 1619//2449 1623//2450
f 1625//2453 1621//1804 1626//1805
f 1625//2453 1627//2454 1622//2451
f 1625//2453 1628//2455 1627//2454
f 1627//2454 1629//2457 1624//2452
f 1629//2457 1627//2454 1628//2455
f 1629//2457 404//2459 1624//2452
f 1628//2455 1118//1806 1629//2457
f 1630//2458 1118//1806 528//1228
f 399//1229 1119//2464 725//1227
f 1119//2464 1633//2461 725//1227
f 1633//2461 1636//2463 1632//2460
f 1636//2463 1633//2461 1119//2464
f 1634//1233 1636//2463 1635//1234
f 1638//2465 1636//2463 1119//2464
f 1119//2464 726//1230 1120//1809
f 1120//1809 1637//2466 1119//2464
f 1639//1811 1973//1810 1638//2465
f 1641//2468 727//828 1639//1811
f 1640//2467 1121//1231 1974//2939
f 1976//2471 1640//2467 1974//2939
f 1975//2469 1641//2468 1640//2467
f 1975//2469 1640//2467 1976//2471
f 1641//2468 1975//2469 402//538
f 1642//2472 1975//2469 1976//2471
f 728//1235 1976//2471 1974//2939
f 1643//2470 729//1236 1642//2472
f 1643//2470 728//1235 1122//2940
f 729//1236 1643//2470 1123//2474
f 1122//2940 1123//2474 1643//2470
f 1123//2474 1122//2940 1644//2941
f 1125//2942 1644//2941 1122//2940
f 730//834 1123//2474 1644//2941
f 730//834 1977//2943 530//835
f 1977//2944 1978//2475 1646//1813
f 1646//2945 530//835 1977//2943
f 530//1814 1646//1813 1648//1815
f 1127//2476 1128//1237 1979//1817
f 1649//1818 1980//2946 1650//2478
f 532//1239 1650//2478 1980//2946
f 1129//842 1649//1818 1130//2477
f 1650//2478 1651//2947 1130//2477
f 1652//1819 1130//2477 1651//2480
f 1651//2480 1650//2478 533//2479
f 534//845 1655//2481 533//846
f 1660//1245 536//1244 1659//2948
f 1661//2487 1659//2486 1658//2484
f 405//850 535//852 1661//2487
f 1981//2949 535//852 1133//546
f 1133//546 1666//1827 1664//2950
f 1674//2490 1672//1828 1671//2951
f 1670//2489 732//1252 1134//1251
f 1675//2491 406//1246 1673//1829
f 1134//1251 1679//2492 1676//2952
f 1134//1251 1677//1250 1679//2492
f 1678//1830 1675//2491 1984//2953
f 1987//2954 1985//2493 1986//2955
f 1986//2955 1135//1831 410//862
f 1986//2955 410//862 1137//2956
f 1986//2955 1680//2957 1987//2954
f 1680//2957 1138//551 1987//2958
f 1989//2959 1986//2955 1137//2956
f 1988//2960 1680//2957 1989//2959
f 1137//2956 410//862 541//861
f 1139//2961 1138//551 1680//2957
f 1139//2961 1680//2957 1988//2960
f 1989//2959 1137//2956 541//1832
f 1682//1834 1681//2962 541//1832
f 1992//2963 1990//2964 1681//2962
f 1992//2963 1681//2962 1682//1834
f 1991//2494 1992//2963 1682//1834
f 1990//2964 1993//2965 1139//2961
f 1141//864 1142//1836 1991//2494
f 1994//1838 1140//855 1143//2496
f 1142//1836 1685//2498 1684//2499
f 1688//2502 1685//2498 540//1254
f 1687//2500 1686//1839 1685//2498
f 1144//1840 1688//2502 540//1254
f 1692//2966 1995//2967 1689//2501
f 1693//2506 1694//2511 1145//1253
f 1997//2510 1693//2506 1147//2509
f 408//2508 733//1256 1147//2509
f 1997//2510 1146//2516 1694//2511
f 1146//2514 734//1264 1694//2511
f 1696//2512 1997//2510 733//1256
f 1698//2517 1699//2518 1700//2520
f 1998//2521 736//1268 1702//2522
f 736//1268 1703//2524 1702//2522
f 736//1268 737//1270 1703//2524
f 1706//2968 737//1270 1707//1851
f 1150//1848 1705//2525 1706//2968
f 1150//1848 1706//2968 1708//2969
f 1707//1851 542//1852 1709//2527
f 1711//2529 735//1849 1151//2526
f 542//1852 1713//2530 1710//2528
f 542//2970 1712//2971 1713//2972
f 1713//2530 1152//1854 1711//2529
f 1713//2972 1712//2971 1714//2973
f 1714//2537 1715//2536 1152//2974
f 1716//2534 1714//2531 739//1275
f 1717//2535 1714//2537 1716//2975
f 1717//2535 1153//1858 1715//1279
f 1716//2976 1718//2540 1719//2539
f 1718//1855 544//870 741//1857
f 1720//2977 1718//1855 741//1857
f 2000//2978 1153//1858 1719//2979
f 2000//1860 740//1277 1153//1858
f 2000//2978 1719//2979 1720//2980
f 1721//2541 1720//2977 741//1857
f 1721//2541 2000//2981 1720//2977
f 2000//2981 1721//2541 2001//2982
f 1722//1859 2003//1864 414//875
f 1725//2549 2002//2545 742//1861
f 742//1861 545//2542 1725//2549
f 1724//2547 2003//1864 2001//1862
f 2001//1862 742//1861 2002//2545
f 1724//2547 2001//1862 2002//2545
f 1154//2546 2002//2545 1725//2549
f 1154//2546 2004//1865 1156//2550
f 1157//1870 1724//2547 1154//2983
f 743//881 1726//2548 1724//2547
f 743//881 1724//2547 1157//1870
f 1155//1868 1727//2551 1156//2550
f 744//2984 1157//1870 1728//2552
f 2006//2985 1728//2552 1729//878
f 546//877 1730//2986 1729//878
f 2005//2987 744//2984 2006//2985
f 2008//2988 2007//2989 2006//2985
f 2010//2553 2008//2988 1730//2986
f 2007//2990 2005//2987 2006//2985
f 2009//2991 2005//2987 2007//2990
f 2009//2992 547//880 2005//1871
f 2007//2989 2008//2988 2011//2993
f 2011//2993 2008//2988 2012//2994
f 2009//2992 2007//2989 2011//2993
f 1731//2554 2012//2994 2010//2553
f 2011//2993 547//880 2009//2992
f 1731//2554 2013//2995 2012//2994
f 2013//2996 2011//2993 2012//2994
f 2014//2997 547//880 2011//2993
f 2013//2998 2014//2997 2011//2993
f 2015//2999 2014//3000 2013//3001
f 1731//885 409//887 1732//3002
f 412//883 547//880 2014//2997
f 2013//2995 1731//2554 2016//3003
f 2016//3004 1731//885 1732//3002
f 2015//2999 2013//3001 2016//3005
f 2015//2999 2019//1876 2014//3000
f 2019//1876 412//883 2014//2997
f 2016//3004 1732//3002 2017//1873
f 548//889 1732//3002 409//887
f 2015//2999 2016//3005 2018//3006
f 2018//1874 2016//3004 2017//1873
f 2015//2999 2018//1874 2019//1876
f 1159//1875 2019//1876 2018//1874
f 1159//1875 745//1281 2019//1876
f 1163//2561 413//1282 1160//1877
f 1163//2561 1162//1891 1734//1890
f 1164//1892 1161//1878 746//1884
f 1163//2561 1733//1893 413//1282
f 1736//1894 1733//1893 1163//2561
f 1165//1897 1736//1894 1737//2565
f 1741//2559 1740//2566 1166//2560
f 1165//1897 1739//2563 2020//2567
f 417//3007 2020//2567 2021//3008
f 1743//3009 417//3007 2021//3008
f 2021//3008 2022//1902 1743//3009
f 1743//3009 418//562 417//3007
f 1743//3009 2022//1902 2023//1904
f 2023//1904 418//562 1743//3009
f 2026//3010 2025//3011 2024//3012
f 1167//3013 2025//3011 2026//3010
f 1167//3013 2023//1904 2025//1903
f 2027//3014 2026//3010 2024//3012
f 418//562 2023//1904 2029//1907
f 2029//1907 2023//1904 1167//3013
f 2028//3015 2026//3010 2027//3014
f 2026//3010 2028//3015 1167//3013
f 2030//3016 1167//3013 2028//3015
f 1746//1909 747//1908 2031//3017
f 1747//3018 2031//3017 2032//3019
f 1746//1909 2031//3017 1747//3018
f 2035//2571 2033//3020 1169//2569
f 1747//3018 2036//1286 415//1285
f 2037//2573 2034//3021 2035//3022
f 2038//3023 2034//3021 2037//2573
f 2038//3023 2036//1286 2034//3021
f 2110//2574 2037//2573 2035//3022
f 2038//3023 2037//2573 2039//2572
f 2036//1286 2038//3023 2039//2572
f 1750//3024 1171//2584 750//1912
f 2044//2581 1172//2583 1751//3025
f 1751//2587 1172//2583 1750//3026
f 1173//1914 1752//2585 1750//3027
f 1753//3028 2046//2590 1752//2585
f 1173//1914 1756//1915 1753//3028
f 1174//2589 2045//2586 2046//2590
f 1759//3029 1757//2595 2050//3030
f 752//2596 1757//2595 1759//3029
f 752//3031 419//894 550//3032
f 752//3033 550//2594 1174//2589
f 2050//3030 2052//2599 1759//3029
f 2051//3034 2052//2599 2050//3030
f 752//2596 1759//3029 2052//3035
f 1175//1917 1760//1916 2053//3036
f 2052//2597 419//894 752//3031
f 2053//3036 1760//1916 1761//3037
f 1761//3037 2051//3034 2053//3036
f 2052//2599 2051//3034 1762//3038
f 1762//3038 2051//3034 1761//3037
f 2052//2599 1762//3038 1763//2598
f 1764//1919 1761//3037 1760//1916
f 1761//3037 1764//1919 1765//2600
f 1765//2600 1762//3038 1761//3037
f 1766//3039 1762//3038 1765//2600
f 1763//2598 1762//3038 1766//3039
f 1763//2598 1766//3039 551//895
f 1767//2601 1766//3039 1765//2600
f 1177//2603 1766//3039 1767//2601
f 1766//3039 1177//2603 551//895
f 1178//2604 1767//2601 754//2602
f 1178//1921 754//1294 553//900
f 1187//901 1183//2606 1769//1927
f 1188//1928 552//898 755//1296
f 554//902 1187//901 1769//1927
f 558//910 1770//1930 755//1296
f 1771//2607 1189//1929 755//1296
f 1773//2609 1190//2608 1771//2607
f 555//903 1190//2608 1773//2609
f 1774//2612 1770//3040 756//1300
f 1775//2610 1773//2609 1774//2611
f 1778//2613 1774//2612 756//1300
f 1774//2611 2054//3041 1775//2610
f 1777//2614 2054//3041 1774//3042
f 2054//3041 1191//905 1775//2610
f 1192//906 1191//905 2054//3041
f 1778//2613 2055//3043 1777//2614
f 1779//3044 1192//906 2054//3041
f 1778//2613 2057//3045 2055//3043
f 2055//3043 2057//3045 2056//3046
f 1192//906 1779//3044 1193//573
f 2057//3045 2058//2617 2056//3046
f 1194//1301 2058//2617 2057//3047
f 1194//1304 2057//3045 556//1299
f 2058//2617 1194//1301 2061//1931
f 2061//1931 1780//3048 2063//2615
f 2063//2615 1780//3048 2062//1932
f 2066//3049 1780//3048 2061//1931
f 2066//3049 2061//3050 757//1310
f 2064//3051 2062//1932 1780//3048
f 420//574 2062//1932 2065//1936
f 2064//3052 2065//1933 2062//3053
f 2066//3049 2064//3051 1780//3048
f 2067//3054 2064//3051 2066//3049
f 2067//3054 2068//1934 2064//3051
f 2065//1933 2064//3052 2068//1934
f 759//1309 2067//3054 757//1310
f 2068//1934 2069//3055 2070//1935
f 2071//2621 2069//3055 759//1309
f 2071//2621 2070//1935 2069//3055
f 1781//2620 2071//2621 2072//3056
f 2073//3057 1781//2620 2072//3056
f 1782//2623 1195//912 2070//913
f 2074//2624 1781//2620 2073//2625
f 2072//2619 758//1306 1783//2622
f 1783//3058 2073//3057 2072//3056
f 1782//2623 1784//2626 1195//912
f 2075//3059 2073//3057 1783//3058
f 2073//3060 2075//3061 1784//3062
f 561//1308 2075//3063 1783//2622
f 1785//3064 2076//1313 1784//3062
f 2075//3061 1196//1937 1785//3064
f 1785//3064 1196//1937 1787//3065
f 2077//2629 1785//3064 1787//2630
f 1786//3066 760//1316 1788//2628
f 1786//3067 1788//3068 1787//3065
f 1788//2628 763//1315 1790//2632
f 1789//2634 1198//1320 1787//3065
f 1793//2635 1790//2632 763//1315
f 1791//2633 1792//3069 1789//2634
f 1791//2633 1790//2632 1793//2635
f 1792//3069 1794//1940 1198//1320
f 1792//3069 1791//2633 1795//2636
f 1796//2641 1793//3070 2078//2642
f 2078//2638 1793//2635 560//1319
f 1795//2636 1794//1940 1792//3069
f 764//917 1797//1941 1799//2644
f 1798//2640 1799//2644 1797//1941
f 1800//1939 562//921 2079//2643
f 2079//2643 2080//2646 1798//2640
f 2080//2646 1799//2644 1798//2640
f 2079//2643 562//921 1801//3071
f 1802//3072 2080//2646 2079//2643
f 1802//3072 2079//2643 1801//3071
f 1802//3072 565//928 2080//2646
f 2084//2647 1801//3071 562//921
f 2081//3073 1801//3071 2084//3074
f 2082//2648 2081//3073 2083//3075
f 2083//3075 2081//3073 2084//3074
f 563//932 2084//2647 557//923
f 2083//3075 564//924 2082//2648
f 2084//2647 2085//1942 2083//3075
f 2085//1942 2084//2647 563//932
f 564//924 2083//3075 2086//1945
f 2086//1945 2083//3075 2085//1942
f 765//1943 564//924 2086//1945
f 566//1321 1803//1948 1199//1322
f 1204//1950 567//929 1201//1947
f 1204//1950 1201//1947 1202//1946
f 766//1324 1203//1949 568//931
f 1206//2649 1203//1949 1804//2650
f 767//2652 1207//1953 1804//2651
f 1207//1953 1805//2653 1209//1952
f 1209//1952 1806//2654 768//1954
f 571//1323 769//1329 1808//2656
f 1806//2654 569//936 421//584
f 769//1326 771//1328 1808//2657
f 1808//2657 2087//3076 1807//2655
f 2088//3077 2087//3078 771//3079
f 2088//3077 771//3079 1210//3080
f 2088//3077 2090//3081 2089//3082
f 1210//3080 2090//3083 2088//3077
f 1809//2659 423//2662 2090//2660
f 1210//3080 2091//3084 2090//3083
f 770//3085 2091//3084 1210//3080
f 2092//3086 1810//3087 2091//3084
f 1812//2664 2092//3086 770//3085
f 1810//3087 2092//3086 1813//2666
f 1811//2668 1211//580 1810//3087
f 1813//2666 1811//2668 1810//3087
f 1816//3088 1811//2668 1813//2666
f 1815//581 1211//580 1811//2668
f 2094//2667 1816//2665 1812//2664
f 2094//2667 1814//1956 2093//1958
f 2093//1958 1818//3089 2094//2667
f 1817//2669 2094//2667 1818//3089
f 1213//1960 1821//2673 1818//3089
f 1819//2671 1817//2669 1818//3089
f 1821//2673 1819//2671 1818//3089
f 1821//2673 1213//1960 570//1959
f 1819//2671 2095//2672 1820//938
f 2095//2672 572//589 1820//938
f 570//1959 1823//2674 1821//2673
f 570//1334 1822//1333 1823//3090
f 1823//3091 772//1337 1214//2680
f 772//1337 1823//3090 1822//1333
f 1217//1962 1218//1965 1827//2685
f 1825//2686 574//1336 1828//2689
f 1219//2687 1221//2691 1220//943
f 1828//2689 1221//2691 1219//2687
f 1224//3092 1225//2696 1222//2694
f 1226//2698 1223//947 773//946
f 1224//3092 1830//2695 1829//2697
f 1829//2697 1225//2696 1224//3092
f 1830//2692 1223//947 1226//2698
f 1829//2697 1228//2700 1227//2699
f 1226//2698 1229//2702 1831//2703
f 1228//2700 1829//2697 1831//3093
f 1833//2704 1228//2700 1831//3093
f 1228//2700 1833//2704 1832//2701
f 1831//3093 1834//2708 1833//2704
f 1831//2703 1231//592 1834//2707
f 1835//2706 1836//2710 1834//2707
f 1233//2705 1834//2708 1836//2711
f 1233//2705 1836//2711 575//950
f 1234//1967 1835//2706 1235//2709
f 1235//2709 1232//951 426//591
f 1235//2709 1837//2712 1234//1967
f 1837//2712 1235//2709 1840//3094
f 1840//2715 1235//2709 1838//1968
f 1837//2712 1840//2716 1839//2714
f 429//952 1843//1973 774//1338
f 429//952 775//1339 1843//1973
f 1844//1974 1240//1970 1845//1972
f 1845//1972 775//1339 1846//2726
f 1848//2728 579//960 1241//959
f 1849//2729 777//2727 428//605
f 427//603 1864//2744 430//601
f 1863//2741 779//613 778//612
f 1875//2752 580//608 1872//610
f 780//1340 584//625 582//964
f 1883//1979 584//625 780//1340
f 1248//1986 1246//1985 585//969
f 1249//1987 1248//1986 1251//1991
f 1251//1991 1248//1986 1250//1989
f 1250//1989 437//620 1252//1343
f 1256//628 1884//1990 1257//1992
f 781//971 1256//628 1257//1992
f 1885//2004 1261//1997 587//973
f 1263//2768 1886//1999 1885//2004
f 441//629 1264//2773 440//627
f 1266//2776 1885//2004 586//972
f 1265//2774 1887//2777 783//2005
f 2098//2778 1267//2775 1266//2776
f 782//1344 1266//2776 586//972
f 1887//2777 1267//2775 2098//2778
f 1888//3095 1887//2777 2098//2778
f 1888//3095 1268//2780 1887//2777
f 1889//2782 2098//2778 782//2779
f 1890//3096 1888//3095 1889//2782
f 1268//2780 1888//3095 1271//3097
f 1270//3098 1888//3095 1890//3096
f 1889//2782 1891//2784 1890//3096
f 1890//3096 1891//2784 1270//3098
f 1271//2781 589//3099 439//630
f 589//975 1271//3097 1270//3098
f 1892//2785 1270//3098 1891//2784
f 1891//2784 1269//2006 1272//1345
f 589//975 1270//3098 1892//2785
f 1892//2785 1893//2786 589//975
f 784//632 589//975 1893//2786
f 1893//2786 785//2787 786//979
f 1275//2011 1895//2788 1896//2009
f 1897//2789 1898//1348 1895//2788
f 1898//1348 1278//2012 789//1349
f 1279//2013 1278//2012 1898//1348
f 790//1350 1280//2014 1279//2013
f 1281//639 1900//2015 1282//2791
f 790//1350 1899//2016 1280//2014
f 595//987 1902//3100 1899//2016
f 1282//2791 1905//1351 1283//638
f 1903//2017 1902//3100 595//987
f 1903//2017 1284//2796 1902//3101
f 1904//2020 1901//2792 1902//2795
f 1286//986 1289//2797 594//984
f 1287//1352 1904//2020 1285//2019
f 1908//2803 1288//2802 1291//2799
f 1291//2799 1290//995 1909//2806
f 1909//2806 1908//2803 1291//2799
f 2099//2801 1908//2803 1909//2806
f 1915//2811 1910//2021 598//992
f 1910//2021 1915//2811 1913//2809
f 1911//2807 1913//2809 1912//2808
f 1912//2810 1914//2813 599//999
f 1914//2813 1919//998 599//999
f 1916//2812 1918//3102 1912//2808
f 1918//3103 1914//2813 1912//2810
f 597//991 1917//2026 1916//2812
f 1918//3104 1916//2812 1917//2026
f 1914//2813 1918//3103 1920//2027
f 1921//1356 1919//998 1914//2813
f 1918//3105 1917//2023 1293//2022
f 1920//2027 1918//3106 1293//2022
f 1920//2027 1293//2022 1294//1359
f 1297//1357 1294//1359 443//2815
f 443//2815 442//2024 602//2028
f 442//2814 444//641 602//2028
f 1295//1358 1297//1357 1299//2030
f 1297//1357 443//2815 1299//2030
f 1299//2030 1303//2032 1301//2029
f 1301//2029 1303//2032 1922//3107
f 1303//2032 1302//2031 1923//3108
f 1302//2031 603//640 1923//3109
f 1922//3107 1303//2032 1923//2034
f 1305//2033 603//645 446//644
f 1924//2036 1306//1363 1922//2816
f 1923//2034 1924//2036 1922//3107
f 1923//2034 1305//2033 1925//2037
f 1924//2036 1923//2034 1925//2037
f 1924//2036 791//1364 1306//1363
f 1926//2035 1924//2036 1925//2037
f 1925//2037 1309//2041 1926//2035
f 1926//2035 1927//1004 791//1364
f 445//643 1310//2039 1307//2038
f 1309//2041 1925//2037 1310//2039
f 1308//2040 1927//1004 1926//2035
f 1318//2048 1317//2047 1316//2818
f 191//264 846//413 341//410
f 849//1431 473//671 474//672
f 855//1447 642//1058 854//1446
f 856//2068 1931//3110 854//1446
f 857//1445 856//2068 643//1443
f 1338//1458 1931//3110 856//2068
f 644//2070 1338//1458 1339//2067
f 860//2824 1339//2067 858//2823
f 1339//2067 860//2824 644//2070
f 860//2824 645//1460 861//2825
f 1341//1457 644//2070 862//1463
f 644//2070 860//2824 1932//2069
f 1342//2071 860//2824 861//2825
f 645//1460 1933//1459 861//2825
f 862//1463 1932//2069 863//1464
f 863//1464 1932//2069 1342//2071
f 864//2073 1933//1459 865//1461
f 1348//2828 1347//1470 1346//2075
f 869//1473 653//1471 1348//2828
f 869//1473 1348//3111 1935//2082
f 869//1473 1935//2082 868//2081
f 1356//2090 1359//1475 1355//2088
f 1938//2832 1366//2104 1364//1483
f 880//2109 876//2106 1371//1061
f 879//1497 876//2106 878//1498
f 1369//2107 879//2108 651//1066
f 907//1534 1382//1074 1385//2133
f 1387//1076 1385//2133 487//697
f 659//1075 1389//2840 1387//1076
f 1391//2139 1394//2145 1392//2144
f 1394//2147 1391//2139 660//1077
f 1393//2141 1392//2144 1395//3112
f 1404//2847 934//1563 1942//2163
f 1405//2849 935//2169 1406//2852
f 936//2166 1406//2852 1945//1567
f 938//2855 935//2169 1408//2168
f 938//2855 1408//2168 941//2173
f 941//2173 1945//2854 938//2855
f 365//450 1945//1567 940//1566
f 956//2195 1422//2857 1424//2196
f 672//3113 1422//2857 1421//2858
f 1428//2203 674//1104 957//2197
f 960//2205 368//738 1946//2206
f 497//735 1948//1589 1946//2206
f 1431//2216 1430//2215 1949//2210
f 1431//2216 1950//1601 1430//2215
f 1433//2861 1431//2217 498//741
f 1950//1601 1434//1598 1432//1597
f 2100//1607 1435//2219 1951//1608
f 1445//2230 1443//3114 1441//2224
f 1447//1612 1446//2237 1448//2238
f 680//2236 1447//1612 1953//3115
f 375//468 1954//1619 683//1618
f 978//1623 684//1625 1452//2242
f 977//1621 1451//2870 1955//2240
f 1453//2244 1451//2870 977//1621
f 691//1641 378//474 502//747
f 691//2258 502//2874 987//1644
f 985//1121 988//1643 989//1649
f 999//1125 1000//2265 997//1662
f 1006//1129 1003//1663 1000//2265
f 1007//2270 1003//1663 1005//2267
f 1004//1127 1461//2266 1007//2270
f 1007//2270 1005//2267 1462//1664
f 1007//2270 1464//2268 1004//1127
f 1463//479 1009//2269 380//480
f 1466//2272 1470//2273 1468//2276
f 1467//755 1012//1666 1469//2277
f 1474//2283 692//759 506//758
f 507//762 1480//2287 694//1136
f 1479//1679 1959//2289 1478//2288
f 1480//2287 1022//2875 1481//2291
f 1480//2287 1481//2291 694//1136
f 1022//2875 1023//2293 1024//2292
f 1027//1682 1028//1685 1960//2297
f 1487//2878 1485//2302 1486//2303
f 699//1145 1489//2309 700//1146
f 701//2315 1040//1694 1041//1696
f 1962//1701 1496//2328 1043//1699
f 1047//1706 1502//2335 1501//1704
f 1508//2338 1048//1710 1506//2893
f 1524//2357 1522//2905 1523//1158
f 1521//3116 1524//2357 1525//2356
f 1539//1728 706//1162 1540//790
f 1543//1736 1964//2377 1965//1737
f 1964//2377 709//1167 1965//1737
f 1964//2377 708//1168 709//1167
f 714//1181 1552//2398 1550//2392
f 1552//2398 714//1181 392//1180
f 1577//1773 1572//2414 1967//2922
f 1575//1189 1573//2413 391//1187
f 1575//1189 1967//2922 1573//2413
f 1580//1777 1097//3117 1579//1774
f 1583//1776 1586//2924 1582//1190
f 1585//2925 1582//1190 1586//2924
f 1585//2925 1587//2418 1588//2419
f 717//1196 1591//2423 1970//2927
f 1100//2431 1099//2430 1594//3118
f 1596//2933 1595//1781 1597//1782
f 1598//2936 719//1207 1596//2933
f 1599//1205 1598//2936 1600//1203
f 1597//1782 1601//2937 1598//2936
f 1606//1787 1604//2938 1603//2436
f 1605//1786 1604//2938 1606//1787
f 1631//2456 1632//2460 1634//1233
f 1638//2465 1119//2464 1637//2466
f 728//1235 1974//2939 1121//1231
f 1125//2942 1122//3119 1124//2473
f 1124//2473 529//839 1645//838
f 1125//2942 1124//2473 1978//2475
f 1977//2943 730//834 1644//2941
f 1977//2944 1644//2941 1125//2942
f 1978//2475 1977//2944 1125//2942
f 531//837 1647//1816 1646//1813
f 1646//1813 1647//1816 1648//1815
f 1980//2946 1979//1817 1128//1237
f 1980//2946 1649//1818 1979//1817
f 1980//2946 1128//1237 532//1239
f 1657//2483 1656//1825 1658//2484
f 1662//2488 1661//2487 1981//2949
f 1982//3120 1660//1245 1662//2488
f 1660//1245 1982//3120 1663//1243
f 1665//3121 1663//1243 1982//3120
f 1671//2951 1669//3122 1666//1827
f 1670//2489 1666//1827 731//545
f 1675//2491 1673//1829 1674//2490
f 1983//3123 1676//2952 1984//2953
f 1135//1831 1986//2955 1985//2493
f 1138//551 1136//553 1987//2958
f 1986//2955 1989//2959 1680//2957
f 1139//1835 537//857 1138//3124
f 541//1832 1681//2962 1989//2959
f 1989//2959 1990//2964 1988//2960
f 1988//2960 1990//2964 1139//2961
f 1990//2964 1989//2959 1681//2962
f 1992//2963 1993//2495 1990//2964
f 1993//2495 1140//855 1139//1835
f 1992//2963 1991//2494 1993//2495
f 1683//2497 1993//2495 1991//2494
f 1993//2495 1683//2497 1143//2496
f 1684//2499 1683//2497 1991//2494
f 1142//1836 540//1254 1685//2498
f 1994//1838 1683//2497 1686//1839
f 1688//2502 1687//2500 1685//2498
f 1688//2502 1689//2501 1687//2500
f 1689//2501 1691//2503 1687//2500
f 1690//1265 538//859 539//858
f 1995//2967 1691//2503 1689//2501
f 1692//2966 1689//2501 1144//1840
f 1691//2503 1995//2967 1996//2504
f 1692//2966 1144//1840 1145//1253
f 1995//2967 1694//2511 1996//2504
f 1997//2510 1695//2513 1146//2516
f 733//1256 543//1258 1696//2512
f 543//1258 1697//2515 1696//2512
f 1149//1843 1148//1850 1698//2517
f 1699//2518 738//2519 1700//2520
f 1999//1841 1149//1843 1700//2520
f 1998//2521 1700//2520 738//1272
f 1700//2520 1998//2521 1999//1841
f 1999//1841 1702//2522 1701//1842
f 1705//2525 1703//2524 1706//2968
f 1151//2526 1150//1848 1708//2969
f 1152//1854 735//1849 1711//2529
f 1716//2975 1719//2979 1717//2535
f 1717//2535 1719//2979 1153//1858
f 2001//1862 2003//1864 1722//1859
f 2004//1865 411//1867 1155//1868
f 1154//2983 1156//2550 1157//1870
f 1730//2986 2006//2985 1729//878
f 2008//2988 2006//2985 1730//2986
f 1732//3002 548//889 2017//1873
f 1735//2556 1164//1892 746//1884
f 1734//1890 1737//2565 1736//1894
f 1166//2560 1740//2566 1738//2562
f 1740//2566 1741//2559 1742//3125
f 2021//3008 2020//2567 1739//2563
f 1744//3126 1741//2559 2024//3012
f 1742//3127 2022//1902 2021//3008
f 1744//3126 2022//3128 1742//3125
f 2024//3012 2025//3011 1744//3126
f 2027//3014 2024//1900 751//1899
f 751//1899 1168//1905 2027//3014
f 2030//3016 2029//1907 1167//3013
f 2028//3015 1168//1905 2102//3129
f 2102//3129 2030//3016 2028//3015
f 2031//3017 2030//3016 2102//3129
f 2102//3129 2103//3130 2031//3017
f 2032//3019 2103//3130 1745//3131
f 2032//3019 2031//3017 2103//3130
f 2032//3019 1745//3131 2033//3020
f 2033//3020 1745//3131 1169//2569
f 2033//3020 2034//3021 2032//3019
f 1747//3018 2032//3019 2034//3021
f 415//1285 1746//1909 1747//3018
f 2034//3021 2033//3020 2035//3022
f 2036//1286 1747//3018 2034//3021
f 1748//2577 2110//2574 2035//3132
f 2039//2572 2105//1283 2036//1286
f 1749//2578 2105//1283 2104//3133
f 1170//3134 2042//2579 2106//3135
f 2107//3136 2104//3133 2040//2576
f 2109//3137 2107//3136 2106//3135
f 2108//3138 2107//3136 2109//3137
f 748//1287 2044//2581 749//1288
f 1171//2584 1750//3026 1172//2583
f 749//1288 1751//3139 550//1289
f 749//1288 2044//2581 1751//3025
f 1751//2587 2045//2586 550//2594
f 1173//1914 1750//3024 750//1912
f 1752//2585 1173//1914 1753//3028
f 2045//2586 1752//2585 2046//2590
f 1753//3028 1756//1915 2047//2592
f 2046//2590 1753//3028 2047//2592
f 1754//2588 1757//2595 1174//2589
f 2049//2593 1757//2595 1754//2588
f 753//1918 2048//3140 1756//1915
f 1757//2595 2049//2593 2050//3030
f 1758//3141 2049//2593 2048//3140
f 1758//3142 2048//3140 753//1918
f 2050//3030 1758//3141 2051//3034
f 1175//1917 2053//3036 1758//3141
f 1175//1917 1758//3142 753//1918
f 551//895 1177//2603 1176//896
f 1770//1930 1773//2609 1771//2607
f 1778//2613 756//1300 1776//1297
f 1191//905 1192//906 416//569
f 1778//2613 1776//1297 2057//3045
f 1777//2614 1779//3044 2054//3041
f 1776//1297 556//1299 2057//3045
f 1779//3044 1777//2614 2055//3043
f 2059//2616 1779//3044 2056//3046
f 2060//2618 1779//3044 2059//2616
f 2060//2618 1193//573 1779//3044
f 2060//2618 559//911 1193//573
f 2059//2616 2063//2615 2060//2618
f 2063//2615 2058//2617 2061//1931
f 2063//2615 2062//1932 2060//2618
f 2068//1934 2067//3054 2069//3055
f 2070//1935 1781//2620 2074//2624
f 2070//913 2074//2624 1782//2623
f 1784//2627 762//1311 761//572
f 1196//1937 2075//3061 561//1317
f 1784//3062 2075//3061 1785//3064
f 2076//1313 762//1311 1784//2627
f 1785//3064 2077//2629 2076//1313
f 2076//1313 2077//2629 1197//1314
f 1787//3065 1788//3068 1789//2634
f 1788//3068 1790//2632 1789//2634
f 1198//1320 1789//2634 1792//3069
f 2079//2643 1798//2640 2078//2642
f 1803//1948 568//931 1203//1949
f 766//1324 767//1325 1804//2650
f 2089//3082 2090//3143 423//585
f 2091//3084 1810//3087 2090//3144
f 2091//3084 770//3085 2092//3086
f 2092//3086 1812//2664 1813//2666
f 1213//1960 1818//3089 2093//1958
f 574//1336 1825//2686 1824//2679
f 1221//2691 1224//3092 1222//2694
f 1224//3092 1221//2691 1830//2695
f 1832//2701 1833//2704 1230//949
f 1240//1970 1843//1973 1845//1972
f 1240//1970 1844//1974 577//956
f 1264//2773 783//2005 440//627
f 1888//3095 2098//2778 1889//2782
f 1271//3097 1888//3095 1270//3098
f 1891//2784 1272//1345 1273//2008
f 1275//2011 1274//2007 590//976
f 1893//2786 786//979 784//632
f 1894//1347 1276//2010 1896//2009
f 1897//2789 1275//2011 588//978
f 1895//2788 1275//2011 1897//2789
f 1283//638 1281//639 1282//2791
f 1292//2805 2099//2804 1911//2807
f 1909//2806 1910//2021 1911//2807
f 1913//2809 1916//2812 1912//2808
f 475//1056 851//1437 852//3145
f 475//674 852//2066 642//1058
f 853//1442 852//1441 1337//1440
f 854//1446 1931//3110 855//1447
f 855//1447 1931//3110 1338//1458
f 644//2070 1341//1457 1338//1458
f 1343//2072 1346//2075 1347//1470
f 1936//1472 1353//2083 1352//2086
f 1936//1472 1352//2086 1355//2088
f 1362//2100 1937//2831 1363//2830
f 1938//2832 1937//2831 647//2102
f 1364//1483 1363//2830 1937//2831
f 873//2103 1938//2832 872//1485
f 1366//2104 1938//2832 873//2103
f 881//1496 878//1498 1373//1501
f 1939//2137 357//694 908//1536
f 934//1563 363//448 1941//2162
f 935//2169 1405//2851 1407//1092
f 973//1595 1432//1596 677//1109
f 1446//2231 1441//2224 500//1606
f 1442//2868 1443//2227 1439//1114
f 1446//2231 1445//2230 1441//2224
f 681//2234 1447//1612 1952//2235
f 1957//2252 978//1623 1452//2242
f 980//1633 688//1632 1459//1118
f 1464//2268 1465//1667 1009//2269
f 1022//2875 1480//2287 1478//2288
f 1023//2293 1022//2875 1021//2290
f 1032//1690 1485//2877 1487//2306
f 701//2311 1492//2323 1038//2880
f 1536//2366 1533//1725 1531//2362
f 1065//795 1066//2373 1543//797
f 1574//2920 1573//2413 1967//2922
f 1969//2923 1586//2924 1583//1776
f 1587//2418 1585//2925 1586//2924
f 1598//2936 1601//2937 1600//1203
f 1978//2475 1124//2473 1645//838
f 1130//2477 1649//1818 1650//2478
f 534//845 1656//1825 1655//2481
f 1659//2948 536//1244 1132//2482
f 1981//2949 1661//2487 535//852
f 1982//3120 1662//2488 1981//2949
f 1665//3121 1982//3120 1664//2950
f 1664//2950 1667//3146 1665//3121
f 1664//2950 1666//1827 1669//3122
f 1671//2951 1666//1827 1670//2489
f 1670//2489 1983//3123 1671//2951
f 1983//3123 1674//2490 1671//2951
f 1984//2953 1674//2490 1983//3123
f 1983//3123 1670//2489 1676//2952
f 1670//2489 1134//1251 1676//2952
f 1984//2953 1676//2952 2101//3147
f 1987//2958 1678//1830 1984//2953
f 1987//2958 1136//553 1678//1830
f 1694//2511 1995//2967 1692//2966
f 1706//2968 1703//2524 737//1270
f 744//2984 1728//2552 2006//2985
f 2010//2553 1730//2986 546//877
f 2008//2988 2010//2553 2012//2994
f 1734//3148 1738//2562 1737//2564
f 1735//2558 1166//2560 1738//2562
f 1740//2566 1742//3127 1739//2563
f 1742//3127 2021//3008 1739//2563
f 1742//3125 1741//2559 1744//3126
f 2030//3016 747//1908 2029//1907
f 1748//2577 1170//3134 2040//2576
f 2104//3133 2105//1283 2039//2572
f 2104//3133 2110//2574 2040//2576
f 1170//3134 2106//3135 2040//2576
f 2106//3135 2107//3136 2040//2576
f 1749//2578 2108//3138 2041//890
f 2107//3136 2108//3138 2104//3133
f 2042//2579 2109//3137 2106//3135
f 2041//890 2108//3138 748//1287
f 2042//2579 1171//2584 2109//3137
f 2108//3138 2109//3137 2043//2582
f 1172//2583 2043//2582 1171//2584
f 748//1287 2108//3138 2043//2582
f 1750//3026 1752//2585 1751//2587
f 1754//2588 2046//2590 2047//2592
f 1756//1915 2048//3140 1755//2591
f 2049//2593 1755//2591 2048//3140
f 2049//2593 1758//3141 2050//3030
f 1758//3141 2053//3036 2051//3034
f 554//902 1189//1929 1190//3149
f 1191//905 1772//568 1775//2610
f 1779//3044 2055//3043 2056//3046
f 2066//3049 757//1310 2067//3054
f 759//1309 2069//3055 2067//3054
f 759//1309 2072//2619 2071//2621
f 1786//3066 1196//1937 760//1316
f 1786//3067 1787//3065 1196//1937
f 2082//2648 565//928 1802//3072
f 1806//2654 2087//3078 569//936
f 1806//2654 1807//2655 2087//3076
f 771//1328 2087//3076 1808//2657
f 2087//3078 2089//3082 569//936
f 2088//3077 2089//3082 2087//3078
f 423//585 569//936 2089//3082
f 1828//2689 1827//2684 1825//2686
f 1273//2008 785//2787 1893//2786
f 1897//2789 593//982 1279//2013
f 846//1057 472//3150 847//1434
f 845//1430 847//1433 472//670
f 1934//2077 1345//2074 865//1461
f 1350//2080 342//415 867//2085
f 1363//2830 1364//1483 649//1481
f 1418//2193 1420//2856 955//2192
f 373//470 1446//2237 500//744
f 1523//1158 1522//2905 515//784
f 1662//2488 1660//1245 1659//2948
f 1981//2949 1664//2950 1982//3120
f 1981//2949 1133//546 1664//2950
f 1665//3121 1667//3151 1668//1247
f 1668//1247 1663//1243 1665//3121
f 1664//2950 1669//3122 1667//3146
f 1669//3122 1671//2951 1667//3146
f 1672//1828 1668//1247 1667//3151
f 1672//1828 1667//3146 1671//2951
f 1984//2953 1675//2491 1674//2490
f 1676//2952 1679//2492 2101//3147
f 2101//3147 1987//2954 1984//2953
f 2101//3147 1679//2492 1985//2493
f 1987//2954 2101//3147 1985//2493
f 1142//1836 1684//2499 1991//2494
f 1683//2497 1685//2498 1686//1839
f 1145//1253 1694//2511 1692//2966
f 1706//2968 1707//1851 1708//2969
f 1707//1851 1151//2526 1708//2969
f 1744//3126 2025//3152 2022//3128
f 2028//3015 2027//3014 1168//1905
f 2102//3129 1745//3131 2103//3130
f 2102//3129 1168//1905 1745//2568
f 2030//3016 2031//3017 747//1908
f 2110//2574 2104//3133 2039//2572
f 2104//3133 2108//3138 1749//2578
f 2043//2582 2109//3137 1171//2584
f 2047//2592 1756//1915 1755//2591
f 2058//2617 2059//2616 2056//3046
f 1791//2633 1793//2635 1796//2637
f 2081//3073 1802//3072 1801//3071
f 1802//3072 2081//3073 2082//2648
f 1216//1961 2095//3153 1215//1966
f 1274//2007 785//2787 1273//2008
f 265//338 348//1449 285//339
f 264//337 348//1449 265//338
f 263//336 348//1449 264//337
f 185//271 348//1449 263//336
f 327//378 2111//3154 282//382
f 279//346 2111//3154 327//378
f 280//3155 2111//3154 279//346
f 300//343 2111//3154 280//3155
f 295//368 2111//3154 300//343
f 471//1429 334//3156 470//1053
f 333//402 334//3157 471//1429
f 348//3158 2112//3159 285//3160
f 262//359 2112//3161 314//358
f 272//341 2112//3161 262//359
f 261//334 2112//3161 272//341
f 266//333 2112//3161 261//334
f 285//339 2112//3161 266//333
f 354//3162 2113//3163 348//3164
f 348//3158 2113//3165 2112//3159
f 2112//3166 2114//3167 314//358
f 2113//3168 2114//3168 2112//3168
f 277//366 2114//3167 295//3169
f 289//364 2114//3167 277//366
f 276//387 2114//3167 289//364
f 275//385 2114//3167 276//387
f 314//358 2114//3167 275//385
f 295//3170 2114//3170 2111//3170
f 2111//3171 2114//3171 2115//3171
f 361//3172 2116//3173 354//3162
f 354//3162 2116//3173 2113//3163
f 2114//3174 2117//3175 2115//3176
f 2113//3177 2117//3178 2114//3179
f 2115//3176 2117//3175 2118//3180
f 2118//3181 2117//3182 2119//3183
f 675//3184 2120//3184 361//3184
f 361//3185 2120//3185 2116//3185
f 2117//3182 2121//3186 2119//3183
f 2119//3187 2121//3188 2122//3189
f 675//3190 2123//3191 2120//3192
f 2122//3193 2124//3193 2125//3193
f 2125//3194 2124//3194 2126//3194
f 2121//3188 2124//3195 2122//3189
f 2126//3196 2127//3196 2128//3196
f 2128//3197 2127//3197 2129//3197
f 2124//3198 2127//3198 2126//3198
f 2129//3199 2130//3199 2131//3199
f 2127//3200 2130//3200 2129//3200
f 2132//3201 2133//3201 2134//3201
f 2134//3202 2133//3202 2135//3202
f 2135//3203 2136//3203 2137//3203
f 2133//3204 2136//3204 2135//3204
f 2137//3205 2138//3205 2139//3205
f 2136//3206 2138//3206 2137//3206
f 2138//3207 2140//3207 2139//3207
f 2143//3208 2144//3209 2145//3210
f 2146//3211 2147//3211 2148//3211
f 2116//3212 2117//3178 2113//3177
f 2117//3213 2149//3213 2121//3213
f 2116//3214 2149//3215 2117//3216
f 2120//3217 2149//3215 2116//3214
f 2121//3218 2149//3219 2124//3220
f 380//3221 2150//3221 675//3221
f 2151//3222 2150//3222 380//3222
f 675//3190 2150//3223 2123//3191
f 2124//3224 2152//3225 2127//3226
f 2149//3219 2152//3227 2124//3220
f 2120//3228 2152//3229 2149//3230
f 2123//3231 2152//3229 2120//3228
f 2127//3232 2153//3232 2130//3232
f 2150//3223 2153//3233 2123//3191
f 2123//3234 2153//3234 2152//3234
f 2151//3235 2153//3235 2150//3235
f 2152//3225 2153//3236 2127//3226
f 514//3237 2154//3238 380//3239
f 380//3240 2154//3241 2151//3242
f 2154//3241 2155//3243 2151//3242
f 2154//3244 2156//3244 2157//3244
f 514//3237 2156//3245 2154//3238
f 522//3246 2156//3246 514//3246
f 2133//3247 2155//3247 2157//3247
f 2157//3248 2155//3243 2154//3241
f 2156//3249 2158//3250 2157//3251
f 522//3252 2158//3252 2156//3252
f 2131//3253 2159//3253 2132//3253
f 2157//3251 2158//3250 2160//3254
f 2158//3255 2161//3256 2160//3257
f 522//3258 2161//3259 2158//3260
f 2160//3257 2161//3256 2162//3261
f 1618//3262 2163//3262 522//3262
f 522//3258 2163//3263 2161//3259
f 2161//3256 2163//3264 2162//3261
f 2157//3265 2164//3265 2133//3265
f 2160//3266 2164//3267 2157//3268
f 2133//3269 2164//3269 2136//3269
f 1618//3270 2165//3271 2163//3272
f 2163//3273 2165//3274 2162//3275
f 2160//3266 2166//3276 2164//3267
f 2164//3277 2166//3278 2136//3279
f 2136//3279 2166//3278 2138//3280
f 2162//3281 2166//3282 2160//3283
f 1618//3270 2168//3284 2165//3271
f 2165//3285 2168//3286 2167//3287
f 537//3288 2168//3288 1618//3288
f 2140//3289 2169//3289 2167//3289
f 2138//3290 2169//3291 2140//3292
f 2166//3293 2169//3291 2138//3290
f 2162//3281 2169//3294 2166//3282
f 2165//3274 2169//3295 2162//3275
f 2167//3287 2169//3296 2165//3285
f 2168//3297 2170//3298 2167//3299
f 537//3300 2170//3300 2168//3300
f 537//3301 2171//3302 2170//3303
f 2170//3304 2171//3304 2172//3304
f 2167//3305 2173//3305 2140//3305
f 2170//3298 2173//3306 2167//3299
f 2172//3307 2173//3307 2170//3307
f 2174//3308 2173//3308 2172//3308
f 413//3309 2176//3309 537//3309
f 537//3301 2176//3310 2171//3302
f 2171//3311 2176//3312 2175//3313
f 2140//3314 2177//3315 2139//3316
f 2139//3316 2177//3315 2178//3317
f 2174//3318 2177//3318 2173//3318
f 2178//3319 2177//3319 2174//3319
f 2173//3320 2177//3320 2140//3320
f 413//3321 2179//3322 2176//3323
f 2176//3324 2179//3325 2175//3326
f 2175//3313 2180//3327 2171//3311
f 2171//3328 2180//3328 2172//3328
f 2172//3329 2180//3329 2174//3329
f 2181//3330 2180//3330 2175//3330
f 416//3331 2183//3331 413//3331
f 413//3321 2183//3332 2179//3322
f 2179//3333 2183//3334 2182//3335
f 2178//3336 2184//3337 2185//3338
f 2174//3339 2184//3337 2178//3336
f 2180//3340 2184//3340 2174//3340
f 2181//3341 2184//3341 2180//3341
f 2185//3342 2184//3343 2181//3344
f 416//3345 2186//3346 2183//3347
f 2183//3348 2186//3348 2182//3348
f 2142//3349 2187//3349 2182//3349
f 2182//3335 2187//3350 2179//3333
f 2179//3325 2187//3351 2175//3326
f 2175//3352 2187//3352 2181//3352
f 416//3345 2188//3353 2186//3346
f 2185//3342 2189//3354 2190//3355
f 2190//3356 2189//3356 2141//3356
f 2181//3344 2189//3354 2185//3342
f 2141//3357 2189//3358 2142//3359
f 2187//3360 2189//3360 2181//3360
f 2142//3361 2189//3361 2187//3361
f 416//3362 2191//3363 2188//3364
f 1815//3365 2191//3363 416//3362
f 2182//3366 2192//3366 2142//3366
f 2186//3367 2192//3367 2182//3367
f 2188//3368 2192//3369 2186//3370
f 2144//3371 2192//3369 2193//3372
f 1815//3373 2194//3373 2191//3373
f 2191//3374 2194//3375 2193//3376
f 778//3377 2194//3378 1815//3379
f 2141//3380 2195//3381 2143//3208
f 2142//3359 2195//3382 2141//3357
f 778//3377 2196//3383 2194//3378
f 2143//3208 2197//3384 2144//3209
f 2144//3385 2197//3385 2192//3385
f 439//3386 2198//3387 778//3388
f 778//3388 2198//3387 2196//3389
f 2193//3390 2201//3391 2144//3392
f 439//3393 2199//3393 2198//3393
f 2198//3394 2199//3395 2200//3396
f 1283//3397 2199//3398 439//3399
f 2198//3400 2201//3391 2196//3401
f 2200//3396 2201//3402 2198//3394
f 2147//3403 2201//3404 2200//3405
f 2201//3404 2202//3406 2144//3209
f 2145//3407 2202//3408 2146//3408
f 2147//3403 2202//3406 2201//3404
f 2144//3209 2202//3406 2145//3210
f 2146//3408 2202//3408 2147//3409
f 600//3410 2199//3398 1283//3397
f 604//1007 2199//3398 600//3410
f 2203//3411 2204//3412 2200//3413
f 456//3414 2205//3415 613//3416
f 620//1025 2205//3417 456//665
f 460//1024 2205//3417 620//1025
f 462//1033 2205//3417 460//1024
f 837//1039 2205//3417 462//1033
f 2205//3418 2206//3419 2203//3420
f 837//1039 2207//3421 2205//3417
f 2205//3418 2207//3422 2206//3419
f 468//1045 2207//3421 837//1039
f 470//1053 2207//3421 468//1045
f 334//3423 2207//3421 470//1053
f 2203//3411 2208//3424 2204//3412
f 336//3425 2209//3426 334//3427
f 2207//3422 2209//3428 2206//3419
f 334//3429 2209//3428 2207//3422
f 340//3430 2210//3431 338//3432
f 2151//3433 2211//3434 2153//3435
f 2153//3436 2211//3436 2130//3436
f 2155//3437 2211//3434 2151//3433
f 2211//3438 2212//3438 2130//3438
f 2130//3439 2212//3439 2131//3439
f 2131//3440 2212//3440 2159//3440
f 2211//3441 2213//3441 2212//3441
f 2133//3442 2213//3443 2155//3444
f 2212//3445 2213//3445 2159//3445
f 2132//3446 2213//3443 2133//3442
f 2159//3447 2213//3447 2132//3447
f 2155//3444 2213//3443 2211//3448
f 2191//3374 2193//3376 2188//3449
f 2188//3368 2193//3372 2192//3369
f 2192//3450 2195//3451 2142//3452
f 2197//3453 2195//3451 2192//3450
f 2143//3208 2195//3381 2197//3384
f 2194//3375 2214//3454 2193//3376
f 2193//3390 2214//3455 2201//3391
f 2201//3391 2214//3455 2196//3401
f 2196//3456 2214//3456 2194//3456
f 451//1012 2215//3457 604//1007
f 611//655 2215//3457 451//1012
f 613//664 2215//3457 611//655
f 604//1007 2215//3457 2199//3398
f 2199//3395 2215//3458 2200//3396
f 2200//3459 2215//3460 2203//3420
f 2203//3420 2215//3460 2205//3418
f 2205//3415 2215//3461 613//3416
f 2148//3462 2216//3463 2217//3464
f 2147//3465 2216//3465 2148//3465
f 2200//3466 2216//3467 2147//3468
f 2204//3469 2216//3467 2200//3466
f 2217//3464 2216//3463 2204//3470
f 2208//3471 2218//3472 2204//3473
f 2206//3419 2208//3424 2203//3411
f 2209//3428 2208//3424 2206//3419
f 336//3425 2208//3471 2209//3426
f 2219//3474 2218//3475 336//405
f 336//3425 2218//3472 2208//3471
f 2148//3476 2218//3475 2219//3474
f 2217//3464 2218//3477 2148//3478
f 2210//3479 336//405 338//407
f 336//405 2210//3479 2219//3474
f 2210//3431 340//3430 2219//3480
f 2218//3477 2217//3464 2204//3470
f 2225//3481 2220//3482 2394//3483
f 337//3484 2222//3485 339//3486
f 2223//3487 2222//3487 2224//3487
f 2224//3488 2222//3488 337//3488
f 2390//3489 2222//3490 2223//3491
f 194//3492 284//397 207//274
f 284//397 282//382 207//274
f 457//1019 2220//3493 458//1021
f 2367//3494 2225//3495 2221//3496
f 458//1021 2220//3493 459//1026
f 459//1026 2220//3493 461//1032
f 2226//3497 2225//3497 2367//3497
f 2227//3498 2225//3499 2226//3500
f 461//3501 2225//3501 2227//3501
f 2220//3482 2225//3481 461//3502
f 2227//3503 2228//3504 463//1043
f 463//1043 2228//3505 465//1044
f 2229//3506 2228//3507 2227//3508
f 465//1044 2228//3507 467//1048
f 282//382 230//275 207//274
f 467//1048 332//3509 469//669
f 195//266 228//331 343//3510
f 343//3511 228//3511 2368//3511
f 2368//3512 228//331 226//329
f 2230//3513 2231//3514 2232//3515
f 2233//3516 2231//3517 2234//3518
f 2234//3519 2231//3519 2230//3519
f 2235//3520 2231//3517 2233//3516
f 2236//3521 2231//3521 2235//3521
f 2232//3515 2231//3514 2236//3522
f 2237//3523 2238//3524 2239//3525
f 2239//3526 2238//3527 2131//3528
f 197//276 2111//3529 196//277
f 230//275 2111//3529 197//276
f 282//382 2111//3529 230//275
f 2240//3530 2239//3531 2132//3532
f 2241//3533 2242//3534 370//3535
f 2243//3536 2242//3537 2241//3538
f 2244//3539 2242//3537 2243//3536
f 370//3535 2242//3534 2244//3540
f 2245//3541 2244//3539 2243//3536
f 2246//3542 2244//3543 2247//3544
f 2247//3545 2244//3539 2245//3541
f 370//3546 2248//3546 377//3546
f 2246//3547 2248//3548 370//3549
f 2246//3547 2249//3550 2248//3548
f 2247//3551 2249//3552 2246//3553
f 2250//3554 2249//3552 2247//3551
f 2248//3548 2249//3550 377//3555
f 2249//3556 2251//3557 377//3558
f 2250//3559 2251//3557 2249//3556
f 2251//3560 2252//3561 377//3562
f 377//3563 2252//3564 2253//3565
f 2253//3566 2252//3561 2251//3560
f 2254//3567 2255//3567 2250//3567
f 2250//3568 2255//3568 2251//3568
f 2251//3569 2255//3569 2253//3569
f 2256//3570 2257//3571 2254//3572
f 2254//3573 2257//3573 2255//3573
f 2253//3574 2255//3574 2258//3574
f 2255//3575 2257//3575 2258//3575
f 2259//3576 2260//3576 2256//3576
f 2261//3577 2260//3578 2259//3579
f 2260//3580 2257//3571 2256//3570
f 2258//3581 2257//3582 2262//3583
f 2257//3582 2260//3584 2262//3583
f 2263//3585 2260//3578 2261//3577
f 377//3586 2264//3587 521//3588
f 2253//3565 2264//3589 377//3563
f 2258//3590 2264//3591 2253//3592
f 2262//3593 2265//3594 2258//3595
f 2265//3596 2264//3591 2258//3590
f 2264//3587 2265//3597 521//3588
f 2266//3598 2265//3594 2262//3593
f 2267//3599 2268//3599 2266//3599
f 521//3600 2268//3600 2267//3600
f 2266//3601 2268//3601 2265//3601
f 2265//3602 2268//3602 521//3602
f 2266//3603 2269//3604 2267//3605
f 2267//3605 2269//3604 2270//3606
f 2270//3607 2271//3607 2272//3607
f 2269//3608 2271//3608 2270//3608
f 2263//3609 2271//3610 2269//3611
f 2273//3612 2271//3612 2274//3612
f 2274//3613 2271//3613 2263//3613
f 2275//3614 2276//3615 2277//3616
f 2271//3617 2276//3617 2272//3617
f 2272//3618 2276//3618 2278//3618
f 2273//3619 2276//3619 2271//3619
f 2277//3620 2276//3620 2273//3620
f 2267//3621 2279//3621 521//3621
f 2270//3622 2279//3623 2267//3624
f 521//3625 2279//3625 724//3625
f 2272//3626 2280//3627 2270//3628
f 2280//3629 2279//3623 2270//3622
f 2279//3630 2280//3630 724//3630
f 2278//3631 2280//3627 2272//3626
f 2275//3632 2281//3632 2276//3632
f 2276//3633 2281//3633 2278//3633
f 724//3634 2282//3634 2283//3634
f 2283//3635 2282//3635 2278//3635
f 2278//3636 2282//3636 2280//3636
f 2280//3637 2282//3637 724//3637
f 2278//3638 2281//3639 2283//3640
f 2275//3641 2284//3641 2281//3641
f 2283//3640 2281//3639 2285//3642
f 2285//3643 2281//3644 2284//3645
f 2286//3646 2287//3646 2285//3646
f 2286//3647 2288//3648 2287//3649
f 2283//3650 2293//3651 732//3652
f 2285//3653 2293//3653 2283//3653
f 2287//3649 2293//3654 2285//3655
f 2289//3656 2288//3656 2286//3656
f 2290//3657 2291//3658 2292//3659
f 2288//3648 2293//3654 2287//3649
f 732//3652 2293//3651 2294//3660
f 2294//3661 2293//3661 2289//3661
f 2289//3662 2293//3654 2288//3648
f 2291//3663 2295//3664 2289//3665
f 2289//3666 2295//3666 2294//3666
f 2290//3667 2295//3668 2291//3669
f 2296//3670 2297//3670 2290//3670
f 2298//3671 2295//3668 2290//3667
f 2299//3672 2295//3672 2298//3672
f 2290//3667 2297//3673 2298//3671
f 2294//3674 2295//3674 2299//3674
f 2300//3675 2297//3676 2296//3677
f 2297//3673 2301//3678 2298//3671
f 2300//3679 2301//3679 2297//3679
f 2302//3680 2301//3680 2300//3680
f 2298//3681 2301//3681 2303//3681
f 2298//3682 2304//3682 2299//3682
f 2304//3683 2305//3683 2299//3683
f 2294//3684 2305//3684 409//3684
f 2299//3685 2305//3685 2294//3685
f 2305//3686 2304//3686 409//3686
f 2303//3687 2304//3687 2298//3687
f 2302//3688 2306//3688 2301//3688
f 2301//3689 2306//3689 2303//3689
f 2303//3690 2306//3690 2307//3690
f 2304//3691 2308//3691 409//3691
f 2303//3692 2308//3692 2304//3692
f 409//3693 2308//3693 2307//3693
f 2307//3694 2308//3694 2303//3694
f 2309//3695 2314//3696 2302//3697
f 2310//3698 2311//3699 2314//3700
f 2302//3701 2311//3701 2306//3701
f 2314//3700 2311//3699 2302//3702
f 2312//3703 2311//3703 2310//3703
f 2313//3704 2314//3696 2309//3695
f 2312//3705 2306//3705 2311//3705
f 2307//3706 2306//3706 2312//3706
f 2315//3707 2314//3708 2313//3709
f 2310//3710 2316//3710 2312//3710
f 2307//3711 2317//3711 553//3711
f 2312//3712 2317//3712 2307//3712
f 2316//3713 2317//3713 2312//3713
f 2317//3714 2316//3714 553//3714
f 2318//3715 2315//3716 2319//3717
f 2320//3718 2316//3719 2310//3720
f 2321//3721 2322//3721 2313//3721
f 2313//3709 2322//3722 2315//3707
f 553//3723 2323//3723 2324//3723
f 2316//3724 2323//3724 553//3724
f 2320//3725 2323//3725 2316//3725
f 2324//3726 2323//3726 2320//3726
f 2321//3727 2325//3728 2322//3729
f 2322//3722 2325//3730 2315//3707
f 2315//3731 2325//3732 2319//3733
f 2319//3733 2325//3732 2326//3734
f 2319//3735 2327//3735 2318//3735
f 2324//3736 2327//3736 557//3736
f 2318//3737 2327//3738 2324//3739
f 2328//3740 2327//3740 2326//3740
f 557//3741 2327//3741 2328//3741
f 2326//3742 2327//3742 2319//3742
f 340//409 339//408 2219//3743
f 2219//3744 339//3486 2390//3745
f 2390//3745 339//3486 2222//3485
f 330//400 469//669 332//3509
f 2329//3746 2330//3746 2238//3746
f 2131//3747 2330//3747 2129//3747
f 2238//3527 2330//3748 2131//3528
f 2129//3749 2330//3750 2329//3749
f 2132//3751 2239//3526 2131//3528
f 2266//3752 2262//3752 2269//3752
f 2263//3753 2262//3583 2260//3584
f 2269//3611 2262//3754 2263//3609
f 2320//3718 2310//3720 2318//3755
f 2315//3756 2310//3698 2314//3700
f 2318//3715 2310//3757 2315//3716
f 2115//3758 2331//3759 2111//3529
f 2111//3529 2331//3759 196//277
f 196//277 2331//3760 211//286
f 2331//3760 2332//3761 211//286
f 198//289 2332//3761 216//290
f 214//288 2332//3761 198//289
f 213//287 2332//3761 214//288
f 211//286 2332//3761 213//287
f 201//280 2332//3762 218//292
f 200//291 2332//3763 201//280
f 199//278 2332//3763 200//291
f 216//290 2332//3763 199//278
f 2332//3764 2333//3764 218//3764
f 2331//3760 2333//3765 2332//3761
f 219//295 2333//3766 220//298
f 218//294 2333//3766 219//295
f 2115//3767 2334//3768 2331//3769
f 2118//3770 2334//3770 2115//3770
f 2331//3769 2334//3768 2333//3771
f 223//327 2335//3772 206//319
f 204//282 2335//3773 223//327
f 205//284 2335//3774 204//282
f 221//310 2335//3775 205//284
f 206//319 2335//3772 224//320
f 2119//3776 2334//3777 2118//3778
f 2335//3772 2336//3779 224//320
f 2334//3780 2337//3781 2333//3782
f 221//3783 2338//3784 2335//3772
f 2333//3785 2338//3785 220//3785
f 2337//3786 2338//3786 2333//3786
f 203//312 2338//3787 221//310
f 250//305 2338//3788 203//306
f 220//298 2338//3789 250//300
f 2119//3776 2339//3790 2334//3777
f 2122//3791 2339//3790 2119//3776
f 2339//3792 2340//3793 2334//3780
f 2334//3780 2340//3793 2337//3781
f 2340//3794 2341//3795 2337//3796
f 2122//3791 2342//3797 2339//3790
f 2342//3798 2340//3793 2339//3792
f 2125//3799 2342//3797 2122//3791
f 2126//3800 2343//3801 2125//3802
f 2125//3803 2343//3803 2342//3803
f 2342//3804 2233//3805 2340//3806
f 2233//3807 2234//3808 2340//3794
f 2340//3794 2234//3808 2341//3795
f 2128//3809 2344//3809 2126//3809
f 2126//3800 2344//3810 2343//3801
f 2343//3811 2233//3805 2342//3804
f 2343//3812 2235//3813 2233//3814
f 2344//3815 2235//3813 2343//3812
f 2129//3749 2329//3749 2128//3816
f 2128//3817 2329//3817 2344//3817
f 2344//3815 2345//3818 2235//3813
f 2329//3819 2345//3820 2344//3821
f 2345//3822 2236//3822 2235//3822
f 2238//3823 2345//3820 2329//3819
f 2238//3824 2346//3824 2345//3824
f 2134//3825 2347//3825 2132//3825
f 2347//3826 2348//3827 2240//3828
f 2240//3829 2348//3829 2349//3829
f 2134//3830 2350//3830 2347//3830
f 2135//3831 2350//3831 2134//3831
f 2137//3832 2351//3833 2135//3834
f 2135//3835 2351//3835 2350//3835
f 2350//3836 2259//3836 2347//3836
f 2347//3837 2259//3837 2348//3837
f 2259//3838 2254//3839 2348//3840
f 2351//3841 2259//3841 2350//3841
f 2351//3842 2261//3843 2259//3844
f 2352//3845 2273//3846 2351//3847
f 2351//3842 2273//3848 2261//3843
f 2352//3845 2353//3849 2273//3846
f 2185//3850 2353//3851 2178//3852
f 2353//3853 2354//3854 2273//3855
f 2355//3856 2296//3857 2353//3853
f 2353//3853 2296//3857 2354//3854
f 2355//3856 2356//3858 2296//3857
f 2356//3858 2309//3859 2296//3857
f 2356//3858 2313//3860 2309//3859
f 2357//3861 2313//3860 2356//3858
f 2357//3861 2321//3862 2313//3860
f 2357//3861 2358//3863 2321//3862
f 2321//3727 2358//3864 2325//3728
f 2359//3865 2358//3863 2357//3861
f 2358//3864 2360//3866 2325//3728
f 2359//3865 2361//3867 2358//3863
f 2148//3868 2361//3868 2146//3868
f 2146//3869 2361//3869 2359//3869
f 2358//3864 2362//3870 2360//3866
f 2361//3867 2363//3871 2358//3863
f 2358//3864 2364//3872 2362//3870
f 2363//3873 2364//3872 2358//3864
f 2365//3874 2366//3875 2363//3876
f 2363//3873 2366//3877 2364//3872
f 2366//3877 2367//3878 2364//3872
f 2366//3877 2223//3879 2367//3878
f 2223//3880 2226//3880 2367//3880
f 461//2065 2227//3503 463//1043
f 335//3881 2224//3881 337//3881
f 2223//3882 2224//3882 2226//3882
f 335//3883 2226//3883 2224//3883
f 2226//3500 2229//3506 2227//3498
f 332//3509 2229//3506 335//3884
f 335//3884 2229//3506 2226//3500
f 332//3509 2228//3507 2229//3506
f 332//3509 467//1048 2228//3507
f 2336//3779 2368//3885 224//320
f 259//323 2368//3886 260//328
f 258//321 2368//3887 259//323
f 224//320 2368//3888 258//321
f 260//328 2368//3889 226//329
f 343//3890 2368//3890 2336//3890
f 2338//3784 2336//3779 2335//3772
f 343//3891 2336//3891 347//3891
f 347//3892 2336//3893 2338//3894
f 2341//3795 2369//3895 2337//3796
f 2338//3894 2369//3896 347//3892
f 2337//3897 2369//3896 2338//3894
f 347//3898 2369//3898 486//3898
f 2369//3899 2370//3899 486//3899
f 2341//3900 2370//3901 2369//3902
f 2234//3903 2370//3901 2341//3900
f 486//3904 2230//3904 369//3904
f 2370//3905 2230//3905 486//3905
f 2234//3903 2230//3906 2370//3901
f 2230//3907 2232//3907 369//3907
f 2345//3908 2371//3909 2236//3910
f 2232//3911 2241//3911 369//3911
f 2236//3912 2241//3912 2232//3912
f 369//3913 2241//3913 370//3913
f 2346//3914 2371//3909 2345//3908
f 2238//3524 2237//3523 2346//3915
f 2240//3530 2237//3916 2239//3531
f 2346//3917 2237//3918 2245//3919
f 2349//3920 2237//3920 2240//3920
f 2245//3921 2237//3921 2349//3921
f 2371//3922 2241//3922 2236//3922
f 2371//3923 2243//3924 2241//3925
f 2346//3926 2243//3924 2371//3923
f 2245//3919 2243//3927 2346//3917
f 2347//3826 2240//3828 2132//3928
f 2244//3543 2246//3542 370//3929
f 2349//3930 2247//3930 2245//3930
f 2349//3931 2372//3932 2247//3933
f 2348//3934 2372//3932 2349//3931
f 2372//3932 2250//3935 2247//3933
f 2348//3840 2250//3936 2372//3937
f 2254//3839 2250//3936 2348//3840
f 2139//3938 2351//3833 2137//3832
f 2352//3845 2351//3847 2139//3939
f 2259//3838 2256//3940 2254//3839
f 2352//3941 2373//3942 2353//3943
f 2178//3944 2373//3945 2139//3946
f 2139//3946 2373//3945 2352//3947
f 2353//3943 2373//3942 2178//3948
f 2273//3949 2274//3949 2261//3949
f 2261//3950 2274//3950 2263//3950
f 2354//3951 2277//3952 2273//3953
f 2185//3850 2374//3954 2353//3851
f 2353//3955 2374//3956 2355//3957
f 2277//3616 2375//3958 2275//3614
f 2354//3951 2375//3959 2277//3952
f 2190//3960 2374//3954 2185//3850
f 2355//3957 2374//3956 2190//3961
f 2375//3962 2284//3962 2275//3962
f 724//3963 2283//3963 732//3963
f 2354//3964 2376//3964 2375//3964
f 2375//3965 2376//3965 2284//3965
f 2376//3966 2286//3967 2284//3968
f 2284//3645 2286//3969 2285//3643
f 2296//3970 2292//3971 2354//3972
f 2354//3972 2292//3971 2376//3973
f 2290//3974 2292//3974 2296//3974
f 2376//3966 2291//3975 2286//3967
f 2292//3659 2291//3658 2376//3976
f 2141//3977 2377//3978 2190//3979
f 2190//3979 2377//3978 2355//3980
f 2355//3981 2377//3982 2356//3983
f 2291//3663 2289//3665 2286//3984
f 2143//3985 2377//3978 2141//3977
f 732//3986 2294//3986 409//3986
f 2309//3987 2300//3675 2296//3677
f 2302//3988 2300//3988 2309//3988
f 2143//3985 2378//3989 2377//3978
f 2377//3982 2378//3990 2356//3983
f 2356//3983 2378//3990 2357//3991
f 409//3992 2307//3992 553//3992
f 2145//3993 2378//3989 2143//3985
f 2357//3991 2379//3994 2359//3995
f 2146//3996 2379//3996 2145//3996
f 2359//3997 2379//3997 2146//3997
f 2378//3990 2379//3994 2357//3991
f 2145//3993 2379//3998 2378//3989
f 553//3999 2324//3999 557//3999
f 2320//4000 2318//3737 2324//3739
f 557//4001 2328//4001 773//4001
f 2326//4002 2380//4002 2328//4002
f 2325//3732 2380//4003 2326//3734
f 2328//4004 2380//4004 773//4004
f 2360//4005 2380//4005 2325//4005
f 2360//4006 2381//4006 2380//4006
f 2380//4007 2381//4007 773//4007
f 2381//4008 2382//4008 773//4008
f 427//4009 2382//4009 2381//4009
f 773//4010 2382//4010 427//4010
f 2360//4011 2383//4011 2381//4011
f 2362//4012 2383//4012 2360//4012
f 2148//4013 2365//4014 2361//4015
f 2383//4016 2384//4016 2381//4016
f 2381//4017 2384//4017 427//4017
f 2362//4018 2384//4018 2383//4018
f 2361//4019 2365//3874 2363//3876
f 2362//4020 2385//4021 2384//4022
f 2384//4023 2386//4024 427//4025
f 427//4026 2386//4026 436//4026
f 2362//4027 2387//4027 2385//4027
f 2385//4021 2387//4028 2384//4022
f 2362//4029 2388//4029 2387//4029
f 2364//4030 2388//4031 2362//4032
f 436//4033 2389//4034 588//4035
f 588//4036 2389//4036 2387//4036
f 2386//4037 2389//4034 436//4033
f 2384//4023 2389//4038 2386//4024
f 2387//4039 2389//4038 2384//4023
f 2148//4013 2390//3489 2365//4014
f 2219//3744 2390//3745 2148//4040
f 2388//4041 2391//4042 2387//4043
f 588//4044 2392//4045 1286//4046
f 2387//4047 2392//4047 588//4047
f 2391//4048 2392//4049 2387//4050
f 1286//4046 2392//4045 444//4051
f 2366//4052 2390//3489 2223//3491
f 2364//4030 2393//4053 2388//4031
f 2388//4041 2393//4053 2391//4042
f 2365//4014 2390//3489 2366//4052
f 444//4051 2392//4045 445//4054
f 2393//4053 2394//4055 2391//4042
f 2391//4048 2395//4056 2392//4049
f 2394//3483 2395//4056 2391//4048
f 445//4054 2395//4057 449//4058
f 2392//4045 2395//4057 445//4054
f 2364//4030 2394//4055 2393//4053
f 2364//4059 2396//4060 2394//4061
f 2367//3494 2396//4062 2364//4063
f 449//4058 2395//4057 450//4064
f 450//4064 2395//4057 452//4065
f 452//4065 2395//4057 454//4066
f 2367//3494 2221//3496 2396//4062
f 2221//3496 2394//4061 2396//4060
f 2395//4057 2220//3493 454//4066
f 2394//3483 2220//3482 2395//4056
f 2221//3496 2225//3495 2394//4061
f 454//4066 2220//3493 457//1019
f 26//29 85//239 2397//4067
f 4779//4068 26//29 2397//4067
f 4779//4068 2397//4067 2398//4069
f 4778//4070 4779//4071 2398//4069
f 4777//4072 2398//4069 2399//4073
f 4777//4072 4778//4070 2398//4069
f 4776//4074 2399//4073 2400//4075
f 4776//4074 4777//4072 2399//4073
f 4774//4076 2400//4075 2401//4077
f 4774//4076 4776//4074 2400//4075
f 4773//4078 2401//4077 2402//4079
f 4773//4078 4774//4076 2401//4077
f 4772//4080 2402//4079 2403//4081
f 4772//4080 4773//4078 2402//4079
f 2404//4082 4732//4083 2405//4084
f 4608//4085 2404//4082 2405//4084
f 4603//4086 4608//4085 2405//4084
f 4770//4087 2403//4081 4732//4083
f 4770//4087 4772//4080 2403//4081
f 4770//4087 4732//4083 2404//4082
f 2406//4088 4603//4086 2405//4084
f 2407//4089 2406//4088 2405//4090
f 4770//4087 2404//4082 4604//4091
f 2408//4092 2406//4088 2407//4089
f 2409//4093 2408//4092 2407//4089
f 4768//4094 4770//4087 4604//4091
f 2410//4095 2408//4092 2409//4093
f 4768//4096 2411//4097 2412//4098
f 2413//4099 2409//4093 2414//4100
f 4767//4101 4768//4096 2412//4098
f 4627//4102 2413//4103 2414//4104
f 2415//4105 4627//4102 2414//4104
f 2416//4106 2415//4105 2414//4100
f 4766//4107 2412//4098 2417//4108
f 4766//4109 4767//4101 2412//4098
f 4766//4110 2417//4108 2418//4111
f 4657//4112 2415//4105 2416//4106
f 2419//4113 4625//4114 2416//4106
f 4765//4115 4766//4109 2418//4111
f 4765//4115 2418//4111 2420//4116
f 4764//4117 4765//4115 2420//4116
f 4637//4118 2419//4119 2421//4120
f 4762//4121 4764//4117 2420//4116
f 4762//4121 2420//4116 4662//4122
f 4762//4121 4662//4122 2423//4123
f 2424//4124 2422//4125 2421//4126
f 2425//4127 2424//4128 2421//4120
f 4761//4129 4762//4121 2423//4123
f 4761//4130 2423//4131 4666//4132
f 2426//4133 2424//4128 2425//4127
f 4760//4134 4761//4129 4666//4132
f 4760//4134 4666//4132 2427//4135
f 4623//4136 2425//4127 2428//4137
f 4623//4138 2426//4133 2425//4127
f 4759//4139 2427//4139 2429//4139
f 4759//4140 4760//4134 2427//4135
f 2430//4141 4623//4138 2428//4137
f 2431//4142 2430//4141 2428//4137
f 4758//4143 4759//4140 2429//4144
f 2431//4142 2428//4137 2432//4145
f 4758//4143 2429//4144 2433//4146
f 4622//4147 2431//4147 2432//4147
f 4756//4148 4758//4143 2433//4149
f 4756//4150 2433//4146 2434//4151
f 4622//4152 2432//4145 2435//4153
f 4755//4154 4756//4155 2434//4151
f 4755//4154 2434//4151 2436//4156
f 4755//4154 2436//4156 2437//4157
f 4630//4158 4622//4152 2435//4153
f 4754//4159 4755//4154 2437//4157
f 4754//4159 2437//4157 2438//4160
f 4753//4161 4754//4159 2440//4162
f 4681//4163 4753//4164 2440//4165
f 4629//4166 4619//4167 2439//4168
f 4752//4169 4753//4164 4681//4163
f 2441//4170 2442//4171 2443//4172
f 2441//4170 2444//4173 2442//4171
f 4751//4174 4752//4169 2445//4175
f 2446//4176 2443//4177 2447//4178
f 4750//4179 4751//4174 4709//4180
f 4618//4181 2446//4176 2447//4178
f 4618//4181 2447//4182 2449//4183
f 4749//4184 4750//4179 4669//4185
f 4617//4186 4618//4181 2449//4183
f 4748//4187 4749//4184 4711//4188
f 4613//4189 4617//4186 2449//4190
f 4616//4191 2449//4183 2451//4192
f 4746//4193 4748//4187 2452//4194
f 2453//4195 4616//4191 2451//4192
f 2453//4195 2451//4192 2454//4196
f 2455//4197 2453//4195 2454//4196
f 2455//4197 2454//4196 2457//4198
f 2458//4199 2455//4197 2457//4198
f 2461//4200 2458//4199 2457//4198
f 2461//4200 2457//4198 2460//4201
f 4612//4202 2460//4201 2462//4203
f 2463//4204 4612//4202 2462//4203
f 4741//4205 4742//4206 2463//4207
f 4739//4208 4741//4205 2463//4207
f 2463//4204 2462//4203 2464//4209
f 4739//4208 2463//4207 2464//4209
f 4739//4208 2464//4209 2465//4210
f 4738//4211 4739//4208 2465//4210
f 4738//4211 2465//4210 83//4212
f 82//95 4738//4211 83//156
f 4604//4091 2411//4097 4768//4096
f 2438//4160 2440//4165 4754//4159
f 4681//4163 4682//4213 4752//4214
f 4682//4213 2445//4175 4752//4214
f 2445//4175 4709//4180 4751//4174
f 4709//4180 2448//4215 4750//4216
f 2448//4215 4669//4185 4750//4217
f 4669//4185 4711//4188 4749//4184
f 4711//4188 2450//4218 4748//4219
f 2450//4220 2452//4220 4748//4220
f 2452//4221 2466//4222 4746//4193
f 2466//4222 4671//4223 4745//4224
f 2466//4222 4745//4224 4746//4193
f 4671//4225 2456//4226 4745//4227
f 2456//4226 2459//4228 4743//4229
f 2456//4226 4743//4229 4745//4230
f 2459//4231 2467//4232 4743//4233
f 2467//4232 4742//4206 4743//4229
f 2467//4232 4612//4234 4742//4206
f 4612//4235 2463//4235 4742//4235
f 4612//4236 2461//4200 2460//4201
f 4616//4191 4613//4189 2449//4183
f 2446//4176 2441//4237 2443//4238
f 2444//4173 4629//4166 2439//4239
f 2444//4173 2439//4239 2442//4240
f 4619//4167 4620//4241 2435//4242
f 4619//4167 2435//4242 2439//4168
f 4620//4241 4621//4243 2435//4244
f 4621//4243 4630//4158 2435//4244
f 2422//4125 4637//4245 2421//4126
f 4637//4118 4638//4246 2419//4119
f 4638//4246 4625//4114 2419//4113
f 4625//4114 4657//4112 2416//4106
f 2413//4099 2410//4095 2409//4093
f 7//4247 4720//4248 4722//4249
f 5//4250 4720//4248 7//4247
f 9//4251 7//4247 4722//4249
f 5//4250 4719//4252 4720//4248
f 9//4251 4722//4249 4723//4253
f 5//4250 4718//4254 4719//4252
f 3//4255 4718//4254 5//4250
f 9//4251 4723//4253 4724//4256
f 11//4257 9//4251 4724//4256
f 3//4255 138//157 4718//4254
f 11//4257 4724//4256 4726//4258
f 1//4250 138//157 3//4255
f 11//4257 4726//4258 4727//4259
f 1//4250 137//154 138//157
f 13//4260 11//4257 4727//4259
f 2468//4261 137//154 1//4250
f 13//4260 4727//4259 4729//4262
f 2468//4261 135//151 137//154
f 2468//4261 133//149 135//151
f 15//4263 13//4260 4729//4262
f 2468//4261 130//146 133//149
f 15//4263 4729//4262 4730//4264
f 2469//4265 130//146 2468//4261
f 2469//4265 127//144 130//146
f 15//4263 4730//4264 4731//4266
f 2469//4265 124//141 127//144
f 17//4267 15//4263 4731//4266
f 2470//4268 124//141 2469//4265
f 4733//4269 17//4267 4731//4266
f 122//137 124//141 2470//4268
f 4734//4270 17//4267 4733//4269
f 4734//4270 20//4271 17//4267
f 117//132 2470//4268 2471//4272
f 117//132 122//137 2470//4268
f 4735//4273 20//4271 4734//4270
f 4735//4273 21//4274 20//4271
f 4736//4275 21//4274 4735//4273
f 113//125 2471//4272 2472//4276
f 113//125 117//132 2471//4272
f 4737//97 21//4274 4736//4275
f 4737//97 23//4277 21//4274
f 111//122 113//125 2472//4276
f 88//96 23//4277 4737//97
f 111//122 2472//4276 2473//4278
f 107//119 111//122 2473//4278
f 88//96 2474//4279 23//4277
f 92//103 2474//4279 88//96
f 104//115 107//119 2473//4278
f 97//108 2474//4279 92//103
f 104//115 2473//4278 2475//4280
f 97//108 2476//4281 2474//4279
f 101//113 104//115 2475//4280
f 99//110 2476//4281 97//108
f 99//110 2475//4280 2476//4281
f 99//110 101//113 2475//4280
f 4744//4282 6//4283 2477//4284
f 6//4283 8//4285 2477//4284
f 2477//4284 8//4285 2478//4286
f 8//4285 10//4287 2478//4286
f 2479//4288 4//4289 4744//4282
f 4744//4282 4//4289 6//4283
f 2478//4286 10//4287 2480//4290
f 2480//4290 10//4287 2481//4291
f 2482//4292 4//4289 2479//4288
f 2482//4292 2//4293 4//4289
f 10//4287 12//4294 2481//4291
f 24//93 2//4293 2482//4292
f 2481//4291 12//4294 2483//4295
f 24//93 2484//4296 2//4293
f 12//4294 14//4297 2483//4295
f 2483//4295 14//4297 2485//4298
f 76//89 2484//4296 24//93
f 2485//4298 14//4297 4763//4299
f 74//85 2484//4296 76//89
f 14//4297 16//4300 4763//4299
f 74//85 2486//4301 2484//4296
f 4763//4299 16//4300 2487//4302
f 69//83 2486//4301 74//85
f 69//83 2488//4303 2486//4301
f 67//77 2488//4303 69//83
f 16//4300 18//4304 2487//4302
f 2487//4302 18//4304 4769//4305
f 67//77 64//74 2488//4303
f 2488//4303 64//74 2489//4306
f 18//4304 2490//4307 4769//4305
f 64//74 60//70 2489//4306
f 19//4308 2490//4307 18//4304
f 19//4308 2491//4309 2490//4307
f 60//70 56//67 2489//4306
f 19//4308 2492//4310 2491//4309
f 2489//4306 56//67 2493//4311
f 19//4308 2494//4312 2492//4310
f 56//67 54//64 2493//4311
f 22//4313 2494//4312 19//4308
f 2493//4311 51//62 2495//4314
f 54//64 51//62 2493//4311
f 22//4313 28//36 2494//4312
f 2495//4314 51//62 2496//4315
f 51//62 49//58 2496//4315
f 2497//4316 28//36 22//4313
f 49//58 46//54 2496//4315
f 2497//4316 33//39 28//36
f 2496//4315 44//52 2498//4317
f 46//54 44//52 2496//4315
f 2497//4316 36//42 33//39
f 2499//4318 36//42 2497//4316
f 44//52 41//49 2498//4317
f 2499//4318 38//45 36//42
f 41//49 38//45 2498//4317
f 2498//4317 38//45 2499//4318
f 4660//4319 2500//4320 4672//4321
f 2501//4322 2500//4320 4660//4319
f 2502//4323 2500//4320 2501//4322
f 4605//4324 2500//4320 2502//4323
f 4714//4325 2503//4326 4694//4327
f 2504//4328 2503//4326 4714//4325
f 2505//4329 2503//4326 2504//4328
f 4685//4330 2503//4326 2505//4329
f 2506//4331 2503//4326 4685//4330
f 2967//4332 2507//4333 2966//4334
f 2866//4335 2507//4336 2967//4332
f 2500//4337 2508//4338 4672//4339
f 2509//4340 2508//4341 4700//4342
f 2510//4343 2508//4341 2509//4340
f 2511//4344 2508//4341 2510//4343
f 4661//4345 2508//4341 2511//4344
f 4672//4321 2508//4341 4661//4345
f 2512//4346 2513//4347 2500//4348
f 2500//4337 2513//4349 2508//4338
f 2508//4350 2514//4351 4700//4342
f 2513//4352 2514//4352 2508//4352
f 2515//4353 2514//4351 2506//4354
f 4676//4355 2514//4351 2515//4353
f 2516//4356 2514//4351 4676//4355
f 2517//4357 2514//4351 2516//4356
f 4700//4342 2514//4351 2517//4357
f 2506//4358 2514//4358 2503//4358
f 2503//4359 2514//4359 2518//4359
f 2519//4360 2520//4361 2512//4346
f 2512//4346 2520//4361 2513//4347
f 2514//4362 2521//4363 2518//4364
f 2513//4365 2521//4366 2514//4367
f 2518//4364 2521//4363 2522//4368
f 2522//4369 2521//4370 2523//4371
f 3169//4372 2524//4372 2519//4372
f 2519//4373 2524//4373 2520//4373
f 2521//4370 2525//4374 2523//4371
f 2523//4375 2525//4376 2526//4377
f 3169//4378 2527//4379 2524//4380
f 2526//4381 2528//4381 2529//4381
f 2529//4382 2528//4382 2530//4382
f 2525//4376 2528//4383 2526//4377
f 2530//4384 2531//4384 2532//4384
f 2532//4385 2531//4385 2533//4385
f 2528//4386 2531//4386 2530//4386
f 2533//4387 2534//4387 2535//4387
f 2531//4388 2534//4388 2533//4388
f 2536//4389 2537//4389 2538//4389
f 2538//4390 2537//4390 2539//4390
f 2539//4391 2540//4391 2541//4391
f 2537//4392 2540//4392 2539//4392
f 2541//4393 2542//4393 2543//4393
f 2540//4394 2542//4394 2541//4394
f 2542//4395 2544//4395 2543//4395
f 2547//4396 2548//4397 2549//4398
f 2550//4399 2551//4399 2552//4399
f 2520//4400 2521//4366 2513//4365
f 2520//4401 2553//4402 2521//4403
f 2524//4404 2553//4402 2520//4401
f 2521//4405 2553//4405 2525//4405
f 2525//4406 2553//4407 2528//4408
f 2900//4409 2554//4409 3169//4409
f 2555//4410 2554//4410 2900//4410
f 3169//4378 2554//4411 2527//4379
f 2524//4412 2556//4413 2553//4414
f 2528//4415 2556//4416 2531//4417
f 2553//4407 2556//4418 2528//4408
f 2527//4419 2556//4413 2524//4412
f 2554//4411 2557//4420 2527//4379
f 2527//4421 2557//4421 2556//4421
f 2555//4422 2557//4422 2554//4422
f 2556//4416 2557//4423 2531//4417
f 2531//4424 2557//4424 2534//4424
f 3009//4425 2558//4426 2900//4427
f 2900//4428 2558//4429 2555//4430
f 2558//4429 2559//4431 2555//4430
f 3009//4425 2560//4432 2558//4426
f 2558//4433 2560//4433 2561//4433
f 3017//4434 2560//4434 3009//4434
f 2561//4435 2559//4431 2558//4429
f 2537//4436 2559//4436 2561//4436
f 2560//4437 2562//4438 2561//4439
f 3017//4440 2562//4440 2560//4440
f 2535//4441 2563//4441 2536//4441
f 2561//4439 2562//4438 2564//4442
f 2562//4443 2565//4444 2564//4445
f 3017//4446 2565//4447 2562//4448
f 2564//4445 2565//4444 2566//4449
f 4120//4450 2567//4450 3017//4450
f 3017//4446 2567//4451 2565//4447
f 2565//4444 2567//4452 2566//4449
f 2561//4453 2568//4453 2537//4453
f 2564//4454 2568//4455 2561//4456
f 2537//4457 2568//4457 2540//4457
f 2567//4458 2569//4459 2566//4460
f 4120//4461 2569//4462 2567//4463
f 2564//4454 2570//4464 2568//4455
f 2568//4465 2570//4466 2540//4467
f 2540//4467 2570//4466 2542//4468
f 2566//4469 2570//4470 2564//4471
f 2569//4472 2572//4473 2571//4474
f 3033//4475 2572//4475 4120//4475
f 4120//4461 2572//4476 2569//4462
f 2542//4477 2573//4478 2544//4479
f 2544//4480 2573//4480 2571//4480
f 2570//4481 2573//4478 2542//4477
f 2566//4469 2573//4482 2570//4470
f 2569//4459 2573//4483 2566//4460
f 2571//4474 2573//4484 2569//4472
f 3033//4485 2574//4485 2572//4485
f 2572//4486 2574//4487 2571//4488
f 3033//4489 2575//4490 2574//4491
f 2574//4492 2575//4492 2576//4492
f 2571//4493 2577//4493 2544//4493
f 2574//4487 2577//4494 2571//4488
f 2576//4495 2577//4495 2574//4495
f 2578//4496 2577//4496 2576//4496
f 2580//4497 2581//4497 3033//4497
f 3033//4489 2581//4498 2575//4490
f 2575//4499 2581//4500 2579//4501
f 2543//4502 2582//4503 2583//4504
f 2578//4505 2582//4505 2577//4505
f 2544//4506 2582//4503 2543//4502
f 2583//4507 2582//4507 2578//4507
f 2577//4508 2582//4508 2544//4508
f 2580//4509 2584//4510 2581//4511
f 2581//4512 2584//4513 2579//4514
f 2579//4501 2585//4515 2575//4499
f 2576//4516 2585//4516 2578//4516
f 2575//4517 2585//4517 2576//4517
f 2586//4518 2585//4518 2579//4518
f 2588//4519 2589//4520 2580//4521
f 2580//4509 2589//4522 2584//4510
f 2584//4523 2589//4524 2587//4525
f 2586//4526 2590//4526 2585//4526
f 2583//4527 2590//4528 2591//4529
f 2585//4530 2590//4530 2578//4530
f 2578//4531 2590//4528 2583//4527
f 2591//4532 2590//4533 2586//4534
f 2587//4525 2592//4535 2584//4523
f 2584//4513 2592//4536 2579//4514
f 2579//4537 2592//4537 2586//4537
f 2546//4538 2592//4538 2587//4538
f 2588//4519 2593//4539 2589//4520
f 2591//4532 2594//4540 2595//4541
f 2595//4542 2594//4542 2545//4542
f 2545//4543 2594//4544 2546//4545
f 2592//4546 2594//4546 2586//4546
f 2546//4547 2594//4547 2592//4547
f 2586//4534 2594//4540 2591//4532
f 2588//4548 2596//4549 2593//4550
f 4312//4551 2596//4549 2588//4548
f 2587//4552 2597//4553 2546//4554
f 4312//4555 2598//4555 2596//4555
f 2596//4556 2598//4557 2599//4558
f 2548//4559 2600//4559 2599//4559
f 2596//4560 2600//4561 2593//4562
f 2599//4563 2600//4563 2596//4563
f 3271//4564 2598//4565 4312//4566
f 2545//4543 2546//4545 2547//4567
f 3271//4564 2601//4568 2598//4565
f 2546//4569 2602//4570 2547//4396
f 2597//4553 2602//4571 2546//4554
f 2547//4396 2602//4570 2548//4397
f 2548//4572 2602//4572 2600//4572
f 2600//4573 2602//4571 2597//4553
f 3758//4574 2603//4575 3271//4576
f 3271//4576 2603//4575 2601//4577
f 3758//4578 2604//4578 2603//4578
f 2603//4579 2604//4580 2605//4581
f 3772//4582 2604//4583 3758//4584
f 2549//4585 2606//4586 2550//4586
f 2551//4587 2606//4588 2607//4589
f 2548//4397 2606//4590 2549//4398
f 2550//4586 2606//4586 2551//4591
f 3095//4592 2604//4583 3772//4582
f 2608//4593 2604//4583 3095//4592
f 2609//4594 2610//4595 2605//4596
f 2611//4597 2612//4598 3109//4599
f 2613//4600 2612//4598 2611//4597
f 3117//4601 2612//4598 2613//4600
f 2614//4602 2612//4598 3117//4601
f 3328//4603 2612//4598 2614//4602
f 2612//4604 2615//4605 2609//4606
f 3328//4603 2616//4607 2612//4598
f 2612//4604 2616//4608 2615//4605
f 3126//4609 2616//4607 3328//4603
f 2966//4334 2616//4607 3126//4609
f 2507//4610 2616//4607 2966//4334
f 2609//4594 2617//4611 2610//4595
f 2619//4612 2618//4613 2507//4614
f 2507//4615 2618//4616 2616//4608
f 2616//4608 2618//4616 2615//4605
f 2622//4617 2621//4618 2620//4619
f 2559//4620 2623//4621 2555//4622
f 2555//4622 2623//4621 2557//4623
f 2557//4624 2623//4624 2534//4624
f 2623//4625 2624//4625 2534//4625
f 2535//4626 2624//4626 2563//4626
f 2534//4627 2624//4627 2535//4627
f 2559//4628 2625//4629 2623//4630
f 2624//4631 2625//4631 2563//4631
f 2623//4632 2625//4632 2624//4632
f 2536//4633 2625//4629 2537//4634
f 2537//4634 2625//4629 2559//4628
f 2563//4635 2625//4635 2536//4635
f 2589//4636 2626//4636 2587//4636
f 2593//4637 2626//4637 2589//4637
f 2587//4552 2626//4638 2597//4553
f 2597//4553 2626//4638 2600//4639
f 2600//4561 2626//4562 2593//4562
f 2601//4640 2627//4641 2598//4557
f 2598//4557 2627//4641 2599//4558
f 2605//4581 2627//4641 2603//4579
f 2607//4642 2627//4643 2551//4644
f 2551//4645 2627//4646 2605//4647
f 2603//4579 2627//4641 2601//4640
f 2628//4648 2629//4649 2608//4593
f 2604//4580 2629//4650 2605//4581
f 3105//4651 2629//4649 2628//4648
f 3109//4652 2629//4649 3105//4651
f 2605//4653 2629//4654 2609//4606
f 2612//4598 2629//4655 3109//4599
f 2609//4606 2629//4654 2612//4604
f 2608//4593 2629//4649 2604//4583
f 2605//4647 2630//4656 2551//4645
f 2552//4657 2630//4658 2631//4659
f 2610//4660 2630//4656 2605//4647
f 2631//4659 2630//4658 2610//4661
f 2551//4662 2630//4662 2552//4662
f 2617//4663 2632//4664 2610//4665
f 2615//4605 2617//4611 2609//4594
f 2619//4612 2617//4663 2618//4613
f 2618//4616 2617//4611 2615//4605
f 2633//4666 2632//4667 2619//4668
f 2619//4612 2632//4664 2617//4663
f 2552//4669 2632//4667 2633//4666
f 2631//4659 2632//4670 2552//4671
f 2621//4672 2619//4668 2620//4673
f 2619//4668 2621//4672 2633//4666
f 2621//4618 2622//4617 2633//4674
f 2607//4642 2634//4675 2627//4643
f 2599//4676 2634//4676 2548//4676
f 2627//4643 2634//4675 2599//4677
f 2548//4678 2634//4678 2606//4678
f 2606//4588 2634//4679 2607//4589
f 2632//4670 2631//4659 2610//4661
f 2642//4680 2635//4681 2857//4682
f 2637//4683 2638//4684 2639//4685
f 2640//4686 2638//4686 2641//4686
f 2641//4687 2638//4687 2637//4687
f 2851//4688 2638//4689 2640//4690
f 2643//4691 2644//4692 2645//4693
f 2644//4692 4694//4327 2645//4693
f 2646//4694 2635//4695 2647//4696
f 2818//4697 2642//4698 2636//4699
f 2647//4696 2635//4695 2648//4700
f 2648//4700 2635//4695 2649//4701
f 2650//4702 2642//4702 2818//4702
f 2651//4703 2642//4704 2650//4705
f 2649//4706 2642//4706 2651//4706
f 2635//4681 2642//4680 2649//4707
f 2653//4708 2652//4709 2965//4710
f 2651//4711 2652//4712 2653//4708
f 2654//4713 2652//4709 2651//4714
f 4694//4327 4628//4715 2645//4693
f 2965//4710 2656//4716 2655//4717
f 2659//4718 2657//4719 2658//4720
f 2658//4721 2657//4721 2820//4721
f 2820//4722 2657//4719 2660//4723
f 2663//4724 2662//4724 2664//4724
f 2664//4725 2662//4726 2665//4727
f 2661//4728 2662//4729 2663//4730
f 2666//4731 2662//4729 2661//4728
f 2667//4732 2662//4732 2666//4732
f 2665//4727 2662//4726 2667//4733
f 2668//4734 2669//4735 2670//4736
f 2672//4737 2503//4738 2671//4739
f 4628//4715 2503//4738 2672//4737
f 4694//4327 2503//4738 4628//4715
f 2670//4740 2669//4741 2535//4742
f 2673//4743 2670//4744 2536//4745
f 2674//4746 2675//4747 2676//4748
f 2677//4749 2675//4750 2674//4751
f 2676//4748 2675//4747 2678//4752
f 2678//4753 2675//4750 2677//4749
f 2679//4754 2678//4753 2677//4749
f 2681//4755 2678//4753 2679//4754
f 2680//4756 2678//4757 2681//4758
f 2676//4759 2682//4759 2683//4759
f 2680//4760 2682//4761 2676//4762
f 2680//4760 2684//4763 2682//4761
f 2681//4764 2684//4765 2680//4766
f 2685//4767 2684//4765 2681//4764
f 2682//4761 2684//4763 2683//4768
f 2684//4769 2686//4770 2683//4771
f 2685//4772 2686//4770 2684//4769
f 2686//4773 2687//4774 2683//4775
f 2683//4776 2687//4777 2688//4778
f 2688//4779 2687//4774 2686//4773
f 2689//4780 2690//4780 2685//4780
f 2685//4781 2690//4781 2686//4781
f 2686//4782 2690//4782 2688//4782
f 2691//4783 2692//4784 2689//4785
f 2689//4786 2692//4786 2690//4786
f 2688//4787 2690//4787 2693//4787
f 2690//4788 2692//4788 2693//4788
f 2694//4789 2695//4789 2691//4789
f 2696//4790 2695//4791 2694//4792
f 2695//4793 2692//4784 2691//4783
f 2693//4794 2692//4795 2697//4796
f 2692//4795 2695//4797 2697//4796
f 2698//4798 2695//4791 2696//4790
f 2683//4799 2699//4800 3016//4801
f 2688//4778 2699//4802 2683//4776
f 2693//4803 2699//4804 2688//4805
f 2697//4806 2700//4807 2693//4808
f 2700//4809 2699//4804 2693//4803
f 2699//4800 2700//4810 3016//4801
f 2701//4811 2700//4807 2697//4806
f 2702//4812 2703//4812 2701//4812
f 3016//4813 2703//4813 2702//4813
f 2700//4814 2703//4814 3016//4814
f 2701//4815 2703//4815 2700//4815
f 2701//4816 2704//4817 2702//4818
f 2702//4818 2704//4817 2705//4819
f 2705//4820 2706//4820 2707//4820
f 2698//4821 2706//4822 2704//4823
f 2704//4824 2706//4824 2705//4824
f 2708//4825 2706//4825 2709//4825
f 2709//4826 2706//4826 2698//4826
f 2710//4827 2711//4828 2712//4829
f 2707//4830 2711//4830 2713//4830
f 2706//4831 2711//4831 2707//4831
f 2708//4832 2711//4832 2706//4832
f 2712//4833 2711//4833 2708//4833
f 2702//4834 2714//4834 3016//4834
f 3016//4835 2714//4835 3217//4835
f 2705//4836 2714//4837 2702//4838
f 2707//4839 2715//4840 2705//4841
f 2715//4842 2714//4837 2705//4836
f 2714//4843 2715//4843 3217//4843
f 2713//4844 2715//4840 2707//4839
f 2710//4845 2716//4845 2711//4845
f 2711//4846 2716//4846 2713//4846
f 2713//4847 2717//4847 2715//4847
f 3217//4848 2717//4848 2718//4848
f 2718//4849 2717//4849 2713//4849
f 2715//4850 2717//4850 3217//4850
f 2713//4851 2716//4852 2718//4853
f 2710//4854 2719//4854 2716//4854
f 2718//4853 2716//4852 2720//4855
f 2720//4856 2716//4857 2719//4858
f 2721//4859 2722//4859 2720//4859
f 2721//4860 2723//4861 2722//4862
f 2718//4863 2728//4864 3225//4865
f 2720//4866 2728//4866 2718//4866
f 2722//4862 2728//4867 2720//4868
f 2724//4869 2723//4869 2721//4869
f 2725//4870 2726//4871 2727//4872
f 2723//4861 2728//4867 2722//4862
f 3225//4865 2728//4864 2729//4873
f 2729//4874 2728//4874 2724//4874
f 2724//4875 2728//4867 2723//4861
f 2726//4876 2730//4877 2724//4878
f 2724//4879 2730//4879 2729//4879
f 2725//4880 2730//4881 2726//4882
f 2731//4883 2732//4883 2725//4883
f 2733//4884 2730//4881 2725//4880
f 2734//4885 2730//4885 2733//4885
f 2725//4880 2732//4886 2733//4884
f 2729//4887 2730//4887 2734//4887
f 2735//4888 2732//4889 2731//4890
f 2732//4886 2736//4891 2733//4884
f 2735//4892 2736//4892 2732//4892
f 2737//4893 2736//4893 2735//4893
f 2733//4894 2736//4894 2738//4894
f 2733//4895 2739//4895 2734//4895
f 2739//4896 2740//4896 2734//4896
f 2729//4897 2740//4897 2741//4897
f 2734//4898 2740//4898 2729//4898
f 2740//4899 2739//4899 2741//4899
f 2738//4900 2739//4900 2733//4900
f 2737//4901 2742//4901 2736//4901
f 2736//4902 2742//4902 2738//4902
f 2738//4903 2742//4903 2743//4903
f 2739//4904 2744//4904 2741//4904
f 2738//4905 2744//4905 2739//4905
f 2741//4906 2744//4906 2743//4906
f 2743//4907 2744//4907 2738//4907
f 2745//4908 2750//4909 2737//4910
f 2746//4911 2747//4912 2750//4913
f 2737//4914 2747//4914 2742//4914
f 2750//4913 2747//4912 2737//4915
f 2748//4916 2747//4916 2746//4916
f 2749//4917 2750//4909 2745//4908
f 2748//4918 2742//4918 2747//4918
f 2743//4919 2742//4919 2748//4919
f 2751//4920 2750//4921 2749//4922
f 2746//4923 2752//4923 2748//4923
f 2743//4924 2753//4924 2754//4924
f 2748//4925 2753//4925 2743//4925
f 2752//4926 2753//4926 2748//4926
f 2753//4927 2752//4927 2754//4927
f 2755//4928 2751//4929 2756//4930
f 2757//4931 2752//4932 2746//4933
f 2758//4934 2759//4934 2749//4934
f 2749//4922 2759//4935 2751//4920
f 2754//4936 2760//4936 2761//4936
f 2752//4937 2760//4937 2754//4937
f 2757//4938 2760//4938 2752//4938
f 2761//4939 2760//4939 2757//4939
f 2758//4940 2762//4941 2759//4942
f 2759//4935 2762//4943 2751//4920
f 2751//4944 2762//4945 2756//4946
f 2756//4946 2762//4945 2763//4947
f 2756//4948 2764//4948 2755//4948
f 2761//4949 2764//4949 2765//4949
f 2755//4950 2764//4951 2761//4952
f 2766//4953 2764//4953 2763//4953
f 2765//4954 2764//4954 2766//4954
f 2763//4955 2764//4955 2756//4955
f 2622//4956 2639//4957 2633//4958
f 2633//4959 2639//4685 2851//4960
f 2851//4960 2639//4685 2638//4684
f 2864//4961 2655//4717 2656//4716
f 2669//4741 2767//4962 2535//4742
f 2535//4963 2767//4963 2533//4963
f 2533//4964 2767//4965 2768//4964
f 2768//4966 2767//4966 2669//4966
f 2536//4967 2670//4740 2535//4742
f 2701//4968 2697//4968 2704//4968
f 2698//4969 2697//4796 2695//4797
f 2704//4823 2697//4970 2698//4821
f 2757//4931 2746//4933 2755//4971
f 2751//4972 2746//4911 2750//4913
f 2755//4928 2746//4973 2751//4929
f 2518//4974 2769//4975 2503//4738
f 2503//4738 2769//4975 2671//4739
f 2671//4739 2769//4976 2770//4977
f 2769//4976 2771//4978 2770//4977
f 2772//4979 2771//4978 2773//4980
f 2774//4981 2771//4978 2772//4979
f 2775//4982 2771//4978 2774//4981
f 2770//4977 2771//4978 2775//4982
f 2776//4983 2771//4984 2777//4985
f 2778//4986 2771//4987 2776//4983
f 4614//4988 2771//4987 2778//4986
f 2773//4980 2771//4987 4614//4988
f 2771//4989 2779//4989 2777//4989
f 2769//4976 2779//4990 2771//4978
f 2780//4991 2779//4992 2781//4993
f 2777//4994 2779//4992 2780//4991
f 2518//4995 2782//4996 2769//4997
f 2522//4998 2782//4998 2518//4998
f 2769//4997 2782//4996 2779//4999
f 4626//5000 2783//5001 2784//5002
f 2785//5003 2783//5004 4626//5000
f 2786//5005 2783//5006 2785//5003
f 4655//5007 2783//5008 2786//5005
f 2784//5002 2783//5001 4643//5009
f 2523//5010 2782//5011 2522//5012
f 2783//5001 2787//5013 4643//5009
f 2782//5014 2788//5015 2779//5016
f 4655//5017 2789//5018 2783//5001
f 2779//5019 2789//5019 2781//5019
f 4615//5020 2789//5021 4655//5007
f 4652//5022 2789//5023 4615//5024
f 2781//4993 2789//5025 4652//5026
f 2788//5027 2789//5027 2779//5027
f 2523//5010 2790//5028 2782//5011
f 2526//5029 2790//5028 2523//5010
f 2790//5030 2791//5031 2782//5014
f 2782//5014 2791//5031 2788//5015
f 2791//5032 2792//5033 2788//5034
f 2526//5029 2793//5035 2790//5028
f 2793//5036 2791//5031 2790//5030
f 2529//5037 2793//5035 2526//5029
f 2530//5038 2794//5039 2529//5040
f 2529//5041 2794//5041 2793//5041
f 2793//5042 2661//5043 2791//5044
f 2661//5045 2663//5046 2791//5032
f 2791//5032 2663//5046 2792//5033
f 2532//5047 2795//5047 2530//5047
f 2530//5038 2795//5048 2794//5039
f 2794//5049 2661//5043 2793//5042
f 2794//5050 2666//5051 2661//5052
f 2795//5053 2666//5051 2794//5050
f 2533//4964 2768//4964 2532//5054
f 2532//5055 2768//5055 2795//5055
f 2795//5053 2796//5056 2666//5051
f 2768//5057 2796//5058 2795//5059
f 2796//5060 2667//5060 2666//5060
f 2669//5061 2796//5058 2768//5057
f 2669//5062 2797//5062 2796//5062
f 2538//5063 2798//5063 2536//5063
f 2673//5064 2799//5064 2800//5064
f 2798//5065 2799//5066 2673//5067
f 2539//5068 2801//5068 2538//5068
f 2538//5069 2801//5069 2798//5069
f 2541//5070 2802//5071 2539//5072
f 2539//5073 2802//5073 2801//5073
f 2801//5074 2694//5074 2798//5074
f 2798//5075 2694//5075 2799//5075
f 2694//5076 2689//5077 2799//5078
f 2802//5079 2694//5079 2801//5079
f 2802//5080 2696//5081 2694//5082
f 2803//5083 2708//5084 2802//5085
f 2802//5080 2708//5086 2696//5081
f 2803//5083 2804//5087 2708//5084
f 2591//5088 2804//5089 2583//5090
f 2804//5091 2805//5092 2708//5093
f 2804//5091 2731//5094 2805//5092
f 2806//5095 2731//5094 2804//5091
f 2806//5095 2807//5096 2731//5094
f 2807//5096 2745//5097 2731//5094
f 2807//5096 2749//5098 2745//5097
f 2808//5099 2749//5098 2807//5096
f 2808//5099 2758//5100 2749//5098
f 2808//5099 2809//5101 2758//5100
f 2758//4940 2809//5102 2762//4941
f 2810//5103 2809//5101 2808//5099
f 2809//5102 2811//5104 2762//4941
f 2810//5103 2812//5105 2809//5101
f 2552//5106 2812//5106 2550//5106
f 2550//5107 2812//5107 2810//5107
f 2809//5102 2813//5108 2811//5104
f 2812//5105 2814//5109 2809//5101
f 2809//5102 2815//5110 2813//5108
f 2814//5111 2815//5110 2809//5102
f 2816//5112 2817//5113 2814//5114
f 2814//5111 2817//5115 2815//5110
f 2817//5115 2818//5116 2815//5110
f 2817//5115 2640//5117 2818//5116
f 2640//5118 2650//5118 2818//5118
f 2649//5119 2651//4711 2653//4708
f 2640//5120 2641//5120 2650//5120
f 2819//5121 2641//5121 2637//5121
f 2819//5122 2650//5122 2641//5122
f 2650//4705 2654//4713 2651//4703
f 2656//4716 2654//4713 2819//5123
f 2819//5123 2654//4713 2650//4705
f 2656//4716 2652//4709 2654//4713
f 2656//4716 2965//4710 2652//4709
f 2787//5013 2820//5124 4643//5009
f 2821//5125 2820//5126 2822//5127
f 2823//5128 2820//5129 2821//5125
f 4643//5009 2820//5130 2823//5128
f 2822//5127 2820//5131 2660//4723
f 2658//5132 2820//5132 2787//5132
f 2789//5018 2787//5013 2783//5001
f 2658//5133 2787//5133 2824//5133
f 2824//5134 2787//5135 2789//5136
f 2789//5136 2825//5137 2824//5134
f 2792//5033 2825//5138 2788//5034
f 2788//5139 2825//5137 2789//5136
f 2824//5140 2825//5140 2826//5140
f 2825//5141 2827//5141 2826//5141
f 2792//5142 2827//5143 2825//5144
f 2663//5145 2827//5143 2792//5142
f 2827//5146 2664//5146 2826//5146
f 2826//5147 2664//5147 2828//5147
f 2663//5145 2664//5148 2827//5143
f 2664//5149 2665//5149 2828//5149
f 2796//5150 2829//5151 2667//5152
f 2667//5153 2674//5153 2665//5153
f 2665//5154 2674//5154 2828//5154
f 2828//5155 2674//5155 2676//5155
f 2797//5156 2829//5151 2796//5150
f 2800//5157 2668//5157 2673//5157
f 2797//5158 2668//5159 2679//5160
f 2673//4743 2668//5161 2670//4744
f 2669//4735 2668//4734 2797//5162
f 2679//5163 2668//5163 2800//5163
f 2829//5164 2674//5164 2667//5164
f 2829//5165 2677//5166 2674//5167
f 2679//5160 2677//5168 2797//5158
f 2797//5169 2677//5166 2829//5165
f 2798//5065 2673//5067 2536//5170
f 2678//4757 2680//4756 2676//5171
f 2800//5172 2681//5172 2679//5172
f 2799//5173 2830//5174 2800//5175
f 2800//5175 2830//5174 2681//5176
f 2830//5174 2685//5177 2681//5176
f 2799//5078 2685//5178 2830//5179
f 2689//5077 2685//5178 2799//5078
f 2543//5180 2802//5071 2541//5070
f 2803//5083 2802//5085 2543//5181
f 2694//5076 2691//5182 2689//5077
f 2803//5183 2831//5184 2804//5185
f 2804//5185 2831//5184 2583//5186
f 2583//5187 2831//5188 2543//5189
f 2543//5189 2831//5188 2803//5190
f 2708//5191 2709//5191 2696//5191
f 2696//5192 2709//5192 2698//5192
f 2805//5193 2712//5194 2708//5195
f 2591//5088 2832//5196 2804//5089
f 2804//5197 2832//5198 2806//5199
f 2712//4829 2833//5200 2710//4827
f 2805//5193 2833//5201 2712//5194
f 2595//5202 2832//5196 2591//5088
f 2806//5199 2832//5198 2595//5203
f 2833//5204 2719//5204 2710//5204
f 3217//5205 2718//5205 3225//5205
f 2805//5206 2834//5206 2833//5206
f 2833//5207 2834//5207 2719//5207
f 2834//5208 2721//5209 2719//5210
f 2719//4858 2721//5211 2720//4856
f 2805//5212 2727//5213 2834//5214
f 2731//5215 2727//5213 2805//5212
f 2725//5216 2727//5216 2731//5216
f 2834//5208 2726//5217 2721//5209
f 2727//4872 2726//4871 2834//5218
f 2545//5219 2835//5220 2595//5221
f 2595//5221 2835//5220 2806//5222
f 2806//5223 2835//5224 2807//5225
f 2726//4876 2724//4878 2721//5226
f 2547//5227 2835//5220 2545//5219
f 3225//5228 2729//5228 2741//5228
f 2745//5229 2735//4888 2731//4890
f 2737//5230 2735//5230 2745//5230
f 2547//5227 2836//5231 2835//5220
f 2835//5224 2836//5232 2807//5225
f 2807//5225 2836//5232 2808//5233
f 2741//5234 2743//5234 2754//5234
f 2549//5235 2836//5231 2547//5227
f 2808//5233 2837//5236 2810//5237
f 2550//5238 2837//5238 2549//5238
f 2810//5239 2837//5239 2550//5239
f 2836//5232 2837//5236 2808//5233
f 2549//5235 2837//5240 2836//5231
f 2754//5241 2761//5241 2765//5241
f 2757//5242 2755//4950 2761//4952
f 2765//5243 2766//5243 3266//5243
f 2763//5244 2838//5244 2766//5244
f 2762//4945 2838//5245 2763//4947
f 2766//5246 2838//5246 3266//5246
f 2811//5247 2838//5247 2762//5247
f 2811//5248 2839//5248 2838//5248
f 2838//5249 2839//5249 3266//5249
f 2839//5250 2840//5250 3266//5250
f 2841//5251 2840//5251 2839//5251
f 3266//5252 2840//5252 2841//5252
f 2811//5253 2842//5253 2839//5253
f 2813//5254 2842//5254 2811//5254
f 2552//5255 2816//5256 2812//5257
f 2842//5258 2843//5258 2839//5258
f 2839//5259 2843//5259 2841//5259
f 2813//5260 2843//5260 2842//5260
f 2812//5261 2816//5112 2814//5114
f 2813//5262 2844//5263 2843//5264
f 2843//5265 2845//5266 2841//5267
f 2841//5268 2845//5268 2846//5268
f 2813//5269 2847//5269 2844//5269
f 2844//5263 2847//5270 2843//5264
f 2813//5271 2848//5271 2847//5271
f 2815//5272 2848//5273 2813//5274
f 2846//5275 2849//5276 2850//5277
f 2850//5278 2849//5278 2847//5278
f 2845//5279 2849//5276 2846//5275
f 2843//5265 2849//5280 2845//5266
f 2847//5281 2849//5280 2843//5265
f 2552//5255 2851//4688 2816//5256
f 2633//4959 2851//4960 2552//5282
f 2848//5283 2852//5284 2847//5285
f 2850//5286 2853//5287 3775//5288
f 2847//5289 2853//5289 2850//5289
f 2852//5290 2853//5291 2847//5292
f 3775//5288 2853//5287 2854//5293
f 2817//5294 2851//4688 2640//4690
f 2815//5272 2855//5295 2848//5273
f 2848//5283 2855//5295 2852//5284
f 2816//5256 2851//4688 2817//5294
f 2854//5293 2853//5287 2856//5296
f 2855//5295 2857//5297 2852//5284
f 2852//5290 2858//5298 2853//5291
f 2857//4682 2858//5298 2852//5290
f 2856//5296 2858//5299 2859//5300
f 2853//5287 2858//5299 2856//5296
f 2815//5272 2857//5297 2855//5295
f 2815//5301 2860//5302 2857//5303
f 2818//4697 2860//5304 2815//5305
f 2859//5300 2858//5299 2861//5306
f 2861//5306 2858//5299 2862//5307
f 2862//5307 2858//5299 2863//5308
f 2818//4697 2636//4699 2860//5304
f 2636//4699 2857//5303 2860//5302
f 2863//5308 2635//4695 3111//5309
f 2858//5299 2635//4695 2863//5308
f 2857//4682 2635//4681 2858//5298
f 2636//4699 2642//4698 2857//5303
f 3111//5309 2635//4695 2646//4694
f 2865//5310 3134//5311 2864//4961
f 2656//5312 2866//4335 2865//5310
f 2656//5312 2865//5310 2864//4961
f 2507//5313 2866//4335 2656//5312
f 2819//5314 2507//5313 2656//5312
f 2619//4668 2507//5313 2819//5314
f 2619//4668 2819//5314 2637//5315
f 2620//4673 2619//4668 2637//5315
f 2639//4957 2620//4673 2637//5315
f 2622//4956 2620//4673 2639//4957
f 2868//5316 4605//4324 4611//5317
f 3135//5318 2868//5316 3335//5319
f 3135//5320 4605//4324 2868//5316
f 3846//5321 2869//5322 2658//5323
f 2870//5324 2871//5325 2658//5326
f 2872//5327 2658//5327 2824//5327
f 2500//5328 2873//5329 3148//5330
f 2874//5331 3378//5332 3380//5333
f 2874//5334 2500//5335 3378//5332
f 2875//5336 2876//5337 2872//5338
f 2875//5336 2872//5339 2824//5340
f 2877//5341 2512//5341 2500//5341
f 2877//5342 2500//5342 2874//5342
f 2877//5343 2874//5343 2878//5343
f 2879//5344 2512//5345 2877//5346
f 2881//5347 2512//5345 2882//5348
f 2883//5349 2519//5350 2512//5351
f 2883//5349 2512//5352 2881//5353
f 2884//5354 2519//5350 2885//5355
f 2886//5356 2519//5350 2887//5357
f 2889//5358 3169//5358 2519//5358
f 2889//5359 2519//5359 2886//5359
f 2889//5360 2886//5361 3163//5362
f 2890//5363 2828//5363 2676//5363
f 2890//5364 2891//5364 2828//5364
f 2890//5365 2888//5366 2891//5367
f 2892//5368 2889//5360 3449//5369
f 2892//5370 3169//5371 2889//5372
f 2893//5373 2890//5373 2676//5373
f 2893//5374 2894//5374 2890//5374
f 2895//5375 2893//5376 2676//5377
f 2895//5375 2896//5378 2893//5379
f 2897//5380 2676//5380 2683//5380
f 2897//5381 2898//5382 2899//5383
f 2897//5384 2899//5385 2676//5377
f 3962//5386 2900//5387 3478//5388
f 3962//5389 3478//5390 3489//5391
f 4005//5392 3009//5392 2900//5392
f 4004//5393 2901//5393 2683//5393
f 3540//5394 3009//5394 4005//5394
f 3540//5395 4005//5396 4011//5397
f 2902//5398 2683//5398 3016//5398
f 2902//5399 2903//5399 2683//5399
f 2902//5400 2904//5401 2903//5402
f 2905//5403 3009//5404 4026//5405
f 2905//5406 4026//5407 2906//5408
f 2907//5409 2908//5409 2902//5409
f 2907//5410 2902//5410 3016//5410
f 3561//5411 3017//5412 3009//5413
f 3561//5411 3009//5413 2905//5414
f 3561//5411 2905//5414 3549//5415
f 2909//5416 2907//5417 3016//5418
f 2909//5416 3562//5419 2907//5420
f 3579//5421 3017//5422 3561//5423
f 3579//5421 3561//5424 3577//5425
f 2910//5426 3016//5426 3217//5426
f 2910//5427 3208//5427 2911//5427
f 2910//5428 2911//5428 3016//5428
f 3582//5429 4120//5429 3017//5429
f 3582//5430 2912//5430 2913//5430
f 3582//5431 3017//5431 2912//5431
f 2914//5432 2910//5432 3217//5432
f 2914//5433 3213//5433 2910//5433
f 2915//5434 4120//5434 3582//5434
f 2915//5435 3582//5436 2916//5437
f 2917//5438 4120//5439 2915//5440
f 2918//5441 3217//5441 3225//5441
f 2918//5442 2919//5442 3217//5442
f 2918//5443 2920//5443 2919//5443
f 2921//5444 3033//5444 4120//5444
f 2921//5445 2922//5446 2923//5447
f 2921//5448 4120//5439 2922//5449
f 2924//5450 2918//5450 3225//5450
f 2924//5451 3028//5451 2918//5451
f 3224//5452 3618//5453 2924//5454
f 3224//5455 2924//5455 3225//5455
f 2925//5456 3033//5456 2921//5456
f 2925//5457 2921//5457 2926//5457
f 3623//5458 3033//5458 2925//5458
f 3623//5459 2925//5460 3621//5461
f 2927//5462 3225//5462 2741//5462
f 2927//5463 2928//5463 3225//5463
f 2929//5464 2927//5464 2741//5464
f 2930//5465 2580//5465 2931//5465
f 2932//5466 2588//5466 2580//5466
f 2932//5467 2933//5468 2934//5469
f 2932//5470 2580//5470 2933//5470
f 3669//5471 2588//5471 2932//5471
f 3669//5472 2932//5473 2935//5474
f 2936//5475 2588//5476 3669//5477
f 3254//5478 4312//5478 2588//5478
f 3254//5479 2588//5479 3680//5479
f 3254//5480 3680//5481 2937//5482
f 2938//5483 3254//5484 2939//5485
f 2938//5486 4312//5486 3254//5486
f 3698//5487 2938//5488 2940//5489
f 3698//5490 4312//5491 2938//5492
f 2941//5493 4312//5493 3068//5493
f 2941//5494 3271//5494 4312//5494
f 2941//5495 3068//5496 2942//5497
f 2943//5498 3716//5498 3266//5498
f 2943//5499 3718//5500 3716//5501
f 2943//5502 3266//5502 2841//5502
f 3269//5503 2941//5495 3724//5504
f 3269//5505 3271//5505 2941//5505
f 2944//5506 2943//5506 2841//5506
f 2944//5507 2945//5507 2943//5507
f 2946//5508 2947//5509 2944//5510
f 2946//5508 2944//5511 2841//5512
f 3271//5513 3269//5503 2948//5514
f 3076//5515 3272//5516 4367//5517
f 3076//5518 3271//5519 3272//5520
f 2949//5521 2950//5522 2951//5523
f 2949//5524 2951//5524 2841//5524
f 2949//5525 2841//5525 2846//5525
f 2952//5526 2953//5526 2949//5526
f 2952//5527 2949//5528 2846//5529
f 3745//5530 3758//5530 3271//5530
f 3745//5531 3076//5515 3080//5532
f 3745//5533 3271//5533 3076//5533
f 3757//5534 3745//5535 2954//5536
f 3757//5534 3758//5537 3745//5538
f 3276//5539 3772//5540 3758//5541
f 3086//5542 3772//5542 3276//5542
f 3086//5543 3276//5539 3280//5544
f 3772//5545 3086//5543 2955//5546
f 3098//5547 2854//5548 2856//5549
f 2856//5550 2958//5551 3098//5552
f 2959//5553 2960//5554 2856//5550
f 2959//5555 2856//5555 2859//5555
f 2859//5556 3292//5557 2959//5553
f 2961//5558 2628//5559 3101//5560
f 2961//5561 3105//4651 2628//5562
f 2961//5563 3101//5560 3102//5564
f 3103//5565 2862//5566 2863//5308
f 3109//4652 3105//4651 3107//5567
f 2962//5568 2611//5569 3109//4652
f 2611//5570 2962//5571 3112//5572
f 2968//5573 2867//5574 4609//5575
f 4607//5576 2968//5573 4609//5575
f 4611//5317 4610//5577 2868//5316
f 4607//5576 2659//4718 2969//5578
f 2970//5579 2969//5578 2659//5580
f 2971//5581 3135//5582 3335//5583
f 2870//5584 3142//5585 2871//5586
f 2973//5587 2870//5587 2658//5587
f 2973//5588 2972//5589 2870//5584
f 2973//5590 2658//5590 2872//5590
f 2974//5591 2973//5591 2872//5591
f 2975//5592 2876//5593 2976//5594
f 2975//5592 2872//5338 2876//5337
f 2874//5331 2977//5595 2878//5596
f 2878//5596 2978//5597 3395//5598
f 2980//5599 2979//5600 2824//5340
f 2877//5346 2878//5596 3395//5598
f 2880//5601 2879//5344 2877//5346
f 2981//5602 2824//5602 2826//5602
f 2981//5603 2980//5603 2824//5603
f 2981//5604 2982//5605 2980//5599
f 3156//5606 2981//5607 2826//5608
f 3403//5609 2983//5610 2881//5353
f 2826//5611 2984//5612 3156//5613
f 3409//5614 3413//5615 3159//5616
f 3409//5614 3159//5617 2881//5353
f 2883//5349 2881//5353 3159//5617
f 2885//5355 2519//5350 2883//5349
f 2987//5618 2826//5618 2828//5618
f 2987//5619 2988//5619 2826//5619
f 3161//5620 3163//5621 2886//5356
f 3162//5622 2989//5623 2987//5624
f 3162//5625 2987//5625 2828//5625
f 2828//5626 2990//5627 3162//5622
f 3163//5621 3161//5620 2991//5628
f 2992//5629 2828//5626 2891//5630
f 2992//5631 2891//5367 3909//5632
f 3163//5621 3910//5633 3164//5634
f 3914//5635 2888//5366 3918//5636
f 3165//5637 3163//5621 3164//5634
f 3165//5638 2889//5360 3163//5362
f 3446//5639 2888//5366 2890//5365
f 3446//5640 3918//5640 2888//5640
f 2889//5360 3921//5641 3449//5369
f 2993//5642 2894//5643 3456//5644
f 2993//5642 2890//5645 2894//5646
f 2994//5647 3456//5644 2894//5643
f 2994//5648 3462//5649 3456//5650
f 2893//5379 2995//5651 2894//5652
f 2898//5382 2996//5653 2997//5654
f 2996//5653 2898//5382 2897//5655
f 2998//5656 2999//5657 3495//5658
f 2998//5659 2897//5659 2999//5659
f 3500//5660 3495//5658 2999//5661
f 3966//5662 3971//5663 3000//5664
f 3001//5665 3185//5666 2999//5661
f 3002//5667 3966//5668 3000//5664
f 3002//5669 2900//5387 3966//5662
f 3002//5670 3003//5670 4005//5670
f 3002//5671 4005//5671 2900//5671
f 3004//5672 3513//5673 3005//5674
f 3006//5675 3005//5675 3001//5676
f 3006//5677 3001//5677 2999//5677
f 3522//5678 3003//5678 3518//5678
f 3522//5679 3518//5679 3520//5679
f 3007//5680 3003//5681 3008//5682
f 3007//5680 4005//5396 3003//5683
f 4010//5684 4004//5685 2683//5686
f 3009//5404 3542//5687 4019//5688
f 2904//5689 3011//5690 3010//5691
f 3012//5692 3011//5693 2904//5694
f 3012//5695 2904//5695 2902//5695
f 4039//5696 4041//5697 3549//5698
f 4039//5699 3549//5699 2905//5699
f 3197//5700 2902//5700 2908//5700
f 3197//5701 2908//5701 3013//5701
f 3551//5702 4044//5703 3014//5704
f 3551//5702 3014//5705 3549//5698
f 3201//5706 3200//5707 3013//5708
f 3201//5709 3013//5709 2908//5709
f 4046//5710 2908//5710 2907//5710
f 4048//5711 3549//5698 3014//5705
f 4048//5712 3561//5424 3549//5713
f 3562//5714 3558//5715 2907//5716
f 3568//5717 3015//5718 3577//5425
f 3568//5717 3577//5425 3561//5424
f 3018//5719 2912//5719 3017//5719
f 3019//5720 2910//5720 3213//5720
f 3019//5721 3213//5721 3020//5721
f 4081//5722 3582//5722 2913//5722
f 3021//5723 3022//5724 2916//5725
f 3021//5726 2916//5437 3582//5436
f 4102//5727 2916//5725 3022//5724
f 2915//5728 2916//5729 4107//5730
f 2915//5728 4107//5730 3586//5731
f 2915//5728 3023//5732 3601//5733
f 2915//5440 3601//5733 2917//5438
f 2918//5734 3024//5734 2920//5734
f 3220//5735 2921//5445 2923//5447
f 3220//5736 2923//5736 4136//5736
f 3606//5737 3028//5737 3025//5737
f 3606//5738 2918//5738 3028//5738
f 3223//5739 3026//5740 2926//5741
f 3223//5742 2926//5743 2921//5445
f 3027//5744 3025//5744 3028//5744
f 3027//5745 4147//5746 3025//5747
f 3614//5748 3026//5749 3611//5750
f 3614//5751 2926//5741 3026//5740
f 3030//5752 3029//5753 3028//5754
f 3030//5755 3028//5756 2924//5757
f 2924//5757 3618//5758 3031//5759
f 4165//5760 2925//5760 2926//5760
f 4165//5761 2926//5761 3032//5761
f 3625//5762 3034//5763 3033//5764
f 3625//5762 3035//5765 3034//5766
f 3036//5767 3626//5768 3037//5769
f 3036//5770 2928//5770 2927//5770
f 3036//5771 3037//5772 2928//5773
f 3038//5774 3039//5774 3040//5774
f 4213//5775 3038//5775 3040//5775
f 3041//5776 2927//5776 2929//5776
f 3041//5777 3040//5778 2927//5779
f 3236//5780 2930//5781 2931//5782
f 3042//5783 2929//5783 2741//5783
f 3042//5784 3043//5785 2929//5786
f 3044//5787 2930//5788 3236//5789
f 3044//5787 3236//5790 3237//5791
f 3045//5792 3042//5793 2741//5794
f 3047//5795 3046//5796 2741//5794
f 4531//5797 3048//5798 2935//5799
f 4531//5800 2935//5474 2932//5473
f 2935//5801 3049//5802 3663//5803
f 3663//5803 3669//5804 2935//5801
f 3050//5805 3666//5806 2754//5807
f 3674//5808 3051//5809 2936//5475
f 3674//5808 2936//5475 3669//5804
f 3674//5808 3052//5810 3051//5811
f 3678//5812 2588//5476 2936//5475
f 3679//5813 3680//5481 2588//5476
f 3053//5814 2754//5814 2765//5814
f 3053//5815 3054//5816 3050//5805
f 3053//5817 3050//5817 2754//5817
f 3055//5818 2937//5482 3680//5481
f 3682//5819 2937//5482 4559//5820
f 3682//5821 3254//5480 2937//5482
f 3684//5822 2939//5485 3254//5484
f 3684//5823 3257//5824 2939//5825
f 3056//5826 3057//5826 3053//5826
f 3056//5827 3053//5827 2765//5827
f 3058//5828 3056//5829 2765//5830
f 3060//5831 3257//5832 3061//5833
f 3060//5831 2939//5834 3257//5835
f 2939//5834 3063//5836 3692//5837
f 3064//5838 3059//5839 2765//5830
f 3695//5840 2939//5834 3692//5837
f 3695//5841 2938//5488 2939//5842
f 3065//5843 2940//5489 2938//5488
f 4312//5844 4317//5845 3068//5496
f 3066//5846 3067//5846 3064//5846
f 3066//5847 3064//5847 2765//5847
f 3066//5848 2765//5848 3266//5848
f 2942//5497 4323//5849 3707//5850
f 3069//5851 3070//5851 3066//5851
f 3069//5852 3066//5852 3266//5852
f 3707//5850 2941//5495 2942//5497
f 3266//5853 3710//5854 3069//5855
f 3717//5856 3724//5504 2941//5495
f 3717//5856 3071//5857 3724//5504
f 2943//5499 3719//5858 3718//5500
f 2943//5499 2945//5859 4338//5860
f 3724//5504 3071//5857 3072//5861
f 3726//5862 3728//5863 3073//5864
f 3726//5862 3073//5864 3724//5504
f 3269//5503 3724//5504 3073//5864
f 3074//5865 2945//5866 2944//5510
f 3730//5867 2948//5514 3269//5503
f 3730//5867 3075//5868 2948//5869
f 3077//5870 3080//5532 3076//5515
f 3077//5871 3078//5872 3080//5532
f 3079//5873 2949//5521 2953//5874
f 3080//5532 3736//5875 3738//5876
f 2952//5527 3081//5877 2953//5878
f 3745//5531 3080//5532 3738//5876
f 3274//5879 2954//5536 3745//5535
f 3082//5880 3083//5881 2846//5529
f 3082//5882 2846//5882 2850//5882
f 3276//5539 3758//5541 3084//5883
f 3085//5884 3082//5885 2850//5886
f 3276//5539 3278//5887 3280//5544
f 3766//5888 3280//5544 3278//5887
f 3087//5889 3088//5890 2850//5886
f 3087//5891 2850//5891 3775//5891
f 3089//5892 3090//5893 3087//5894
f 3089//5892 3087//5895 3775//5896
f 3091//5897 3095//5898 3772//5545
f 3092//5899 3093//5900 3779//5901
f 3092//5902 3779//5903 3775//5896
f 3092//5904 3775//5905 2854//5548
f 4412//5906 3095//5907 3091//5908
f 4412//5906 3091//5897 3094//5909
f 3784//5910 3096//5911 3785//5912
f 3098//5547 3788//5913 2854//5548
f 4420//5914 2608//5914 3095//5914
f 4420//5915 3095//5907 3792//5916
f 3286//5917 2608//4593 4420//5915
f 3099//5918 2859//5919 2861//5920
f 3100//5921 2628//4648 2608//4593
f 2861//5920 3302//5922 3300//5923
f 2862//5566 3302//5922 2861//5920
f 3106//5924 3103//5565 2863//5308
f 3109//4652 3107//5567 3108//5925
f 3110//5926 3111//5309 2646//4694
f 3113//5927 2646//4694 2647//4696
f 2647//4696 3824//5928 3113//5927
f 3315//5929 2613//4600 2611//5570
f 2648//4700 3115//5930 2647//4696
f 3319//5931 3116//5932 3826//5933
f 3319//5931 2648//4700 2649//4701
f 2614//4602 3117//4601 3320//5934
f 2964//5935 3328//4603 3327//5936
f 2964//5935 3327//5936 3329//5937
f 3121//5938 2653//4708 2965//4710
f 3330//5939 3326//5940 3122//5941
f 3126//4609 3328//4603 2964//5935
f 3125//5942 3121//5938 2965//4710
f 3130//5943 3125//5942 2965//4710
f 3129//5944 3125//5942 3130//5943
f 3131//5945 3126//4609 3128//5946
f 3130//5943 2655//4717 3132//5947
f 3131//5945 2966//4334 3126//4609
f 3131//5945 3133//5948 2966//4334
f 2864//4961 3132//5947 2655//4717
f 3339//5949 2971//5950 3335//5951
f 3135//5582 3136//5952 3835//5953
f 3139//5954 2970//5954 2659//5954
f 3866//5955 2972//5956 2973//5957
f 3146//5958 3147//5958 3860//5958
f 3146//5959 3145//5960 2873//5961
f 3146//5962 2873//5962 2500//5962
f 3146//5963 2500//5963 3147//5963
f 2975//5592 2974//5964 2872//5338
f 3871//5965 3148//5330 2873//5329
f 2976//5594 2876//5593 3149//5966
f 2875//5336 2824//5340 3150//5967
f 2982//5605 3877//5968 2980//5599
f 2982//5605 3153//5969 3882//5970
f 3154//5971 3153//5969 2982//5972
f 3154//5971 2982//5973 2981//5607
f 3403//5609 2881//5347 2882//5348
f 3158//5974 2985//5975 2986//5976
f 2986//5976 2985//5975 2826//5611
f 3414//5977 2826//5977 2988//5977
f 3414//5978 2988//5979 3421//5980
f 3417//5981 3416//5982 3419//5983
f 3899//5984 2988//5979 3160//5985
f 3903//5986 3160//5987 2988//5988
f 3903//5989 2988//5989 2987//5989
f 3162//5622 2990//5627 3439//5990
f 2891//5367 2888//5366 3443//5991
f 3920//5992 3167//5993 3919//5994
f 3446//5995 3166//5996 3918//5636
f 3166//5997 3168//5998 3920//5992
f 2890//5645 3447//5999 3446//6000
f 3172//6001 3169//5371 3170//6002
f 3172//6003 3170//6004 3171//6005
f 3174//6006 3935//6007 3934//6008
f 3178//6009 3169//6009 3172//6009
f 3178//6010 3172//6010 3935//6010
f 2676//5377 2899//5385 3179//6011
f 2899//5383 3957//6012 3179//6013
f 2898//5382 3469//6014 2899//5383
f 3473//6015 3182//6016 3183//6017
f 3483//6018 2996//5653 3486//6019
f 3486//6019 2996//5653 2897//5655
f 3486//6019 2897//6020 2998//5656
f 3491//6021 3962//5386 3489//6022
f 3493//6023 2998//5656 3495//5658
f 3185//5666 3502//6024 2999//5661
f 3002//5667 3000//5664 3976//6025
f 3186//6026 3187//6027 3512//6028
f 3186//6029 3002//5667 3187//6027
f 3186//6026 3518//6030 3003//6031
f 3186//6032 3003//6032 3002//6032
f 3513//5673 3188//6033 3005//5674
f 4450//6034 3005//6034 3006//6034
f 4450//6035 3004//6035 3005//6035
f 3191//6036 4450//6037 3006//6038
f 3006//6038 3192//6039 3193//6040
f 3195//6041 2683//6041 2901//6041
f 3195//6042 3006//6042 2999//6042
f 3195//6043 2897//6043 2683//6043
f 3195//6044 2999//6044 2897//6044
f 3536//6045 2683//5686 2903//5402
f 3538//6046 3539//6047 3541//6048
f 4017//6049 3543//6050 3542//5687
f 3542//5687 3543//6050 4019//5688
f 3011//6051 4023//6052 3010//5691
f 2902//6053 3196//6054 3012//6055
f 3199//6056 3197//6057 3013//6058
f 3200//6059 3548//6059 3013//6059
f 2908//6060 3202//6061 3201//6062
f 3203//6063 2908//6064 4046//6065
f 2907//5716 3557//6066 4046//6065
f 3204//6067 3561//5424 4048//5712
f 3562//5419 3205//6068 3558//6069
f 3015//5718 3576//6070 3577//5425
f 3206//6071 2911//6072 3207//6073
f 3206//6074 3016//5418 2911//6075
f 4056//6076 3208//6077 4060//6078
f 4056//6079 2911//6072 3208//6080
f 2910//6081 3019//6082 4077//6083
f 4084//6084 4091//6085 3021//6086
f 4084//6087 3021//6088 3582//6089
f 3210//6090 4086//6091 3020//6092
f 3211//6093 3020//6094 3213//6095
f 3585//6096 4102//6097 3022//6098
f 3585//6096 4101//6099 4102//6097
f 3585//6100 3022//6101 3583//6102
f 3585//6103 3212//6104 4101//6099
f 3214//6105 4097//6106 3213//6095
f 3214//6107 3213//6107 2914//6107
f 3214//6108 2914//6109 4460//6110
f 3216//6111 2914//6112 3217//6113
f 3216//6111 3215//6114 2914//6115
f 3599//6116 3217//6117 2919//6118
f 4113//6119 2919//6118 2920//6120
f 3218//6121 3024//6122 2918//6123
f 3219//6124 2918//6123 3606//6125
f 3220//6126 4136//6127 4137//6128
f 3221//6129 3606//6125 3025//5747
f 3222//6130 3223//5742 2921//5445
f 3613//6131 3027//6132 3028//6133
f 2926//6134 3614//6135 4155//6136
f 4165//6137 3032//6138 4162//6139
f 2925//6140 4165//6137 4170//6141
f 4179//6142 3225//6143 2928//5773
f 4179//6144 3619//6145 3225//6146
f 3630//6147 3036//6148 2927//6149
f 3226//6150 3040//6151 3039//6152
f 3226//6153 2927//6153 3040//6153
f 3227//6154 2580//6155 3033//6156
f 3227//6154 3228//6157 2931//6158
f 3227//6154 2931//6158 2580//6155
f 3227//6159 3033//6159 3034//6159
f 3227//6160 3034//5766 4191//6161
f 3229//6162 3039//6162 3038//6162
f 3229//6163 3230//6164 3039//6165
f 3229//6163 3038//6166 3231//6167
f 3040//6168 3232//6169 4213//6170
f 3233//6171 3228//6172 4216//6173
f 3233//6171 2931//5782 3228//6174
f 3238//6175 2580//6176 2930//5788
f 4595//6177 4531//5797 2932//6178
f 4595//6177 2932//6179 4526//6180
f 3241//6181 3242//6182 3048//6183
f 3241//6181 3048//5798 4531//5797
f 3243//6184 2741//6184 2754//6184
f 3243//6185 3244//6185 2741//6185
f 4257//6186 3246//6186 3243//6186
f 4257//6187 3243//6187 2754//6187
f 2754//5807 3247//6188 4257//6189
f 3054//5816 3248//6190 3050//5805
f 4272//6191 3054//6192 3053//6193
f 4272//6191 3249//6194 3054//5816
f 3681//6195 3053//6193 3057//6196
f 3681//6197 3057//6198 3250//6199
f 3251//6200 3250//6201 3057//6202
f 3251//6200 3252//6203 3250//6204
f 3255//6205 3684//6206 3254//5480
f 3255//6205 4565//6207 3684//6208
f 3256//6209 3253//6210 3057//6211
f 3256//6209 3057//6212 3056//6213
f 3684//5823 3685//6214 3257//5824
f 3062//6215 3686//6216 3059//5839
f 3062//6215 3059//5839 3064//5838
f 3064//5838 3067//6217 3259//6218
f 3067//6217 3260//6219 3259//6218
f 3262//6220 3263//6221 3264//6222
f 3262//6223 3067//6217 3263//6224
f 4582//6225 3067//6225 3066//6225
f 4582//6226 3263//6226 3067//6226
f 4319//6227 3070//6228 3265//6229
f 4319//6227 3066//6230 3070//6231
f 3267//6232 4338//5860 2945//5859
f 2945//5859 3074//5865 3268//6233
f 3273//6234 4375//6235 3732//6236
f 2846//5529 3741//6237 2952//5527
f 3082//5880 3085//5884 3275//6238
f 3085//5884 3761//6239 3275//6238
f 3279//6240 4388//6241 3767//6242
f 3086//5543 3282//6243 2955//5546
f 3283//6244 3087//5889 3090//5893
f 3772//5545 4398//6245 3776//6246
f 3091//5897 3772//5545 3776//6246
f 4399//6247 3094//5909 3091//5897
f 4399//6248 3781//6249 3094//5909
f 4412//5906 4414//6250 3095//5907
f 3095//5907 3786//6251 3792//5916
f 3792//5916 3794//6252 3284//6253
f 4420//5915 3792//5916 3284//6253
f 4420//5915 3285//6254 3286//5917
f 3287//6255 3800//6256 3799//6257
f 3285//6254 2608//4593 3286//5917
f 3289//6258 3801//6259 3800//6256
f 3801//6259 3289//6258 3290//6260
f 3285//6254 3801//6259 3290//6260
f 3289//6258 3287//6255 3291//6261
f 3288//6262 2959//5553 3291//6261
f 3287//6255 3288//6263 3291//6261
f 3291//6261 2959//5553 3292//5557
f 3293//6264 3100//5921 2608//4593
f 3100//5921 3294//6265 2628//4648
f 3299//6266 3298//6267 3295//6268
f 3300//5923 3299//6266 3297//6269
f 3102//6270 3298//6267 3304//6271
f 3102//5564 3101//5560 3298//6267
f 3301//6272 3809//6273 3300//5923
f 3302//5922 3301//6272 3300//6274
f 2961//5561 3104//6275 3105//4651
f 3104//6276 2961//5563 3813//6277
f 3103//5565 3305//6278 3812//6279
f 3305//6278 3306//6280 3814//6281
f 3307//6282 3308//6283 3305//6278
f 3308//6283 3306//6280 3305//6278
f 3106//5924 3308//6283 3307//6282
f 3309//6284 3306//6280 3308//6283
f 3306//6280 3309//6284 3108//5925
f 3111//5309 3815//6285 2863//5308
f 3312//6286 3108//5925 3309//6284
f 3108//5925 3312//6286 2962//5571
f 3109//4652 3108//5925 2962//5568
f 3815//6285 3111//5309 3311//6287
f 3309//6284 3308//6283 3310//6288
f 3816//6289 3815//6285 3311//6287
f 3816//6289 3308//6283 3815//6285
f 3308//6283 3816//6289 3310//6288
f 3312//6286 3309//6284 3310//6288
f 3311//6287 3111//5309 3110//5926
f 3817//6290 3312//6286 3310//6288
f 3818//6291 3112//5572 3312//6286
f 3113//5927 3314//6292 3819//6293
f 3314//6292 3820//6294 3819//6293
f 3114//6295 3825//6296 3315//5929
f 3820//6294 3314//6292 3823//6297
f 3821//6298 3820//6294 3825//6296
f 3825//6296 3820//6294 3823//6297
f 2647//4696 3115//5930 3824//5928
f 3317//6299 3827//6300 3828//6301
f 3117//4601 3317//6299 3320//5934
f 3317//6299 3318//6302 3320//5934
f 3318//6302 3116//5932 3321//6303
f 3322//6304 3116//5932 3319//5931
f 3318//6302 3321//6303 3829//6305
f 3321//6303 3116//5932 3323//6306
f 3320//5934 3318//6302 3829//6305
f 3319//5931 2649//4701 3322//6304
f 2649//4701 3324//6307 3322//6304
f 3118//6308 3119//6309 2614//4602
f 3119//6309 3328//4603 2614//4602
f 3829//6305 3830//6310 3120//6311
f 3119//6309 3829//6305 3120//6311
f 3831//6312 3324//6307 2963//6313
f 3831//6312 2963//6313 3325//6314
f 3831//6312 3326//5940 3830//6310
f 3327//5936 3120//6311 3830//6310
f 3327//5936 3830//6310 3326//5940
f 3327//5936 3328//4603 3120//6311
f 3325//6314 2963//6313 3121//5938
f 3330//5939 3329//5937 3327//5936
f 3325//6314 3122//5941 3326//5940
f 3121//5938 3122//5941 3325//6314
f 3123//6315 3330//5939 3122//5941
f 3330//5939 3124//6316 3329//5937
f 3121//5938 3125//5942 3122//5941
f 3124//6316 2964//5935 3329//5937
f 3126//4609 2964//5935 3124//6316
f 3129//5944 3127//6317 3123//6315
f 3128//5946 3126//4609 3124//6316
f 3124//6316 3127//6317 3128//5946
f 2655//4717 3130//5943 2965//4710
f 3129//5944 3130//5943 3132//5947
f 3332//6318 3131//5945 3331//6319
f 3331//6319 3333//6320 3332//6318
f 3332//6318 3133//5948 3131//5945
f 3333//6320 3331//6319 3132//5947
f 3134//5311 3333//6320 2864//4961
f 3332//6318 3134//5311 2865//5310
f 2966//4334 3133//5948 2865//5310
f 2866//4335 2967//4332 2865//5310
f 4610//5577 2867//5574 3335//5319
f 2968//5573 4607//5576 3334//6321
f 3334//6321 4607//5576 2969//5578
f 3335//5319 2867//5574 2968//5573
f 3334//6321 2969//5578 3338//6322
f 3334//6321 3337//6323 3336//6324
f 3339//5949 3335//5951 3336//6325
f 3337//6326 3334//6321 3338//6322
f 3339//5949 3336//6325 3337//6327
f 3339//5949 3337//6327 3340//6328
f 3340//6329 3337//6326 3338//6322
f 3339//5949 3340//6328 2971//5950
f 2970//5579 3832//6330 3338//6322
f 3832//6331 3340//6329 3338//6322
f 3341//6332 3340//6329 3832//6331
f 3342//6333 3832//6331 3137//6334
f 3341//6332 3342//6333 3343//6335
f 3137//6334 2970//5579 3346//6336
f 3343//6337 3342//6333 3137//6334
f 3835//5953 3136//5952 3344//6338
f 3835//6339 2500//4320 4605//4324
f 3835//6340 3351//6340 3147//6340
f 3835//5953 4605//6341 3135//5582
f 3835//6342 3147//6342 2500//6342
f 3346//6336 2970//5579 3139//6343
f 3348//6344 3346//6345 3139//6346
f 3836//6347 3835//5953 3833//6348
f 4425//6349 3139//6350 3354//6351
f 3140//6352 3351//6353 3352//6354
f 3140//6352 3147//6355 3351//6353
f 3355//6356 2659//6356 2658//6356
f 3355//6357 3139//6357 2659//6357
f 3355//6358 2658//6359 2869//5322
f 3842//6360 3147//6361 3140//6352
f 4428//6362 3147//6361 3358//6363
f 3854//6364 3143//6364 3860//6364
f 3854//6365 3860//6366 3147//6367
f 3854//6365 3147//6367 4428//6362
f 3856//6368 3359//6369 3360//6370
f 3143//6371 3359//6372 3856//6368
f 3143//6371 3859//6373 3860//6374
f 3142//5585 2870//5584 3361//6375
f 3860//6374 3363//6376 3144//6377
f 2972//5589 3361//6375 2870//5584
f 3365//6378 3863//6379 3862//6380
f 3365//6381 3865//6382 3863//6379
f 3366//6383 3145//5960 3146//5959
f 3366//6383 3860//6384 3144//6377
f 3366//6385 3146//6385 3860//6385
f 3370//6386 3368//6387 3367//6388
f 3867//6389 2973//6390 2974//5964
f 3868//6391 3145//6392 3370//6386
f 3869//6393 3867//6389 2974//5964
f 3868//6391 2873//5329 3145//6392
f 3373//6394 2974//5964 2975//5592
f 2500//5328 3148//5330 3376//6395
f 3379//6396 3378//5332 3376//6397
f 3149//6398 3377//6399 2976//5594
f 3380//5333 3378//5332 3379//6396
f 3380//5333 3873//6400 3874//6401
f 3874//6401 3149//5966 3381//6402
f 2876//5593 3381//6402 3149//5966
f 3380//5333 3874//6401 3382//6403
f 2874//5331 3380//5333 3382//6403
f 3382//6403 3874//6401 3381//6402
f 3383//6404 3382//6403 3381//6402
f 2874//5331 3382//6403 3383//6404
f 3385//6405 3384//6405 3387//6405
f 2977//5595 3383//6404 3385//6406
f 2977//5595 3385//6406 3387//6407
f 3387//6407 3384//6408 3386//6409
f 3388//6410 3387//6407 3386//6409
f 2977//5595 3387//6407 3389//6411
f 3389//6411 2878//5596 2977//5595
f 3388//6410 3389//6411 3387//6407
f 3390//6412 3389//6411 3388//6413
f 2824//5340 3391//6414 3150//5967
f 3388//6415 3151//6416 3152//6417
f 3151//6416 3388//6415 3391//6414
f 3390//6418 3388//6418 3152//6418
f 3875//6419 3390//6412 3152//6417
f 3389//6411 3390//6412 3875//6419
f 2979//5600 3391//6414 2824//5340
f 3392//6420 3152//6417 3151//6416
f 3392//6420 2979//5600 3393//6421
f 3393//6421 3394//6422 3392//6420
f 3394//6422 3876//6423 3392//6420
f 3396//6424 3394//6422 3393//6421
f 3879//6425 3397//6426 3878//6427
f 3397//6426 2877//5346 3878//6427
f 2880//5601 2877//5346 3397//6426
f 2882//5348 2512//5345 3398//6428
f 3401//6429 3400//6430 2981//5607
f 3893//6431 2882//5348 3399//6432
f 2981//5607 3156//5606 3401//6429
f 3401//6429 3156//6433 3155//6434
f 3404//6435 3894//6436 3155//6434
f 2983//5610 3403//5609 3402//6437
f 3408//6438 3405//6439 3406//6440
f 2984//5612 2826//5611 2985//5975
f 2881//5353 2983//5610 3157//6441
f 3408//6438 3406//6440 3407//6442
f 3408//6438 3407//6442 3410//6443
f 3407//6442 2985//5975 3158//5974
f 3157//6441 3408//6438 3409//5614
f 3410//6443 3407//6442 3158//5974
f 3409//5614 2881//5353 3157//6441
f 3409//5614 3408//6438 3410//6443
f 3409//5614 3410//6443 3411//6444
f 3409//5614 3411//6444 3413//5615
f 3412//6445 3410//6446 2986//5976
f 3415//6447 3413//5615 3416//5982
f 2986//5976 2826//5611 3414//5978
f 3416//5982 3412//6445 3414//5978
f 3419//5983 3416//5982 3414//5978
f 3159//5617 3413//6448 3415//6449
f 3421//5980 3419//5983 3414//5978
f 3422//6450 2883//5349 3895//6451
f 2885//5355 3422//6450 3897//6452
f 2885//5355 2883//5349 3422//6450
f 3423//6453 2884//5354 2885//5355
f 3426//6454 2519//5350 2884//5354
f 2987//5624 3428//6455 3903//5986
f 3429//6456 4436//6457 3430//6458
f 3431//6459 2987//5624 2989//5623
f 3434//6460 3436//6461 3161//5620
f 3162//5622 3439//5990 3437//6462
f 2991//6463 3161//5620 3438//6464
f 3441//6465 3438//6464 3439//6466
f 3440//6467 3441//6465 3439//5990
f 3440//6467 3439//5990 2990//5627
f 3441//6465 2991//6463 3438//6464
f 3907//6468 2991//6463 3441//6465
f 3442//6469 3164//5634 3912//6470
f 3442//6469 3165//5638 3164//5634
f 3167//6471 3921//5641 2889//5360
f 3449//5369 3451//6472 2892//6473
f 4438//6474 3452//6475 3450//6476
f 3454//6477 3453//6478 4439//6479
f 2892//6473 3453//6478 3455//6480
f 3455//6480 3453//6478 3454//6477
f 3455//6481 3169//5371 2892//5370
f 3457//6482 3456//5644 3462//6483
f 3169//5371 3455//6481 3459//6484
f 3461//6485 3171//6005 3170//6004
f 3171//6005 3927//6486 3172//6003
f 3927//6487 3929//6488 3932//6489
f 3930//6490 3929//6488 4441//6491
f 3932//6492 3935//6007 3172//6493
f 3932//6489 3172//6494 3927//6487
f 4442//6495 2894//5643 2995//6496
f 4590//6497 4442//6498 3173//6499
f 3176//6500 4444//6501 3942//6502
f 4444//6503 3944//6504 3174//6505
f 2896//5378 3464//6506 2893//5379
f 3465//6507 3178//6507 3935//6507
f 3465//6508 3935//6007 3174//6006
f 3466//6509 3465//6510 3177//6511
f 3466//6512 3178//6512 3465//6512
f 3178//6513 3467//6514 3182//6515
f 3957//6012 2899//5383 3180//6516
f 3182//6515 3467//6514 4447//6517
f 4447//6517 3181//6518 3182//6515
f 3469//6014 3180//6516 2899//5383
f 3181//6519 3468//6520 3471//6521
f 3470//6522 3471//6523 3468//6524
f 3470//6525 3468//6520 3180//6516
f 3182//6016 3181//6526 3471//6527
f 3184//6528 3470//6522 3469//6014
f 3184//6528 3469//6014 2898//5382
f 3182//6016 3471//6527 3183//6017
f 3184//6528 3472//6529 3470//6522
f 3475//6530 3958//6531 3474//6532
f 3959//6533 3475//6530 3474//6532
f 3476//6534 2900//6534 3169//6534
f 3476//6535 3169//6535 3178//6535
f 3476//6536 3178//6536 3182//6536
f 3476//6537 3478//6538 2900//6539
f 3477//6540 3478//6538 3476//6537
f 3959//6533 3480//6541 3477//6540
f 3481//6542 3480//6541 3479//6543
f 3482//6544 3478//6538 3477//6540
f 3485//6545 3478//5390 3482//6546
f 3488//6547 3485//6548 3484//6549
f 3490//6550 3488//6547 3484//6549
f 3495//5658 3961//6551 3493//6023
f 3495//5658 3497//6552 3961//6551
f 3499//6553 3964//6554 3498//6555
f 3495//5658 3500//5660 3497//6552
f 3503//6556 3501//6557 3504//6558
f 3502//6559 3505//6560 3504//6558
f 3503//6556 3504//6558 3506//6561
f 3000//5664 3971//5663 3503//6562
f 3505//6560 3502//6563 3185//5666
f 3507//6564 3503//6565 3506//6561
f 3506//6561 3504//6558 3505//6560
f 3503//6562 3507//6564 3000//5664
f 3978//6566 3001//5665 3005//6567
f 3186//6026 3190//6568 3518//6030
f 3514//6569 3513//5673 3004//6570
f 3516//6571 3515//6572 3517//6573
f 4450//6037 3189//6574 3004//6575
f 3518//6576 3519//6577 3520//6578
f 3193//6040 3191//6036 3006//6038
f 3522//6579 3523//6580 3003//5681
f 3527//6581 3006//6581 3195//6581
f 3527//6582 3195//6583 3528//6584
f 3527//6585 3192//6039 3006//6038
f 3195//6583 3530//6586 3528//6584
f 3007//5680 3008//5682 3529//6587
f 4451//6588 3195//6583 2901//6589
f 2901//6589 3994//6590 4451//6588
f 4001//6591 4004//6592 3533//6593
f 4001//6594 2901//6595 4004//6596
f 3534//6597 4005//5396 4000//6598
f 4011//6599 3535//6600 3537//6601
f 3537//6602 3540//5395 4011//5397
f 2903//5402 3539//6047 3538//6046
f 4015//6603 3541//6604 4017//6049
f 3541//6604 3543//6050 4017//6049
f 2903//5402 2904//5401 3539//6047
f 3540//5395 4017//6049 3542//5687
f 3544//6605 3541//6048 3539//6047
f 3009//5404 3540//5395 3542//5687
f 3546//6606 3011//6051 4030//6607
f 4030//6607 3011//5693 3012//5692
f 2905//5406 2906//5408 4027//6608
f 3547//6609 3198//6610 3197//6057
f 4039//5696 2905//6611 4034//6612
f 3197//6613 3198//6614 2902//6053
f 4039//5696 4040//6615 4041//5697
f 4043//6616 3548//6617 3200//6618
f 3200//5707 3550//6619 4043//6620
f 3201//5706 4452//6621 3200//5707
f 3553//6622 4044//6623 4454//6624
f 3553//6622 4454//6624 3554//6625
f 3553//6626 3014//6627 4044//6628
f 4047//6629 4048//5712 3014//6627
f 3557//6066 3556//6630 4046//6065
f 3558//5715 3557//6066 2907//5716
f 3560//6631 3557//6066 3558//5715
f 3564//6632 3204//6067 3559//6633
f 3564//6632 3568//5717 3561//5424
f 3565//6634 3563//6635 3205//6636
f 3566//6637 3565//6634 3205//6638
f 3565//6634 3566//6637 3569//6639
f 3015//5718 3568//5717 3565//6634
f 3570//6640 2909//5416 3016//5418
f 3015//5718 3565//6634 3571//6641
f 3572//6642 3570//6640 3016//5418
f 3015//5718 3571//6641 3576//6643
f 3573//6644 3572//6642 3575//6645
f 3578//6646 3576//6070 3574//6647
f 3578//6646 3574//6647 3573//6644
f 3577//5425 3576//6070 3578//6646
f 3579//5421 3577//5425 3578//6646
f 4055//6648 3578//6646 4052//6649
f 4059//6650 3018//6651 3017//5422
f 3581//6652 2910//6081 3209//6653
f 3581//6654 3580//6655 3208//6077
f 3581//6656 3208//6656 2910//6656
f 2913//6657 2912//6658 4070//6659
f 4079//6660 4081//6661 2913//6662
f 4085//6663 4082//6664 4080//6665
f 4086//6091 3019//6082 3020//6092
f 4094//6666 3020//6092 3211//6667
f 4097//6668 3214//6108 4099//6669
f 2914//6109 3215//6114 4109//6670
f 3588//6671 3586//5731 4107//5730
f 3588//6672 4107//6673 4108//6674
f 3589//6675 3588//6672 3587//6676
f 3592//6677 3593//6678 3591//6679
f 3216//6111 3217//6113 3594//6680
f 2915//5728 3586//5731 3596//6681
f 3597//6682 3594//6680 3217//6113
f 3598//6683 3593//6678 3594//6680
f 3597//6682 3598//6683 3594//6680
f 3600//6684 3593//6678 3598//6683
f 3600//6684 3023//5732 3593//6678
f 4110//6685 3600//6684 3598//6683
f 4112//6686 3600//6684 4110//6685
f 4112//6686 3601//5733 3600//6684
f 3602//6687 4113//6688 2920//6689
f 2920//6689 3024//6690 4123//6691
f 4123//6691 3024//6122 4128//6692
f 3024//6122 3603//6693 4128//6692
f 2923//6694 2922//5449 4126//6695
f 3606//6125 3605//6696 3219//6124
f 3220//5735 4137//6128 4461//6697
f 3220//5735 4461//6697 4141//6698
f 3025//5747 3607//6699 3221//6129
f 4148//6700 4147//5746 3027//5745
f 3026//6701 4150//6702 3611//5750
f 4149//6703 4467//6704 3611//5750
f 4150//6702 4149//6703 3611//5750
f 3614//5748 3611//5750 4151//6705
f 4154//6706 4155//6707 3614//5748
f 4156//6708 3617//6709 4155//6710
f 3616//6711 4158//6712 3030//5752
f 3616//6713 3030//5755 2924//5757
f 3618//5453 3224//5452 4168//6714
f 4174//6715 4175//6716 4170//6141
f 4180//6717 3621//5461 2925//6140
f 2928//5773 3620//6718 4179//6142
f 3037//6719 3626//6720 4183//6721
f 3625//5762 3033//5764 3624//6722
f 3626//5768 3036//5767 3627//6723
f 3035//6724 4483//6725 4187//6726
f 3036//6148 3630//6147 3629//6727
f 4488//6728 4202//6729 3634//6730
f 4202//6729 3633//6731 3634//6730
f 4202//6732 3635//6733 3228//6734
f 4202//6735 3228//6735 3227//6735
f 4202//6736 3227//6160 3633//6737
f 4208//6738 3231//6167 3038//6739
f 4216//6740 3228//6734 3637//6741
f 4219//6742 4217//6743 3040//5778
f 3040//5778 3041//5777 3234//6744
f 3233//6171 4216//6173 3638//6745
f 4223//6746 2931//5782 4489//6747
f 4492//6748 3236//5780 2931//5782
f 4493//6749 3639//6750 2929//6751
f 3641//6752 2929//6753 3043//5785
f 3237//5791 3236//5790 3643//6754
f 4495//6755 3044//5787 3237//5791
f 3644//6756 4507//6757 3046//5796
f 4507//6757 3644//6756 4508//6758
f 3644//6756 3046//5796 3047//5795
f 3644//6756 3645//6759 4508//6758
f 3238//6175 2930//5788 4509//6760
f 3645//6759 3646//6761 3238//6175
f 3647//6762 3645//6763 3644//6756
f 3648//6764 3645//6765 3647//6766
f 3646//6761 2580//6176 3238//6175
f 3645//6767 3648//6767 3646//6767
f 3239//6768 2741//6768 3244//6768
f 3239//6769 3047//5795 2741//6770
f 3239//6769 3244//6771 4238//6772
f 3648//6773 3649//6773 3646//6773
f 4232//6774 3648//6775 3650//6776
f 4231//6777 4234//6778 2933//6779
f 4231//6777 2933//6780 2580//6176
f 4234//6778 3652//6781 2933//6782
f 3244//6783 4514//6784 4238//6785
f 4512//6786 4515//6787 4513//6788
f 3655//6789 3244//6783 3656//6790
f 4519//6791 2932//5467 2934//5469
f 4519//6791 3240//6792 2932//6179
f 4243//6793 2932//6179 3240//6792
f 3657//6794 3656//6794 3244//6794
f 3657//6795 3244//6795 3243//6795
f 3243//6796 3246//6797 3660//6798
f 4253//6799 3660//6798 3246//6797
f 4257//6800 3662//6801 3246//6802
f 4262//6803 4257//6800 3247//6804
f 2754//5807 3666//5806 3665//6805
f 3666//5806 3668//6806 3665//6805
f 3666//5806 3672//6807 3668//6806
f 3666//5806 3050//5805 3672//6807
f 3671//6808 4265//6809 3668//6806
f 3672//6807 3671//6808 3668//6806
f 3673//6810 4266//6811 3671//6808
f 3672//6807 3675//6812 3673//6810
f 3673//6810 3676//6813 3052//5810
f 3249//6194 4267//6814 3054//5816
f 3250//6199 4551//6815 3681//6197
f 2937//5482 3055//5818 4552//6816
f 4555//6817 4557//6818 4559//6819
f 4555//6820 4559//5820 2937//5482
f 3253//6210 3683//6821 3057//6211
f 3056//6822 3058//5828 4297//6823
f 3257//5824 3685//6214 4291//6824
f 4291//6824 4294//6825 3257//5824
f 4574//6826 3059//5839 3686//6216
f 3258//6827 2939//5834 3060//5831
f 3687//6828 4575//6829 4574//6826
f 3687//6828 3258//6827 4575//6829
f 3689//6830 3688//6831 4300//6832
f 3689//6830 4300//6832 3690//6833
f 3691//6834 3689//6830 3690//6835
f 3696//6836 3695//5840 3694//6837
f 2938//5488 3695//5841 3261//6838
f 3697//6839 3264//6222 3263//6221
f 4311//6840 3263//6841 4582//6842
f 3066//6843 3700//6844 4582//6842
f 3703//6845 3704//6846 2942//6847
f 3701//6848 3705//6849 3702//6850
f 3721//6851 3072//5861 3071//5857
f 4335//6852 2943//5499 4338//5860
f 3726//5862 3724//5504 3723//6853
f 4340//6854 3729//6855 3268//6233
f 4340//6854 4339//6856 3729//6855
f 3073//5864 4339//6856 3269//5503
f 4342//6857 4339//6856 4340//6854
f 4339//6856 4342//6857 3730//5867
f 3269//5503 4339//6856 3730//5867
f 2948//5869 4350//6858 3271//5519
f 3731//6859 2950//5522 2949//5521
f 3273//6234 3078//5872 4375//6235
f 4376//6860 4378//6861 3273//6234
f 4586//6862 4378//6861 4376//6860
f 3734//6863 4586//6862 4377//6864
f 3734//6863 3079//5873 2953//5874
f 3734//6863 4377//6864 3079//5873
f 3733//6865 4378//6861 4586//6862
f 3735//6866 3736//5875 3733//6865
f 2953//5878 3081//5877 3735//6867
f 3737//6868 3738//6869 3735//6870
f 2952//5527 3739//6871 3081//5877
f 4379//6872 3745//5535 3738//6869
f 3740//6873 3739//6871 3741//6237
f 3746//6874 4379//6872 3742//6875
f 3748//6876 3743//6877 3747//6876
f 3274//5879 3746//6874 3748//6878
f 3750//6879 3747//6880 3083//5881
f 3747//6880 3750//6879 4381//6881
f 4381//6882 3749//6883 3747//6884
f 3751//6885 3749//6885 4381//6885
f 3082//5880 4380//6886 3083//5881
f 3275//6238 3761//6239 3759//6887
f 3085//5884 3763//6888 3762//6889
f 4389//6890 3765//6891 3763//6888
f 2850//5886 3764//6892 3085//5884
f 4388//6241 3766//5888 3765//6891
f 3766//5888 3278//5887 3765//6891
f 3279//6240 3280//5544 3766//5888
f 3282//6243 3280//5544 3279//6240
f 3281//6893 3279//6240 3767//6242
f 3281//6893 3282//6243 3279//6240
f 3086//5543 3280//5544 3282//6243
f 3770//6894 3282//6243 3281//6893
f 3281//6893 3769//6895 3770//6894
f 4392//6896 3771//6897 3282//6243
f 3282//6243 3770//6894 4392//6896
f 3283//6244 3090//5893 4391//6898
f 3089//5892 4396//6899 3090//5893
f 3773//6900 3774//6901 4397//6902
f 3091//5897 3776//6246 4399//6247
f 3093//5900 4403//6903 3779//5903
f 3782//6904 4410//6905 2956//6906
f 2956//6907 4410//6908 3092//5899
f 3783//6909 3782//6904 3785//5912
f 3096//5911 3783//6910 3785//5912
f 4414//6250 3784//5910 3095//5907
f 4414//6250 3096//5911 3784//5910
f 3788//5913 3097//6911 2854//5548
f 3789//6912 3786//6251 3787//6913
f 3788//5913 3790//6914 3097//6911
f 3787//6913 3097//6911 3791//6915
f 3097//6911 3790//6914 3791//6915
f 3098//5547 3790//6914 3788//5913
f 3098//5552 3793//6916 4416//6917
f 4419//6918 3284//6253 4417//6919
f 4418//6920 3795//6921 3798//6922
f 3796//6923 4419//6918 3797//6924
f 2960//5554 3287//6255 3799//6257
f 3288//6263 3287//6255 2960//5554
f 3288//6262 2960//5554 2959//5553
f 3285//6254 3290//6260 2608//4593
f 3289//6258 3802//6925 3290//6260
f 3802//6925 3293//6264 3290//6260
f 2608//4593 3290//6260 3293//6264
f 3803//6926 3292//5557 2859//5556
f 3808//6927 3294//6928 3806//6929
f 3804//6930 3805//6931 3807//6932
f 3295//6268 3804//6930 3807//6932
f 3807//6932 3805//6931 3099//5918
f 2628//5559 3294//6928 3808//6927
f 3806//6929 3804//6930 3296//6933
f 3804//6930 3295//6268 3296//6933
f 3808//6927 3806//6929 3296//6933
f 3807//6932 3099//5918 3297//6269
f 3808//6927 3296//6933 2628//5559
f 3295//6268 3807//6932 3297//6269
f 3297//6269 3099//5918 2861//5920
f 3298//6267 3296//6933 3295//6268
f 3299//6266 3295//6268 3297//6269
f 3296//6933 3298//6267 2628//5559
f 3298//6267 3101//5560 2628//5559
f 3300//5923 3297//6269 2861//5920
f 3298//6267 3299//6266 3809//6273
f 3809//6273 3299//6266 3300//5923
f 3809//6273 3304//6271 3298//6267
f 3303//6934 2961//5563 3102//5564
f 3809//6273 3301//6272 3810//6935
f 3302//5922 3810//6935 3301//6272
f 3810//6935 3304//6271 3809//6273
f 3810//6936 3811//6937 3304//6271
f 3811//6937 3303//6934 3304//6271
f 3811//6937 3813//6277 3303//6934
f 3812//6279 3810//6935 3302//5922
f 3812//6938 3811//6937 3810//6936
f 3812//6279 3302//5922 2862//5566
f 3103//5565 3812//6279 2862//5566
f 3814//6939 3813//6277 3811//6937
f 3811//6937 3812//6938 3814//6939
f 3814//6939 3104//6276 3813//6277
f 3305//6940 3814//6939 3812//6938
f 3105//4651 3104//6275 3107//5567
f 3104//6941 3814//6941 3306//6941
f 3107//5567 3104//6275 3306//6280
f 3307//6282 3103//5565 3106//5924
f 3306//6280 3108//5925 3107//5567
f 3106//5924 3815//6285 3308//6283
f 3106//5924 2863//5308 3815//6285
f 3311//6287 3110//5926 3816//6289
f 3312//6286 3817//6290 3818//6291
f 3819//6293 3110//5926 2646//4694
f 3313//6942 3112//5572 3818//6291
f 3313//6942 2611//5570 3112//5572
f 3816//6289 3820//6294 3817//6290
f 3819//6293 3820//6294 3816//6289
f 3817//6290 3821//6298 3818//6291
f 3113//5927 3819//6293 2646//4694
f 3817//6290 3820//6294 3821//6298
f 3313//6942 3114//6295 2611//5570
f 3824//5928 3314//6292 3113//5927
f 3822//6943 3314//6292 3824//5928
f 3823//6297 3314//6292 3822//6944
f 3315//5929 2611//5570 3114//6295
f 3315//5929 3825//6296 3827//6300
f 3822//6943 3824//5928 3115//5930
f 3827//6300 3825//6296 3823//6297
f 3115//5930 3826//5933 3822//6943
f 3823//6297 3828//6301 3827//6300
f 3822//6944 3828//6301 3823//6297
f 3826//5933 3828//6301 3822//6943
f 3826//5933 3115//5930 2648//4700
f 3827//6300 3316//6945 2613//4600
f 3317//6299 3316//6945 3827//6300
f 3826//5933 3318//6302 3828//6301
f 3318//6302 3317//6299 3828//6301
f 3319//5931 3826//5933 2648//4700
f 3318//6302 3826//5933 3116//5932
f 3316//6945 3317//6299 3117//4601
f 3829//6305 3118//6308 3320//5934
f 3324//6307 3323//6306 3322//6304
f 3321//6303 3830//6310 3829//6305
f 3829//6305 3119//6309 3118//6308
f 3830//6310 3321//6303 3323//6306
f 3831//6312 3323//6306 3324//6307
f 3323//6306 3831//6312 3830//6310
f 2963//6313 3324//6307 2649//4701
f 2963//6313 2649//5119 2653//4708
f 3119//6309 3120//6311 3328//4603
f 3326//5940 3831//6312 3325//6314
f 3121//5938 2963//6313 2653//4708
f 3326//5940 3330//5939 3327//5936
f 3123//6315 3122//5941 3125//5942
f 3123//6315 3125//5942 3129//5944
f 3123//6315 3127//6317 3124//6316
f 3128//5946 3127//6317 3331//6319
f 3331//6319 3127//6317 3129//5944
f 3331//6319 3131//5945 3128//5946
f 2864//4961 3333//6320 3132//5947
f 3134//5311 3332//6318 3333//6320
f 3133//5948 3332//6318 2865//5310
f 2966//4334 2865//5310 2967//4332
f 2970//5579 3137//6334 3832//6330
f 3341//6946 3343//6337 3136//5952
f 3834//6947 3833//6348 3345//6948
f 3836//6347 3351//6353 3835//5953
f 4424//6949 3351//6353 3138//6950
f 3837//6951 3838//6952 3352//6354
f 3838//6952 3140//6352 3352//6354
f 3353//6953 3354//6351 3840//6954
f 3353//6953 3841//6955 3838//6952
f 3353//6953 3840//6954 3841//6955
f 4426//6956 3354//6351 3139//6957
f 4426//6958 3139//6958 3355//6958
f 3839//6959 3840//6954 4426//6956
f 3842//6360 3140//6352 3838//6952
f 2869//5322 3845//6960 3355//6358
f 3357//6961 4427//6962 3845//6960
f 3358//6363 3357//6961 3848//6963
f 3847//6964 3357//6961 3356//6965
f 3847//6966 3848//6963 3357//6961
f 3849//6967 3847//6964 3356//6965
f 3850//6968 3847//6966 3849//6969
f 3849//6969 3851//6970 3850//6968
f 3852//6971 3851//6972 3849//6973
f 3853//6974 3846//6975 2658//5326
f 3854//6365 3359//6369 3143//6976
f 3360//6370 3851//6972 3852//6971
f 3855//6977 3852//6978 3853//6979
f 3857//6980 3855//6981 3141//6982
f 3141//6982 2871//5325 3142//5585
f 3362//6983 3361//6375 2972//5956
f 3863//6379 3861//6984 3362//6983
f 3863//6379 3362//6983 3862//6380
f 3144//6377 3363//6376 3861//6984
f 3861//6984 3863//6379 3144//6377
f 3863//6379 3364//6985 3144//6377
f 3862//6380 3866//5955 3365//6986
f 3865//6382 3364//6985 3863//6379
f 3366//6383 3364//6985 3864//6987
f 3366//6383 3864//6987 3145//5960
f 3864//6987 3865//6382 3368//6988
f 3368//6988 3865//6382 3365//6381
f 3867//6389 3369//6989 2973//6390
f 3368//6990 3370//6386 3145//6392
f 3371//6991 3367//6388 3369//6989
f 3867//6389 3371//6991 3369//6989
f 3867//6389 3869//6393 3371//6991
f 3372//6992 3371//6991 3869//6393
f 3871//5965 2873//5329 3868//6391
f 3870//6993 3372//6992 3872//6994
f 3375//6995 3148//6996 3871//6997
f 3373//6394 3377//6399 3872//6994
f 3377//6399 3373//6394 2976//5594
f 3872//6998 3374//6999 3375//7000
f 3374//7001 3376//7001 3375//7001
f 3378//5332 2500//5335 3376//6397
f 3873//7002 3374//7003 3377//6399
f 3873//7002 3377//6399 3149//6398
f 3873//7004 3149//5966 3874//6401
f 3384//7005 2876//5337 2875//5336
f 3384//7006 3381//6402 2876//5593
f 3383//7007 3381//7007 3385//7007
f 3385//7008 3381//7008 3384//7008
f 2977//5595 2874//5331 3383//6404
f 3386//7009 3384//7005 2875//5336
f 3150//5967 3386//7009 2875//5336
f 3388//6410 3150//5967 3391//6414
f 2878//5596 3389//6411 3875//6419
f 3876//6423 3875//6419 3152//6417
f 3151//6416 3391//6414 2979//5600
f 2878//5596 3875//6419 2978//5597
f 3876//7010 2978//5597 3875//6419
f 3392//6420 3151//6416 2979//5600
f 2978//5597 3876//7010 3395//7011
f 3393//6421 2979//5600 2980//5599
f 3878//6427 2877//5346 3395//5598
f 3879//7012 3396//6424 3880//7013
f 3877//5968 2982//5605 3880//7013
f 3881//7014 3879//7015 3880//7016
f 3881//7014 3397//6426 3879//6425
f 3882//5970 3881//7014 3880//7016
f 3881//7014 4431//7017 3397//6426
f 2880//5601 3883//7018 2879//5344
f 3886//7019 3153//5969 3154//5971
f 2879//5344 3885//7020 2512//5345
f 3888//7021 3890//7022 3398//6428
f 3890//7023 3887//7024 3889//7025
f 3885//7020 3888//7021 2512//5345
f 2981//5607 3891//7026 3154//5971
f 3889//7027 3154//5971 3891//7026
f 3890//7023 3889//7025 3891//7028
f 3892//7029 3890//7030 3891//7026
f 3398//6428 3890//7022 3399//6432
f 3892//7029 3891//7026 3400//6430
f 3892//7029 3399//6432 3890//7022
f 3398//6428 3399//6432 2882//5348
f 3399//6432 3892//7029 3893//6431
f 3400//6430 3893//6431 3892//7029
f 3894//6436 3893//6431 3400//6430
f 3155//6434 3894//6436 3401//6429
f 3402//7031 3893//6431 3894//6436
f 3402//6437 3403//5609 3893//6431
f 3402//7032 3405//6439 2983//5610
f 3405//6439 3404//7033 3406//6440
f 3407//6442 3406//7034 2984//5612
f 2984//5612 2985//5975 3407//6442
f 3405//6439 3408//6438 3157//6441
f 3410//6443 3158//5974 2986//7035
f 3411//6444 3410//6443 3412//6445
f 3416//5982 3411//6444 3412//6445
f 3412//6445 2986//5976 3414//5978
f 3417//5981 3415//6447 3416//5982
f 3418//7036 3159//5617 3415//6449
f 3417//5981 3418//7037 3415//6447
f 3419//5983 3420//7038 3417//5981
f 3418//7037 3417//5981 3420//7038
f 3421//5980 3420//7038 3419//5983
f 3420//7038 3895//6451 3418//7037
f 3159//5617 3418//7036 2883//5349
f 3420//7038 3421//5980 3896//7039
f 2883//5349 3418//7036 3895//6451
f 3895//6451 3420//7038 3896//7039
f 3422//6450 3895//6451 3896//7039
f 2988//5979 4432//7040 3896//7039
f 3896//7039 3897//6452 3422//6450
f 3899//5984 4432//7040 2988//5979
f 4432//7040 3897//6452 3896//7039
f 4432//7040 3899//5984 4434//7041
f 3898//7042 4433//7043 3423//6453
f 3160//5987 4434//7041 3899//5984
f 4434//7041 3160//5987 3900//7044
f 4435//7045 2884//5354 3423//6453
f 3903//5986 3900//7044 3160//5987
f 3425//7046 3426//6454 4435//7047
f 3425//7046 2887//5357 3426//6454
f 3425//7046 4436//6457 2887//5357
f 3426//6454 2887//5357 2519//5350
f 3904//7048 3424//7049 3428//6455
f 3904//7048 3428//6455 2987//5624
f 3429//6456 3430//6458 3905//7050
f 2987//5624 3431//6459 3904//7048
f 3430//7051 3904//7048 3431//7052
f 3430//7053 3431//6459 3905//7054
f 3905//7050 3906//7055 3429//6456
f 3431//6459 2989//5623 3432//7056
f 3434//6460 3906//7055 3905//7050
f 3905//7054 3431//6459 3432//7056
f 3905//7050 3432//7057 3433//7058
f 2989//5623 3435//7059 3432//7056
f 3433//7058 3436//6461 3434//6460
f 3433//7058 3435//7060 3436//6461
f 3435//7060 2989//7061 3437//7062
f 3437//6462 2989//5623 3162//5622
f 3438//6464 3435//7060 3437//7062
f 3438//6464 3161//5620 3436//6461
f 3438//6464 3437//7063 3439//6466
f 2992//5629 2990//5627 2828//5626
f 3440//6467 2990//5627 2992//7064
f 2991//5628 3910//5633 3163//5621
f 3440//7065 2992//5631 3909//5632
f 3910//5633 2991//7066 3907//7067
f 3908//7068 3440//7069 3909//5632
f 3907//7070 3440//7070 3908//7070
f 3907//7067 3908//7068 3910//5633
f 2891//5367 3911//7071 3909//5632
f 3911//7071 3913//7072 3912//6470
f 2891//5367 3443//5991 3911//7071
f 3913//7072 3442//6469 3912//6470
f 3911//7071 3443//5991 3913//7072
f 3914//5635 4601//7073 2888//5366
f 3914//5635 3916//7074 4601//7073
f 3918//5636 3916//7074 3914//5635
f 2889//5360 3165//5638 3444//7075
f 3919//7076 3167//6471 3444//7075
f 2889//5360 3444//7075 3167//6471
f 3166//5997 3920//5992 3919//5994
f 3166//5997 3446//6000 3445//7077
f 3445//7077 3168//5998 3166//5997
f 3920//5992 3921//7078 3167//5993
f 3923//7079 3921//5641 3168//7080
f 3445//7077 3924//7081 3922//7082
f 3445//7077 3446//6000 3924//7083
f 3921//5641 3923//7079 3449//5369
f 3924//7083 3446//6000 3447//5999
f 3924//7081 3923//7084 3922//7082
f 3450//6476 3923//7084 3924//7081
f 3448//7085 3924//7083 3447//5999
f 3924//7081 3448//7085 3450//6476
f 3451//6472 3449//5369 3923//7079
f 2890//5645 3448//7085 3447//5999
f 3451//6472 3923//7084 3450//6476
f 3450//6476 3448//7085 4437//7086
f 3450//6476 3452//6475 3451//6472
f 4437//7086 4438//6474 3450//6476
f 2993//5642 4437//7086 2890//5645
f 2892//6473 3451//6472 3452//6475
f 3453//6478 3452//6475 4438//6474
f 3453//6478 2892//6473 3452//6475
f 3454//6477 4439//6479 3457//6482
f 3454//6477 3458//7087 3455//6480
f 3456//5644 3457//6482 4439//6479
f 3454//6477 3457//6482 3458//7087
f 3459//6484 3455//6480 3458//7087
f 3458//7087 3457//6482 3460//7088
f 3169//5371 3459//6484 3170//6002
f 3460//7088 3459//6484 3458//7087
f 3457//6482 3462//6483 3460//7088
f 3460//7089 3461//6485 3170//6004
f 3460//7088 3170//6002 3459//6484
f 4440//7090 3460//7091 3462//7092
f 4440//7090 3461//7093 3460//7094
f 3925//7095 3461//7093 4440//7090
f 3926//7096 4440//7090 3462//7092
f 3926//7097 3462//5649 2994//5648
f 3925//7095 4441//6491 3461//7093
f 4441//6491 3927//6487 3461//7093
f 4441//6491 3463//7098 3930//7099
f 3931//7100 3929//7101 3930//7099
f 2994//5648 4442//6498 3463//7098
f 2994//5647 2894//5643 4442//6495
f 3930//7099 3463//7098 4442//6498
f 3930//7099 4590//6497 3931//7100
f 2995//6496 3173//7102 4442//6495
f 3933//7103 3935//6007 3932//6492
f 3935//6007 3933//7103 3934//6008
f 3173//7102 3936//7104 3937//7105
f 3937//7106 3936//7106 3938//7106
f 3938//7107 3940//7108 3939//7109
f 3938//7107 3939//7109 3934//6008
f 3940//7110 3941//7111 3175//7112
f 3940//7113 3175//7114 4443//7115
f 4443//7115 3939//7109 3940//7108
f 3174//7116 3939//7109 4443//7115
f 3175//7114 3941//7117 3942//6502
f 3464//6506 3943//7118 2893//5379
f 3464//6506 2896//5378 3945//7119
f 3465//6510 3174//6505 3944//6504
f 3946//7120 3944//6504 4444//6503
f 3946//7121 4444//6501 3945//7119
f 3465//6510 3944//6504 3946//7120
f 3948//7122 2896//5378 2895//5375
f 3946//7120 3177//6511 3465//6510
f 4445//7123 3950//7124 3177//7125
f 3951//7126 3947//7127 3949//7128
f 2895//5375 3179//6011 3949//7128
f 3952//7129 3949//7128 3953//7130
f 3953//7131 3949//7132 3179//6013
f 3179//6011 2895//5375 2676//5377
f 3953//7131 3954//7133 3952//7134
f 3954//7135 4446//7136 3952//7129
f 3955//7137 4446//7136 3954//7138
f 3956//7139 3953//7131 3957//6012
f 3178//7140 3955//7137 3467//7141
f 3469//6014 3470//6522 3180//6516
f 3471//6523 3470//6522 3472//6529
f 3472//6529 3183//6017 3471//6523
f 3183//6017 3472//6529 3958//6531
f 3184//7142 3958//6531 3472//7143
f 3473//6015 3958//6531 3475//6530
f 3476//6537 3182//6016 3473//6015
f 3474//6532 3479//7144 3959//6533
f 3477//6540 3475//6530 3959//6533
f 3477//6540 3476//6537 3475//6530
f 3479//7145 2996//5653 3483//6018
f 3479//7144 3480//6541 3959//6533
f 3483//6018 3481//6542 3479//7145
f 3481//6542 3477//6540 3480//6541
f 3477//6540 3481//6542 3482//6544
f 3484//7146 3482//6544 3483//6018
f 3484//7147 3485//7147 3482//7147
f 3485//6545 3489//5391 3478//5390
f 3485//7148 3488//6547 3489//6022
f 3490//6550 3484//6549 3487//7149
f 3489//6022 3488//6547 3960//7150
f 3490//6550 3960//7150 3488//6547
f 3960//7150 3491//6021 3489//6022
f 3961//6551 3492//7151 3493//6023
f 3491//6021 3963//7152 3962//5386
f 3496//7153 3962//5386 3963//7152
f 3963//7152 3494//7154 3964//6554
f 3494//7154 3961//6551 3964//6554
f 3498//7155 3961//6551 3497//6552
f 3498//6555 3964//6554 3961//6551
f 3497//6552 3500//5660 3965//7156
f 3965//7156 3500//5660 3969//7157
f 3968//7158 3499//6553 3498//6555
f 3968//7159 3498//7155 3967//7160
f 3502//6024 3969//7157 3500//5660
f 3968//7161 3971//5663 3966//5662
f 3970//7162 3969//7163 3502//6559
f 3501//6557 3971//7164 3968//7159
f 3502//6024 3500//5660 2999//5661
f 3967//7160 3969//7157 3970//7165
f 3967//7160 3970//7166 3501//6557
f 3504//6558 3970//7162 3502//6559
f 3970//7166 3504//6558 3501//6557
f 3501//6557 3503//6556 3971//7164
f 3973//7167 3506//6561 3505//6560
f 3506//6561 3974//7168 3507//6564
f 3972//7169 3506//6561 3973//7167
f 3974//7168 3506//6561 3972//7169
f 3974//7168 3972//7169 3976//6025
f 3976//6025 3972//7169 3975//7170
f 3975//7170 3001//5665 3978//6566
f 3979//7171 3976//6025 3975//7170
f 3977//7172 3975//7170 3978//6566
f 3975//7170 3977//7172 3979//7171
f 3978//6566 3005//5674 4448//7173
f 4448//7173 3005//5674 3508//7174
f 3980//7175 3511//7176 3187//6027
f 3508//7174 3005//5674 3510//7177
f 3511//7176 3512//6028 3187//6027
f 3511//7176 3510//7177 3981//7178
f 3981//7179 3510//7180 3188//6033
f 3188//6033 3513//5673 4449//7181
f 3981//7179 3188//6033 4449//7181
f 3515//6572 3190//6568 3981//7179
f 3981//7179 4449//7181 3515//6572
f 3514//6569 4449//7181 3513//5673
f 3982//7182 3518//6576 3190//6568
f 3983//7183 3982//7184 3189//7185
f 3984//7186 3189//6574 4450//6037
f 3985//7187 3984//7186 4450//6037
f 3191//7188 3521//7189 3986//7190
f 3521//7189 3987//7191 3520//7192
f 3520//7192 3987//7191 3522//6579
f 3521//7189 3191//7188 3193//6040
f 3988//7193 3192//6039 3524//7194
f 3522//6579 3988//7193 3523//6580
f 3194//7195 3524//7194 3192//6039
f 3525//7196 3989//7197 3524//7194
f 3989//7198 3525//7198 3523//7198
f 3527//6582 3194//7199 3192//7200
f 3526//7201 3523//6580 3525//7202
f 3525//7203 3990//7204 3526//7205
f 3003//5681 3526//7201 3008//5682
f 3992//7206 3990//7204 3991//7207
f 3008//5682 3990//7204 3529//6587
f 3991//7207 3528//7208 3992//7206
f 3529//6587 3990//7204 3992//7206
f 3992//7206 3993//7209 3529//6587
f 3995//7210 3993//7209 3530//7211
f 3995//7212 4451//6588 3994//6590
f 3995//7210 3531//7213 3993//7209
f 3997//7214 3532//7214 3995//7214
f 3994//7215 2901//6595 3996//7216
f 3532//7217 3007//5680 3531//7213
f 3532//7217 3998//7218 4000//6598
f 3532//7217 4000//6598 4005//5396
f 4002//7219 3999//7220 4001//6591
f 4005//5396 3534//6597 4011//5397
f 4006//7221 4003//7221 4002//7221
f 3534//6597 4008//7222 4011//5397
f 4004//5685 4010//5684 4007//7223
f 4007//7224 4013//7224 4009//7224
f 4008//7225 4009//7225 4012//7225
f 4010//7226 3536//6045 4013//7227
f 3536//6045 4010//5684 2683//5686
f 4014//7228 4013//7227 3536//6045
f 3535//6600 4009//7229 4014//7228
f 4014//7228 3536//6045 3538//6046
f 4015//6603 4014//7228 3538//6046
f 3535//6600 4014//7228 4015//6603
f 4015//6603 3537//6601 3535//6600
f 3536//6045 2903//5402 3538//6046
f 3540//5395 3537//6602 4016//7230
f 4015//6603 3538//6046 3541//6604
f 4017//6049 4016//7230 4015//6603
f 3544//7231 3543//6050 3541//6604
f 3544//6605 3539//6047 2904//5401
f 4020//7232 3543//6050 3544//7231
f 3545//7233 2904//5689 3010//5691
f 4018//7234 4020//7232 4022//7235
f 4026//5405 3009//5404 4021//7236
f 4021//7237 4022//7238 4024//7239
f 4025//7240 4026//5405 4021//7236
f 4025//7240 2906//5408 4026//5405
f 3546//6606 4023//6052 3011//6051
f 4027//6608 4024//7241 4023//6052
f 2906//5408 4025//7240 4027//6608
f 4023//6052 3546//6606 4027//6608
f 4027//6608 4028//7242 4029//7243
f 4029//7243 2905//6611 4027//6608
f 4031//7244 4028//7242 4030//6607
f 3012//5692 4031//7244 4030//6607
f 3012//6055 3196//6054 4031//7245
f 4028//7242 4031//7244 4032//7246
f 4032//7246 4029//7243 4028//7242
f 4033//7247 4031//7245 3196//6054
f 4029//7243 4032//7246 4034//6612
f 2905//6611 4029//7243 4034//6612
f 4035//7248 4032//7246 4031//7244
f 3198//6614 3196//6054 2902//6053
f 3198//7249 4033//7247 3196//6054
f 4035//7248 4037//7250 4032//7246
f 4033//7247 3198//7249 4035//7251
f 3198//6610 3547//6609 4035//7248
f 4035//7248 3547//6609 4036//7252
f 4035//7248 4036//7252 4037//7250
f 4039//5696 4034//6612 4037//7250
f 4038//7253 4036//7252 3547//6609
f 4038//7253 3547//6609 3197//6057
f 4040//6615 4036//7252 4038//7253
f 3199//6056 4040//6615 4038//7253
f 3197//6057 3199//6056 4038//7253
f 4042//7254 4041//5697 3199//6056
f 3548//7255 4042//7254 3199//6056
f 3548//7256 3199//6056 3013//6058
f 4042//7254 3549//5698 4041//5697
f 4043//6620 3550//6619 3551//5702
f 3200//5707 4452//6621 3550//6619
f 3552//7257 3551//5702 3550//6619
f 4452//7258 3552//7259 3550//7260
f 4453//7261 4452//7258 3201//6062
f 3554//6625 4454//6624 3202//6061
f 3554//6625 3202//6061 2908//6060
f 3555//7262 3554//6625 2908//6060
f 3553//6622 3554//6625 3555//7262
f 3553//6626 3555//7262 3014//6627
f 3555//7262 2908//6060 3203//7263
f 4045//7264 3014//6627 3555//7262
f 3203//7263 4045//7264 3555//7262
f 4047//6629 3014//6627 4045//7264
f 4045//7264 3203//7263 3556//7265
f 3556//7265 4049//7266 4045//7264
f 4047//6629 4045//7264 4049//7267
f 3560//6631 3556//6630 3557//6066
f 4050//7268 3560//6631 3558//5715
f 3205//6636 4050//7268 3558//5715
f 3563//7269 3559//7270 3560//7271
f 3563//6635 3564//6632 3559//6633
f 3563//6635 3568//5717 3564//6632
f 3567//7272 3562//5419 2909//5416
f 3568//5717 3563//6635 3565//6634
f 3570//6640 3569//6639 3567//7272
f 3571//6641 3565//6634 3569//6639
f 3569//6639 3570//6640 3572//6642
f 3569//6639 3572//6642 3574//6647
f 3571//6641 3569//6639 3574//7273
f 3576//6643 3571//6641 3574//7274
f 3574//6647 3572//6642 3573//6644
f 3206//7275 3575//6645 3572//6642
f 3206//6074 3572//6642 3016//5418
f 4051//7276 3206//6071 3207//6073
f 4052//7277 3573//6644 3575//6645
f 3578//6646 3573//6644 4052//6649
f 4051//7278 4052//7277 3575//6645
f 4055//7279 3579//5421 3578//6646
f 4051//7278 4054//7280 4052//7277
f 4054//7281 4051//7276 4053//7282
f 4055//6648 4052//6649 4054//7283
f 3017//5422 3579//5421 4055//7279
f 4053//7282 2911//6072 4056//6079
f 4058//7284 4055//6648 4054//7283
f 4057//7285 4058//7284 4054//7283
f 4061//7286 4056//6076 4060//6078
f 4061//7286 4060//6078 3208//6077
f 4062//7287 4061//7286 3208//6077
f 4064//7288 3018//7289 4063//7290
f 4064//7288 2912//6658 3018//7289
f 4068//7291 4066//7292 4065//7293
f 4067//7294 4068//7291 3580//6655
f 4067//7294 3580//6655 3581//6652
f 4069//7295 4068//7291 4071//7296
f 2910//6081 4075//7297 3209//6653
f 4074//7298 4079//6660 2913//6662
f 4456//7299 4077//6083 3019//6082
f 4081//6661 4079//6660 4078//7300
f 4456//7299 3019//6082 4083//7301
f 4080//6665 4456//7299 4083//7301
f 4084//6087 4082//6664 4085//6663
f 4086//6091 3210//6090 4089//7302
f 4090//7303 4089//7302 3210//6090
f 4092//7304 4090//7305 4458//7306
f 4094//6666 4093//7307 3020//6092
f 4092//7308 3022//5724 3021//5723
f 4459//7309 4094//6666 3583//7310
f 3583//6102 3022//6101 4459//7311
f 4094//6666 3211//6667 3583//7310
f 3583//7312 3211//7313 3584//7314
f 3585//7315 3583//7312 3584//7314
f 4095//7316 4096//7316 3584//7316
f 4095//7317 3584//7314 3211//7313
f 2916//7318 4102//6097 4104//7319
f 4105//7320 3214//6108 4460//6110
f 4109//6670 3587//6676 4108//6674
f 3215//6114 3590//7321 4109//6670
f 3587//6676 4109//6670 3590//7321
f 4108//6674 3587//6676 3588//6672
f 3589//6675 3586//5731 3588//6671
f 3589//6675 3590//7321 3591//6679
f 3591//6679 3590//7321 3592//6677
f 3589//6675 3595//7322 3586//5731
f 3591//6679 3595//7322 3589//6675
f 3592//6677 3216//6111 3594//6680
f 3594//6680 3593//6678 3592//6677
f 3596//7323 3586//5731 3595//7322
f 3593//6678 3595//7322 3591//6679
f 3217//6113 3599//6116 3597//6682
f 3596//6681 3023//5732 2915//5728
f 3597//6682 3599//6116 3598//6683
f 3023//5732 3600//6684 3601//5733
f 4112//6686 2917//5438 3601//5733
f 4114//7324 4113//6688 4118//7325
f 4114//7326 4111//7327 4113//6119
f 4116//7328 4114//7324 4118//7325
f 4122//7329 2917//5438 4115//7330
f 4118//7325 3602//6687 4117//7331
f 4116//7328 4119//7332 4122//7329
f 4120//5439 2917//5438 4122//7329
f 4119//7332 4116//7328 4118//7325
f 3602//6687 2920//6689 4117//7331
f 4118//7325 4117//7331 4121//7333
f 4122//7329 2922//5449 4120//5439
f 4117//7331 2920//6689 4123//6691
f 4125//7334 4121//7333 4117//7331
f 4121//7333 4124//7335 4119//7332
f 4122//7329 4119//7332 4124//7335
f 4125//7334 4117//7331 4123//6691
f 4122//7329 4126//6695 2922//5449
f 4122//7329 4124//7335 4126//7336
f 4123//6691 4127//7337 4125//7334
f 4127//7337 4124//7335 4125//7334
f 4126//7336 4124//7335 4129//7338
f 4130//7339 4127//7337 4128//6692
f 3603//6693 4130//7339 4128//6692
f 4133//7340 4131//7341 3603//6693
f 4132//7342 4133//7340 3603//6693
f 4132//7342 3024//6122 3218//6121
f 4133//7340 2923//7343 4131//7341
f 4133//7340 4132//7342 4134//7344
f 4134//7344 4132//7342 3218//6121
f 4134//7344 3218//6121 4135//7345
f 4136//7346 2923//7343 4133//7340
f 4138//7347 4136//6127 4134//7344
f 3219//6124 3604//7348 2918//6123
f 4137//6128 4138//7347 4139//7349
f 4137//6128 4139//7349 4461//6697
f 3605//6696 3606//6125 4140//7350
f 4140//7350 4142//7351 4139//7349
f 3606//6125 4142//7351 4140//7350
f 4141//6698 4139//7349 4142//7351
f 4142//7351 4143//7352 4141//6698
f 2921//5445 3220//5735 4143//7352
f 4463//7353 3222//6130 2921//5445
f 4145//7354 4464//7355 3221//6129
f 4144//7356 4464//7355 4145//7354
f 3222//6130 4463//7353 4144//7356
f 3607//6699 3025//5747 3609//7357
f 3223//5739 3222//6130 3608//7358
f 4147//5746 4148//6700 4466//7359
f 3027//5745 3612//7360 4149//6703
f 3612//7360 4467//6704 4149//6703
f 3612//7360 3027//5745 3613//6131
f 4151//6705 3611//5750 4467//6704
f 3614//5748 3615//7361 4154//6706
f 4152//7362 3028//6133 3029//7363
f 4155//6710 4154//6706 4153//7364
f 4156//6708 4153//7364 3029//7363
f 4155//6710 4153//7364 4156//6708
f 4156//6708 3029//7363 4157//7365
f 4156//6708 4157//7365 4158//6712
f 4156//6708 4158//6712 3617//6709
f 2926//6134 4155//6136 3617//7366
f 4158//6712 4159//7367 3617//6709
f 2924//5757 4160//7368 3616//6713
f 4158//6712 3616//6711 4160//7368
f 3617//7366 3032//6138 2926//6134
f 4161//7369 3617//6709 4159//7367
f 4160//7368 4161//7370 4159//7367
f 4163//7371 4160//7368 2924//5757
f 4164//7372 4161//7370 4163//7371
f 4170//6141 4175//6716 2925//6140
f 3225//6146 4172//7373 3224//5452
f 4176//7374 4175//6716 4174//6715
f 2925//6140 4177//7375 4180//6717
f 4179//6144 3620//6718 4181//7376
f 3620//6718 4473//7377 4181//7376
f 4480//7378 4183//6721 3626//5768
f 4482//7379 3628//7380 3625//5762
f 4184//7381 4483//6725 3628//7380
f 3625//5762 4483//6725 3035//5765
f 4186//7382 4184//7381 4185//7383
f 3035//6724 4187//6726 4188//7384
f 4190//7385 4189//7386 3629//6727
f 3035//6724 4188//7384 4192//7387
f 4191//6161 3035//5765 4192//7387
f 4485//7388 4191//6161 4192//7387
f 2927//7389 4194//7390 3630//6147
f 4191//6161 4485//7388 3227//6160
f 4194//7391 2927//7392 3632//7393
f 4486//7394 4195//7395 4194//7390
f 3227//6160 4485//7388 4195//7395
f 3632//7393 3226//6150 4486//7394
f 4486//7394 4197//7396 4196//7397
f 3227//6160 3631//7398 3633//6737
f 4198//7399 4196//7397 4197//7396
f 3633//6731 3631//7400 4196//7397
f 4196//7397 4198//7399 4199//7401
f 3633//6731 4196//7397 4199//7401
f 4200//7402 4198//7399 3039//6152
f 4199//7401 4198//7399 4200//7402
f 4200//7402 3039//6152 3230//7403
f 4201//7404 3634//6730 4199//7401
f 4488//6728 4487//7405 4203//7406
f 3230//6164 3229//6163 4487//7405
f 4202//6729 4205//7407 3635//6733
f 4202//6729 4203//7406 4205//7407
f 4203//7406 4204//7408 4205//7407
f 4206//7409 4205//7407 4204//7408
f 4206//7409 3635//6733 4205//7407
f 3636//7410 4208//6738 4210//7411
f 3228//6734 3635//6733 3636//7410
f 3038//6739 4211//7412 4210//7411
f 4211//7412 3636//7410 4210//7411
f 4212//7413 3636//7410 4211//7412
f 4214//7414 4212//7413 4211//7412
f 3232//6169 4215//7415 4213//7416
f 4215//7417 3637//6741 4214//7414
f 4217//7418 3232//6169 3040//6168
f 4218//7419 4216//7420 4215//7421
f 4221//7422 4220//7423 4219//7424
f 4222//7425 3234//6744 3041//7426
f 4489//6747 2931//5782 3233//6171
f 4224//7427 4222//7425 3041//7426
f 4222//7425 4224//7427 4225//7428
f 4223//6746 4489//7429 4225//7430
f 3041//7426 4490//7431 4224//7427
f 3235//7432 4490//7431 3041//7426
f 3639//6750 3041//7433 2929//6751
f 4491//7434 3640//7435 4226//7436
f 4492//6748 4226//7437 4227//7438
f 3236//5790 4492//6748 4227//7438
f 4493//6749 3640//7435 3639//7439
f 3641//6752 3642//7440 4493//6749
f 4228//7441 3643//6754 3642//7440
f 3641//6752 3043//5785 4228//7441
f 4228//7441 4229//7442 3643//6754
f 3043//5785 4229//7442 4228//7441
f 4499//7443 3042//5784 3045//7444
f 3644//6756 3047//5795 3647//6762
f 3239//6769 3647//6762 3047//5795
f 3647//6766 3650//7445 3648//6764
f 3650//6776 4233//7446 3651//7447
f 4232//6774 3650//6776 3651//7447
f 4233//7446 3239//6769 4238//6772
f 4233//7448 4238//7449 3653//7450
f 4232//6774 4234//6778 3649//7451
f 3651//7452 4236//7453 4235//7454
f 4236//7453 3652//6781 4235//7455
f 4236//7453 3651//7452 4237//7456
f 2933//6782 3652//6781 4510//7457
f 3656//6790 4242//7458 3655//6789
f 3656//7459 4245//7460 4525//7461
f 4529//7462 4527//7463 4602//7464
f 4245//7465 3656//7465 3657//7465
f 4530//7466 4602//7464 4245//7467
f 4531//5797 4595//6177 4246//7468
f 4532//7469 3657//7470 3243//6796
f 4533//7471 3241//6181 4600//7472
f 3659//7473 4533//7471 4600//7472
f 3243//6796 3658//7474 4532//7469
f 4249//7475 4534//7476 4248//7477
f 4251//7478 3661//7479 4535//7480
f 4252//7481 4251//7478 4536//7482
f 4538//7483 4251//7478 4252//7481
f 3661//7479 3048//7484 4534//7476
f 3661//7479 4254//7485 3245//7486
f 2935//5801 4541//7487 3049//5802
f 4260//7488 3049//5802 4541//7489
f 4260//7488 4543//7490 4259//7491
f 4262//6803 4261//7492 4258//7493
f 4262//6803 3247//6804 4261//7492
f 4264//7494 4261//7492 3247//7495
f 3664//7496 4264//7494 3665//7497
f 3664//7496 3665//6805 3667//7498
f 3667//7498 3663//5803 3664//7496
f 3667//7498 3670//7499 3663//5803
f 3667//7498 3665//6805 3668//6806
f 3667//7498 3668//6806 4265//6809
f 3669//5804 3663//5803 3670//7499
f 3670//7499 3667//7498 4265//6809
f 3671//6808 3670//7499 4265//6809
f 4266//6811 3670//7499 3671//6808
f 3674//5808 3669//5804 3670//7499
f 3672//6807 3673//6810 3671//6808
f 3672//6807 3050//5805 3675//6812
f 3673//6810 3052//5810 4266//6811
f 3676//6813 3673//6810 3675//6812
f 3248//6190 3676//6813 3675//6812
f 3248//6190 4267//6814 4268//7500
f 4268//7500 3677//7501 3676//6813
f 3677//7501 3051//5811 3052//5810
f 3051//5811 4269//7502 4271//7503
f 4270//7504 4269//7502 4267//6814
f 2936//5475 3051//5809 4271//7503
f 4270//7505 4274//7506 4273//7507
f 4553//7508 4549//7509 4548//7510
f 3055//5818 4550//7511 4552//6816
f 4561//7512 3252//6203 3251//6200
f 4278//7513 4559//6819 4560//7514
f 4280//7515 3251//6200 3057//6202
f 4279//7516 4563//7517 4562//7518
f 4281//7519 4279//7516 4562//7518
f 4281//7520 3254//5480 3682//5821
f 4285//7521 3253//6210 3256//6209
f 4566//7522 4284//7523 3684//6208
f 3685//6214 3684//5823 4284//7524
f 4287//7525 4288//7526 4286//7527
f 4290//7528 3256//6209 3056//6213
f 4292//7529 4288//7526 4293//7530
f 4567//7531 3056//6213 4297//7532
f 4294//6825 4291//6824 4292//7529
f 4293//7530 4294//6825 4292//7529
f 4295//7533 4294//6825 4293//7530
f 4295//7533 4293//7534 4567//7535
f 4568//7536 4567//7535 4297//6823
f 4296//7537 3061//7538 3257//5824
f 4569//7539 3061//5833 4296//7537
f 4573//7540 3058//5828 2765//5830
f 3060//5831 3061//5833 4571//7541
f 4574//6826 3686//6216 3687//6828
f 3258//6827 3687//6828 3063//5836
f 2939//5834 3258//6827 3063//5836
f 3687//6828 3686//6216 4300//6832
f 3687//6828 3688//6831 3063//5836
f 4300//6832 3688//6831 3687//6828
f 3064//5838 4300//6832 3062//6215
f 3063//5836 3691//6834 3692//5837
f 3690//6833 3693//7542 3691//6834
f 3693//7542 3692//5837 3691//6834
f 3259//6218 4301//7543 3690//6833
f 3694//6837 3692//5837 3693//7542
f 3693//7542 4301//7544 3694//6837
f 3695//5840 3692//5837 3694//6837
f 3694//6837 3260//7545 4302//7546
f 3696//6836 3261//6838 3695//5840
f 3696//6836 4302//7546 4303//7547
f 4303//7547 4302//7546 4304//7548
f 4305//7549 3260//6219 3067//6217
f 4305//7550 4302//7546 3260//7545
f 4304//7548 4302//7546 4305//7550
f 2938//5488 3261//6838 4303//7547
f 4307//7551 4306//7552 4579//7553
f 3698//7554 2940//7555 4306//7552
f 4307//7551 3698//7554 4306//7552
f 3263//7556 4311//6840 4309//7557
f 4313//7558 4310//7559 4309//7557
f 4583//7560 4309//7557 4311//6840
f 4313//7558 4312//5491 4308//7561
f 4313//7558 4583//7560 4314//7562
f 4312//5491 4313//7558 3699//7563
f 3699//7563 4313//7558 4314//7562
f 3699//7563 4314//7562 4316//7564
f 3699//7563 4317//5845 4312//5491
f 4316//7564 4317//5845 3699//7563
f 4584//7565 4316//7564 4318//7566
f 4320//7567 4584//7568 4318//7566
f 4320//7569 3702//6850 4584//7570
f 3703//7571 3068//5496 4584//7565
f 4320//7569 3701//6848 3702//6850
f 3703//7571 2942//5497 3068//5496
f 3702//6850 3704//6846 3703//6845
f 3265//6229 3070//6228 4321//7572
f 4321//7572 3701//7573 3265//6229
f 4321//7574 3705//7575 3701//7576
f 3704//6846 3702//6850 3705//6849
f 4324//7577 3705//7575 4321//7574
f 3704//6846 4324//7578 2942//6847
f 4323//5849 2942//5497 4324//7577
f 4324//7577 4321//7574 4322//7579
f 4323//5849 3706//7580 3707//5850
f 3070//7581 3069//5855 4325//7582
f 4324//7577 3706//7580 4323//5849
f 3706//7580 4324//7577 4325//7582
f 4585//7583 4325//7582 3069//5855
f 3708//7584 4325//7582 4585//7583
f 3710//5854 4327//7585 4585//7586
f 3710//5854 4585//7583 3069//5855
f 3709//7587 3707//5850 3708//7584
f 4327//7588 3708//7584 4585//7583
f 2941//5495 3707//5850 3709//7587
f 2941//5495 3709//7587 3712//7589
f 4326//7590 4327//7588 3713//7591
f 4326//7590 3714//7592 3712//7589
f 3712//7589 3714//7592 3715//7593
f 4329//7594 2941//5495 3712//7589
f 3712//7589 3715//7593 4329//7594
f 4329//7594 3717//5856 2941//5495
f 3716//7595 3713//7591 3266//5853
f 4328//7596 4326//7590 3713//7591
f 3718//5500 4328//7596 3716//7595
f 4330//7597 3720//7598 3717//5856
f 4332//7599 4331//7600 3718//5500
f 3720//7598 4330//7597 4331//7601
f 4332//7599 3718//5500 3719//5858
f 3071//5857 3717//5856 3720//7598
f 3719//5858 3722//7602 4332//7599
f 3721//6851 4333//7603 4332//7599
f 3721//6851 3071//5857 4333//7604
f 4334//7605 3072//5861 3721//6851
f 3722//7602 2943//5499 4335//6852
f 4336//7606 3072//5861 4334//7605
f 4336//7607 3724//5504 3072//5861
f 4338//5860 4337//7608 4335//6852
f 4336//7606 4337//7609 3725//7610
f 3725//7611 4337//7612 4338//5860
f 3725//7613 3723//7613 4336//7613
f 3723//6853 3724//5504 4336//7607
f 3267//6232 3725//7611 4338//5860
f 3725//7614 3727//7615 3723//7616
f 3727//7617 3726//5862 3723//6853
f 3267//7618 3727//7617 3725//7619
f 3268//6233 3074//5865 4341//7620
f 4340//6854 4341//7620 4342//6857
f 4341//7620 3074//5865 3270//7621
f 4342//6857 4341//7620 3270//7621
f 4342//6857 4343//7622 3730//5867
f 3270//7621 3074//5865 2944//5510
f 4343//7622 4342//6857 3270//7621
f 4343//7622 3270//7621 4344//7623
f 4343//7622 4346//7624 3075//5868
f 4346//7624 4343//7622 4344//7623
f 4346//7624 4344//7623 4347//7625
f 4345//7626 4344//7623 2944//5510
f 3075//5868 4346//7624 2948//5869
f 2947//5509 4345//7626 2944//5510
f 4346//7624 4347//7625 4348//7627
f 4346//7624 4348//7627 2948//5869
f 4347//7625 4344//7623 4345//7626
f 4348//7627 4350//6858 2948//5869
f 4347//7625 4349//7628 4350//6858
f 4348//7627 4347//7625 4350//6858
f 4349//7628 4347//7625 4345//7626
f 4345//7626 4351//7629 4349//7628
f 4351//7629 4345//7626 2947//5509
f 4351//7629 4353//7630 4349//7628
f 4350//6858 4349//7628 4355//7631
f 4355//7631 4349//7628 4353//7630
f 4351//7629 2947//5509 4352//7632
f 4350//6858 4355//7631 3271//5519
f 4352//7632 2947//5509 2946//5508
f 4353//7630 4351//7629 4352//7632
f 4353//7630 4354//7633 4355//7631
f 4353//7630 4356//7634 4354//7633
f 3271//5519 4355//7631 4358//7635
f 4356//7634 4353//7630 4352//7632
f 4358//7635 4355//7631 4354//7633
f 4356//7634 4352//7632 4357//7636
f 4356//7634 4357//7636 4361//7637
f 4356//7634 4361//7637 4354//7633
f 4357//7636 4352//7632 2946//5508
f 4358//7635 4354//7633 4361//7637
f 4357//7636 2946//5508 4359//7638
f 4357//7636 4360//7639 4361//7637
f 4360//7639 4357//7636 4359//7638
f 4358//7635 4361//7637 3272//5516
f 4359//7638 2841//5512 4362//7640
f 4361//7637 4360//7639 4363//7641
f 4362//7640 2841//5512 2951//5523
f 4360//7639 4359//7638 4362//7640
f 3272//5516 4361//7637 4363//7641
f 4364//7642 4360//7639 4362//7640
f 4363//7641 4360//7639 4364//7642
f 4363//7641 4364//7642 4365//7643
f 4363//7641 4365//7643 4367//5517
f 3272//5516 4363//7641 4367//5517
f 4362//7640 2951//5523 4366//7644
f 4362//7640 4366//7644 4364//7642
f 4369//7645 4364//7642 4366//7644
f 4365//7643 4364//7642 4369//7645
f 2950//5522 4366//7644 2951//5523
f 4365//7643 4369//7645 4370//7646
f 4367//5517 4365//7643 4370//7646
f 4366//7644 2950//5522 4368//7647
f 4369//7645 4366//7644 4368//7647
f 2950//5522 3731//6859 4368//7647
f 4370//7646 4369//7645 4371//7648
f 4370//7646 4371//7648 3076//5515
f 4371//7648 4369//7645 4368//7647
f 4368//7647 3731//6859 4372//7649
f 4371//7648 4368//7647 4372//7649
f 3076//5515 4371//7648 3077//5870
f 3077//5870 4371//7648 4372//7649
f 3731//6859 4374//7650 4373//7651
f 4374//7650 3731//6859 2949//5521
f 3731//6859 4373//7651 4372//7649
f 4375//6235 3077//5870 4372//7649
f 4375//6235 3078//5872 3077//7652
f 4375//6235 4372//7649 4373//7651
f 3732//6236 4373//7651 4374//7650
f 4375//6235 4373//7651 3732//6236
f 3079//5873 4374//7650 2949//5521
f 3732//6236 4374//7650 4376//6860
f 4377//6864 4374//7650 3079//5873
f 4377//6864 4376//6860 4374//7650
f 3273//6234 3732//6236 4376//6860
f 4377//6864 4586//6862 4376//6860
f 4586//6862 3734//6863 3733//6865
f 3080//5532 4378//6861 3736//5875
f 3733//6865 3734//6863 3735//6866
f 3733//6865 3736//5875 4378//6861
f 2953//5878 3735//6867 3734//7653
f 3736//5875 3735//6866 3738//5876
f 3737//6868 3081//5877 3739//6871
f 3740//6873 4379//6872 3738//6869
f 3741//7654 3742//6875 3740//6873
f 3742//6875 4379//6872 3740//6873
f 3743//7655 3742//6875 3741//7654
f 3744//7656 3743//7655 3741//7654
f 3744//7657 3741//6237 2846//5529
f 3742//6875 3743//7655 3746//6874
f 3747//6880 3743//7655 3744//7656
f 3746//6874 3743//7655 3748//6878
f 3744//7657 2846//5529 3083//5881
f 3747//6880 3744//7656 3083//5881
f 3747//7658 3749//7659 3748//7660
f 3748//6878 2954//5536 3274//5879
f 3748//7660 3751//7661 2954//5536
f 3748//7660 3749//7659 3751//7661
f 3752//7662 3751//7663 4381//6881
f 4381//6881 3750//6879 4380//6886
f 3751//7664 3752//7665 3753//7666
f 2954//5536 3751//7661 3753//7666
f 3754//7667 3753//7666 3752//7665
f 3754//7667 3752//7662 4380//6886
f 3756//7668 3754//7667 4380//6886
f 3757//5534 3753//7666 3754//7667
f 3756//7668 4380//6886 3755//7669
f 3756//7668 4382//7670 3754//7667
f 4587//7671 3755//7669 3275//7672
f 3758//5537 3757//5534 4382//7670
f 3758//5537 4382//7670 4383//7673
f 4384//7674 3275//7672 3759//7675
f 4385//7676 4384//7674 3759//6887
f 3762//6889 3761//6239 3085//5884
f 3762//6889 4387//7677 4386//7678
f 3277//7679 3763//6888 3765//6891
f 4389//6890 3763//6888 3764//6892
f 3765//6891 3278//5887 3277//7679
f 3767//6242 4388//6241 4389//6890
f 3279//6240 3766//5888 4388//6241
f 3088//5890 3768//7680 4390//7681
f 3088//5890 4390//7681 2850//5886
f 3769//6895 3088//5890 3087//5889
f 3769//6895 3087//5889 3283//6244
f 3772//5545 2955//5546 3771//6897
f 4392//6896 3770//6894 4391//6898
f 4393//7682 3771//6897 4392//6896
f 4394//7683 4393//7682 4392//6896
f 4398//6245 4393//7682 4394//7684
f 4395//7685 4392//7685 4391//7685
f 4394//7684 4392//7686 4395//7687
f 4397//6902 4398//6245 4394//7684
f 3773//6900 4397//6902 4395//7687
f 3773//7688 4396//6899 3089//5892
f 4398//6245 4397//6902 3776//6246
f 3778//7689 3774//6901 3773//6900
f 3778//7689 3773//7688 3089//5892
f 3774//6901 3778//7689 3777//7690
f 3780//7691 3778//7689 3775//5896
f 3776//6246 3774//6901 3777//7690
f 3777//7690 4399//6248 3776//6246
f 3779//5903 3780//7691 3775//5896
f 3777//7690 3778//7689 3780//7691
f 4399//6248 3777//7690 4400//7692
f 4589//7693 3777//7694 4401//7695
f 4400//7692 3777//7690 4589//7696
f 4400//7692 3781//6249 4399//6248
f 4589//7696 3781//7697 4400//7692
f 4402//7698 3779//5903 4403//6903
f 4589//7693 4402//7698 4404//7699
f 4404//7699 4405//7700 3781//7697
f 4406//7701 4404//7699 4403//6903
f 3094//5909 3781//6249 4405//7702
f 3092//5899 4408//7703 3093//5900
f 4409//7704 4406//7701 4408//7703
f 4408//7703 3092//5899 4409//7704
f 4413//7705 4407//7706 4405//7702
f 4413//7705 4412//5906 4407//7706
f 2956//7707 3092//5904 2854//5548
f 2957//7708 3782//6904 2956//6906
f 3785//5912 3787//6913 3784//5910
f 3786//6251 3784//5910 3787//6913
f 3097//6911 3787//6913 2957//7708
f 3786//6251 3095//5907 3784//5910
f 3789//6912 3792//5916 3786//6251
f 3792//5916 3789//6912 3794//6252
f 3789//6912 4415//7709 3794//6252
f 3795//6921 3793//6916 2958//5551
f 4418//6920 3793//6916 3795//6921
f 3795//6921 2958//5551 2856//5550
f 3798//6922 2856//5550 3799//6257
f 3796//6923 3285//6254 4420//5915
f 3799//6257 2856//5550 2960//5554
f 3798//6922 3800//6256 3797//6924
f 3799//6257 3800//6256 3798//6922
f 3801//6259 3796//6923 3797//6924
f 3796//6923 3801//6259 3285//6254
f 3801//6259 3797//6924 3800//6256
f 3287//6255 3289//6258 3800//6256
f 3289//6258 3291//6261 4421//7710
f 4421//7710 3802//6925 3289//6258
f 3291//6261 3803//7711 4421//7710
f 3803//7711 3291//6261 3292//5557
f 4421//7710 4422//7712 3802//6925
f 3802//6925 3100//5921 3293//6264
f 4422//7712 3294//6265 3802//6925
f 3803//7711 4422//7712 4421//7710
f 3294//6265 3100//5921 3802//6925
f 3805//7713 3803//6926 2859//5556
f 3805//6931 2859//5919 3099//5918
f 3803//7711 3804//6930 4422//7712
f 3294//6265 4422//7712 3806//7714
f 3806//6929 4422//7715 3804//6930
f 3304//6271 3303//6934 3102//6270
f 2961//5563 3303//6934 3813//6277
f 3305//6278 3103//5565 3307//6282
f 3112//5572 2962//5571 3312//6286
f 3310//6288 3816//6289 3817//6290
f 3819//6293 3816//6289 3110//5926
f 3821//6298 3313//6942 3818//6291
f 3821//6298 3825//6296 3114//6295
f 3315//5929 3827//6300 2613//4600
f 3316//6945 3117//4601 2613//4600
f 3118//6308 2614//4602 3320//5934
f 3322//6304 3323//6306 3116//5932
f 3124//6316 3330//5939 3123//6315
f 3132//5947 3331//6319 3129//5944
f 2971//5581 3136//5952 3135//5582
f 3345//6948 3343//6337 3137//6334
f 3347//7716 3345//6948 3346//6336
f 3834//6947 3345//6948 3347//7716
f 3347//7716 3346//6336 3348//6344
f 3835//5953 3344//6338 3833//6348
f 3348//6344 3349//7717 3347//7716
f 3139//6346 3349//7717 3348//6344
f 3837//6951 4424//6949 3349//7717
f 3837//6951 3350//7718 4425//6349
f 4425//6349 3353//6953 3837//6951
f 3353//6953 3838//6952 3837//6951
f 3355//6358 3839//6959 4426//6956
f 3839//6959 3841//6955 3840//6954
f 3844//7719 3841//6955 3839//6959
f 3845//7720 3844//7719 3839//6959
f 3355//6358 3845//6960 3839//6959
f 3843//7721 3841//6955 3844//7719
f 3843//7721 3147//6361 3842//6360
f 3844//7719 4427//6962 3843//7721
f 4427//6962 3844//7719 3845//6960
f 3356//6965 3357//6961 3845//6960
f 4428//6362 3358//6363 3848//6963
f 2869//5322 3846//5321 3356//6965
f 3849//7722 3356//6965 3846//5321
f 3854//6365 4428//6362 3850//6968
f 3852//6978 3849//7722 3846//5321
f 3852//6978 3846//5321 3853//6979
f 3851//6970 3359//6369 3854//6365
f 3851//6970 3360//6370 3359//6369
f 3855//6981 3853//6974 2871//5325
f 2871//5325 3853//6974 2658//5326
f 3856//6368 3360//6370 3852//6971
f 3855//6981 3856//6368 3852//6971
f 2871//5325 3141//6982 3855//6981
f 3855//6981 3857//6980 3856//6368
f 3858//7723 3856//6368 3857//6980
f 3143//6371 3856//6368 3858//7723
f 3141//6982 4429//7724 3857//6980
f 3142//5585 4430//7725 3141//6982
f 3361//6375 4430//7725 3142//5585
f 3859//6373 4429//7724 4430//7725
f 3363//6376 3860//6374 3859//6373
f 3363//6376 3859//6373 3861//6984
f 3862//6380 3362//6983 2972//5956
f 3366//6383 3144//6377 3364//6985
f 3862//6380 2972//5956 3866//5955
f 3364//6985 3865//6382 3864//6987
f 3369//6989 3866//5955 2973//6390
f 3367//6388 3365//6986 3369//6989
f 3367//6388 3371//6991 3868//6391
f 3868//6391 3371//6991 3870//6993
f 3870//6993 3371//7726 3372//6992
f 3870//6993 3871//7727 3868//6391
f 3869//6393 3373//6394 3372//6992
f 3372//6992 3373//6394 3872//6994
f 2974//5964 3373//6394 3869//6393
f 3872//6994 3871//7727 3870//6993
f 3872//6998 3375//7000 3871//7728
f 3148//6996 3375//6995 3376//7729
f 2975//5592 2976//5594 3373//6394
f 3872//6994 3377//6399 3374//7003
f 3379//7730 3376//7730 3374//7730
f 3873//7731 3379//7731 3374//7731
f 3873//6400 3380//5333 3379//6396
f 3388//6410 3386//6409 3150//5967
f 3392//6420 3876//6423 3152//6417
f 3394//6422 3395//5598 3876//6423
f 3877//5968 3393//6421 2980//5599
f 3393//6421 3877//5968 3396//6424
f 3878//6427 3395//5598 3394//6422
f 3394//6422 3879//7732 3878//6427
f 3396//6424 3879//7012 3394//6422
f 4431//7017 3881//7014 3882//5970
f 2880//5601 4431//7017 3883//7018
f 3882//5970 3883//7018 4431//7017
f 3883//7018 3882//5970 3884//7733
f 3883//7018 3884//7733 3885//7020
f 3883//7018 3885//7020 2879//5344
f 3884//7733 3153//5969 3887//7024
f 3887//7024 3153//5969 3886//7019
f 3885//7020 3884//7733 3888//7021
f 3887//7024 3888//7021 3884//7733
f 3398//6428 2512//5345 3888//7021
f 3400//6430 3891//7026 2981//5607
f 3401//6429 3894//6436 3400//6430
f 3893//6431 3403//5609 2882//5348
f 3404//7033 3402//7734 3894//7735
f 3404//7033 3405//6439 3402//7734
f 3156//6433 3404//6435 3155//6434
f 3404//7736 3156//7737 3406//7034
f 3406//7034 3156//7737 2984//5612
f 2983//5610 3405//6439 3157//6441
f 3413//5615 3411//6444 3416//5982
f 2988//5979 3896//7039 3421//5980
f 3897//6452 4432//7040 4434//7041
f 2885//5355 3897//6452 3898//7042
f 4434//7738 3898//7042 3897//6452
f 4433//7043 3898//7042 4434//7739
f 4433//7043 4434//7739 3900//7740
f 3900//7740 4435//7045 3423//6453
f 3900//7741 3901//7742 4435//7743
f 3901//7744 3900//7044 3903//5986
f 4435//7743 3901//7742 3902//7745
f 3426//6454 2884//7746 4435//7047
f 3902//7745 3425//7046 4435//7743
f 3424//7049 4436//7747 3902//7745
f 3428//6455 3424//7049 3903//5986
f 3424//7049 3427//7748 4436//7747
f 3906//7055 2887//5357 3429//6456
f 3906//7055 2886//5356 2887//5357
f 3906//7055 3434//6460 2886//5356
f 3433//7058 3434//6460 3905//7050
f 2886//5356 3434//6460 3161//5620
f 3433//7058 3432//7057 3435//7060
f 3438//6464 3436//6461 3435//7060
f 3907//6468 3441//6465 3440//6467
f 3908//7068 3909//5632 3911//7071
f 3908//7068 3912//6470 3910//5633
f 3908//7068 3911//7071 3912//6470
f 3910//5633 3912//6470 3164//5634
f 3913//7072 3443//5991 4601//7073
f 3915//7749 3442//6469 3913//7072
f 4601//7073 3443//5991 2888//5366
f 3915//7749 3165//5638 3442//6469
f 3915//7749 4601//7073 3917//7750
f 3917//7750 4601//7073 3916//7751
f 3444//7075 3165//5638 3915//7749
f 3915//7749 3917//7750 3444//7075
f 3916//7074 3918//5636 3166//5996
f 3919//7076 3917//7750 3166//7752
f 3168//5998 3921//7078 3920//5992
f 3922//7082 3923//7753 3168//5998
f 4439//6479 3453//6478 4438//6474
f 4439//6479 4438//6474 4437//7086
f 2993//5642 3456//5644 4439//6479
f 3463//7098 4441//6491 3926//7096
f 3928//7754 3463//7098 3926//7755
f 3928//7754 2994//5648 3463//7098
f 3932//6492 3929//7756 3931//7757
f 4590//6497 3933//7758 3931//7100
f 3932//6492 3931//7757 3933//7103
f 3933//7758 4590//6497 3173//7759
f 3173//7102 3937//7105 3933//7760
f 3936//7104 3173//7102 2995//6496
f 3937//7761 3934//6008 3933//7103
f 3941//7117 2893//5379 3943//7118
f 3939//7109 3174//7762 3934//6008
f 3942//6502 3943//7118 3176//6500
f 4443//7115 3942//6502 3174//7116
f 3943//7118 3464//6506 3176//6500
f 3945//7119 4444//6501 3176//6500
f 3945//7119 3176//6500 3464//6506
f 3947//7127 3945//7119 2896//5378
f 4445//7763 3946//7121 3945//7119
f 4445//7123 3945//7119 3947//7127
f 4445//7123 3177//7125 3946//7764
f 3947//7127 3948//7122 3949//7128
f 3947//7127 3950//7124 4445//7123
f 3951//7126 3950//7124 3947//7127
f 3952//7129 3950//7124 3951//7126
f 3952//7129 4446//7136 3950//7124
f 4446//7136 3178//7140 3466//6509
f 3178//7140 4446//7136 3955//7137
f 3179//6013 3957//6012 3953//7131
f 3954//7133 3953//7131 3956//7139
f 3467//7765 3955//7137 3954//7138
f 4447//6517 3954//7133 3956//7139
f 4447//6517 3467//6514 3954//7133
f 3181//6518 4447//6517 3956//7139
f 3181//6519 3956//7139 3957//6012
f 3468//6520 3957//6012 3180//6516
f 3183//6017 3958//6531 3473//6015
f 2997//7766 3474//6532 3958//6531
f 2997//5654 2996//5653 3479//7145
f 2997//7766 3479//7144 3474//6532
f 3481//6542 3483//6018 3482//6544
f 3486//6019 3484//6549 3483//6018
f 3487//7149 3486//6019 2998//5656
f 2998//5656 3493//6023 3487//7149
f 3492//7151 3490//6550 3493//6023
f 3490//6550 3494//7154 3960//7150
f 3499//6553 3496//7153 3964//6554
f 2900//5387 3496//7153 3499//6553
f 3497//6552 3965//7156 3498//7155
f 2900//5387 3499//6553 3966//5662
f 3967//7160 3498//7155 3965//7156
f 3968//7159 3967//7160 3501//6557
f 3185//5666 3973//7167 3505//6560
f 3507//6564 3974//7168 3000//5664
f 3975//7170 3972//7169 3973//7167
f 3001//5665 3975//7170 3973//7167
f 3976//6025 3000//5664 3974//7168
f 3002//5667 3976//6025 3979//7171
f 3509//7767 3977//7172 4448//7173
f 3508//7174 3509//7767 4448//7173
f 3980//7175 3509//7767 3511//7176
f 3510//7177 3005//5674 3188//6033
f 3981//7179 3512//6028 3511//7176
f 3981//7179 3186//6026 3512//6028
f 3186//6026 3981//7179 3190//6568
f 3516//6571 3190//6568 3515//6572
f 3517//6573 3515//6572 3514//6569
f 3004//6570 3517//6573 3514//6569
f 3516//6571 3982//7182 3190//6568
f 3517//6573 3982//7182 3516//6571
f 3982//7182 3517//6573 3004//6570
f 3982//7182 3004//6570 3189//7768
f 3518//6576 3982//7182 3983//7183
f 3519//6577 3518//6576 3983//7183
f 3983//7183 3189//7185 3984//7769
f 3983//7183 3984//7769 3519//6577
f 3519//6577 3986//7190 3520//7192
f 3985//7187 4450//6037 3191//6036
f 3986//7770 3985//7187 3191//7771
f 3520//7192 3986//7190 3521//7189
f 3988//7193 3987//7191 3521//7189
f 3193//6040 3988//7193 3521//7189
f 3988//7193 3522//6579 3987//7191
f 3989//7197 3988//7193 3524//7194
f 3523//6580 3988//7193 3989//7197
f 3524//7194 3194//7195 3525//7772
f 3003//5681 3523//6580 3526//7201
f 3990//7204 3525//7203 3991//7207
f 3991//7207 3194//7195 3528//7208
f 3526//7205 3990//7204 3008//5682
f 3992//7206 3528//7208 3530//7211
f 3992//7206 3530//7211 3993//7209
f 3530//6586 3195//6583 4451//6588
f 3529//6587 3531//7213 3007//5680
f 3993//7209 3531//7213 3529//6587
f 3532//7217 3531//7213 3995//7773
f 3994//7774 3996//7775 3995//7776
f 3996//7777 3997//7777 3995//7777
f 3996//7216 3998//7778 3997//7779
f 3998//7218 3532//7217 3997//7780
f 3007//5680 3532//7217 4005//5396
f 3998//7778 3996//7216 4001//6594
f 3996//7216 2901//6595 4001//6594
f 3998//7218 4001//6591 3999//7220
f 3999//7220 4000//6598 3998//7218
f 4002//7781 4000//7781 3999//7781
f 4002//7782 4003//7783 4000//6598
f 3534//6597 4000//6598 4003//7783
f 3534//6597 4003//7784 4006//7785
f 4002//7219 3533//6593 4007//7786
f 4002//7787 4007//7787 4006//7787
f 3533//6593 4004//6592 4007//7788
f 4006//7785 4007//7789 4008//7222
f 4007//7790 4010//7226 4013//7227
f 4009//7791 4008//7791 4007//7791
f 4012//7792 4011//5397 4008//7222
f 4014//7228 4009//7229 4013//7227
f 4009//7229 3535//6600 4012//7793
f 3535//6600 4011//6599 4012//7793
f 4016//7230 3537//6601 4015//6603
f 4017//6049 3540//5395 4016//7230
f 3544//7794 3545//7233 4020//7795
f 3545//7233 3544//7794 2904//5689
f 3543//6050 4018//7796 4019//5688
f 4018//7234 3543//6050 4020//7232
f 4022//7238 4021//7237 4018//7796
f 4019//5688 4018//7796 4021//7237
f 4022//7797 4020//7795 3545//7233
f 4021//7236 3009//5404 4019//5688
f 3545//7233 3010//5691 4022//7797
f 4025//7240 4024//7241 4027//6608
f 3546//6606 4028//7242 4027//6608
f 4030//6607 4028//7242 3546//6606
f 4033//7247 4035//7251 4031//7798
f 4036//7252 4039//5696 4037//7250
f 4040//6615 4039//5696 4036//7252
f 4043//6620 3549//5698 4042//7254
f 4043//6616 4042//7799 3548//6617
f 3551//5702 3549//5698 4043//6620
f 4453//7261 3552//7259 4452//7258
f 4044//6623 3552//7259 4453//7261
f 3556//6630 3203//6063 4046//6065
f 4047//6629 4049//7267 4048//5712
f 3204//6067 4048//5712 4049//7267
f 4049//7266 3556//7265 3560//7800
f 3559//7270 4049//7801 3560//7271
f 4049//7267 3559//6633 3204//6067
f 3560//7802 4050//7802 3563//7802
f 3561//5424 3204//6067 3564//6632
f 4050//7268 3205//6636 3563//6635
f 3205//6068 3562//5419 3567//7272
f 3205//6638 3567//7272 3566//6637
f 3566//6637 3567//7272 3569//6639
f 3570//6640 3567//7272 2909//5416
f 3575//6645 3206//7275 4051//7278
f 4057//7285 4053//7282 4056//6079
f 4057//7803 4054//7281 4053//7282
f 3017//5422 4055//7279 4059//6650
f 4059//6650 4055//6648 4058//7284
f 4061//7804 4057//7285 4056//6079
f 4061//7804 4058//7284 4057//7285
f 4058//7805 4061//7286 4063//7290
f 4063//7290 4061//7286 4062//7287
f 4058//7284 3018//6651 4059//6650
f 3208//6077 4065//7293 4062//7287
f 3018//7289 4058//7805 4063//7290
f 4065//7293 3208//6077 3580//6655
f 4064//7288 4063//7290 4062//7287
f 4062//7806 4066//7806 4064//7806
f 4066//7807 4062//7287 4065//7293
f 4066//7292 2912//6658 4064//7288
f 3580//6655 4068//7291 4065//7293
f 4070//6659 2912//6658 4066//7292
f 4066//7292 4068//7291 4069//7295
f 4066//7292 4069//7295 4070//6659
f 4068//7291 4067//7294 4071//7808
f 3581//6652 4071//7808 4067//7294
f 4072//7809 4069//7295 4071//7296
f 2913//6662 4070//6659 4069//7295
f 4072//7809 2913//6662 4069//7295
f 3581//6652 4073//7810 4071//7808
f 4073//7811 4072//7809 4071//7296
f 4072//7809 4074//7298 2913//6662
f 3581//6652 3209//6653 4073//7810
f 4074//7298 4072//7809 4073//7811
f 4074//7298 4073//7811 4076//7812
f 4075//7297 4073//7810 3209//6653
f 4075//7297 4076//7812 4073//7813
f 4455//7814 4074//7298 4076//7812
f 4456//7299 4455//7814 4077//6083
f 4078//7300 4079//6660 4455//7814
f 4456//7299 4078//7300 4455//7814
f 4078//7300 4456//7299 4080//6665
f 4078//7300 4082//6664 4081//6661
f 4082//6664 4078//7300 4080//6665
f 4080//6665 4083//7301 4085//6663
f 4082//6664 4084//6087 3582//6089
f 4083//7301 4457//7815 4085//6663
f 4457//7815 4083//7301 3019//6082
f 4457//7815 3019//6082 4086//6091
f 4086//6091 4089//7302 4457//7815
f 4088//7816 4457//7815 4089//7302
f 4091//6085 4084//6087 4087//7817
f 4090//7818 4091//6085 4087//7817
f 4458//7819 4090//7303 3210//6090
f 4090//7818 3021//6086 4091//6085
f 4093//7307 3210//6090 3020//6092
f 3021//5723 4090//7820 4092//7308
f 4093//7821 4092//7304 4458//7306
f 4093//7821 4459//7311 4092//7304
f 4093//7307 4094//6666 4459//7309
f 4459//7311 3022//6101 4092//7304
f 4095//7822 3211//6093 3213//6095
f 4097//6106 4095//7822 3213//6095
f 4096//7823 3212//6104 3585//6103
f 4095//7824 4098//7824 4096//7824
f 4098//7825 4095//7826 4097//6668
f 4098//7825 3212//6104 4096//7827
f 4100//7828 4098//7825 4099//6669
f 4101//6099 3212//6104 4100//7828
f 4104//7319 4102//6097 4103//7829
f 3214//6108 4103//7829 4099//6669
f 4105//7320 4103//7829 3214//6108
f 4103//7829 4105//7320 4104//7319
f 4106//7830 4104//7319 4105//7320
f 2916//7318 4104//7319 4106//7830
f 2916//7318 4106//7830 4107//6673
f 4109//6670 4105//7320 4460//6110
f 4109//6670 4460//6110 2914//6109
f 4108//6674 4105//7320 4109//6670
f 3590//7321 3215//6114 3216//6111
f 3590//7321 3589//6675 3587//6676
f 3216//6111 3592//6677 3590//7321
f 3596//6681 3593//6678 3023//5732
f 3596//7323 3595//7322 3593//6678
f 3599//6116 4110//6685 3598//6683
f 2919//6118 4110//6685 3599//6116
f 2919//6118 4111//7327 4110//6685
f 4110//6685 4111//7327 4112//6686
f 4113//6119 4111//7327 2919//6118
f 4114//7326 4112//6686 4111//7327
f 4112//6686 4115//7330 2917//5438
f 4115//7330 4112//6686 4114//7326
f 4118//7325 4113//6688 3602//6687
f 4115//7330 4114//7326 4116//7328
f 4122//7329 4115//7330 4116//7328
f 4119//7332 4118//7325 4121//7333
f 4124//7335 4121//7333 4125//7334
f 4127//7337 4123//6691 4128//6692
f 4127//7337 4129//7338 4124//7335
f 4127//7337 4130//7339 4129//7338
f 4129//7338 4131//7341 4126//7336
f 4131//7341 4129//7338 4130//7339
f 4131//7341 2923//7343 4126//7336
f 4130//7339 3603//6693 4131//7341
f 4132//7342 3603//6693 3024//6122
f 2918//6123 3604//7348 3218//6121
f 3604//7348 4135//7345 3218//6121
f 4135//7345 4138//7347 4134//7344
f 4138//7347 4135//7345 3604//7348
f 4136//6127 4138//7347 4137//6128
f 4139//7349 4138//7347 3604//7348
f 3604//7348 3219//6124 3605//6696
f 3605//6696 4140//7350 3604//7348
f 4141//6698 4461//6697 4139//7349
f 4143//7352 3220//5735 4141//6698
f 4142//7351 3606//6125 4462//7831
f 4464//7355 4142//7351 4462//7831
f 4463//7353 4143//7352 4142//7351
f 4463//7353 4142//7351 4464//7355
f 4143//7352 4463//7353 2921//5445
f 4144//7356 4463//7353 4464//7355
f 3221//6129 4464//7355 4462//7831
f 4145//7354 3222//6130 4144//7356
f 4145//7354 3221//6129 3607//7832
f 3222//6130 4145//7354 3608//7358
f 3607//7832 3608//7358 4145//7354
f 3608//7358 3607//7832 4146//7833
f 3610//7834 4146//7833 3607//7832
f 3223//5739 3608//7358 4146//7833
f 3223//5739 4465//7835 3026//5740
f 4465//7836 4466//7359 4148//6700
f 4148//7837 3026//5740 4465//7835
f 3026//6701 4148//6700 4150//6702
f 3612//7360 3613//6131 4467//6704
f 4151//6705 4468//7838 4152//7362
f 3028//6133 4152//7362 4468//7838
f 3614//5748 4151//6705 3615//7361
f 4152//7362 4153//7839 3615//7361
f 4154//6706 3615//7361 4153//7364
f 4153//7364 4152//7362 3029//7363
f 3030//5752 4157//7365 3029//5753
f 4162//6139 3032//6138 4161//7840
f 4163//7371 4161//7370 4160//7368
f 2924//5757 3031//5759 4163//7371
f 4469//7841 3031//5759 3618//5453
f 3618//5453 4168//6714 4166//7842
f 4176//7374 4174//6715 4173//7843
f 4172//7373 3225//6146 3619//6145
f 4177//7375 2925//6140 4175//6716
f 3619//6145 4181//7376 4178//7844
f 3619//6145 4179//6144 4181//7376
f 4180//6717 4177//7375 4472//7845
f 4475//7846 4473//7377 4474//7847
f 4474//7847 3620//6718 2928//5773
f 4474//7847 2928//5773 3622//7848
f 4474//7847 4476//7849 4475//7846
f 4476//7849 3623//5459 4475//7850
f 4478//7851 4474//7847 3622//7848
f 4477//7852 4476//7849 4478//7851
f 3622//7848 2928//5773 3037//5772
f 3624//7853 3623//5459 4476//7849
f 3624//7853 4476//7849 4477//7852
f 4478//7851 3622//7848 3037//6719
f 4183//6721 4182//7854 3037//6719
f 4481//7855 4479//7856 4182//7854
f 4481//7855 4182//7854 4183//6721
f 4480//7378 4481//7855 4183//6721
f 4479//7856 4482//7857 3624//7853
f 3626//5768 3627//6723 4480//7378
f 4483//6725 3625//5762 3628//7380
f 3627//6723 4186//7382 4185//7383
f 4189//7386 4186//7382 3036//6148
f 4188//7384 4187//6726 4186//7382
f 3629//6727 4189//7386 3036//6148
f 4193//7858 4484//7859 4190//7385
f 4194//7390 4195//7395 3630//6147
f 4486//7394 4194//7390 3632//7393
f 2927//7392 3226//6150 3632//7393
f 4486//7394 3631//7400 4195//7395
f 3631//7398 3227//6160 4195//7395
f 4197//7396 4486//7394 3226//6150
f 4199//7401 4200//7402 4201//7404
f 4487//7405 3229//6163 4203//7406
f 3229//6163 4204//7408 4203//7406
f 3229//6163 3231//6167 4204//7408
f 4207//7860 3231//6167 4208//6738
f 3635//6733 4206//7409 4207//7860
f 3635//6733 4207//7860 4209//7861
f 4208//6738 3038//6739 4210//7411
f 4212//7413 3228//6734 3636//7410
f 3038//6739 4214//7414 4211//7412
f 3038//7862 4213//7863 4214//7864
f 4214//7414 3637//6741 4212//7413
f 4214//7864 4213//7863 4215//7865
f 4215//7421 4216//7420 3637//7866
f 4217//7418 4215//7415 3232//6169
f 4218//7419 4215//7421 4217//7867
f 4218//7419 3638//6745 4216//6173
f 4217//7868 4219//7424 4220//7423
f 4219//6742 3040//5778 3234//6744
f 4221//7869 4219//6742 3234//6744
f 4489//7870 3638//6745 4220//7871
f 4489//6747 3233//6171 3638//6745
f 4489//7870 4220//7871 4221//7872
f 4222//7425 4221//7869 3234//6744
f 4222//7425 4489//7873 4221//7869
f 4489//7873 4222//7425 4225//7874
f 4225//7428 4224//7427 4490//7431
f 4223//6746 4492//6748 2931//5782
f 3639//7439 4491//7434 3235//7432
f 4491//7434 4490//7431 3235//7432
f 3235//7432 3041//7426 3639//7439
f 4226//7436 4225//7428 4490//7431
f 4226//7437 4492//6748 4225//7430
f 4226//7436 4490//7431 4491//7434
f 3640//7435 4491//7434 3639//7439
f 3640//7435 4493//6749 3642//7440
f 3643//6754 4226//7437 3640//7875
f 3236//5790 4226//7437 3643//6754
f 3236//5790 4227//7438 4226//7437
f 3641//6752 4228//7441 3642//7440
f 3237//7876 3643//6754 4229//7442
f 4494//7877 4229//7442 3043//5785
f 3042//5784 4230//7878 3043//5785
f 4495//7879 3237//7876 4494//7877
f 4497//7880 4496//7881 4494//7877
f 4499//7443 4497//7880 4230//7878
f 4496//7882 4495//7879 4494//7877
f 4498//7883 4495//7879 4496//7882
f 4498//7884 3044//5787 4495//6755
f 4496//7881 4497//7880 4500//7885
f 4500//7885 4497//7880 4501//7886
f 4498//7884 4496//7881 4500//7885
f 3045//7444 4501//7886 4499//7443
f 4500//7885 3044//5787 4498//7884
f 3045//7444 4503//7887 4501//7886
f 4503//7888 4500//7885 4501//7886
f 4502//7889 3044//5787 4500//7885
f 4503//7890 4502//7889 4500//7885
f 4504//7891 4502//7892 4503//7893
f 3045//5792 2741//5794 4506//7894
f 2930//5788 3044//5787 4502//7889
f 4503//7887 3045//7444 4505//7895
f 4505//7896 3045//5792 4506//7894
f 4504//7891 4503//7893 4505//7897
f 4504//7891 4509//6760 4502//7892
f 4509//6760 2930//5788 4502//7889
f 4505//7896 4506//7894 4507//6757
f 3046//5796 4506//7894 2741//5794
f 4504//7891 4505//7897 4508//7898
f 4508//6758 4505//7896 4507//6757
f 4504//7891 4508//6758 4509//6760
f 3645//6759 4509//6760 4508//6758
f 3645//6759 3238//6175 4509//6760
f 3649//7451 2580//6176 3646//6761
f 3649//7451 3648//6775 4232//6774
f 3650//6776 3647//6762 3239//6769
f 3649//7451 4231//6777 2580//6176
f 4234//6778 4231//6777 3649//7451
f 3652//6781 4234//6778 4235//7455
f 4238//7449 4237//7456 3653//7450
f 3652//6781 4236//7453 4510//7457
f 2933//7899 4510//7457 4511//7900
f 4240//7901 2933//7899 4511//7900
f 4511//7900 4512//6786 4240//7901
f 4240//7901 2934//5469 2933//7899
f 4240//7901 4512//6786 4513//6788
f 4513//6788 2934//5469 4240//7901
f 4516//7902 4515//7903 4514//7904
f 3654//7905 4515//7903 4516//7902
f 3654//7905 4513//6788 4515//6787
f 4517//7906 4516//7902 4514//7904
f 2934//5469 4513//6788 4519//6791
f 4519//6791 4513//6788 3654//7905
f 4518//7907 4516//7902 4517//7906
f 4516//7902 4518//7907 3654//7905
f 4520//7908 3654//7905 4518//7907
f 4243//6793 3240//6792 4521//7909
f 4244//7910 4521//7909 4522//7911
f 4243//6793 4521//7909 4244//7910
f 4525//7461 4523//7912 3656//7459
f 4244//7910 4526//6180 2932//6179
f 4527//7463 4524//7913 4525//7914
f 4528//7915 4524//7913 4527//7463
f 4528//7915 4526//6180 4524//7913
f 4602//7464 4527//7463 4525//7914
f 4528//7915 4527//7463 4529//7462
f 4526//6180 4528//7915 4529//7462
f 4247//7916 3658//7474 3243//6796
f 4533//7471 3659//7473 4248//7917
f 4248//7477 3659//7473 4247//7918
f 3660//6798 4249//7475 4247//7919
f 4250//7920 4535//7480 4249//7475
f 3660//6798 4253//6799 4250//7920
f 3661//7479 4534//7476 4535//7480
f 4256//7921 4254//7485 4539//7922
f 3245//7486 4254//7485 4256//7921
f 4255//7923 4540//7924 4539//7922
f 4540//7924 4256//7921 4539//7922
f 3245//7925 2935//5801 3048//7926
f 3245//7927 3048//7484 3661//7479
f 4540//7924 4541//7489 4256//7921
f 3245//7486 4256//7921 4541//7928
f 3662//6801 4257//6800 4542//7929
f 4543//7490 4540//7924 4542//7929
f 4541//7487 2935//5801 3245//7925
f 4541//7489 4540//7924 4543//7490
f 4542//7929 4257//6800 4258//7493
f 4542//7929 4258//7493 4259//7491
f 4259//7491 4543//7490 4542//7929
f 4541//7489 4543//7490 4260//7488
f 4262//6803 4258//7493 4257//6800
f 4261//7492 4259//7491 4258//7493
f 4259//7491 4263//7930 4260//7488
f 4263//7930 4259//7491 4261//7492
f 4260//7488 4263//7930 3049//5802
f 4264//7494 4263//7930 4261//7492
f 3664//7496 4263//7930 4264//7494
f 4263//7930 3664//7496 3049//5802
f 3665//7497 4264//7494 3247//7495
f 3665//6805 3247//6188 2754//5807
f 3674//5808 3670//7499 4266//6811
f 3675//6812 3050//5805 3248//6190
f 3052//5810 3674//5808 4266//6811
f 3054//5816 4267//6814 3248//6190
f 4268//7500 3676//6813 3248//6190
f 4269//7502 3677//7501 4268//7500
f 3051//5811 3677//7501 4269//7502
f 4270//7505 4267//7931 3249//6194
f 4271//7503 4269//7502 4270//7504
f 4274//7506 4270//7505 3249//6194
f 4270//7504 4544//7932 4271//7503
f 4273//7507 4544//7932 4270//7933
f 4544//7932 3678//5812 4271//7503
f 3679//5813 3678//5812 4544//7932
f 4274//7506 4545//7934 4273//7507
f 4275//7935 3679//5813 4544//7932
f 4274//7506 4547//7936 4545//7934
f 4545//7934 4547//7936 4546//7937
f 3679//5813 4275//7935 3680//5481
f 4547//7936 4548//7510 4546//7937
f 3681//6197 4548//7510 4547//7938
f 3681//6195 4547//7936 3053//6193
f 4548//7510 3681//6197 4551//6815
f 4551//6815 4276//7939 4553//7508
f 4553//7508 4276//7939 4552//6816
f 4277//7940 4276//7939 4551//6815
f 4277//7940 4551//7941 3250//6204
f 4554//7942 4552//6816 4276//7939
f 2937//5482 4552//6816 4555//6820
f 4554//7943 4555//6817 4552//7944
f 4277//7940 4554//7942 4276//7939
f 4556//7945 4554//7942 4277//7940
f 4556//7945 4557//6818 4554//7942
f 4555//6817 4554//7943 4557//6818
f 3252//6203 4556//7945 3250//6204
f 4557//6818 4558//7946 4559//6819
f 4560//7514 4558//7946 3252//6203
f 4560//7514 4559//6819 4558//7946
f 4278//7513 4560//7514 4561//7947
f 4562//7948 4278//7513 4561//7947
f 4279//7516 3682//5819 4559//5820
f 4563//7517 4278//7513 4562//7518
f 4561//7512 3251//6200 4280//7515
f 4280//7949 4562//7948 4561//7947
f 4279//7516 4281//7519 3682//5819
f 4564//7950 4562//7948 4280//7949
f 4562//7951 4564//7952 4281//7953
f 3057//6202 4564//7954 4280//7515
f 4282//7955 4565//6207 4281//7953
f 4564//7952 3683//6821 4282//7955
f 4282//7955 3683//6821 4284//7956
f 4566//7522 4282//7955 4284//7523
f 4283//7957 3253//6210 4285//7521
f 4283//7958 4285//7959 4284//7956
f 4285//7521 3256//6209 4287//7525
f 4286//7527 3685//6214 4284//7956
f 4290//7528 4287//7525 3256//6209
f 4288//7526 4289//7960 4286//7527
f 4288//7526 4287//7525 4290//7528
f 4289//7960 4291//6824 3685//6214
f 4289//7960 4288//7526 4292//7529
f 4293//7534 4290//7961 4567//7535
f 4567//7531 4290//7528 3056//6213
f 4292//7529 4291//6824 4289//7960
f 3257//5824 4294//6825 4296//7537
f 4295//7533 4296//7537 4294//6825
f 4297//6823 3058//5828 4568//7536
f 4568//7536 4569//7539 4295//7533
f 4569//7539 4296//7537 4295//7533
f 4568//7536 3058//5828 4298//7962
f 4299//7963 4569//7539 4568//7536
f 4299//7963 4568//7536 4298//7962
f 4299//7963 3061//5833 4569//7539
f 4573//7540 4298//7962 3058//5828
f 4570//7964 4298//7962 4573//7965
f 4571//7541 4570//7964 4572//7966
f 4572//7966 4570//7964 4573//7965
f 3059//5839 4573//7540 2765//5830
f 4572//7966 3060//5831 4571//7541
f 4573//7540 4574//6826 4572//7966
f 4574//6826 4573//7540 3059//5839
f 3060//5831 4572//7966 4575//6829
f 4575//6829 4572//7966 4574//6826
f 3258//6827 3060//5831 4575//6829
f 3062//6215 4300//6832 3686//6216
f 3691//6834 3063//5836 3688//6831
f 3691//6834 3688//6831 3689//6830
f 3259//6218 3690//6833 3064//5838
f 3693//7542 3690//6833 4301//7543
f 3260//7545 3694//6837 4301//7544
f 3694//6837 4302//7546 3696//6836
f 3696//6836 4303//7547 3261//6838
f 3067//6217 3262//6223 4305//7549
f 4303//7547 3065//5843 2938//5488
f 3262//6220 3264//6222 4305//7550
f 4305//7550 4576//7967 4304//7548
f 4577//7968 4576//7969 3264//7970
f 4577//7968 3264//7970 3697//7971
f 4577//7968 4579//7972 4578//7973
f 3697//7971 4579//7974 4577//7968
f 4306//7552 2940//7555 4579//7553
f 3697//7971 4580//7975 4579//7974
f 3263//7976 4580//7975 3697//7971
f 4581//7977 4307//7978 4580//7975
f 4309//7557 4581//7977 3263//7976
f 4307//7978 4581//7977 4310//7559
f 4308//7561 3698//5490 4307//7978
f 4310//7559 4308//7561 4307//7978
f 4313//7979 4308//7561 4310//7559
f 4312//5491 3698//5490 4308//7561
f 4583//7560 4313//7558 4309//7557
f 4583//7560 4311//6840 4582//6842
f 4582//6842 4315//7980 4583//7560
f 4314//7562 4583//7560 4315//7980
f 3700//6844 4318//7566 4315//7980
f 4316//7564 4314//7562 4315//7980
f 4318//7566 4316//7564 4315//7980
f 4318//7566 3700//6844 3066//6843
f 4316//7564 4584//7565 4317//5845
f 4584//7565 3068//5496 4317//5845
f 3066//6843 4320//7567 4318//7566
f 3066//6230 4319//6227 4320//7981
f 4320//7982 3265//6229 3701//7573
f 3265//6229 4320//7981 4319//6227
f 3704//6846 3705//6849 4324//7578
f 4322//7579 3070//6228 4325//7582
f 3706//7580 3708//7584 3707//5850
f 4325//7582 3708//7584 3706//7580
f 3711//7983 3712//7589 3709//7587
f 3713//7591 3710//5854 3266//5853
f 3711//7983 4327//7588 4326//7590
f 4326//7590 3712//7589 3711//7983
f 4327//7585 3710//5854 3713//7591
f 4326//7590 3715//7593 3714//7592
f 3713//7591 3716//7595 4328//7596
f 3715//7593 4326//7590 4328//7984
f 4330//7597 3715//7593 4328//7984
f 3715//7593 4330//7597 4329//7594
f 4328//7984 4331//7601 4330//7597
f 4328//7596 3718//5500 4331//7600
f 4332//7599 4333//7603 4331//7600
f 3720//7598 4331//7601 4333//7604
f 3720//7598 4333//7604 3071//5857
f 3721//6851 4332//7599 3722//7602
f 3722//7602 3719//5858 2943//5499
f 3722//7602 4334//7605 3721//6851
f 4334//7605 3722//7602 4337//7985
f 4337//7608 3722//7602 4335//6852
f 4334//7605 4337//7609 4336//7606
f 3727//7617 3728//5863 3726//5862
f 2945//5859 3729//6855 3267//6232
f 3267//7618 3729//6855 3727//7617
f 3729//6855 3728//5863 3727//7617
f 2945//5859 3268//6233 3729//6855
f 4340//6854 3268//6233 4341//7620
f 4343//7622 3075//5868 3730//5867
f 4344//7623 3270//7621 2944//5510
f 2841//5512 4359//7638 2946//5508
f 4358//7635 3272//5520 3271//5519
f 4370//7646 3076//5515 4367//5517
f 3080//5532 3078//5872 3273//6234
f 4378//6861 3080//5532 3273//6234
f 3737//6868 3735//6867 3081//5877
f 3738//6869 3737//6868 3740//6873
f 3740//6873 3737//6868 3739//6871
f 3739//6871 2952//5527 3741//6237
f 3745//5535 4379//6872 3746//6874
f 3274//5879 3745//5535 3746//6874
f 4380//6886 3750//6879 3083//5881
f 3752//7662 4381//6881 4380//6886
f 2954//5536 3753//7666 3757//5534
f 3755//7669 4380//6886 3082//5880
f 3754//7667 4382//7670 3757//5534
f 4587//7671 3756//7668 3755//7669
f 3275//6238 3755//7669 3082//5880
f 4382//7670 3756//7668 4587//7671
f 4383//7673 4382//7670 4587//7671
f 4384//7674 4587//7671 3275//7672
f 4588//7986 4383//7673 4384//7674
f 3758//5537 4383//7673 3760//7987
f 3760//7987 3084//7988 3758//5537
f 3759//6887 4386//7678 4385//7676
f 3084//5883 3760//7987 4588//7986
f 4386//7678 4588//7986 4385//7676
f 4386//7678 3759//6887 3761//6239
f 3084//5883 4588//7986 4386//7678
f 4386//7678 4387//7677 3084//5883
f 3276//5539 3084//5883 4387//7677
f 4387//7677 3277//7679 3278//5887
f 3764//6892 3767//6242 4389//6890
f 3768//7680 3767//6242 4390//7681
f 3769//6895 3281//6893 3768//7680
f 2955//5546 3282//6243 3771//6897
f 3283//6244 3770//6894 3769//6895
f 3283//6244 4391//6898 3770//6894
f 3771//6897 4393//7682 3772//5545
f 3090//5893 4395//7989 4391//6898
f 4393//7682 4398//6245 3772//5545
f 4396//6899 4395//7989 3090//5893
f 4396//6899 3773//7688 4395//7990
f 4397//6902 4394//7684 4395//7687
f 3775//5896 3778//7689 3089//5892
f 3776//6246 4397//6902 3774//6901
f 4401//7695 3777//7694 3780//7691
f 3780//7691 3779//5903 4402//7698
f 4402//7698 4401//7695 3780//7691
f 4589//7693 4401//7695 4402//7698
f 4408//7703 4403//6903 3093//5900
f 4403//6903 4408//7703 4406//7701
f 4404//7699 4406//7701 4405//7700
f 4405//7702 4407//7706 3094//5909
f 4407//7706 4412//5906 3094//5909
f 4409//7704 4411//7991 4405//7700
f 4411//7992 4413//7705 4405//7702
f 3092//5899 4410//6908 4409//7704
f 4411//7993 4409//7704 4410//6908
f 4414//6250 4412//5906 4413//7705
f 4411//7994 4410//7995 3783//7996
f 4414//6250 4413//7705 3096//5911
f 3096//7997 4413//7705 4411//7992
f 3096//5911 4411//7998 3783//6910
f 3785//5912 3782//6904 2957//7708
f 2957//7708 2956//6906 3097//6911
f 2956//7707 2854//5548 3097//6911
f 3785//5912 2957//7708 3787//6913
f 3787//6913 3791//6915 3789//6912
f 3789//6912 3791//6915 4415//7999
f 3791//6915 3790//6914 4416//8000
f 3790//6914 3098//5547 4416//8001
f 4415//7999 3791//6915 4416//6917
f 3793//6916 3098//5552 2958//5551
f 4417//6919 3794//6252 4415//7709
f 4416//6917 4417//6919 4415//7999
f 4416//6917 3793//6916 4418//6920
f 4417//6919 4416//6917 4418//6920
f 4417//6919 3284//6253 3794//6252
f 4419//6918 4417//6919 4418//6920
f 4418//6920 3797//6924 4419//6918
f 4419//6918 4420//5915 3284//6253
f 2856//5550 3798//6922 3795//6921
f 3797//6924 4418//6920 3798//6922
f 3796//6923 4420//5915 4419//6918
f 3805//6931 3804//6930 3803//7711
f 3313//6942 3821//6298 3114//6295
f 4610//5577 3335//5319 2868//5316
f 3338//6322 2969//5578 2970//5579
f 3344//6338 3136//5952 3343//6337
f 3345//6948 4423//8002 3343//6337
f 3346//6336 3345//6948 3137//6334
f 3833//6348 4423//8002 3345//6948
f 3138//6950 3833//6348 3834//6947
f 3349//7717 3834//6947 3347//7716
f 3834//6947 3349//7717 3138//6950
f 3349//7717 3139//6350 3350//7718
f 3836//6347 3138//6950 3351//6353
f 3138//6950 3349//7717 4424//6949
f 3837//6951 3349//7717 3350//7718
f 3139//6350 4425//6349 3350//7718
f 3351//6353 4424//6949 3352//6354
f 3352//6354 4424//6949 3837//6951
f 3353//6953 4425//6349 3354//6351
f 3843//7721 3842//6360 3841//6955
f 3358//6363 3147//6361 3843//7721
f 3358//6363 3843//8003 4427//6962
f 3358//6363 4427//6962 3357//6961
f 3851//6970 3854//6365 3850//6968
f 4430//7725 3861//6984 3859//6373
f 3369//6989 3365//6986 3866//5955
f 3368//6387 3365//6986 3367//6388
f 3864//6987 3368//6988 3145//5960
f 3396//6424 3877//5968 3880//7013
f 3882//5970 3880//7013 2982//5605
f 3153//5969 3884//7733 3882//5970
f 3886//7019 3889//7025 3887//7024
f 3889//7027 3886//7019 3154//5971
f 3888//7021 3887//7024 3890//8004
f 3900//7740 3423//6453 4433//7043
f 3901//7742 3424//7049 3902//7745
f 3425//7046 3902//7745 4436//6457
f 3427//7748 3424//7049 3904//7048
f 3427//7748 3904//7048 3430//7051
f 3430//7051 4436//7747 3427//7748
f 2887//5357 4436//6457 3429//6456
f 3444//7075 3917//7750 3919//7076
f 3166//8005 3917//7750 3916//7751
f 3922//7082 3168//5998 3445//7077
f 3448//7085 2890//5645 4437//7086
f 2993//5642 4439//6479 4437//7086
f 3926//7096 3925//7095 4440//7090
f 3926//7096 4441//6491 3925//7095
f 3928//7754 3926//7097 2994//5648
f 4441//6491 3929//6488 3927//6487
f 4590//6497 3930//7099 4442//6498
f 3940//7110 3938//8006 3936//7104
f 3942//6502 3941//7117 3943//7118
f 3174//7116 3942//6502 4444//8007
f 3948//7122 3947//7127 2896//5378
f 3948//7122 2895//5375 3949//7128
f 3466//6509 3177//6511 3950//7124
f 3951//7126 3949//7128 3952//7129
f 3184//6528 2898//5382 2997//5654
f 3184//7142 2997//7766 3958//6531
f 3473//6015 3475//6530 3476//6537
f 3486//6019 3487//7149 3484//6549
f 3493//6023 3490//6550 3487//7149
f 3494//7154 3490//6550 3492//7151
f 3491//6021 3960//7150 3494//7154
f 3494//7154 3492//7151 3961//6551
f 3494//7154 3963//7152 3491//6021
f 3962//5386 3496//7153 2900//5387
f 3965//7156 3969//7157 3967//7160
f 3966//5662 3499//6553 3968//7161
f 3973//7167 3185//5666 3001//5665
f 3002//5667 3979//7171 3187//6027
f 3978//6566 4448//7173 3977//7172
f 3979//7171 3509//7767 3980//7175
f 3979//7171 3980//7175 3187//6027
f 3509//7767 3510//7177 3511//7176
f 3514//6569 3515//6572 4449//7181
f 3986//7770 3984//7186 3985//7187
f 3192//6039 3988//7193 3193//6040
f 3194//7199 3527//6582 3528//6584
f 4451//6588 3995//7212 3530//6586
f 3533//6593 4002//7219 4001//6591
f 4008//7222 3534//6597 4006//7785
f 4024//7241 4022//7797 4023//6052
f 4021//8008 4024//7241 4025//7240
f 4040//6615 3199//6056 4041//5697
f 4044//6623 4453//7261 4454//6624
f 4453//7261 3202//6061 4454//6624
f 4453//7261 3201//6062 3202//6061
f 3207//6073 4053//7282 4051//7276
f 4053//7282 3207//6073 2911//6072
f 4079//6660 4074//7298 4455//7814
f 4077//6083 4075//7297 2910//6081
f 4077//6083 4455//7814 4075//7297
f 4082//6664 3582//8009 4081//6661
f 4085//6663 4088//7816 4084//6087
f 4087//7817 4084//6087 4088//7816
f 4087//7817 4089//7302 4090//7303
f 3210//6090 4093//7307 4458//7819
f 3585//7315 3584//7314 4096//8010
f 4098//7825 4097//6668 4099//6669
f 4100//7828 3212//6104 4098//7825
f 4101//6099 4100//7828 4102//6097
f 4099//6669 4103//7829 4100//7828
f 4108//6674 4106//7830 4105//7320
f 4107//6673 4106//7830 4108//6674
f 4133//7340 4134//7344 4136//6127
f 4139//7349 3604//7348 4140//7350
f 3221//6129 4462//7831 3606//6125
f 3610//7834 3607//8011 3609//7357
f 3609//7357 3025//5747 4147//5746
f 3610//7834 3609//7357 4466//7359
f 4465//7835 3223//5739 4146//7833
f 4465//7836 4146//7833 3610//7834
f 4466//7359 4465//7836 3610//7834
f 3027//5745 4149//6703 4148//6700
f 4148//6700 4149//6703 4150//6702
f 4468//7838 4467//6704 3613//6131
f 4468//7838 4151//6705 4467//6704
f 4468//7838 3613//6131 3028//6133
f 4159//7367 4158//6712 4160//7368
f 4164//7372 4163//7371 4469//7841
f 4470//8012 4162//6139 4164//7372
f 4162//6139 4470//8012 4165//6137
f 4167//8013 4165//6137 4470//8012
f 4173//7843 4171//8014 4168//6714
f 4172//7373 4168//6714 3224//5452
f 4177//7375 4175//6716 4176//7374
f 4471//8015 4178//7844 4472//7845
f 3620//6718 4474//7847 4473//7377
f 3623//5459 3621//5461 4475//7850
f 4474//7847 4478//7851 4476//7849
f 3624//6722 3033//5764 3623//8016
f 3037//6719 4182//7854 4478//7851
f 4478//7851 4479//7856 4477//7852
f 4477//7852 4479//7856 3624//7853
f 4479//7856 4478//7851 4182//7854
f 4481//7855 4482//7379 4479//7856
f 4482//7379 3625//5762 3624//6722
f 4481//7855 4480//7378 4482//7379
f 4184//7381 4482//7379 4480//7378
f 4482//7379 4184//7381 3628//7380
f 4185//7383 4184//7381 4480//7378
f 3627//6723 3036//6148 4186//7382
f 4483//6725 4184//7381 4187//6726
f 4189//7386 4188//7384 4186//7382
f 4189//7386 4190//7385 4188//7384
f 4190//7385 4192//7387 4188//7384
f 4191//6161 3034//5766 3035//5765
f 4484//7859 4192//7387 4190//7385
f 4193//7858 4190//7385 3629//6727
f 4192//7387 4484//7859 4485//7388
f 4193//7858 3629//6727 3630//6147
f 4484//7859 4195//7395 4485//7388
f 4486//7394 4196//7397 3631//7400
f 3226//6150 3039//6152 4197//7396
f 3039//6152 4198//7399 4197//7396
f 3634//6730 3633//6731 4199//7401
f 4200//7402 3230//7403 4201//7404
f 4488//6728 3634//6730 4201//7404
f 4487//7405 4201//7404 3230//6164
f 4201//7404 4487//7405 4488//6728
f 4488//6728 4203//7406 4202//6729
f 4206//7409 4204//7408 4207//7860
f 3636//7410 3635//6733 4209//7861
f 3637//6741 3228//6734 4212//7413
f 4217//7867 4220//7871 4218//7419
f 4218//7419 4220//7871 3638//6745
f 4225//7430 4492//6748 4223//6746
f 4493//6749 2929//6751 3641//6752
f 3640//7875 3642//7440 3643//6754
f 4230//7878 4494//7877 3043//5785
f 4497//7880 4494//7877 4230//7878
f 4506//7894 3046//5796 4507//6757
f 4233//7446 3650//6776 3239//6769
f 4232//6774 4235//7455 4234//6778
f 3653//7450 4237//7456 3651//7452
f 4237//7456 4238//7449 4239//8017
f 4511//7900 4510//7457 4236//7453
f 4241//8018 4238//7449 4514//7904
f 4239//8019 4512//6786 4511//7900
f 4241//8018 4512//8020 4239//8017
f 4514//7904 4515//7903 4241//8018
f 4517//7906 4514//6784 3244//6783
f 3244//6783 3655//6789 4517//7906
f 4520//7908 4519//6791 3654//7905
f 4518//7907 3655//6789 4592//8021
f 4592//8021 4520//7908 4518//7907
f 4521//7909 4520//7908 4592//8021
f 4592//8021 4593//8022 4521//7909
f 4522//7911 4593//8022 4242//8023
f 4522//7911 4521//7909 4593//8022
f 4522//7911 4242//8023 4523//7912
f 4523//7912 4242//8023 3656//7459
f 4523//7912 4524//7913 4522//7911
f 4244//7910 4522//7911 4524//7913
f 2932//6179 4243//6793 4244//7910
f 4524//7913 4523//7912 4525//7914
f 4526//6180 4244//7910 4524//7913
f 4245//7467 4602//7464 4525//8024
f 4529//7462 4595//6177 4526//6180
f 4246//7468 4595//6177 4594//8025
f 3657//8026 4532//7469 4596//8027
f 4597//8028 4594//8025 4530//7466
f 4599//8029 4597//8028 4596//8027
f 4598//8030 4597//8028 4599//8029
f 3241//6181 4533//7471 3242//6182
f 3658//7474 4247//7918 3659//7473
f 3242//6182 4248//8031 3048//6183
f 3242//6182 4533//7471 4248//7917
f 4248//7477 4534//7476 3048//7484
f 3660//6798 4247//7916 3243//6796
f 4249//7475 3660//6798 4250//7920
f 4534//7476 4249//7475 4535//7480
f 4250//7920 4253//6799 4536//7482
f 4535//7480 4250//7920 4536//7482
f 4251//7478 4254//7485 3661//7479
f 4538//7483 4254//7485 4251//7478
f 3246//6802 4537//8032 4253//6799
f 4254//7485 4538//7483 4539//7922
f 4255//8033 4537//8032 3246//6802
f 4255//7923 4538//7483 4537//8032
f 3662//6801 4255//8033 3246//6802
f 3662//6801 4542//7929 4255//7923
f 3049//5802 3664//7496 3663//5803
f 4267//6814 4269//7502 4268//7500
f 4274//7506 3249//6194 4272//6191
f 3678//5812 3679//5813 2588//5476
f 4274//7506 4272//6191 4547//7936
f 4273//7507 4275//7935 4544//7932
f 4272//6191 3053//6193 4547//7936
f 4275//7935 4273//7507 4545//7934
f 4549//7509 4275//7935 4546//7937
f 4550//7511 4275//7935 4549//7509
f 4550//7511 3680//5481 4275//7935
f 4550//7511 3055//5818 3680//5481
f 4549//7509 4553//7508 4550//7511
f 4553//7508 4548//7510 4551//6815
f 4553//7508 4552//6816 4550//7511
f 4557//6818 4556//7945 4558//7946
f 4559//6819 4278//7513 4563//7517
f 4559//5820 4563//7517 4279//7516
f 4281//7520 3255//6205 3254//5480
f 3683//6821 4564//7952 3057//6211
f 4281//7953 4564//7952 4282//7955
f 4565//6207 3255//6205 4281//7520
f 4282//7955 4566//7522 4565//6207
f 4565//6207 4566//7522 3684//6208
f 4284//7956 4285//7959 4286//7527
f 4285//7959 4287//7525 4286//7527
f 3685//6214 4286//7527 4289//7960
f 4568//7536 4295//7533 4567//7535
f 4300//6832 3064//5838 3690//6833
f 3259//6218 3260//6219 4301//7543
f 4578//7973 4579//8034 2940//5489
f 4580//7975 4307//7978 4579//8035
f 4580//7975 3263//7976 4581//7977
f 4581//7977 4309//7557 4310//7559
f 3700//6844 4315//7980 4582//6842
f 3070//6228 4322//7579 4321//7572
f 3708//7584 3711//7983 3709//7587
f 3711//7983 3708//7584 4327//7588
f 4329//7594 4330//7597 3717//5856
f 3728//5863 4339//6856 3073//5864
f 4383//7673 4587//7671 4384//7674
f 4385//7676 4588//7986 4384//7674
f 3760//7987 4383//7673 4588//7986
f 4386//7678 3761//6239 3762//6889
f 3764//6892 3763//6888 3085//5884
f 4387//7677 3278//5887 3276//5539
f 4388//6241 3765//6891 4389//6890
f 4390//7681 3764//6892 2850//5886
f 3767//6242 3764//6892 4390//7681
f 3767//6242 3768//7680 3281//6893
f 3781//7697 4589//7696 4404//7699
f 4402//7698 4403//6903 4404//7699
f 4406//7701 4409//7704 4405//7700
f 4410//7995 3782//8036 3783//7996
f 2971//5950 3340//6328 3341//8037
f 2971//5581 3341//6946 3136//5952
f 3342//6333 3341//6332 3832//6331
f 3343//6337 4423//8002 3344//6338
f 3344//6338 4423//8002 3833//6348
f 3138//6950 3836//6347 3833//6348
f 3838//6952 3841//6955 3842//6360
f 4428//6362 3848//6963 3847//6966
f 4428//6362 3847//6966 3850//6968
f 3857//6980 4429//7724 3858//7723
f 4430//7725 4429//7724 3141//6982
f 3859//6373 3858//7723 4429//7724
f 3362//6983 4430//7725 3361//6375
f 3861//6984 4430//7725 3362//6983
f 3370//6386 3367//6388 3868//6391
f 4431//7017 2880//5601 3397//6426
f 3423//6453 2885//5355 3898//7042
f 3424//7049 3901//7744 3903//5986
f 3461//6485 3927//6486 3171//6005
f 3941//7111 3936//7104 2995//6496
f 3937//7761 3938//7107 3934//6008
f 3941//7111 3940//7110 3936//7104
f 3175//7114 3942//6502 4443//7115
f 4446//7136 3466//6509 3950//7124
f 3468//6520 3181//6519 3957//6012
f 3963//7152 3964//6554 3496//7153
f 3509//7767 3979//7171 3977//7172
f 3510//7177 3509//7767 3508//7174
f 3519//6577 3984//7769 3986//7190
f 3194//7195 3991//7207 3525//7772
f 4037//7250 4034//6612 4032//7246
f 3551//5702 3552//7257 4044//5703
f 4076//7812 4075//7297 4455//7814
f 4457//7815 4088//7816 4085//6663
f 4089//7302 4087//7817 4088//7816
f 4100//7828 4103//7829 4102//6097
f 4466//7359 3609//7357 4147//5746
f 3615//7361 4151//6705 4152//7362
f 3030//5752 4158//6712 4157//7365
f 4161//7840 3032//6138 3617//7366
f 4469//7841 4163//7371 3031//5759
f 4470//8012 4164//7372 4469//7841
f 4167//8013 4470//8012 4166//7842
f 4166//7842 4169//8038 4167//8013
f 4166//7842 4168//6714 4171//8014
f 4173//7843 4168//6714 4172//7373
f 4172//7373 4471//8015 4173//7843
f 4471//8015 4176//7374 4173//7843
f 4472//7845 4176//7374 4471//8015
f 4471//8015 4172//7373 4178//7844
f 4172//7373 3619//6145 4178//7844
f 4472//7845 4178//7844 4591//8039
f 4475//7850 4180//6717 4472//7845
f 4475//7850 3621//5461 4180//6717
f 4195//7395 4484//7859 4193//7858
f 4207//7860 4204//7408 3231//6167
f 3237//7876 4229//7442 4494//7877
f 4499//7443 4230//7878 3042//5784
f 4497//7880 4499//7443 4501//7886
f 4232//8040 3651//7452 4235//7454
f 4233//7448 3653//7450 3651//7452
f 4237//7456 4239//8019 4236//7453
f 4239//8019 4511//7900 4236//7453
f 4239//8017 4238//7449 4241//8018
f 4520//7908 3240//6792 4519//6791
f 4245//7467 3657//8026 4530//7466
f 4594//8025 4595//6177 4529//7462
f 4594//8025 4602//7464 4530//7466
f 3657//8026 4596//8027 4530//7466
f 4596//8027 4597//8028 4530//7466
f 4246//7468 4598//8030 4531//5797
f 4597//8028 4598//8030 4594//8025
f 4532//7469 4599//8029 4596//8027
f 4531//5797 4598//8030 3241//6181
f 4532//7469 3658//7474 4599//8029
f 4598//8030 4599//8029 4600//7472
f 3659//7473 4600//7472 3658//7474
f 3241//6181 4598//8030 4600//7472
f 4247//7918 4249//7475 4248//7477
f 4251//7478 4535//7480 4536//7482
f 4253//6799 4537//8032 4252//7481
f 4538//7483 4252//7481 4537//8032
f 4538//7483 4255//7923 4539//7922
f 4255//7923 4542//7929 4540//7924
f 3052//5810 3676//6813 3677//8041
f 3678//5812 2936//5475 4271//7503
f 4275//7935 4545//7934 4546//7937
f 4277//7940 3250//6204 4556//7945
f 3252//6203 4558//7946 4556//7945
f 3252//6203 4561//7512 4560//7514
f 4283//7957 3683//6821 3253//6210
f 4283//7958 4284//7956 3683//6821
f 4571//7541 3061//5833 4299//7963
f 4303//7547 4576//7969 3065//5843
f 4303//7547 4304//7548 4576//7967
f 3264//6222 4576//7967 4305//7550
f 4576//7969 4578//7973 3065//5843
f 4577//7968 4578//7973 4576//7969
f 2940//5489 3065//5843 4578//7973
f 4325//7582 4324//7577 4322//7579
f 3729//6855 4339//6856 3728//5863
f 3762//6889 3277//7679 4387//7677
f 3768//7680 3088//5890 3769//6895
f 3335//5951 2968//8042 3336//6325
f 3334//6321 3336//6324 2968//5573
f 4426//6956 3840//6954 3354//6351
f 3845//6960 2869//5322 3356//6965
f 3858//7723 3859//6373 3143//6371
f 4601//7073 3915//7749 3913//7072
f 2893//5379 3941//7117 2995//5651
f 4023//6052 4022//7797 3010//5691
f 4164//7372 4162//6139 4161//7840
f 4469//7841 4166//7842 4470//8012
f 4469//7841 3618//5453 4166//7842
f 4167//8013 4169//8043 4170//6141
f 4170//6141 4165//6137 4167//8013
f 4166//7842 4171//8014 4169//8038
f 4171//8014 4173//7843 4169//8038
f 4174//6715 4170//6141 4169//8043
f 4174//6715 4169//8038 4173//7843
f 4472//7845 4177//7375 4176//7374
f 4178//7844 4181//7376 4591//8039
f 4591//8039 4475//7846 4472//7845
f 4591//8039 4181//7376 4473//7377
f 4475//7846 4591//8039 4473//7377
f 3627//6723 4185//7383 4480//7378
f 4184//7381 4186//7382 4187//6726
f 3630//6147 4195//7395 4193//7858
f 4207//7860 4208//6738 4209//7861
f 4208//6738 3636//7410 4209//7861
f 4241//8018 4515//8044 4512//8020
f 4518//7907 4517//7906 3655//6789
f 4592//8021 4242//8023 4593//8022
f 4592//8021 3655//6789 4242//7458
f 4520//7908 4521//7909 3240//6792
f 4602//7464 4594//8025 4529//7462
f 4594//8025 4598//8030 4246//7468
f 4600//7472 4599//8029 3658//7474
f 4536//7482 4253//6799 4252//7481
f 4548//7510 4549//7509 4546//7937
f 4288//7526 4290//7528 4293//7530
f 4570//7964 4299//7963 4298//7962
f 4299//7963 4570//7964 4571//7541
f 3703//6845 4584//8045 3702//6850
f 3763//6888 3277//7679 3762//6889
f 4610//5577 2404//4082 2867//5574
f 2659//4718 4607//5576 4606//8046
f 4603//4086 4606//8046 4608//4085
f 4609//5575 4608//4085 4606//8046
f 4607//5576 4609//5575 4606//8046
f 2867//5574 4608//4085 4609//5575
f 2404//4082 4608//4085 2867//5574
f 4611//5317 2404//4082 4610//5577
f 4611//5317 4604//4091 2404//4082
f 4611//5317 4605//4324 4604//4091
f 2643//8047 2458//4199 4612//8048
f 2458//4199 2461//4200 4612//4236
f 2645//4693 2458//4199 2643//8047
f 2458//4199 2645//4693 2455//4197
f 2645//4693 2453//4195 2455//4197
f 2645//4693 4628//4715 4613//4189
f 2672//4737 4618//4181 4628//4715
f 2672//4737 2671//4739 2446//4176
f 4622//4152 4614//4988 4631//8049
f 2776//4983 2430//4141 4632//8050
f 2785//5003 4639//8051 2786//5005
f 2406//4088 4648//8052 4603//4086
f 4648//8052 4606//8046 4603//4086
f 2645//4693 4616//4191 2453//4195
f 4616//4191 2645//4693 4613//4189
f 4628//4715 4618//4181 4617//4186
f 4618//4181 2672//4737 2446//4176
f 2446//4176 2671//4739 2441//4237
f 2441//4170 2770//4977 2444//4173
f 2671//4739 2770//4977 2441//4237
f 4629//4166 2444//4173 2770//4977
f 2770//4977 2775//4982 4629//4166
f 2775//4982 2774//4981 4619//4167
f 4620//4241 4619//4167 2774//4981
f 2772//4979 4620//4241 2774//4981
f 2773//4980 4621//4243 2772//4979
f 2773//4980 4630//4158 4621//4243
f 4630//4158 4614//4988 4622//4152
f 2778//4986 4631//8049 4614//4988
f 4632//8050 2431//4142 4622//4152
f 4632//8050 2778//4986 2776//4983
f 2777//4985 4633//8053 2776//4983
f 4623//4138 2430//4141 4633//8053
f 2777//4994 2780//4991 4634//8054
f 2426//4133 4649//8055 2424//4128
f 2780//4991 2781//4993 4650//8056
f 2781//4993 4652//5026 4651//8057
f 4635//8058 2422//8059 2424//4128
f 4636//8060 4635//8058 4652//5026
f 4652//5022 4615//5024 4636//8061
f 2422//8059 4636//8062 4624//8063
f 4655//5007 4653//8064 4615//5020
f 2422//8059 4624//8063 4637//4118
f 4639//8051 4640//8065 4638//4246
f 2785//5003 4640//8065 4639//8051
f 4658//8066 4656//8067 4641//8068
f 4641//8068 4642//8069 4658//8066
f 4642//8069 4659//8070 4658//8066
f 4658//8066 4659//8070 2415//4105
f 4659//8070 4627//4102 2415//4105
f 2784//5002 4643//5009 4641//8068
f 4643//5009 2823//5128 4644//8071
f 4627//4102 4644//8071 2413//4103
f 2821//5125 4646//8072 4645//8073
f 4646//8072 2408//4092 2410//4095
f 4628//4715 4617//4186 4613//4189
f 4629//4166 2775//4982 4619//4167
f 4614//4988 4630//4158 2773//4980
f 4632//8050 4631//8049 2778//4986
f 4631//8049 4632//8050 4622//4152
f 4632//8050 2430//4141 2431//4142
f 2430//4141 2776//4983 4633//8053
f 4634//8054 4633//8053 2777//4985
f 4633//8053 4634//8054 4623//4138
f 4634//8054 2426//4133 4623//4138
f 2780//4991 4650//8056 4634//8054
f 2426//4133 4634//8054 4649//8055
f 4649//8055 4650//8056 2781//4993
f 2424//4128 4649//8055 4651//8057
f 4651//8057 4649//8055 2781//4993
f 4651//8057 4635//8058 2424//4128
f 4652//5026 4635//8058 4651//8057
f 4636//8062 2422//8059 4635//8058
f 4636//8062 4653//8064 4624//8063
f 4653//8064 4654//8074 4624//8063
f 4624//8063 4654//8074 4637//4118
f 4653//8064 4655//5007 4654//8074
f 4654//8074 4655//5007 2786//5005
f 4637//4118 4654//8074 4638//4246
f 4654//8074 2786//5005 4639//8051
f 4654//8074 4639//8051 4638//4246
f 4638//4246 4640//8065 4625//4114
f 4657//4112 4625//4114 4640//8065
f 4657//4112 4640//8065 4656//8067
f 4640//8065 4626//5000 4656//8067
f 2785//5003 4626//5000 4640//8065
f 4656//8067 4658//8066 4657//4112
f 2415//4105 4657//4112 4658//8066
f 4626//5000 4641//8068 4656//8067
f 2784//5002 4641//8068 4626//5000
f 4643//5009 4642//8069 4641//8068
f 4659//8070 4642//8069 4627//4102
f 4642//8069 4644//8071 4627//4102
f 4642//8069 4643//5009 4644//8071
f 4645//8073 4644//8071 2823//5128
f 2823//5128 2821//5125 4645//8073
f 4645//8073 2413//4103 4644//8071
f 4646//8072 2821//5125 2822//5127
f 4645//8073 4646//8072 2410//4095
f 4646//8072 2822//5127 2660//4723
f 4646//8072 4647//8075 2408//4092
f 4647//8075 4646//8072 2660//4723
f 2660//4723 2657//4719 4647//8075
f 2406//4088 2408//4092 4647//8075
f 4648//8052 4647//8075 2657//4719
f 4647//8075 4648//8052 2406//4088
f 2657//4719 2659//4718 4648//8052
f 2659//4718 4606//8046 4648//8052
f 4620//4241 2772//4979 4621//4243
f 4615//5020 4653//8064 4636//8062
f 2413//4103 4645//8073 2410//4095
f 4634//8054 4650//8056 4649//8055
f 4663//8076 2423//4131 4662//4122
f 4661//4345 2511//4344 4664//8077
f 2411//4097 2501//4322 2412//4098
f 2502//4323 2501//4322 2411//4097
f 2417//4108 2501//4322 4660//4319
f 4660//4319 2418//4111 2417//4108
f 2418//4111 4660//4319 4672//4321
f 2418//4111 4672//4321 2420//4116
f 4661//4345 2420//4116 4672//4321
f 4661//4345 4662//4122 2420//4116
f 4661//4345 4664//8077 4663//8076
f 4663//8076 4664//8077 2423//4131
f 2423//4131 2511//4344 4665//8078
f 4665//8078 4666//4132 2423//4131
f 2511//4344 2510//4343 4665//8078
f 4667//8079 2429//4144 2427//4135
f 4685//4330 4687//8080 4707//8081
f 2504//4328 4691//8082 2505//8083
f 4690//8084 4711//4188 4689//8085
f 2450//4218 4670//8086 2452//4221
f 2643//8087 4698//8088 2644//8089
f 4698//8088 2459//4228 2456//4226
f 2643//8087 2459//8090 4698//8088
f 4612//8091 2459//8090 2643//8087
f 2467//4232 2459//4231 4612//4234
f 4605//4324 2502//4323 4604//4091
f 2502//4323 2411//4097 4604//4091
f 2501//4322 2417//4108 2412//4098
f 4661//4345 4663//8076 4662//4122
f 2511//4344 2423//4131 4664//8077
f 4665//8078 2427//4135 4666//4132
f 4665//8078 2510//4343 4699//8092
f 4665//8078 4699//8092 2427//4135
f 4700//4342 4699//8092 2509//4340
f 4699//8092 4673//8093 4667//8079
f 4700//4342 4673//8093 4699//8092
f 2429//4144 4667//8079 4673//8093
f 4673//8093 2433//4146 2429//4144
f 4703//8094 4675//8095 4677//8096
f 4675//8095 4676//4355 4677//8096
f 2437//4157 4703//8094 2438//4160
f 2438//4160 4703//8094 4677//8096
f 4676//4355 4678//8097 4677//8096
f 2515//4353 4678//8097 4676//4355
f 4704//8098 4681//4163 2440//4165
f 2506//4331 4680//8099 2515//4353
f 4685//4330 4683//8100 2506//4331
f 4686//8101 4707//8081 4687//8080
f 4708//8102 4709//4180 2445//4175
f 4668//8103 4687//8080 4685//4330
f 4708//8102 4688//8104 2448//4215
f 2505//8083 4668//8103 4685//4330
f 4691//8082 4690//8084 4710//8105
f 4690//8084 4692//8106 4711//4188
f 4713//8107 2450//4218 4711//4188
f 2504//4328 4714//4325 4693//8108
f 4713//8107 4670//8086 2450//4218
f 4693//8108 4670//8086 4713//8107
f 4693//8108 4696//8109 4670//8086
f 4714//4325 4697//8110 4693//8108
f 4693//8108 4697//8110 4696//8109
f 4714//4325 4694//4327 4697//8110
f 4670//8086 4695//8111 2452//4221
f 4670//8086 4696//8109 4695//8111
f 2509//4340 4699//8092 2510//4343
f 4673//8093 4701//8112 2433//4146
f 2434//4151 2433//4146 4701//8112
f 4700//4342 2517//4357 4701//8112
f 4674//8113 2434//4151 4701//8112
f 2517//4357 4674//8113 4701//8112
f 4674//8113 2436//4156 2434//4151
f 2517//4357 2516//4356 4702//8114
f 2436//4156 4674//8113 4702//8114
f 2436//4156 4675//8095 2437//4157
f 4676//4355 4702//8114 2516//4356
f 4676//4355 4675//8095 4702//8114
f 4703//8094 2437//4157 4675//8095
f 4677//8096 4679//8115 2438//4160
f 4680//8099 4678//8097 2515//4353
f 4680//8099 4679//8115 4678//8097
f 2438//4160 4679//8115 2440//4165
f 4704//8098 2440//4165 4679//8115
f 4680//8099 2506//4331 4679//8115
f 4679//8115 2506//4331 4705//8116
f 4683//8100 4705//8116 2506//4331
f 4683//8100 4684//8117 4705//8116
f 4681//4163 4704//8098 4682//4213
f 4704//8098 4706//8118 4682//4213
f 4685//4330 4684//8117 4683//8100
f 4682//4213 4706//8118 4686//8101
f 4686//8101 2445//4175 4682//4213
f 4686//8101 4706//8118 4707//8081
f 4707//8081 4684//8117 4685//4330
f 4706//8118 4684//8117 4707//8081
f 2445//4175 4686//8101 4708//8102
f 4686//8101 4687//8080 4708//8102
f 2448//4215 4709//4180 4708//8102
f 4710//8105 4708//8102 4687//8080
f 4687//8080 4668//8103 4710//8105
f 4710//8105 4688//8104 4708//8102
f 4668//8103 2505//8083 4710//8105
f 4690//8084 4688//8104 4710//8105
f 4689//8085 4711//4188 4669//4185
f 4691//8082 4712//8119 4690//8084
f 4712//8119 4691//8082 2504//4328
f 4712//8119 4692//8106 4690//8084
f 4713//8107 4711//4188 4692//8106
f 4692//8106 4712//8119 4693//8108
f 4712//8119 2504//4328 4693//8108
f 4692//8106 4693//8108 4713//8107
f 4716//8120 4696//8109 4697//8110
f 4716//8121 4715//8122 4696//8109
f 4694//4327 4716//8120 4697//8110
f 4715//8122 4716//8121 2644//8089
f 2644//8089 4671//4225 4715//8122
f 4715//8122 4671//4223 2466//4222
f 2644//8089 4698//8088 4671//4225
f 2456//4226 4671//4225 4698//8088
f 2427//4135 4699//8092 4667//8079
f 4701//8112 4673//8093 4700//4342
f 4702//8114 4674//8113 2517//4357
f 2436//4156 4702//8114 4675//8095
f 4677//8096 4678//8097 4679//8115
f 4705//8116 4704//8098 4679//8115
f 4684//8117 4704//8098 4705//8116
f 4704//8098 4684//8117 4706//8118
f 4669//4185 2448//4215 4688//8104
f 2505//8083 4691//8082 4710//8105
f 4690//8084 4689//8085 4688//8104
f 4695//8111 4696//8109 4715//8122
f 2466//4222 2452//4221 4715//8122
f 4689//8085 4669//4185 4688//8104
f 4715//8122 2452//4221 4695//8111
f 2644//4692 4716//8120 4694//4327
f 2465//4210 138//157 83//4212
f 4717//8123 138//157 2465//4210
f 4717//8123 2465//4210 2464//4209
f 4718//4254 138//157 4717//8123
f 4717//8123 2464//4209 2462//4203
f 4718//4254 4717//8123 2462//4203
f 4718//4254 2462//4203 2460//4201
f 4719//4252 4718//4254 2460//4201
f 4719//4252 2460//4201 2457//4198
f 2454//4196 4719//4252 2457//4198
f 4720//4248 4719//4252 2454//4196
f 4720//4248 2454//4196 2451//4192
f 2449//4183 4720//4248 2451//4192
f 4721//8124 4720//4248 2449//4183
f 4722//4249 4720//4248 4721//8124
f 4721//8124 2449//4183 2447//4182
f 4722//4249 2447//4178 2443//4177
f 4722//4249 4721//8124 2447//4178
f 2442//4171 4722//8125 2443//4172
f 4723//4253 4722//4249 2442//4240
f 4723//4253 2442//4240 2439//4239
f 2435//4242 4723//8126 2439//4168
f 4724//4256 4723//4253 2435//4153
f 4725//8127 4724//4256 2435//4153
f 4725//8127 2435//4153 2432//4145
f 4726//4258 4724//4256 4725//8127
f 2428//4137 4725//8127 2432//4145
f 4726//4258 4725//8127 2428//4137
f 2425//4127 4726//4258 2428//4137
f 4727//4259 4726//4258 2425//4127
f 2421//4120 4727//4259 2425//4127
f 4728//8128 4727//4259 2421//4120
f 4729//4262 4727//4259 4728//8128
f 2419//4119 4728//8128 2421//4120
f 4729//4262 4728//8128 2419//4119
f 2416//4106 4729//4262 2419//4113
f 2414//4100 4729//4262 2416//4106
f 4730//4264 4729//4262 2414//4100
f 4730//4264 2414//4100 2409//4093
f 4731//4266 4730//4264 2409//4093
f 4731//4266 2409//4093 2407//4089
f 4731//4266 2407//4089 2405//4090
f 4732//4083 4731//4266 2405//4084
f 4733//4269 4732//4083 2403//4081
f 4733//4269 4731//4266 4732//4083
f 4733//4269 2403//4081 2402//4079
f 4734//4270 4733//4269 2402//4079
f 4734//4270 2402//4079 2401//4077
f 4735//4273 4734//4270 2401//4077
f 4735//4273 2401//4077 2400//4075
f 2399//4073 4735//4273 2400//4075
f 4736//4275 4735//4273 2399//4073
f 4736//4275 2399//4073 2398//4069
f 4737//97 4736//4275 2398//4069
f 4737//97 2398//4069 2397//4067
f 2397//4067 85//239 86//98
f 86//98 4737//97 2397//4067
f 4738//4211 82//95 24//93
f 4738//4211 24//93 2482//4292
f 4739//4208 4738//4211 2482//4292
f 4740//8129 4739//4208 2482//4292
f 2479//4288 4740//8129 2482//4292
f 4741//4205 4739//4208 4740//8129
f 4741//4205 4740//8129 2479//4288
f 4742//4206 4741//4205 2479//4288
f 4743//4229 4742//4206 2479//4288
f 4743//4229 2479//4288 4744//4282
f 4745//4230 4743//4229 4744//4282
f 4746//4193 4745//4224 4744//4282
f 4747//8130 4744//4282 2477//4284
f 4747//8130 4746//4193 4744//4282
f 4748//4187 4746//4193 4747//8130
f 4749//4184 4747//8130 2477//4284
f 4749//4184 4748//4187 4747//8130
f 4750//4179 4749//4184 2477//4284
f 4751//4174 4750//4179 2477//4284
f 4752//4169 2477//4284 2478//4286
f 4752//4169 4751//4174 2477//4284
f 4753//4164 4752//4169 2478//4286
f 2480//4290 4753//4161 2478//4286
f 4754//4159 4753//4161 2480//4290
f 4755//4154 2480//4290 2481//4291
f 4755//4154 4754//4159 2480//4290
f 4756//4155 4755//4154 2481//4291
f 4757//8131 4756//4148 2481//4291
f 4758//4143 4756//4148 4757//8131
f 2483//4295 4757//8131 2481//4291
f 4759//4140 4758//4143 4757//8131
f 2483//4295 4759//4140 4757//8131
f 4760//4134 4759//4140 2483//4295
f 4761//4129 4760//4134 2483//4295
f 4762//4121 2483//4295 2485//4298
f 4762//4121 4761//4129 2483//4295
f 4763//4299 4762//4121 2485//4298
f 4764//4117 4762//4121 4763//4299
f 4765//4115 4764//4117 4763//4299
f 4766//4109 4765//4115 4763//4299
f 4766//4109 4763//4299 2487//4302
f 4767//4101 4766//4109 2487//4302
f 4768//4096 4767//4101 2487//4302
f 4768//4096 2487//4302 4769//4305
f 4770//4087 4768//4094 4769//4305
f 4771//8132 4770//4087 4769//4305
f 2490//4307 4771//8132 4769//4305
f 4772//4080 4770//4087 4771//8132
f 4772//4080 4771//8132 2490//4307
f 4773//4078 4772//4080 2490//4307
f 4773//4078 2490//4307 2491//4309
f 4774//4076 4773//4078 2491//4309
f 4775//8133 4774//4076 2491//4309
f 4776//4074 4774//4076 4775//8133
f 2492//4310 4775//8133 2491//4309
f 4777//4072 4775//8133 2492//4310
f 4777//4072 4776//4074 4775//8133
f 4778//4070 4777//4072 2492//4310
f 2494//4312 4778//4070 2492//4310
f 4779//4071 4778//4070 2494//4312
f 26//29 4779//4068 2494//30
f 22//26 23//27 2497//8134
f 23//27 2474//8135 2497//8134
f 2497//8134 2474//8135 2499//8136
f 2474//8135 2476//8137 2499//8136
f 2476//8137 2475//8138 2499//8136
f 2499//8136 2475//8138 2498//8139
f 2475//8138 2473//8140 2498//8139
f 2498//8139 2473//8140 2496//8141
f 2496//8141 2473//8140 2495//8142
f 2473//8140 2472//8143 2495//8142
f 2495//8142 2472//8143 2493//8144
f 2472//8143 2471//8145 2493//8144
f 2493//8144 2471//8145 2489//8146
f 2471//8145 2470//8147 2489//8146
f 2489//8146 2470//8147 2488//8148
f 2470//8147 2469//8149 2488//8148
f 2488//8148 2469//8149 2486//8150
f 2469//8149 2468//8151 2486//8150
f 2486//8150 2468//8151 2484//8152
f 2468//8151 1//1 2484//8152
f 2484//8152 1//1 2//3
